tipo_corrida,palabra_a,palabra_b,id_a,id_b,coseno_inicial,coseno_entrenado,delta
Corrida completa,manners,teaching,7922,5042,0.016354855,-0.0066180304,-0.022972886
Corrida completa,bowed,robb,5528,6521,-0.02834523,-0.051012237,-0.022667008
Corrida completa,luxury,tuck,5978,7222,-0.017601226,-0.093920596,-0.07631937
Corrida completa,foods,village,5688,2393,-0.10280076,0.047605127,0.15040588
Corrida completa,dangers,tapped,7801,7436,-0.023553718,0.058219716,0.08177343
Corrida completa,against,hoped,2984,1853,0.057718556,0.111921445,0.05420289
Corrida completa,Mickey,bro,7051,1076,-0.041511327,-0.07578172,-0.03427039
Corrida completa,believing,ending,7557,3386,0.0056923,0.085412145,0.07971984
Corrida completa,crept,ju,5401,1535,0.1222072,0.17340802,0.051200815
Corrida completa,mind,tip,2297,5586,-0.0100392,0.122821674,0.13286087
Corrida completa,Be,clever,2705,2197,0.049313262,-0.14027764,-0.1895909
Corrida completa,cheerful,let,3062,915,0.028371448,-0.11104715,-0.1394186
Corrida completa,slowly,throughout,1677,7016,0.035249397,-0.006923709,-0.042173106
Corrida completa,babies,giggle,5868,3888,0.05355435,0.12606372,0.07250937
Corrida completa,Sophie,edges,4279,7194,0.058979094,0.09174166,0.032762565
Corrida completa,football,shake,3897,3009,0.0045566186,-0.034574725,-0.039131343
Corrida completa,emp,hurt,2423,894,-0.021505866,-0.044118375,-0.022612508
Corrida completa,El,conqu,6736,7567,0.08114681,0.19172251,0.110575706
Corrida completa,Max,thought,704,680,0.01305755,0.008989627,-0.004067924
Corrida completa,Emily,holds,2308,3671,-0.09318941,-0.034141786,0.059047624
Corrida completa,fruits,steer,2821,6507,-0.017886396,0.04849711,0.06638351
Corrida completa,homes,tricked,4993,6458,0.02035812,-0.010952417,-0.031310536
Corrida completa,Jake,three,2468,1178,0.02303053,-0.0122898165,-0.03532035
Corrida completa,All,spaceship,1680,5568,0.04867305,-0.06563814,-0.11431119
Corrida completa,destroy,shout,3750,1102,-0.023988992,-0.015731253,0.008257739
Corrida completa,highest,responsible,6014,5872,0.08073173,0.009799343,-0.07093239
Corrida completa,Nutty,notice,5443,3247,0.044135008,-0.07517498,-0.11930999
Corrida completa,passports,reverse,7742,4883,-0.007823469,0.013328665,0.021152135
Corrida completa,wave,worn,2355,6996,0.04823631,0.022218516,-0.026017794
Corrida completa,shining,someone,2166,1498,0.012345489,-0.008216111,-0.0205616
Corrida completa,carried,excite,2539,2631,0.07314339,0.10636881,0.033225417
Corrida completa,Sque,hid,7126,1447,0.076419204,0.030491244,-0.04592796
Corrida completa,Pippin,wigg,7536,4639,-0.03533973,-0.12832847,-0.092988744
Corrida completa,family,sails,910,7116,0.04333589,0.097265474,0.053929586
Corrida completa,kne,wisdom,664,5415,-0.048503004,-0.08899113,-0.040488124
Corrida completa,mum,situ,1250,5566,-0.015736375,-0.20906734,-0.19333097
Corrida completa,argum,shows,7861,2959,-0.035902254,-0.13401198,-0.09810973
Corrida completa,all,remember,474,1063,-0.08831407,0.058539547,0.14685363
Corrida completa,certain,decorations,7311,5196,0.044194173,-0.0058127735,-0.05000695
Corrida completa,glowed,parent,5112,4603,-0.010365691,-0.053552918,-0.043187227
Corrida completa,really,would,1254,523,0.15394014,0.1405283,-0.013411835
Corrida completa,Fo,shel,5134,3438,0.012386367,0.03158663,0.019200262
Corrida completa,friend,future,414,5183,-0.023051746,0.08730237,0.11035412
Corrida completa,dresses,examine,4869,5036,0.026771195,0.095532216,0.06876102
Corrida completa,organize,together,3977,563,0.15430453,0.090796694,-0.06350784
Corrida completa,Then,home,879,580,0.0021217517,0.014255086,0.012133334
Corrida completa,bye,spraying,5678,5930,0.0068321787,-0.08721033,-0.09404251
Corrida completa,drew,pir,2598,2690,-0.08507092,-0.15215261,-0.06708169
Corrida completa,Ducky,solve,3172,3297,0.075318106,-0.08814038,-0.1634585
Corrida completa,chef,horiz,5767,6544,0.01859945,-0.032453015,-0.051052466
Corrida completa,mast,such,6819,1685,-0.10055925,-0.059134915,0.041424334
Corrida completa,chalk,tries,4201,2371,0.11920157,-0.00031504873,-0.11951662
Corrida completa,cuddles,sadder,7777,8181,0.037244916,0.13872987,0.101484954
Corrida completa,disgust,warn,3654,5311,0.014343236,0.0053284056,-0.00901483
Corrida completa,airpl,perched,4673,5378,-0.026579656,0.023896648,0.050476305
Corrida completa,available,vehic,3934,4629,-0.065688014,-0.04106071,0.024627306
Corrida completa,box,spear,783,4743,-0.07938394,0.16991511,0.24929905
Corrida completa,comple,helps,5458,3235,-0.020726308,0.049410015,0.07013632
Corrida completa,Something,puppet,5771,7671,-0.094432876,0.018118283,0.11255116
Corrida completa,scarves,tem,6608,3702,-0.027933659,-0.07855234,-0.050618686
Corrida completa,determination,wept,6422,7026,0.13445325,0.12587012,-0.008583128
Corrida completa,refu,sounded,6685,3143,0.0068013296,0.04340144,0.03660011
Corrida completa,N,greedy,1141,4633,-0.116904154,-0.121089585,-0.0041854307
Corrida completa,amaz,prop,1059,4800,-0.053643517,0.15728727,0.2109308
Corrida completa,Ruby,bark,5023,2316,-0.07171979,0.027763873,0.09948366
Corrida completa,curiosity,hay,5444,3338,-0.0044434713,0.07172683,0.0761703
Corrida completa,fis,skirt,2792,4443,-0.06600043,-0.092375875,-0.026375443
Corrida completa,con,knowing,967,2519,-0.014259927,0.0011548027,0.01541473
Corrida completa,decorations,shower,5196,4450,0.09809493,0.164589,0.06649407
Corrida completa,cher,chewed,3008,5306,-0.0835512,0.00043899566,0.083990194
Corrida completa,dolphins,repair,5962,4119,0.0030223057,-0.10094021,-0.10396252
Corrida completa,always,asleep,650,2266,-0.018384505,0.10285887,0.12124337
Corrida completa,pad,sofa,4128,3780,0.08346373,0.08943999,0.0059762597
Corrida completa,become,plan,2788,1637,0.031728506,-0.075353205,-0.10708171
Corrida completa,bin,wept,3999,7026,0.04390392,0.056361236,0.012457315
Corrida completa,dressing,net,7858,2452,0.081486106,0.019806035,-0.06168007
Corrida completa,brushing,law,7612,3252,-0.003163103,0.012648985,0.015812088
Corrida completa,panic,passports,4921,7742,-0.020908412,0.009016365,0.029924776
Corrida completa,doctor,gems,1796,6494,0.091077305,0.11831011,0.027232803
Corrida completa,rings,sauce,6881,3329,0.008690748,0.083416544,0.07472579
Corrida completa,hon,hundred,2218,7918,-0.08929851,-0.04199601,0.0473025
Corrida completa,loaded,pizzas,5704,8132,0.008209433,0.040356867,0.032147434
Corrida completa,available,beehive,3934,8037,-0.08879785,-0.01679369,0.07200416
Corrida completa,queen,scary,2836,1516,0.0024090642,0.06377648,0.061367415
Corrida completa,lab,rainbow,3330,1986,0.017730182,0.1577834,0.14005323
Corrida completa,blocked,rid,7459,2814,0.1409777,0.09141169,-0.04956601
Corrida completa,fox,peeking,1648,6162,0.07976544,-0.08766194,-0.16742738
Corrida completa,mechanic,miner,4210,4659,0.13569339,0.20201485,0.06632146
Corrida completa,Ella,rec,3257,2343,-0.055168696,-0.04894669,0.006222006
Corrida completa,quite,touches,3942,7183,0.01576456,0.06852549,0.052760933
Corrida completa,jew,magnet,2592,3699,-0.15270093,-0.12653702,0.026163906
Corrida completa,curious,dep,1170,8085,0.084351115,-0.07183765,-0.15618876
Corrida completa,items,picnic,5485,2283,0.01791659,0.10905358,0.09113699
Corrida completa,E,country,600,3953,0.023007954,-0.11401936,-0.13702731
Corrida completa,bl,pipe,624,4112,0.011769637,-0.1357476,-0.14751723
Corrida completa,oats,pushing,5387,3969,0.02357477,-0.08658635,-0.11016112
Corrida completa,apron,strang,4810,5281,-0.08504917,-0.13962173,-0.054572567
Corrida completa,co,whis,565,2510,-0.016705282,0.24185053,0.2585558
Corrida completa,El,train,6736,1764,0.008419668,-0.072092,-0.08051167
Corrida completa,Karen,forgave,7528,4019,-0.1099203,-0.1212548,-0.011334501
Corrida completa,attach,camera,4505,3271,0.061668918,0.107054085,0.045385167
Corrida completa,visit,wealth,1627,7934,0.065005586,0.049504183,-0.015501402
Corrida completa,ladder,pirate,2347,3474,-0.10496367,-0.05181913,0.053144537
Corrida completa,exploring,praying,1915,6983,0.015789928,0.23526686,0.21947694
Corrida completa,locked,minut,3405,2274,-0.00021961704,0.099677004,0.099896625
Corrida completa,crossed,flexible,4630,3576,-0.0320386,-0.085645996,-0.053607397
Corrida completa,beeped,girls,8172,5132,0.06527889,-0.096882746,-0.16216163
Corrida completa,comfortable,shoulder,2627,4379,0.07433369,0.06487695,-0.009456739
Corrida completa,east,lamp,5809,2994,0.021799654,0.12670517,0.104905516
Corrida completa,colour,curtains,2365,6008,-0.05753612,0.07194478,0.1294809
Corrida completa,little,mermaid,396,7745,-0.0014557543,0.009291012,0.010746766
Corrida completa,breathe,impat,5056,3655,-0.015049249,-0.09147112,-0.07642187
Corrida completa,chefs,ty,7142,6337,0.002339568,0.01684868,0.014509112
Corrida completa,request,work,4690,1091,0.07900915,0.042045258,-0.036963895
Corrida completa,follows,opinion,4858,6238,0.13877247,0.0088701695,-0.1299023
Corrida completa,shoo,sword,7652,2998,0.06869022,-0.026162688,-0.09485291
Corrida completa,hardly,raining,4816,4154,-0.04676488,-0.01744829,0.029316591
Corrida completa,honey,obeyed,2192,8174,-0.0821995,-0.10605857,-0.023859069
Corrida completa,characters,won,7996,1632,0.04719297,-0.10402453,-0.15121749
Corrida completa,chuck,oppos,6270,7916,-0.00651557,0.18991041,0.19642597
Corrida completa,She,circles,313,3054,-0.043660052,-0.09581591,-0.05215586
Corrida completa,love,pirates,830,4521,0.11603364,-0.009601332,-0.12563497
Corrida completa,tune,worked,5575,1337,0.026083266,0.07963433,0.053551063
Corrida completa,excited,least,609,7086,-0.068583414,-0.02981969,0.038763724
Corrida completa,ingredients,stro,3530,4658,-0.033669814,0.043930523,0.07760034
Corrida completa,Emily,does,2308,1175,0.020029228,-0.041043915,-0.061073143
Corrida completa,flas,indeed,6899,6642,-0.0037915646,-0.012768852,-0.0089772865
Corrida completa,activ,questioned,5513,8108,0.0065134303,-0.09941551,-0.10592894
Corrida completa,disagreed,owl,5363,1897,0.0031663477,0.03051774,0.027351392
Corrida completa,starfish,washing,6852,4981,0.07213043,-0.050439034,-0.12256946
Corrida completa,Charlie,bathe,4747,5085,-0.11731341,-0.12763113,-0.0103177205
Corrida completa,battery,wobbly,4789,7255,0.06240438,0.018535264,-0.043869115
Corrida completa,concert,sit,7837,1622,0.12311602,0.06491332,-0.0582027
Corrida completa,Until,suggest,7037,2878,-0.015423346,0.12801251,0.14343585
Corrida completa,Kitty,send,2957,3706,-0.027136967,-0.09645942,-0.06932245
Corrida completa,Un,forever,4460,2000,-0.022782698,0.0014013052,0.024184003
Corrida completa,Daddy,ranch,1798,5177,0.09758471,0.039988615,-0.057596095
Corrida completa,solut,storm,5681,2138,0.02612758,-0.0074119163,-0.033539496
Corrida completa,Someone,parade,5470,3902,-0.08774685,0.0050646327,0.09281148
Corrida completa,drinking,swollen,5168,8038,0.016846208,-0.013156794,-0.030003002
Corrida completa,disturb,pair,3938,4116,0.020755455,0.025031243,0.0042757876
Corrida completa,blinked,cheese,4740,2146,-0.07225239,0.057741873,0.12999427
Corrida completa,teams,wagging,7993,5807,0.03273774,0.060787514,0.028049774
Corrida completa,hurts,sho,3073,1366,-0.07173787,-0.011403102,0.06033477
Corrida completa,jew,small,2592,788,0.0046765395,0.03053176,0.02585522
Corrida completa,Sue,crabs,1167,6210,-0.033713963,0.06743229,0.10114625
Corrida completa,exp,scarf,1929,2749,-0.12433188,-0.13170269,-0.0073708147
Corrida completa,measure,unif,2876,4758,0.07508438,-0.02859905,-0.10368343
Corrida completa,masks,prevented,6613,8173,-0.006269522,-0.074949995,-0.06868047
Corrida completa,planning,tickets,6873,5682,0.09008334,0.1308056,0.04072226
Corrida completa,cub,mitten,5105,5285,-0.03461213,0.20181505,0.23642719
Corrida completa,owner,rush,1672,5170,-0.05128213,0.054410476,0.10569261
Corrida completa,climbing,removed,4138,6220,0.09618707,0.16142249,0.06523542
Corrida completa,Lou,bow,6173,1393,-0.04317762,0.10089156,0.14406918
Corrida completa,diamonds,times,7666,3207,-0.008505568,0.05736056,0.06586613
Corrida completa,jugg,shake,7981,3009,-0.02195052,0.04264608,0.0645966
Corrida completa,Mel,wigg,6536,4639,0.10051936,0.111357115,0.010837756
Corrida completa,Lion,vill,7960,2201,-0.046002433,-0.034379363,0.01162307
Corrida completa,drinks,noise,5426,979,0.011280399,0.10569247,0.09441207
Corrida completa,squeaked,sweeties,7697,6103,0.1293338,-0.04870589,-0.17803968
Corrida completa,inviting,running,6232,1365,-0.031887837,-0.01893859,0.012949247
Corrida completa,acting,space,6971,3232,0.023235735,0.040571515,0.01733578
Corrida completa,Lucy,gor,1007,3874,0.035076573,-0.12940338,-0.16447996
Corrida completa,late,sat,1922,1385,0.09931436,0.010775521,-0.08853884
Corrida completa,Spike,vo,4968,1075,0.014817439,-0.16300325,-0.17782068
Corrida completa,They,spoon,322,2080,0.0068342234,-0.09258511,-0.09941933
Corrida completa,cartoons,wood,5307,1376,-0.09525906,0.1152965,0.21055555
Corrida completa,Ros,safari,4222,5169,0.11909362,0.03382263,-0.085270986
Corrida completa,dinosaurs,feels,5341,1864,-0.05697679,-0.032363378,0.024613414
Corrida completa,kne,saus,664,4241,-0.01608326,-0.0025636926,0.0135195665
Corrida completa,Honey,encou,7884,3611,0.010032544,0.044016168,0.033983625
Corrida completa,hands,ornam,1082,4801,-0.07192658,-0.03265808,0.039268497
Corrida completa,Did,rocks,5849,1924,0.10306169,-0.107002884,-0.21006458
Corrida completa,chubby,surrender,4011,4167,-0.024258438,-0.0020523742,0.022206064
Corrida completa,met,scooters,1564,7862,0.01519242,-0.01651474,-0.03170716
Corrida completa,si,wiggly,5865,7743,0.022171201,0.04384094,0.02166974
Corrida completa,acorn,cozy,3491,2105,-0.036725774,0.038846023,0.0755718
Corrida completa,fascinated,wild,5532,2276,0.03437242,0.14036229,0.10598987
Corrida completa,circ,noticed,2605,1051,0.045746654,-0.05871977,-0.10446642
Corrida completa,Dave,Tony,3384,4580,-0.09632094,0.45345372,0.54977465
Corrida completa,fed,throat,5242,6140,-0.0025024265,0.008288467,0.010790894
Corrida completa,Holly,repl,7454,1070,0.062393755,0.031385336,-0.031008419
Corrida completa,scientist,strang,7184,5281,0.061278168,0.034874152,-0.026404016
Corrida completa,action,shed,7412,5058,0.024070518,0.10154167,0.07747115
Corrida completa,bouquet,spreading,8079,6907,-0.013568172,-0.0998531,-0.08628493
Corrida completa,designs,nests,7350,8063,-0.02203041,0.122439206,0.14446962
Corrida completa,shells,travels,3200,7577,0.041839533,0.31099412,0.26915458
Corrida completa,Bob,badly,1132,3656,-0.0952789,-0.0721655,0.0231134
Corrida completa,Her,sniff,852,3415,-0.0051567964,-0.13447493,-0.12931813
Corrida completa,grandfather,lie,7937,4317,0.0053604674,0.07091497,0.0655545
Corrida completa,Sadly,requested,6156,6718,0.03801855,0.109040685,0.07102214
Corrida completa,daddy,tucked,1558,4728,0.06902609,-0.085484765,-0.15451086
Corrida completa,some,valu,519,3146,-0.05068671,-0.0912472,-0.04056049
Corrida completa,blue,hus,1073,6817,0.019655919,0.055245772,0.03558985
Corrida completa,anger,avoc,7627,3956,-0.08232646,-0.093477264,-0.011150807
Corrida completa,funny,gas,1308,2607,-0.005986193,0.04184717,0.04783336
Corrida completa,screen,smil,3453,461,0.049528226,-0.03353399,-0.08306222
Corrida completa,relief,treats,6048,2398,0.060950197,0.19707668,0.13612649
Corrida completa,couple,tapped,6763,7436,0.052521355,-0.02642857,-0.07894993
Corrida completa,Ollie,dinner,5301,1548,0.03262026,0.053304303,0.020684045
Corrida completa,Jacky,pizza,6754,2599,0.03864545,0.0022924189,-0.03635303
Corrida completa,rode,with,3251,343,-0.106347136,0.047354206,0.15370134
Corrida completa,Snow,meadow,4217,2462,-0.054068025,0.0746793,0.12874733
Corrida completa,person,want,2174,379,-0.025951609,-0.093643315,-0.067691706
Corrida completa,paddled,taste,6267,2448,0.047372885,-0.01192426,-0.059297144
Corrida completa,flow,nearby,826,1954,-0.085952654,-0.10667026,-0.020717606
Corrida completa,crayon,mar,3184,1540,-0.12917142,-0.14940754,-0.02023612
Corrida completa,certain,mighty,7311,2917,-0.0314365,0.18356018,0.21499668
Corrida completa,amazement,peel,4650,5546,0.16575894,0.06417759,-0.10158135
Corrida completa,is,sor,415,713,0.0035297219,-0.028273728,-0.03180345
Corrida completa,eas,tempt,2127,6859,0.055576127,0.10704813,0.051472005
Corrida completa,Elsie,er,7869,3528,-0.17951441,-0.1423612,0.037153214
Corrida completa,candles,does,4959,1175,-0.08264854,0.0125186,0.09516714
Corrida completa,Lily,pretty,364,965,-0.02162426,0.07137856,0.09300282
Corrida completa,police,prep,2622,3393,-0.018994648,0.11534953,0.13434418
Corrida completa,kicked,nests,3318,8063,0.07551487,0.052797288,-0.02271758
Corrida completa,cott,rail,6338,4714,-0.018685553,-0.008457089,0.010228464
Corrida completa,Pr,everything,7504,1595,0.113416,-0.029285483,-0.14270148
Corrida completa,ants,fest,4139,4994,-0.0008019563,-0.07302093,-0.07221897
Corrida completa,Mary,animal,1931,807,-0.043564662,0.033732988,0.07729765
Corrida completa,close,w,1443,261,-0.054058563,-0.09469874,-0.04064018
Corrida completa,She,boss,313,2820,-0.042158,0.037797727,0.07995573
Corrida completa,str,unfortunately,768,7893,0.1361318,0.052434437,-0.08369736
Corrida completa,On,pockets,2495,5906,-0.047201082,-0.12713172,-0.07993063
Corrida completa,Then,grape,879,5064,0.0104373265,-0.09267077,-0.10310809
Corrida completa,Get,mushrooms,6656,7074,0.14180943,0.00033412455,-0.1414753
Corrida completa,olive,touched,5046,2065,0.09198536,0.09550829,0.0035229325
Corrida completa,flea,torn,4461,3834,-0.08386481,-0.042557985,0.041306823
Corrida completa,instruments,steal,7836,3376,-0.006527378,0.0046844184,0.011211797
Corrida completa,competitive,onions,3739,6701,0.09136492,0.14645717,0.055092245
Corrida completa,delay,insects,4745,6927,0.0065715853,-0.03020592,-0.036777504
Corrida completa,fo,ord,800,2885,0.16662332,0.18405288,0.01742956
Corrida completa,chalk,daisies,4201,6549,-0.0019116271,0.27226564,0.27417728
Corrida completa,al,click,501,5885,0.020991756,0.07599117,0.05499941
Corrida completa,Bee,Mr,7499,1815,0.00697287,0.042137675,0.035164803
Corrida completa,immediately,tail,4838,1609,-0.06396212,-0.09126865,-0.027306534
Corrida completa,grinned,stand,5273,1825,0.025627658,0.07994254,0.05431488
Corrida completa,badge,flutter,6728,4817,0.13147578,0.06137165,-0.07010412
Corrida completa,barn,noise,3019,979,-0.01043511,0.14833829,0.15877339
Corrida completa,caterpillar,taught,2721,2600,-0.008434162,-0.11426848,-0.10583432
Corrida completa,grandfather,kicks,7937,6692,0.022604235,-0.18614087,-0.20874509
Corrida completa,Nina,thirst,6968,3298,-0.11105963,-0.030954305,0.08010532
Corrida completa,aunt,needle,3497,3966,-0.08896227,-0.026239382,0.06272289
Corrida completa,sheet,white,4248,1577,0.06474148,0.012313262,-0.052428216
Corrida completa,Only,curiosity,7573,5444,0.041036766,-0.2006099,-0.24164666
Corrida completa,Toby,bra,3664,844,0.048778474,-0.061535027,-0.110313505
Corrida completa,germs,juice,8113,1993,0.04594748,0.1986403,0.15269282
Corrida completa,ju,razor,1535,4812,-0.049611565,-0.023499157,0.026112407
Corrida completa,buck,crayons,1814,2222,0.01918181,-0.085163176,-0.10434499
Corrida completa,compass,tractor,3371,6584,0.03549506,0.15493597,0.11944091
Corrida completa,Love,shy,7521,2372,0.10731684,0.038244195,-0.06907264
Corrida completa,Rain,puppies,7827,6954,-0.005362262,0.0059553776,0.01131764
Corrida completa,area,sparkles,5537,5092,-0.033674665,-0.0022841506,0.031390514
Corrida completa,environment,persistent,8184,3533,0.040825523,0.12790303,0.087077506
Corrida completa,Bubbles,relaxed,5636,4506,0.025856806,-0.02426577,-0.050122574
Corrida completa,ais,license,7124,5226,0.021739041,-0.044729993,-0.066469036
Corrida completa,interesting,you,2178,354,0.033167705,-0.07128031,-0.10444801
Corrida completa,Everywhere,Jill,2385,1768,-0.0773676,-0.05902881,0.018338785
Corrida completa,days,usually,2066,6287,-0.0076281875,0.070063315,0.0776915
Corrida completa,cage,hard,2840,881,0.0586709,-0.033370115,-0.092041016
Corrida completa,gaze,take,6265,698,-0.015335366,0.041485578,0.056820944
Corrida completa,burning,climb,5099,1012,0.040967815,0.11824165,0.07727384
Corrida completa,Rosie,With,4522,2202,-0.058062382,-0.17927381,-0.12121143
Corrida completa,adventur,sights,2899,5717,0.08839501,0.031053329,-0.05734168
Corrida completa,Give,chases,3991,6085,0.009844425,0.31707764,0.3072332
Corrida completa,mud,neighb,2270,1830,0.12603992,0.002446245,-0.12359368
Corrida completa,efforts,inch,7352,5836,-0.008193851,0.08776614,0.09595999
Corrida completa,Rain,station,7827,3696,0.02307962,-0.028395558,-0.05147518
Corrida completa,blue,peel,1073,5546,-0.023652855,0.01103531,0.034688167
Corrida completa,sunshine,swimmer,2046,7925,0.019491605,0.18862887,0.16913727
Corrida completa,Ginger,bows,8056,6850,0.03045538,0.042791113,0.012335733
Corrida completa,ju,lifted,1535,3116,-0.07898298,-0.011207644,0.06777534
Corrida completa,Pe,spilled,3855,3519,-0.011758838,-0.06688899,-0.05513015
Corrida completa,marched,tax,4117,4148,0.06944282,-0.036662325,-0.10610515
Corrida completa,hig,later,1772,2147,0.09137151,-0.04812377,-0.13949528
Corrida completa,Mart,ease,6261,7337,-0.016539615,0.042740665,0.05928028
Corrida completa,Im,pictures,7682,1573,0.056609467,-0.049376585,-0.10598605
Corrida completa,clot,met,1588,1564,-0.01176683,-0.11159508,-0.09982825
Corrida completa,padd,them,5517,450,-0.02634219,-0.22192807,-0.19558588
Corrida completa,You,added,570,2990,0.00942279,-0.11007212,-0.119494915
Corrida completa,Ang,mom,7013,365,0.004116539,0.030172596,0.026056057
Corrida completa,broken,otters,1497,7484,-0.060817454,-0.1236753,-0.06285785
Corrida completa,Only,creature,7573,2059,0.018303175,-0.20040974,-0.21871291
Corrida completa,gas,own,2607,1052,0.030148825,-0.036866464,-0.06701529
Corrida completa,forgets,spoonful,7259,6829,-0.049827486,-0.020243242,0.029584244
Corrida completa,import,slices,1081,6539,-0.008462422,-0.06558926,-0.057126835
Corrida completa,perfectly,spirit,4255,4125,0.014266081,-0.006099929,-0.02036601
Corrida completa,frowns,jog,7932,3253,0.029492564,-0.004001775,-0.03349434
Corrida completa,Thomas,hugging,6355,6005,0.030931357,-0.00401501,-0.034946367
Corrida completa,Laura,trusting,7592,7734,-0.08986056,-0.09507044,-0.005209878
Corrida completa,fed,price,5242,5235,0.06371355,0.11385597,0.050142422
Corrida completa,So,ladyb,829,5690,-0.015482798,-0.061431885,-0.045949087
Corrida completa,partic,squealed,6118,6213,-0.06324936,-0.14052212,-0.077272765
Corrida completa,crumb,gained,5781,5569,-0.050915435,-0.04420802,0.006707415
Corrida completa,Angel,beef,7673,4824,0.07730361,0.06937479,-0.007928818
Corrida completa,actions,stubborn,6421,3108,0.11163763,0.19284213,0.0812045
Corrida completa,Kim,Lizzie,3649,6406,-0.04470763,0.2814321,0.32613972
Corrida completa,clowns,nearby,6743,1954,-0.05790925,0.059443023,0.11735228
Corrida completa,Nobody,find,7235,633,0.10003033,-0.116508916,-0.21653925
Corrida completa,crowd,oil,5956,4369,0.0010863319,0.032266866,0.031180535
Corrida completa,happening,plucked,2910,6993,-0.05221325,0.014149727,0.06636298
Corrida completa,Jake,automobile,2468,4870,0.024394974,0.103985906,0.07959093
Corrida completa,cane,scurrying,4353,7998,0.028889146,-0.032957286,-0.06184643
Corrida completa,argum,resc,7861,3340,-0.16201037,0.21085103,0.3728614
Corrida completa,compassionate,top,3735,1304,0.058511335,-0.016287075,-0.07479841
Corrida completa,lettuce,news,6825,4610,0.09616329,0.074968904,-0.021194384
Corrida completa,smoking,steel,8166,5725,0.011804029,0.09839977,0.086595744
Corrida completa,Christmas,miner,6278,4659,0.08700684,-0.0582621,-0.14526893
Corrida completa,fault,suitc,6200,5668,0.053727236,-0.088929966,-0.1426572
Corrida completa,toes,washing,4819,4981,-0.031162545,0.0057627354,0.03692528
Corrida completa,det,wags,6767,4765,0.02848235,0.052088007,0.023605658
Corrida completa,dive,tall,4127,1403,-0.1308919,0.0007186085,0.13161051
Corrida completa,broke,underneath,1767,5634,-0.03362925,0.17733936,0.21096861
Corrida completa,Judy,rely,6963,8049,0.08672459,-0.040734626,-0.12745921
Corrida completa,Everywhere,trust,2385,2471,0.04505345,0.14166962,0.096616164
Corrida completa,Honey,Libby,7884,8074,0.028471043,0.2873,0.25882894
Corrida completa,Hoppy,smelly,5503,2734,0.090426445,0.054096088,-0.036330357
Corrida completa,above,smallest,3153,7113,-0.005237393,-0.06353634,-0.058298945
Corrida completa,draws,enthusi,5965,7039,0.05805303,-0.041732535,-0.09978557
Corrida completa,prop,wasn,4800,1556,0.2004941,-0.023125498,-0.2236196
Corrida completa,impat,j,3655,444,0.07766453,0.24210131,0.16443679
Corrida completa,everyday,sel,5423,2396,0.07274141,-0.016851824,-0.08959323
Corrida completa,Or,instruct,4545,5650,0.03836096,0.13608775,0.097726785
Corrida completa,cheese,mer,2146,6959,-0.07879447,-0.0052870614,0.07350741
Corrida completa,It,racing,409,5270,0.020332426,-0.1451042,-0.16543663
Corrida completa,compass,waves,3371,2624,-0.05595477,0.055588126,0.111542895
Corrida completa,Cindy,lost,6102,1415,-0.051414646,-0.15019725,-0.09878261
Corrida completa,Tw,harm,5779,3056,-0.052643813,0.010951331,0.063595146
Corrida completa,pizzas,trotted,8132,7674,0.0523801,0.03098327,-0.02139683
Corrida completa,neighbors,painting,5610,3076,-0.15819636,-0.10204899,0.056147367
Corrida completa,fight,guit,1555,3160,0.06704232,-0.07832179,-0.1453641
Corrida completa,glowing,trampoline,4376,6915,-0.109942645,0.06083723,0.17077988
Corrida completa,accidents,vegetable,5603,2461,-0.03352011,0.020997118,0.05451723
Corrida completa,Would,magazines,4221,8110,0.009609804,-0.124034256,-0.13364406
Corrida completa,apolog,neat,3023,3673,-0.01010916,0.009539984,0.019649144
Corrida completa,Mike,turkey,3636,3867,0.018086813,0.17110042,0.15301362
Corrida completa,cord,sp,3981,448,0.002374446,-0.004871018,-0.0072454643
Corrida completa,sunshine,swirl,2046,6427,0.082219675,0.07234356,-0.009876117
Corrida completa,pist,task,4906,3571,0.072461024,-0.058069777,-0.1305308
Corrida completa,hang,l,2746,275,0.02982717,0.15585731,0.12603015
Corrida completa,loops,purr,7608,7638,0.032394186,0.1606768,0.12828262
Corrida completa,magnif,passed,8066,2648,0.12293477,0.105203226,-0.017731547
Corrida completa,Sara,rope,772,2180,-0.031473167,-0.02879971,0.0026734564
Corrida completa,amazement,lic,4650,5142,-0.08274891,-0.10973224,-0.026983328
Corrida completa,flas,ind,6899,2861,0.09223013,0.14367905,0.05144892
Corrida completa,bone,mel,2698,3436,0.018603817,-0.027240861,-0.045844678
Corrida completa,memories,sudden,4397,3442,0.0060831206,-0.023228899,-0.029312018
Corrida completa,sailing,under,4407,896,-0.011658853,0.13172317,0.14338201
Corrida completa,asleep,guess,2266,3006,-0.051071364,-0.0092148315,0.041856535
Corrida completa,comfort,scored,2093,7190,0.009906419,-0.04901146,-0.05891788
Corrida completa,ears,square,3089,3620,-0.06523657,0.077755615,0.14299218
Corrida completa,needs,struggling,3047,5038,-0.029291995,0.047162972,0.07645497
Corrida completa,fire,rub,1236,3555,-0.06094093,-0.01919895,0.04174198
Corrida completa,jumping,rubber,2503,4417,0.029873574,0.17294037,0.1430668
Corrida completa,slipping,trophy,7762,3987,0.004742367,0.06046434,0.055721976
Corrida completa,bloomed,twist,5718,2944,0.08542715,0.0980428,0.012615651
Corrida completa,P,include,953,6153,0.048013717,0.016780673,-0.031233044
Corrida completa,bill,healthy,4992,2165,-0.07066041,-0.04338692,0.027273491
Corrida completa,badge,water,6728,744,-0.049368538,0.04718523,0.09655377
Corrida completa,express,shouts,7002,4018,0.019661285,-0.048353642,-0.06801493
Corrida completa,frowning,rhy,7414,5214,-0.09431191,-0.083932176,0.010379732
Corrida completa,flap,skill,5491,4212,0.08398637,0.051220782,-0.03276559
Corrida completa,encount,melted,8067,4969,0.036110885,0.096912585,0.0608017
Corrida completa,Grandpa,ĊĠ,3818,6198,0.03143435,0.033545066,0.002110716
Corrida completa,flames,snatched,6319,6559,0.024268853,-0.039091866,-0.06336072
Corrida completa,mic,spat,2773,7822,-0.010633638,-0.05396544,-0.043331802
Corrida completa,appreci,project,4132,5941,-0.062065467,-0.08255967,-0.0204942
Corrida completa,Lee,marker,4238,6060,0.058357146,0.09849066,0.040133517
Corrida completa,met,trusting,1564,7734,-0.06190422,0.054473896,0.11637811
Corrida completa,bulb,floor,4285,1389,-0.0026016682,0.19249916,0.19510083
Corrida completa,focused,lay,7077,2240,0.136623,0.13329265,-0.00333035
Corrida completa,aim,raindrops,7620,6402,0.004254695,0.009014308,0.0047596134
Corrida completa,sell,tonight,2865,5817,-0.026504058,0.028856698,0.055360757
Corrida completa,Susie,compassionate,2953,3735,-0.0080445055,-0.030423874,-0.022379369
Corrida completa,Qu,tries,5815,2371,-0.0049148872,0.058780096,0.06369498
Corrida completa,exerc,meals,4295,6653,0.015818208,0.023762872,0.007944664
Corrida completa,celery,treehouse,4111,6457,-0.0281485,0.25143903,0.27958754
Corrida completa,co,kicking,565,6030,-0.12908134,-0.19621119,-0.06712985
Corrida completa,lend,store,4307,1107,0.009315688,0.15388113,0.14456545
Corrida completa,Rob,eyes,6095,1047,-0.05067508,-0.032158237,0.018516842
Corrida completa,Gr,sl,6203,720,0.06694086,0.2826145,0.21567364
Corrida completa,lotion,standing,4855,2571,0.037216082,-0.043973666,-0.08118975
Corrida completa,accompl,bro,5674,1076,-0.009018766,0.029190319,0.038209084
Corrida completa,Ray,Wednesday,7895,5848,-0.009184711,0.06667802,0.07586273
Corrida completa,cartoons,permission,5307,4989,0.1105269,0.15687513,0.046348237
Corrida completa,climbs,joke,5106,2859,0.02874465,0.021696161,-0.0070484877
Corrida completa,Pin,Santa,7764,5801,0.02342678,0.096552014,0.073125236
Corrida completa,sausage,stomach,5101,5093,0.0003344454,0.1438398,0.14350536
Corrida completa,Kim,chased,3649,2410,-0.02045063,-0.13481402,-0.114363395
Corrida completa,flas,sug,6899,2900,0.041155532,0.21869662,0.17754109
Corrida completa,memb,pale,7655,3625,0.0006006779,-0.030997869,-0.031598546
Corrida completa,S,having,298,1243,0.025895378,-0.047753923,-0.0736493
Corrida completa,choose,drain,3102,4939,0.021896591,-0.014045734,-0.035942324
Corrida completa,everyday,weird,5423,3057,0.061318666,0.09512766,0.03380899
Corrida completa,magn,swallowed,3131,7112,-0.0050131185,0.028890248,0.033903368
Corrida completa,believe,squeeze,1793,4726,-0.014660687,0.07143961,0.086100295
Corrida completa,Ralph,poked,7114,4837,0.05717071,-0.029031113,-0.086201824
Corrida completa,fat,tested,3050,7136,0.09238896,-0.0001985603,-0.092587516
Corrida completa,quite,snatched,3942,6559,-0.06834282,0.0103168,0.078659624
Corrida completa,Betty,marching,6433,5300,0.13627547,-0.008577184,-0.14485265
Corrida completa,rainy,vol,7396,3629,0.049848758,-0.004959829,-0.054808587
Corrida completa,bitten,seashell,8150,6475,-0.034691215,-0.014027265,0.02066395
Corrida completa,courage,disg,3688,3637,0.06324399,0.03211584,-0.031128153
Corrida completa,anywhere,weight,3685,5398,0.027434029,0.061632074,0.034198046
Corrida completa,behave,fog,4042,4543,0.05569207,0.0078038536,-0.047888216
Corrida completa,felt,plenty,508,5936,-0.048367247,0.010796033,0.05916328
Corrida completa,Car,oven,5831,2306,0.044417925,0.040857993,-0.003559932
Corrida completa,forgot,stopped,1449,1032,-0.09746397,0.111102894,0.20856687
Corrida completa,awesome,crawled,6197,2933,-0.0058994573,-0.14465307,-0.13875361
Corrida completa,ig,sparkle,4649,4719,-0.04840576,-0.04080821,0.0075975507
Corrida completa,mineral,snowballs,5355,6745,0.053908892,0.1596256,0.10571671
Corrida completa,den,thing,6339,1278,-0.010424433,0.10628324,0.116707675
Corrida completa,bra,raise,844,4802,-0.030487338,-0.049092572,-0.018605234
Corrida completa,brushing,pear,7612,4688,0.025249919,0.055306096,0.030056177
Corrida completa,Jerry,candles,4068,4959,0.0074427947,-0.058626425,-0.066069216
Corrida completa,takes,touch,2074,1331,-0.045434363,0.21962339,0.26505774
Corrida completa,nails,reply,5618,6412,0.05996954,0.04740946,-0.012560081
Corrida completa,bl,dad,624,645,0.14261337,-0.08988723,-0.2325006
Corrida completa,napkin,vibr,4297,8136,-0.0019261949,-0.012316684,-0.010390489
Corrida completa,factor,wondering,4643,5768,-0.060583096,0.06600855,0.12659165
Corrida completa,reading,sunrise,3663,5251,0.05956053,0.087121576,0.027561046
Corrida completa,dreams,police,3107,2622,0.070430554,0.121192425,0.05076187
Corrida completa,laughing,pra,2079,4598,-0.014884561,-0.11460248,-0.099717915
Corrida completa,directions,us,6462,1113,-0.11356587,0.053159293,0.16672516
Corrida completa,ac,smelled,1090,2196,0.032905333,-0.0820746,-0.11497993
Corrida completa,bitten,place,8150,1121,0.021869227,0.028930686,0.007061459
Corrida completa,puppies,stopping,6954,7525,0.112113036,0.10613383,-0.0059792027
Corrida completa,apron,rumble,4810,6341,-0.075515464,0.14415967,0.21967514
Corrida completa,handing,stirring,7763,5741,0.028373323,0.12744555,0.099072225
Corrida completa,Maya,gif,6574,1723,0.09693547,-0.018768778,-0.11570425
Corrida completa,groceries,mighty,6310,2917,0.04110518,-0.056285895,-0.09739108
Corrida completa,accepted,journal,4441,4474,0.00014341134,-0.015114013,-0.015257425
Corrida completa,masks,necklace,6613,2578,-0.11577707,0.23315199,0.34892905
Corrida completa,sausages,slammed,6068,7328,0.06001779,-0.047999788,-0.10801758
Corrida completa,Taking,Where,8005,3973,0.00022239424,0.029480388,0.029257994
Corrida completa,opposite,slice,7972,5345,-0.016812947,0.013012851,0.029825797
Corrida completa,becoming,has,5937,1034,-0.085463926,0.14861088,0.2340748
Corrida completa,Being,keep,6322,958,0.035754267,0.11365454,0.077900276
Corrida completa,heaven,ten,8190,4075,-0.0019946964,0.030285286,0.032279983
Corrida completa,adult,holds,6847,3671,0.049206622,-0.08259004,-0.13179666
Corrida completa,Unfortunately,cape,6062,5919,0.0067303963,-0.050511107,-0.057241503
Corrida completa,bent,costum,3561,3273,0.004271429,-0.057782646,-0.062054075
Corrida completa,jet,radishes,3758,6430,-0.14900874,0.08393061,0.23293935
Corrida completa,flour,horse,3725,2223,0.0076200254,-0.0058225095,-0.013442535
Corrida completa,marve,shoo,7898,7652,-0.022071443,-0.03154621,-0.0094747655
Corrida completa,but,sweep,408,8030,0.018331792,-0.05713816,-0.075469956
Corrida completa,argued,throwing,5514,4593,-0.06691032,0.06836915,0.13527948
Corrida completa,guide,lovely,8129,2184,0.023150815,-0.057514735,-0.08066555
Corrida completa,steak,wiggled,4334,6256,-0.04257074,-0.053579755,-0.011009015
Corrida completa,kind,sobbed,820,6593,-0.091421284,0.053337146,0.14475843
Corrida completa,talk,yes,1601,1486,0.049793284,-0.0391857,-0.08897898
Corrida completa,Everyone,puppet,1206,7671,0.06339553,0.06369635,0.0003008172
Corrida completa,hair,wept,1351,7026,0.0002677366,0.13956198,0.13929424
Corrida completa,cryst,snail,3850,5337,0.05082393,0.014236674,-0.036587257
Corrida completa,creatures,feed,3603,2692,-0.20407261,-0.16975415,0.034318462
Corrida completa,living,spider,1724,2315,-0.047306422,-0.036101628,0.011204794
Corrida completa,For,silly,6094,1645,0.026491646,-0.053010046,-0.07950169
Corrida completa,Splash,horse,7715,2223,-0.03844752,0.03848744,0.07693496
Corrida completa,spoon,wal,2080,602,-0.06423107,-0.03764358,0.026587486
Corrida completa,peeking,staying,6162,6407,-0.007969316,0.15234739,0.1603167
Corrida completa,butterflies,footsteps,3602,7901,0.035614334,0.19269514,0.1570808
Corrida completa,beauty,yelped,3601,7785,-0.024293885,0.11368982,0.13798371
Corrida completa,man,worrying,509,7598,-0.08237198,-0.027601004,0.054770976
Corrida completa,Millie,airplane,4182,4966,0.07793983,0.07658419,-0.0013556406
Corrida completa,desk,wonder,3400,1093,-0.10002848,-0.08120561,0.018822871
Corrida completa,imagined,rip,3446,6633,-0.055344388,-0.04289662,0.012447767
Corrida completa,impro,neat,3748,3673,-0.06576553,-0.035310514,0.030455016
Corrida completa,scream,snowfl,1777,6981,-0.031489015,-0.12419246,-0.09270345
Corrida completa,mel,spat,3436,7822,0.102537334,0.031263825,-0.071273506
Corrida completa,Th,gets,1205,2817,-0.0006207358,-0.11505398,-0.114433244
Corrida completa,everyone,icy,1072,3126,0.011976898,-0.114066534,-0.12604344
Corrida completa,rock,zip,947,3510,-0.05937075,0.20902772,0.26839846
Corrida completa,destination,patted,4811,6148,0.012704585,-0.03755561,-0.050260194
Corrida completa,expl,master,753,7271,0.033642597,0.07531059,0.04166799
Corrida completa,glitter,keeper,5497,5405,-0.015341112,-0.02429294,-0.008951828
Corrida completa,F,discovered,661,2838,0.036438096,-0.08790397,-0.12434207
Corrida completa,blooming,fight,5993,1555,0.07984349,-0.035228882,-0.11507237
Corrida completa,properly,rake,5730,4663,-0.03891039,0.036697082,0.07560747
Corrida completa,Listen,creat,6979,1475,-0.05339563,0.0043792985,0.057774927
Corrida completa,minute,occas,4358,7356,-0.018537685,-0.031643763,-0.013106078
Corrida completa,bathtub,crowd,3691,5956,0.041263293,0.08843051,0.047167215
Corrida completa,curi,sing,1150,1228,0.08479289,-0.032083422,-0.11687631
Corrida completa,fought,rise,4684,4831,-0.02798548,0.019540261,0.04752574
Corrida completa,meet,ty,2211,6337,0.060649212,-0.019878542,-0.08052775
Corrida completa,hotel,shouts,4326,4018,0.087625965,-0.023164317,-0.11079028
Corrida completa,dollhouse,mouths,6945,5392,0.033228546,0.20758238,0.17435384
Corrida completa,cent,makeup,6063,4754,0.02196721,-0.117648914,-0.13961613
Corrida completa,give,owl,1038,1897,0.105207786,0.043911558,-0.06129623
Corrida completa,raced,teasp,3254,5136,-0.023791019,-0.005996123,0.017794896
Corrida completa,dragon,years,1747,1361,0.0009824336,-0.011929363,-0.012911797
Corrida completa,Tweety,closes,3473,6638,0.016085366,-0.11728388,-0.13336925
Corrida completa,arrive,base,6104,3733,-0.0048675053,0.09781456,0.10268207
Corrida completa,feel,removed,637,6220,-0.0012033954,0.041686215,0.04288961
Corrida completa,selfish,vehicle,2454,5021,0.053388573,-0.0439286,-0.097317174
Corrida completa,bean,cans,3399,6313,0.021769345,0.057438843,0.0356695
Corrida completa,dro,pound,1354,7713,-0.17919686,-0.13388276,0.045314103
Corrida completa,Stop,ostrich,5943,3986,-0.0045415256,-0.10765125,-0.103109725
Corrida completa,Jill,truly,1768,5964,0.059357613,0.055964075,-0.0033935383
Corrida completa,powerful,surrendered,2611,7060,0.00013249274,0.020588396,0.020455904
Corrida completa,Fluffy,bodies,1955,6934,0.042978447,0.15331587,0.11033742
Corrida completa,shown,treats,7317,2398,0.015357052,-0.050886888,-0.06624394
Corrida completa,beans,motorcycle,4888,4277,-0.033271216,0.096756905,0.13002813
Corrida completa,Anna,bleed,792,5088,-0.05391393,0.023481041,0.07739497
Corrida completa,infant,mos,4835,4415,-0.0055039413,-0.06974357,-0.064239636
Corrida completa,glee,ruined,6363,2833,-0.0557879,0.081313714,0.13710162
Corrida completa,flat,glue,6219,2874,-0.01459663,0.1564671,0.17106372
Corrida completa,mysterious,swam,2566,1899,-0.056752753,-0.07260247,-0.01584972
Corrida completa,je,kissed,1748,2766,0.0069537647,-0.007027747,-0.013981512
Corrida completa,annoyed,counted,7780,3262,0.015609318,0.07989303,0.06428371
Corrida completa,fil,rained,2646,5377,-0.055752493,-0.054604113,0.0011483803
Corrida completa,losing,pl,6604,352,-0.028551316,-0.028352767,0.00019854866
Corrida completa,Or,young,4545,1905,0.036254562,-0.08391273,-0.12016729
Corrida completa,op,swaying,728,8033,0.18026198,0.10633231,-0.073929675
Corrida completa,mesmerized,polish,7306,4013,-0.025034338,-0.018665552,0.006368786
Corrida completa,Jenna,g,6314,290,0.07188737,-0.04716815,-0.11905552
Corrida completa,enormous,kittens,3204,7153,-0.033181194,-0.037463456,-0.004282262
Corrida completa,calmly,maze,7507,4423,0.019888218,0.00400329,-0.015884928
Corrida completa,indeed,most,6642,1721,0.04229219,0.19685653,0.15456434
Corrida completa,However,scraped,5564,7103,-0.030244935,0.00837253,0.038617466
Corrida completa,cracked,scratch,6324,5050,-0.09767208,0.017404173,0.11507626
Corrida completa,demand,works,4704,5350,-0.044166144,0.05584192,0.10000806
Corrida completa,colors,fe,1484,512,0.0052313674,-0.05853902,-0.06377039
Corrida completa,creative,nowhere,2459,3753,0.022560708,-0.0697149,-0.092275605
Corrida completa,bag,slammed,1363,7328,-0.05876384,-0.08014655,-0.021382712
Corrida completa,crocodile,satisfied,3518,5606,0.09170273,0.019512393,-0.07219034
Corrida completa,bus,scary,1203,1516,0.032264337,0.09286196,0.06059762
Corrida completa,reminded,serious,3201,3372,-0.009234814,0.04394292,0.053177737
Corrida completa,From,hotel,884,4326,0.0074788174,-0.063037455,-0.07051627
Corrida completa,Nothing,aw,6660,2958,-0.0019568647,0.17948984,0.1814467
Corrida completa,reluctantly,visiting,5911,5459,-0.05891761,-0.033513594,0.025404017
Corrida completa,Mom,mach,648,2245,-0.06758328,-0.067997456,-0.00041417778
Corrida completa,breathed,train,7020,1764,0.07212579,-0.03563583,-0.10776162
Corrida completa,repeating,rest,7667,1242,0.09327732,0.037652172,-0.055625148
Corrida completa,Bobo,skull,3492,4442,-0.019959662,0.15895136,0.17891102
Corrida completa,posit,wandered,7593,4764,0.091318786,0.045895293,-0.045423493
Corrida completa,Robby,mixed,6541,3072,-0.12585205,-0.13610482,-0.010252774
Corrida completa,birdcage,joking,5153,6621,-0.05421204,0.020258585,0.074470624
Corrida completa,Anne,sees,5748,1252,-0.0015415698,-0.04394523,-0.04240366
Corrida completa,e,nut,321,2532,-0.05524824,0.00075279,0.05600103
Corrida completa,dizzy,jumping,2995,2503,0.03909981,0.14417335,0.10507354
Corrida completa,bunny,des,1300,1960,-0.09917799,-0.106929615,-0.0077516288
Corrida completa,b,muddy,267,5452,0.11251157,0.013552714,-0.09895885
Corrida completa,mountain,tunn,2313,3043,-0.023374394,0.043856926,0.06723132
Corrida completa,Luke,dogs,6269,2872,-0.048780214,0.0799612,0.12874141
Corrida completa,guitar,sand,3239,1227,0.021431154,0.32227445,0.3008433
Corrida completa,maker,searching,7564,3337,-0.08316898,-0.12854424,-0.045375258
Corrida completa,castles,leads,4823,7483,0.08784136,0.015672535,-0.07216883
Corrida completa,Hannah,wobbly,6443,7255,-0.061991278,-0.07814734,-0.016156059
Corrida completa,rain,ru,1068,1238,0.03838197,-0.1245667,-0.16294867
Corrida completa,daughter,stone,2030,2465,0.021983568,0.12074645,0.098762885
Corrida completa,Bl,trapped,2778,5457,0.08943791,0.019351296,-0.07008661
Corrida completa,Rover,warned,6860,3461,0.035432067,-0.054735314,-0.09016738
Corrida completa,Aunt,sadd,6445,7248,-0.03503063,0.052217565,0.08724819
Corrida completa,mummy,next,2630,997,-0.1254406,-0.083875835,0.041564763
Corrida completa,drifted,encourag,6477,7138,0.05398168,0.18768245,0.13370077
Corrida completa,bottle,pond,2176,1296,0.06050832,0.31014633,0.24963802
Corrida completa,owl,swirl,1897,6427,-0.019125568,-0.04190991,-0.022784343
Corrida completa,ground,read,975,1375,0.016469566,-0.008220799,-0.024690365
Corrida completa,ble,sail,4517,1566,-0.03047957,-0.08900106,-0.058521487
Corrida completa,gas,nothing,2607,2038,-0.09523545,0.0018781628,0.09711362
Corrida completa,branches,saf,2897,2186,-0.0371749,-0.1059434,-0.0687685
Corrida completa,grandma,wins,1531,6933,-0.063339256,-0.13707885,-0.073739596
Corrida completa,thorns,underst,8141,1271,0.11985773,-0.004196737,-0.12405446
Corrida completa,speed,tra,3640,1135,0.04280312,0.07932554,0.036522422
Corrida completa,squished,two,7962,904,-0.026554013,-0.043579064,-0.017025052
Corrida completa,all,sings,474,5416,0.10240042,-0.005776799,-0.10817722
Corrida completa,happ,materials,374,6531,0.009701829,0.0022657402,-0.007436089
Corrida completa,Lucy,fireman,1007,4133,-0.018028313,0.11529446,0.13332278
Corrida completa,cooked,dollhouse,3800,6945,0.0017079348,-0.0017276593,-0.003435594
Corrida completa,rem,vehic,898,4629,0.0076402454,0.023265209,0.015624964
Corrida completa,frown,low,3032,3268,-0.16108078,-0.048365854,0.112714924
Corrida completa,lightning,true,4057,2720,-0.10254452,-0.016767858,0.08577666
Corrida completa,beauty,sparkle,3601,4719,-0.034499645,0.21741748,0.25191712
Corrida completa,cared,dish,4668,2883,-0.055594258,0.096783005,0.15237726
Corrida completa,day,roads,356,6050,-0.07631703,0.10763222,0.18394925
Corrida completa,dra,many,978,796,-0.01480772,0.0800056,0.09481332
Corrida completa,cupcake,u,7926,323,0.03740124,0.03225632,-0.00514492
Corrida completa,forgets,spike,7259,6072,-0.0537868,-0.0694453,-0.015658498
Corrida completa,apologized,crashing,4250,7193,-0.033027966,-0.025400037,0.0076279286
Corrida completa,passports,reads,7742,6398,0.02471571,-0.027476003,-0.052191712
Corrida completa,butterflies,dentist,3602,6022,0.0209303,0.10762061,0.086690314
Corrida completa,found,medicine,592,2782,-0.15771066,-0.14160168,0.016108975
Corrida completa,Tr,contain,4175,5224,-0.029849581,-0.026625054,0.0032245275
Corrida completa,Wally,taste,7302,2448,-0.11069931,-0.066356994,0.044342317
Corrida completa,tip,tricked,5586,6458,0.022873975,0.005411152,-0.017462824
Corrida completa,doing,goodnight,1399,5988,-0.0063846065,-0.02776847,-0.021383863
Corrida completa,castles,creative,4823,2459,-0.07563388,0.14078991,0.2164238
Corrida completa,arrive,sym,6104,3880,-0.073832184,-0.036149673,0.03768251
Corrida completa,bottom,complained,2950,6887,-0.012604058,0.07484001,0.08744407
Corrida completa,padd,warning,5517,5137,0.015504621,0.032377385,0.016872764
Corrida completa,cannot,delight,2447,2319,0.047565404,-0.12015222,-0.16771762
Corrida completa,consequences,thanking,6780,7796,-0.10149461,0.008403583,0.109898195
Corrida completa,building,content,2292,2733,0.10456343,0.06596163,-0.0386018
Corrida completa,perfectly,subway,4255,5475,-0.009250917,0.06598746,0.07523838
Corrida completa,Even,neighbor,2542,2254,-0.02878451,-0.072613016,-0.043828506
Corrida completa,Bongo,flowers,7250,1084,0.060092214,-0.03560753,-0.09569974
Corrida completa,dip,record,7312,3061,0.019442791,0.08783828,0.06839549
Corrida completa,fisherman,splashes,4348,6459,-0.0028011529,0.0193674,0.022168554
Corrida completa,happened,machines,1213,5955,0.10190571,0.025094984,-0.076810725
Corrida completa,Ma,importance,6866,6087,-0.13080584,-0.008867439,0.12193839
Corrida completa,island,valuable,3085,3238,-0.056969464,-0.0744932,-0.017523736
Corrida completa,Pandy,movements,6804,8164,0.0034683654,0.033712108,0.030243743
Corrida completa,factory,pers,4667,1828,-0.018496916,0.012550442,0.031047357
Corrida completa,dangerous,ventured,1776,6070,-0.05877952,-0.021996468,0.03678305
Corrida completa,che,finger,859,2731,-0.006907679,-0.11728788,-0.1103802
Corrida completa,sy,ĠĊ,7223,6679,0.050885357,0.011690277,-0.03919508
Corrida completa,herb,scampered,4661,7145,0.070049725,-0.06437995,-0.13442968
Corrida completa,leg,quack,2716,4627,0.044036295,0.027238863,-0.016797433
Corrida completa,Bl,policeman,2778,5915,0.031104641,-0.13486443,-0.16596907
Corrida completa,best,relieved,835,2025,-0.019532632,0.086490005,0.10602264
Corrida completa,between,ĊĠ,4300,6198,-0.00731744,0.11886222,0.12617967
Corrida completa,comfortable,mice,2627,5521,-0.06862903,-0.005219616,0.06340941
Corrida completa,pretty,sweetheart,965,4194,-0.042315286,-0.04404369,-0.0017284043
Corrida completa,fascinated,united,5532,6147,-0.04827643,0.16308218,0.2113586
Corrida completa,ladder,nervous,2347,2655,-0.04061982,0.078548014,0.119167835
Corrida completa,fantastic,warnings,7357,6862,-0.08032,0.057073113,0.13739312
Corrida completa,set,stickers,1369,3677,0.12227295,0.08418308,-0.03808987
Corrida completa,Ted,upon,4793,441,0.056521714,0.010522559,-0.045999154
Corrida completa,away,selling,549,5393,0.14243937,0.035872817,-0.10656655
Corrida completa,above,ĠĊ,3153,6679,-0.04986983,0.024919989,0.07478982
Corrida completa,ra,surprise,878,1341,0.049360264,-0.034708016,-0.08406828
Corrida completa,chat,vanish,5969,6233,-0.039227385,0.15640894,0.19563632
Corrida completa,correct,woods,7449,1605,-0.026989631,0.008741229,0.03573086
Corrida completa,paints,singing,5412,1891,-0.082253605,0.14939661,0.23165022
Corrida completa,rising,wrigg,6708,7439,0.13317806,0.18815255,0.054974496
Corrida completa,motor,siblings,2927,6779,0.02528648,0.07970358,0.054417096
Corrida completa,awo,belly,7373,6382,-0.014251048,-0.033618525,-0.019367477
Corrida completa,amaz,dance,1059,1710,-0.13460065,-0.011708491,0.12289216
Corrida completa,might,sausage,1466,5101,-0.010078056,-0.09358904,-0.08351098
Corrida completa,allowed,sewing,3423,7699,0.033150334,-0.10106678,-0.13421711
Corrida completa,magaz,n,4473,295,-0.21281523,-0.09727518,0.11554004
Corrida completa,damaged,designs,7641,7350,-8.561183e-05,0.016175091,0.016260702
Corrida completa,everyone,loading,1072,7325,-0.053096667,-0.13601544,-0.08291878
Corrida completa,gem,rin,3192,7791,-0.1393529,-0.06812979,0.07122311
Corrida completa,bear,nam,801,476,-0.034367513,-0.08118145,-0.04681394
Corrida completa,growing,sprinkles,3482,5210,-0.055062752,0.114201784,0.16926454
Corrida completa,giggling,screwd,5785,7180,0.014241289,-0.19359541,-0.2078367
Corrida completa,Wednesday,spikes,5848,7251,-0.020634733,0.03557384,0.056208573
Corrida completa,knowing,push,2519,2392,-0.07646108,-0.0030742027,0.07338688
Corrida completa,beard,climbs,5837,5106,0.03910007,-0.019821972,-0.05892204
Corrida completa,Lee,celebration,4238,6345,-0.036980987,-0.0015295725,0.035451412
Corrida completa,nests,river,8063,1717,-0.06821807,0.18832636,0.2565444
Corrida completa,dam,memories,5818,4397,-0.022519644,-0.07012692,-0.047607277
Corrida completa,pupil,zebras,5407,7242,0.0686501,0.1661415,0.0974914
Corrida completa,become,cu,2788,905,-0.13176547,-0.10304089,0.028724581
Corrida completa,return,soup,2069,1938,0.11230619,0.03033482,-0.08197138
Corrida completa,disco,laugh,2071,1418,0.0036674328,0.059060544,0.05539311
Corrida completa,cherry,energy,4777,4109,0.028918039,0.10917693,0.08025889
Corrida completa,Sarah,delicious,1244,1426,0.03550987,-0.0026818383,-0.038191706
Corrida completa,freez,mouths,4349,5392,0.0028990358,-0.04152961,-0.044428647
Corrida completa,ceiling,im,4452,816,-0.033922978,-0.09617592,-0.06225294
Corrida completa,do,smells,391,4341,-0.011421535,0.121922776,0.13334431
Corrida completa,Birdy,ache,7327,7092,0.09942365,0.095519915,-0.0039037317
Corrida completa,Something,slipped,5771,3071,-0.09647988,-0.080831885,0.015647992
Corrida completa,cr,distract,1154,7529,-0.028179131,0.09050575,0.11868488
Corrida completa,boun,jewels,2036,5063,-0.013210847,-0.12623352,-0.11302267
Corrida completa,shock,sweater,5921,3844,-0.15566778,0.05525797,0.21092576
Corrida completa,She,ribbons,313,6163,-0.04485178,-0.115911394,-0.071059614
Corrida completa,cooked,goodies,3800,7794,0.1191595,0.018611126,-0.10054837
Corrida completa,Mike,exerc,3636,4295,-0.040926185,-0.06054489,-0.019618705
Corrida completa,busy,today,1973,1851,0.04458227,0.07176832,0.027186051
Corrida completa,probably,white,7512,1577,0.080873445,-0.003989646,-0.08486309
Corrida completa,accident,sorting,1847,5873,-0.00505835,0.086962365,0.09202071
Corrida completa,poke,study,4589,3290,-0.09042197,0.12011124,0.2105332
Corrida completa,holes,seemed,4030,1926,-0.11598546,0.008709803,0.124695264
Corrida completa,law,sore,3252,5227,-0.057800516,-0.026678888,0.031121628
Corrida completa,broom,haircut,6075,4228,0.007066466,0.14022738,0.13316092
Corrida completa,sharks,soapy,7933,8169,-0.042693794,-0.0007259585,0.041967835
Corrida completa,create,firemen,3566,5761,-0.019778298,-0.09023482,-0.07045653
Corrida completa,Not,cl,5499,489,0.08182296,0.09959774,0.017774776
Corrida completa,broccoli,event,3891,5409,0.0059674736,0.13578448,0.12981701
Corrida completa,gone,must,1467,1713,0.05780064,-0.07417126,-0.1319719
Corrida completa,permission,someone,4989,1498,0.09993839,0.066875964,-0.03306243
Corrida completa,honk,opens,5833,3678,-0.015753012,0.16600546,0.18175848
Corrida completa,hur,welcomed,2641,4253,0.03902132,0.071858615,0.032837294
Corrida completa,Jill,balloon,1768,1587,-0.047831684,0.08341672,0.13124841
Corrida completa,Now,firework,1492,3766,0.05450776,-0.034267135,-0.08877489
Corrida completa,dess,free,3858,1849,0.05479089,0.025266262,-0.02952463
Corrida completa,Joey,toss,3799,7954,0.01627716,0.041539416,0.025262255
Corrida completa,bravest,environ,7320,8171,0.051170297,0.04862844,-0.0025418587
Corrida completa,salty,unicorn,6673,5588,0.06703522,0.095277764,0.028242543
Corrida completa,laundry,moder,4251,3426,0.11151993,0.1354132,0.023893267
Corrida completa,pol,scatter,1611,3509,-0.14033642,-0.11081332,0.029523104
Corrida completa,center,simply,6785,7966,-0.040146515,-0.03419785,0.0059486665
Corrida completa,grow,ripe,1624,6351,0.070021965,0.12974572,0.059723757
Corrida completa,importance,more,6087,692,0.044241697,0.057431538,0.013189841
Corrida completa,magnets,picks,6373,2898,0.029203653,-0.023510426,-0.05271408
Corrida completa,excitedly,neighbors,3264,5610,0.019952029,0.10769939,0.08774736
Corrida completa,Liz,dust,5411,3547,-0.08805452,0.041426383,0.1294809
Corrida completa,cocoa,nearest,3721,7873,0.034150396,-0.032709695,-0.066860095
Corrida completa,lad,lake,2302,1631,-0.06947358,-0.040771388,0.028702192
Corrida completa,frosting,steak,5876,4334,-0.052330345,0.19589841,0.24822876
Corrida completa,hardly,lighter,4816,6717,0.05255402,-0.07035552,-0.12290954
Corrida completa,chew,white,2739,1577,-0.016637553,-0.048108768,-0.031471215
Corrida completa,Sorry,kisses,6632,4803,0.08079589,0.007822331,-0.072973564
Corrida completa,Pip,flapping,5708,6686,0.0067598373,-0.07472078,-0.081480615
Corrida completa,computer,hive,3476,3931,-0.001150243,0.26013774,0.261288
Corrida completa,instruct,rescued,5650,6125,-0.01842945,-0.044641774,-0.026212323
Corrida completa,pear,third,4688,6650,-0.003795471,0.030181326,0.033976797
Corrida completa,Mabel,prepare,7433,4834,0.040766507,-0.019554151,-0.06032066
Corrida completa,envel,seed,3331,2586,-0.003400418,-0.0014538812,0.0019465368
Corrida completa,nearby,pitch,1954,5356,-0.12214661,-0.048189573,0.07395703
Corrida completa,Leo,treats,2813,2398,0.03375507,-0.019473288,-0.05322836
Corrida completa,det,stri,6767,3302,0.021148961,0.2543258,0.23317684
Corrida completa,hugging,tray,6005,3899,-0.053043127,-0.051881365,0.0011617616
Corrida completa,cows,reliable,3887,3144,0.0816044,0.11274386,0.031139463
Corrida completa,ladybug,with,6069,343,-0.09313086,-0.14973737,-0.056606516
Corrida completa,environ,sniffed,8171,4559,0.09288325,0.13413613,0.041252874
Corrida completa,Honey,achie,7884,4945,-0.058365963,0.05465573,0.113021694
Corrida completa,The,sprayed,299,4444,-0.0944499,0.07417548,0.16862538
Corrida completa,amaz,wool,1059,4546,-0.018233005,-0.08298712,-0.06475411
Corrida completa,prepare,turtle,4834,3237,-0.027439378,-0.066890515,-0.039451137
Corrida completa,bored,replace,2704,5127,0.104628704,0.048133973,-0.05649473
Corrida completa,im,rocks,816,1924,0.11133167,0.027792431,-0.08353924
Corrida completa,land,vacation,1647,4905,0.029316682,0.13989338,0.110576704
Corrida completa,ambulance,symbol,4479,3928,0.038657967,0.13642523,0.09776726
Corrida completa,monkeys,wip,4114,2472,-0.022143833,0.11378504,0.13592887
Corrida completa,Pippin,weight,7536,5398,0.04437881,0.07057758,0.026198767
Corrida completa,leak,watching,4868,2130,-0.064969815,-0.045735452,0.019234363
Corrida completa,pile,toy,2230,513,0.16970113,0.07196448,-0.09773665
Corrida completa,chess,glo,4599,5547,-0.12020062,-0.0037065987,0.11649402
Corrida completa,sofa,therm,3780,4709,-0.0848692,-0.1563873,-0.0715181
Corrida completa,compassion,oven,3447,2306,-0.025381662,0.06489798,0.09027964
Corrida completa,cu,necklace,905,2578,0.10146892,-0.016254995,-0.11772391
Corrida completa,needles,poster,6738,7253,-0.09720921,0.013200611,0.11040982
Corrida completa,hon,pan,2218,2364,0.032114256,0.05860757,0.026493315
Corrida completa,coup,sleep,6724,1379,-0.024987292,-0.016469266,0.008518025
Corrida completa,changing,emp,7395,2423,0.032625318,0.049120914,0.016495597
Corrida completa,Sometimes,nose,2467,2021,-0.084956884,-0.1503474,-0.06539051
Corrida completa,ga,marshmallow,4955,7080,-0.022028014,0.042277016,0.06430503
Corrida completa,pop,rhy,2224,5214,0.057382062,0.07880774,0.02142568
Corrida completa,They,shivering,322,5944,0.02852033,-0.16353369,-0.19205402
Corrida completa,Matt,Wendy,6051,7720,-0.047863096,0.2536522,0.30151528
Corrida completa,sy,tied,7223,3516,-0.056706604,-0.12453906,-0.067832455
Corrida completa,comforting,line,8103,2529,0.0048099104,0.02248513,0.01767522
Corrida completa,r,stuff,329,2736,0.029132895,-0.07482547,-0.10395837
Corrida completa,fluttered,spark,6572,1586,0.01602541,0.09593939,0.07991398
Corrida completa,Bunny,rescued,4223,6125,-0.0915343,-0.10971807,-0.018183768
Corrida completa,difference,grab,5102,2118,-0.070870824,-0.099405296,-0.028534472
Corrida completa,check,revealed,2912,5374,0.09693974,0.1241987,0.027258955
Corrida completa,grandfather,preparing,7937,7351,-0.043975078,-0.066052094,-0.022077017
Corrida completa,tissue,tried,7947,733,-0.003699053,0.07659932,0.08029838
Corrida completa,fort,medal,4140,4299,0.07112075,0.20060986,0.12948912
Corrida completa,buttons,rainbow,3075,1986,0.026790034,0.06455595,0.037765916
Corrida completa,posit,restore,7593,4950,0.07582002,0.039140493,-0.03667953
Corrida completa,gets,tire,2817,3768,0.037902128,0.0012027975,-0.036699332
Corrida completa,moms,walls,3124,3145,-0.101074755,0.09720257,0.19827732
Corrida completa,hundred,watch,7918,1099,-0.06503672,0.043676484,0.10871321
Corrida completa,ink,zipped,4497,5289,-0.055674464,-0.1293273,-0.07365283
Corrida completa,pout,toys,6003,684,0.043466955,0.048655808,0.0051888525
Corrida completa,delivery,feels,6175,1864,0.07169122,-0.0077125365,-0.07940376
Corrida completa,carried,exciting,2539,2040,-0.0055114813,-0.036560606,-0.031049125
Corrida completa,hook,muddy,3930,5452,-0.14142096,-0.042767134,0.09865382
Corrida completa,fields,happily,4229,1380,0.05882299,0.14088239,0.0820594
Corrida completa,courage,reveal,3688,6212,-0.08191328,-0.099250026,-0.017336749
Corrida completa,belongs,underneath,4544,5634,-0.025203336,-0.049897198,-0.024693862
Corrida completa,backyard,crowd,1911,5956,0.10283212,0.14439027,0.041558146
Corrida completa,safely,smile,3017,1009,-0.073725626,0.15384072,0.22756635
Corrida completa,edges,tries,7194,2371,-0.13885854,0.0188132,0.15767175
Corrida completa,chefs,noises,7142,1900,0.017573053,0.11486245,0.0972894
Corrida completa,hard,that,881,357,0.02057837,-0.065146975,-0.085725345
Corrida completa,admiration,fight,7611,1555,0.009888052,0.007941242,-0.0019468097
Corrida completa,attach,comet,4505,4098,0.08240547,-0.032121632,-0.11452711
Corrida completa,amount,goodbye,7094,1136,-0.018533,-0.03168188,-0.01314888
Corrida completa,Earth,looked,6283,516,0.04256858,-0.095071636,-0.13764021
Corrida completa,behavi,pay,6585,2562,0.07018765,0.01981233,-0.05037532
Corrida completa,Frosty,mos,7911,4415,-0.0140699,-0.015652006,-0.0015821066
Corrida completa,presents,wear,4385,1711,0.04493206,-7.062778e-05,-0.045002688
Corrida completa,Granny,choice,7487,4595,0.033818513,0.061538342,0.02771983
Corrida completa,laid,thr,5161,1008,0.09034645,0.0066175666,-0.08372888
Corrida completa,pink,warned,1521,3461,0.08894885,-0.05010376,-0.13905261
Corrida completa,gra,lasers,652,7792,0.043986455,0.009227665,-0.03475879
Corrida completa,That,laug,1329,700,0.060604602,0.10796423,0.04735963
Corrida completa,Libby,coll,8074,1801,0.030420024,-0.036090158,-0.066510186
Corrida completa,juice,ventured,1993,6070,-0.02556803,-0.058934104,-0.033366073
Corrida completa,cage,shut,2840,3581,-0.06908037,0.024874061,0.09395443
Corrida completa,bandages,bump,7805,3448,-0.056759648,0.13058667,0.18734631
Corrida completa,honk,loop,5833,4168,-0.14193735,0.100422174,0.24235952
Corrida completa,expl,winked,753,6410,0.005438067,0.117265925,0.11182786
Corrida completa,Em,cord,1487,3981,-0.08949925,-0.13132925,-0.041830003
Corrida completa,achie,reve,4945,4481,0.022940816,0.1792356,0.1562948
Corrida completa,apolog,avoc,3023,3956,0.02591854,-0.011083227,-0.037001766
Corrida completa,stack,wat,3807,776,-0.025486102,0.035522245,0.06100835
Corrida completa,imp,slippery,912,4472,-0.0016306825,0.05604182,0.057672504
Corrida completa,dancers,delicate,6490,3398,0.05465877,0.03755618,-0.017102592
Corrida completa,prin,talks,1260,7132,0.07156024,0.048299648,-0.023260593
Corrida completa,Halloween,mail,7747,1951,-0.06635443,0.12943518,0.1957896
Corrida completa,gasp,stayed,7058,1495,-0.12931237,-0.116768606,0.01254376
Corrida completa,borrow,hitting,2936,6628,0.07015291,0.10927305,0.039120145
Corrida completa,elevator,napkin,3925,4297,0.050156325,0.28674877,0.23659244
Corrida completa,acting,tripped,6971,4106,0.028431093,0.042264916,0.013833823
Corrida completa,feather,storms,2242,8064,-0.0348963,0.059786357,0.094682656
Corrida completa,Well,hit,7394,1839,0.06945518,0.021176167,-0.04827901
Corrida completa,Gigi,lighter,6492,6717,0.005308682,-0.09143206,-0.09674074
Corrida completa,Speedy,eras,7803,4031,-0.020759523,-0.08282387,-0.06206435
Corrida completa,imag,wre,2122,5302,0.0061938963,0.21932778,0.21313389
Corrida completa,plan,reward,1637,3378,-0.0679584,0.13105626,0.19901466
Corrida completa,Good,potion,5194,6670,0.052680112,-0.029754484,-0.082434595
Corrida completa,jumps,smells,3789,4341,0.07515139,0.18863823,0.113486834
Corrida completa,Papa,prayed,4214,5215,-0.040849604,0.029974371,0.070823975
Corrida completa,adults,believe,7229,1793,-0.04020527,-0.063430145,-0.023224875
Corrida completa,dived,repeating,7236,7667,-0.0626646,0.015594574,0.07825917
Corrida completa,jet,stone,3758,2465,0.05491245,0.3234779,0.26856545
Corrida completa,chickens,veil,4327,4674,-0.018723553,0.16031575,0.1790393
Corrida completa,automob,hadn,4700,4077,-0.05624803,0.18818285,0.24443087
Corrida completa,cous,firefighters,6663,6214,0.014862906,-0.11899803,-0.13386093
Corrida completa,Din,apologize,7888,5466,-0.017649662,-0.020602405,-0.0029527433
Corrida completa,ble,consequ,4517,6729,-0.027023496,0.1285479,0.1555714
Corrida completa,baked,pun,6088,3932,-0.019865375,-0.14516002,-0.12529464
Corrida completa,Zero,fairy,6982,1827,0.09925168,0.20225035,0.10299867
Corrida completa,experien,fisherman,6704,4348,-0.036919415,-0.06432159,-0.027402177
Corrida completa,calm,fairy,2369,1827,-0.07132523,-0.036541983,0.034783244
Corrida completa,delicious,repeating,1426,7667,0.03712438,0.030657817,-0.006466564
Corrida completa,aff,among,6389,6716,-0.0063906964,0.10710627,0.11349697
Corrida completa,ac,clo,1090,732,-0.0038167164,0.11188495,0.11570167
Corrida completa,dripping,louder,8024,2963,0.07969567,0.02446395,-0.05523172
Corrida completa,accompl,par,5674,2236,-0.002819512,-0.007000882,-0.00418137
Corrida completa,dir,splas,1456,2278,-0.064298525,-0.07133189,-0.007033363
Corrida completa,barking,familiar,4048,6987,-0.021449257,0.14126778,0.16271703
Corrida completa,ship,zipper,2689,4615,-0.045323707,0.058015376,0.10333908
Corrida completa,masks,sniffing,6613,7694,0.035277065,0.07698181,0.041704748
Corrida completa,garage,mug,2851,3941,0.09699711,0.18626927,0.08927216
Corrida completa,jug,smelling,3553,7729,-0.026410835,-0.022061793,0.0043490417
Corrida completa,le,shout,492,1102,0.061551966,0.12796848,0.06641651
Corrida completa,castle,defe,1530,7256,0.0027356474,-0.08355451,-0.08629015
Corrida completa,Luna,persist,5167,3389,0.02287926,-0.1425146,-0.16539386
Corrida completa,Nana,n,7766,295,-0.061348777,-0.12323366,-0.061884884
Corrida completa,organized,reg,2968,2673,0.014702059,-0.1098181,-0.12452016
Corrida completa,grin,tunnel,4575,3307,-0.1520862,0.03263022,0.18471642
Corrida completa,landsc,rolls,5652,6186,0.014649678,0.061940793,0.047291115
Corrida completa,against,sighed,2984,2700,-0.062053647,0.0056521,0.06770575
Corrida completa,curtains,lady,6008,1272,-0.035801094,0.0712883,0.1070894
Corrida completa,careless,feet,3411,2341,0.03554502,0.094431214,0.058886193
Corrida completa,happ,oysters,374,7606,-0.032359213,0.007387206,0.03974642
Corrida completa,leaned,wobbled,4190,6999,0.031694867,0.23299676,0.2013019
Corrida completa,attic,luckily,3532,7533,-0.10263793,-0.08831915,0.014318779
Corrida completa,object,pinch,3666,4534,-0.019282814,-0.07114517,-0.051862355
Corrida completa,sits,stuffed,5195,4170,-0.024622703,0.12901886,0.15364157
Corrida completa,gor,safety,3874,4746,-0.028563278,-0.05205567,-0.023492394
Corrida completa,ap,film,2204,4095,0.01046655,0.0022814497,-0.0081851
Corrida completa,middle,wake,2745,3230,-0.026458215,-0.039507363,-0.013049148
Corrida completa,spiders,your,5617,638,0.09621675,-0.06355606,-0.15977281
Corrida completa,jog,traveled,3253,6223,-0.16005504,0.19696611,0.35702115
Corrida completa,air,cob,1413,4564,0.0007254407,0.051093373,0.050367933
Corrida completa,sock,swept,4234,6737,-0.06739219,-0.08675048,-0.019358285
Corrida completa,hear,ringing,1453,4725,-0.03165566,0.120582536,0.15223819
Corrida completa,completely,served,6079,5384,0.043763258,-0.04645112,-0.09021438
Corrida completa,build,hearts,1458,4863,-0.0052581728,-0.051226526,-0.045968354
Corrida completa,human,mil,3804,2054,-0.06569798,-0.025672588,0.040025394
Corrida completa,obedient,writing,3112,4551,-0.047045313,0.022026949,0.06907226
Corrida completa,curled,smelled,5208,2196,0.008150516,0.02698002,0.018829504
Corrida completa,apples,wine,2216,4871,-0.008982565,0.28141308,0.29039565
Corrida completa,form,spoons,8090,5434,0.024530884,0.059288677,0.034757793
Corrida completa,belts,investig,7409,4509,-0.14079776,-0.1295827,0.011215061
Corrida completa,bikes,juicy,4178,2845,-0.026793303,-0.041505314,-0.014712011
Corrida completa,fairies,quar,6523,4115,0.055683378,-0.16631278,-0.22199616
Corrida completa,che,ended,859,4064,0.09411326,0.08976233,-0.0043509305
Corrida completa,cott,has,6338,1034,0.09949361,-0.010418469,-0.109912075
Corrida completa,landed,ol,2513,3873,0.0953241,-0.018676553,-0.11400065
Corrida completa,bir,succeed,527,3906,0.0986649,0.07950551,-0.019159392
Corrida completa,little,say,396,495,-0.01918509,0.02138678,0.04057187
Corrida completa,brilliant,pee,3130,3004,0.011814624,0.0073526716,-0.0044619525
Corrida completa,center,shoulders,6785,5760,-0.028291529,-0.008653423,0.019638106
Corrida completa,anyone,close,2141,1443,0.06354526,-0.02150631,-0.08505157
Corrida completa,Birdy,ey,7327,988,0.019433185,-0.03000068,-0.049433865
Corrida completa,bra,rush,844,5170,0.09253088,0.10593837,0.013407491
Corrida completa,Lucky,zigzag,5733,5782,0.03145128,0.020732198,-0.010719083
Corrida completa,offer,rise,4426,4831,0.07295438,0.003139479,-0.0698149
Corrida completa,birdc,week,5145,2832,-0.027456777,-0.066256784,-0.03880001
Corrida completa,clap,soapy,2809,8169,-0.10235316,0.08550419,0.18785736
Corrida completa,stick,vet,1131,4383,-0.0352657,0.12808737,0.16335307
Corrida completa,forgotten,growing,4406,3482,-0.039007537,0.031207856,0.07021539
Corrida completa,el,interesting,1474,2178,-0.02662656,-0.064009264,-0.037382703
Corrida completa,Dad,Splash,1042,7715,-0.0650665,-0.02382505,0.041241452
Corrida completa,chat,taught,5969,2600,0.18069959,0.087073475,-0.09362611
Corrida completa,birdcage,made,5153,559,0.05867179,0.015228913,-0.04344288
Corrida completa,Tilly,ruined,6120,2833,-0.06415592,-0.11885951,-0.054703586
Corrida completa,cle,eat,833,756,0.076163076,0.055474594,-0.020688482
Corrida completa,jogging,suc,5135,2167,0.060521398,-0.13184485,-0.19236624
Corrida completa,diamonds,thanking,7666,7796,-0.097050525,-0.09328766,0.0037628636
Corrida completa,higher,pudd,1816,2137,-0.09847169,-0.07907461,0.019397087
Corrida completa,de,ob,1092,1999,0.043625366,0.39889604,0.35527068
Corrida completa,ham,lines,3015,5607,0.00888465,0.10150717,0.09262252
Corrida completa,one,pile,626,2230,-0.0121908495,0.096635394,0.10882624
Corrida completa,fought,gir,4684,3770,-0.0261454,0.033669107,0.059814505
Corrida completa,ready,sugar,1251,2920,-0.005519107,0.058737226,0.06425633
Corrida completa,coll,understand,1801,1465,0.07579432,-0.17166191,-0.24745622
Corrida completa,beehive,third,8037,6650,-0.010729117,-0.15515882,-0.1444297
Corrida completa,deser,writes,5950,5714,-0.006451603,-0.06912842,-0.06267682
Corrida completa,eas,embarrass,2127,6597,-0.0123318955,0.04374,0.056071896
Corrida completa,cart,darling,2321,6591,-0.06315134,0.024671927,0.087823264
Corrida completa,keeps,mood,5747,7680,-0.05167886,-0.08805278,-0.03637392
Corrida completa,beehive,kneel,8037,4848,-0.056525346,0.027725687,0.08425103
Corrida completa,eat,ruler,756,5954,-1.6268343e-05,-0.024305504,-0.024289235
Corrida completa,guessing,these,7860,2656,0.02722473,0.055229343,0.028004613
Corrida completa,burned,wonders,4548,5751,-0.0070877476,0.01703567,0.02412342
Corrida completa,scen,shivered,7318,5826,-0.027663771,-0.071082324,-0.043418553
Corrida completa,Co,pain,4996,1194,-0.05953925,-0.05937821,0.00016104057
Corrida completa,Benny,taller,1464,4957,0.0515483,-0.040863927,-0.092412226
Corrida completa,kicked,washed,3318,3456,-0.046568833,0.22689444,0.27346328
Corrida completa,wood,zipped,1376,5289,0.102751404,0.025522016,-0.07722939
Corrida completa,encouragement,manage,7942,5133,0.037684586,0.15798217,0.12029758
Corrida completa,ner,took,2633,659,-0.046610046,-0.05330956,-0.0066995136
Corrida completa,Mrs,foot,3121,2291,-0.053077634,-0.08384928,-0.030771647
Corrida completa,av,chirped,2524,5201,-0.07039343,0.005645156,0.076038584
Corrida completa,come,scold,880,4047,0.083122164,-0.011664793,-0.09478696
Corrida completa,cou,matching,1983,5912,0.04029744,0.0344049,-0.0058925413
Corrida completa,Every,click,731,5885,0.041403282,0.0036160685,-0.037787214
Corrida completa,balance,pan,3065,2364,0.04760052,0.030813307,-0.016787212
Corrida completa,laying,stolen,7532,6242,0.014585149,0.087666176,0.07308103
Corrida completa,hig,whoever,1772,7959,0.015181581,0.06682461,0.05164303
Corrida completa,Mr,gazing,1815,7755,-0.0960114,0.021903556,0.11791496
Corrida completa,bulb,seeing,4285,4281,0.037649117,-0.10010521,-0.13775432
Corrida completa,dollhouse,muffins,6945,6017,-0.052257076,0.25812256,0.31037962
Corrida completa,conflict,giving,7424,3001,0.029002264,-0.06055785,-0.089560114
Corrida completa,knee,sending,2425,7305,0.057555027,-0.038954105,-0.09650913
Corrida completa,frown,ord,3032,2885,-0.080053866,-0.0927073,-0.012653433
Corrida completa,meadow,tur,2462,3801,-0.022799993,-0.12379475,-0.10099476
Corrida completa,goodnight,sill,5988,7621,-0.06906691,0.03357391,0.10264082
Corrida completa,eag,soaking,2253,7589,-0.04523481,0.008275935,0.053510748
Corrida completa,fall,glass,1578,2719,-0.08984964,0.12528056,0.21513021
Corrida completa,Al,shap,2413,1698,0.02556118,0.09957475,0.074013576
Corrida completa,eld,exciting,2810,2040,0.12414409,0.10368301,-0.020461082
Corrida completa,lettuce,pretending,6825,3775,-0.0915814,-0.033660103,0.057921294
Corrida completa,ax,drops,3872,4390,-0.08264407,-0.028057598,0.05458647
Corrida completa,mighty,muscles,2917,5727,-0.026016887,0.06413177,0.09014866
Corrida completa,Mama,bunnies,2100,5589,-0.025345134,0.15006423,0.17540936
Corrida completa,independent,wipe,3259,4677,0.020498525,-0.05263085,-0.07312937
Corrida completa,fashion,umbrella,5495,3550,-0.14069355,0.04051952,0.18121307
Corrida completa,apples,sadness,2216,5579,0.049425043,0.1651639,0.11573886
Corrida completa,bones,giraff,5520,6473,-0.0112228505,0.004584018,0.015806869
Corrida completa,Bu,accidents,3226,5603,-0.009904187,0.1347315,0.14463569
Corrida completa,board,slowly,2892,1677,0.0014419015,0.035134323,0.03369242
Corrida completa,flap,whole,5491,2199,0.032857418,-0.05301108,-0.08586849
Corrida completa,aut,buying,4561,6300,0.028259818,0.008279894,-0.019979924
Corrida completa,sizes,yells,4721,6690,-0.042264704,0.0657208,0.1079855
Corrida completa,Betty,bucket,6433,1936,0.012592902,0.061770804,0.0491779
Corrida completa,clever,peacefully,2197,6828,-0.021250218,0.030513026,0.051763244
Corrida completa,breathed,mints,7020,7603,-0.076131746,0.0014366638,0.07756841
Corrida completa,cro,repl,2556,1070,-0.05705417,0.23774561,0.29479977
Corrida completa,Be,cleaner,2705,7503,-0.14869368,-0.13828576,0.010407925
Corrida completa,dif,wide,1036,2142,-0.12969388,-0.05180866,0.077885225
Corrida completa,near,waited,1087,1615,-0.009196036,-0.017758546,-0.008562511
Corrida completa,jungle,vine,2460,3936,-0.067173764,0.19928968,0.26646346
Corrida completa,delay,thumb,4745,4697,-0.030981297,-0.007838532,0.023142764
Corrida completa,er,visits,3528,8060,0.0013831556,-0.15795404,-0.1593372
Corrida completa,blackboard,glittering,4751,8175,-0.10674173,0.07229605,0.17903778
Corrida completa,Rex,surfing,2791,7241,-0.012887466,-0.03452559,-0.021638121
Corrida completa,belongs,carrot,4544,1763,-0.029433854,-0.026707163,0.0027266908
Corrida completa,shaped,turns,7133,1921,0.039783824,-0.013158983,-0.052942805
Corrida completa,enthusiastic,eraser,4089,4146,-0.006278245,-0.051843453,-0.04556521
Corrida completa,direct,salt,6237,3842,-0.1532434,-0.07159024,0.081653155
Corrida completa,glasses,sign,6460,1789,-0.05398965,0.027709972,0.081699625
Corrida completa,lied,pine,5819,4502,0.08733308,-0.0009059422,-0.08823903
Corrida completa,collar,sails,3728,7116,0.012310348,0.15322554,0.14091519
Corrida completa,avocados,inj,6833,7336,0.009060548,0.090173975,0.08111343
Corrida completa,Froggy,reg,7744,2673,0.111079685,-0.016494747,-0.12757443
Corrida completa,frowning,tripped,7414,4106,-0.027446795,0.050460514,0.07790731
Corrida completa,circles,dre,3054,828,0.06100166,-0.05705993,-0.11806159
Corrida completa,horns,thick,5916,2847,-0.077809095,0.08329897,0.16110806
Corrida completa,nobody,pan,3824,2364,-0.075397864,-0.004203059,0.071194805
Corrida completa,behavi,flav,6585,5277,0.03395026,0.62965333,0.59570307
Corrida completa,hung,otters,3642,7484,-0.09230551,-0.044143118,0.048162393
Corrida completa,Tweety,boat,3473,1123,0.031466726,0.1896298,0.15816307
Corrida completa,destroyed,solving,4940,7773,0.024385914,0.21670778,0.19232187
Corrida completa,Sw,hitting,7430,6628,0.09930139,0.032451887,-0.0668495
Corrida completa,bracelet,track,3837,3163,0.07103282,0.20715636,0.13612354
Corrida completa,bald,dep,3042,8085,0.00061760005,0.034160513,0.033542912
Corrida completa,pare,sighs,1258,6290,0.026969219,0.033264674,0.0062954556
Corrida completa,clearly,wreck,8107,5582,-0.030411465,-0.02847618,0.0019352846
Corrida completa,Before,two,5019,904,0.09795529,0.15556554,0.05761026
Corrida completa,certain,grandparents,7311,7381,-0.07162197,-0.053683918,0.017938051
Corrida completa,east,magazines,5809,8110,0.122976445,0.18068582,0.057709374
Corrida completa,at,em,452,1687,-0.023576185,-0.09860695,-0.07503077
Corrida completa,rip,teaching,6633,5042,0.079664424,0.046543952,-0.033120472
Corrida completa,Brian,envel,8155,3331,0.040843,-0.016993135,-0.057836134
Corrida completa,poppy,watered,5399,5192,0.075375274,0.07404624,-0.0013290346
Corrida completa,flapping,warning,6686,5137,-0.025180692,0.087993994,0.113174684
Corrida completa,impre,tramp,2272,6867,0.07020141,0.09672576,0.02652435
Corrida completa,solve,turned,3297,1544,0.007571839,0.03397426,0.026402421
Corrida completa,accom,works,5616,5350,-0.060667906,-0.0061944164,0.05447349
Corrida completa,magaz,strang,4473,5281,-0.026976917,-0.08947814,-0.06250122
Corrida completa,goal,nam,3918,476,0.0756118,0.13576749,0.06015569
Corrida completa,forest,strip,1074,4232,0.0616411,0.019970149,-0.041670952
Corrida completa,rolls,strong,6186,1089,0.024703717,-0.03309101,-0.057794727
Corrida completa,Zoey,sadder,6925,8181,0.011476601,0.034763783,0.023287183
Corrida completa,Sm,remind,3779,2325,-0.02847019,-0.0067218468,0.021748343
Corrida completa,destro,sweep,3570,8030,-0.042624608,0.15489,0.19751461
Corrida completa,Car,smiles,5831,1604,-0.02518997,-0.14167538,-0.11648542
Corrida completa,blinked,smiles,4740,1604,-0.09050745,0.12084867,0.21135612
Corrida completa,Hallow,spid,7716,2175,-0.0341353,-0.040953204,-0.0068179034
Corrida completa,Mimi,climbed,5002,1567,-0.05146245,-0.11237212,-0.060909674
Corrida completa,could,serve,453,4825,-0.15921539,0.009398397,0.16861379
Corrida completa,put,tutor,574,5033,-0.05667168,-0.12578124,-0.06910956
Corrida completa,breaking,quick,5715,1053,0.022415891,0.034467563,0.012051672
Corrida completa,everyone,rocked,1072,5635,0.04271618,-0.05564809,-0.098364264
Corrida completa,coup,thud,6724,7214,-0.058154233,-0.04409592,0.014058314
Corrida completa,soared,sorry,5257,742,0.070805684,-0.03672262,-0.1075283
Corrida completa,asks,smelly,1669,2734,0.11273521,0.0604442,-0.052291013
Corrida completa,flood,leaves,5207,1499,-0.03520276,0.13855039,0.17375314
Corrida completa,fragile,rhinoceros,3266,4315,0.038579747,-0.0072646774,-0.045844425
Corrida completa,pump,twisty,2991,7213,-0.08148573,-0.042631973,0.03885376
Corrida completa,Cle,louder,7724,2963,0.05755923,-0.028582023,-0.08614125
Corrida completa,awoke,bouquet,7540,8079,-0.011799552,-0.056077134,-0.044277582
Corrida completa,beam,stern,6709,6364,-0.026447417,-0.06079546,-0.03434804
Corrida completa,costume,very,4044,384,-0.02887605,-0.046231285,-0.017355235
Corrida completa,ducks,lifting,2206,7118,-0.042233057,-0.13803941,-0.09580635
Corrida completa,park,wor,566,538,-0.01520732,-0.08526475,-0.07005743
Corrida completa,dizzy,streamers,2995,7415,0.010906682,0.06729072,0.056384042
Corrida completa,angel,now,3285,962,0.06840075,0.005703941,-0.06269681
Corrida completa,bricks,office,5172,3142,0.06461065,0.19509232,0.13048166
Corrida completa,firef,glove,4669,4243,-0.01925202,-0.12937517,-0.11012316
Corrida completa,place,since,1121,4510,-0.08638857,-0.054264344,0.03212423
Corrida completa,acting,twig,6971,3135,-0.012691284,0.0498062,0.06249748
Corrida completa,memory,mixing,5267,5929,-0.107881635,0.03099551,0.13887715
Corrida completa,drop,wave,2802,2355,-0.0041402634,0.11913041,0.123270676
Corrida completa,decide,favour,2948,2962,-0.03901084,0.010234468,0.04924531
Corrida completa,Ginger,worm,8056,2323,0.032260507,0.20941642,0.17715591
Corrida completa,delayed,puppet,7910,7671,0.06118798,-0.039262794,-0.10045077
Corrida completa,disturb,focused,3938,7077,-0.12912108,-0.09249274,0.036628343
Corrida completa,seeing,thinks,4281,1720,-0.10003149,0.050905548,0.15093704
Corrida completa,Everywhere,tested,2385,7136,-0.03320722,-0.015638795,0.017568424
Corrida completa,price,water,5235,744,0.067156926,0.0026689693,-0.06448796
Corrida completa,laundry,scratch,4251,5050,0.017875137,-0.018385774,-0.03626091
Corrida completa,poking,went,5963,467,-0.056773704,-0.042886496,0.013887208
Corrida completa,Your,lend,3552,4307,0.0046939477,-0.007666746,-0.012360694
Corrida completa,Th,sort,1205,4078,0.010939525,0.068917304,0.05797778
Corrida completa,Happy,poss,6535,7207,-0.0667104,0.055860706,0.1225711
Corrida completa,screen,vel,3453,5253,0.033315547,-0.06892489,-0.102240436
Corrida completa,eld,rained,2810,5377,-0.016694859,-0.050834835,-0.034139976
Corrida completa,sailboat,windy,6493,6848,-0.013358813,0.02617208,0.039530892
Corrida completa,buildings,burned,5231,4548,-0.10242362,-0.08454956,0.017874062
Corrida completa,fact,vegg,6726,7601,-0.06772165,0.011391427,0.07911308
Corrida completa,Lizzie,decl,6406,7793,0.00037200656,-0.079727635,-0.08009964
Corrida completa,collapsed,leap,8076,6227,-0.031650286,0.19409943,0.22574972
Corrida completa,grandparents,laug,7381,700,0.013132513,-0.012281133,-0.025413645
Corrida completa,instruments,new,7836,575,0.011316229,-0.015932102,-0.02724833
Corrida completa,cow,treats,2007,2398,0.057083093,0.089996204,0.03291311
Corrida completa,aimed,once,7269,2906,0.03626017,0.070030615,0.033770446
Corrida completa,puts,sunny,2232,2099,0.12003912,-0.068125896,-0.18816501
Corrida completa,proudly,seems,3139,6189,-0.057700783,-0.047879197,0.009821586
Corrida completa,jour,veterinarian,1869,4438,0.0021556579,0.0022528144,9.71565e-05
Corrida completa,firm,magic,6110,1270,0.040046897,0.17214373,0.13209683
Corrida completa,of,pro,344,1737,0.028484406,0.0071688835,-0.021315522
Corrida completa,acted,mud,5877,2270,-0.057288095,-0.088911936,-0.03162384
Corrida completa,plastic,shine,4457,3764,-0.02040926,-0.061522946,-0.041113686
Corrida completa,laugh,remind,1418,2325,-0.041358322,-0.037238915,0.0041194074
Corrida completa,sur,upset,2215,1896,-0.05402493,0.014126785,0.06815171
Corrida completa,amaz,olives,1059,5483,-0.073464796,-0.089017615,-0.015552819
Corrida completa,grown,pillow,3045,2628,-0.007555807,-0.04553011,-0.037974305
Corrida completa,nice,slam,787,6714,0.030290497,-0.09483951,-0.12513001
Corrida completa,Many,ap,6329,2204,-0.011183687,0.17483735,0.18602103
Corrida completa,perm,voices,3545,5658,0.08372962,-0.033863164,-0.11759278
Corrida completa,luckily,simply,7533,7966,-0.027788546,0.018355485,0.04614403
Corrida completa,hut,purse,4394,3769,0.02355503,0.2588065,0.23525147
Corrida completa,nail,sweat,3724,7935,0.15654781,0.039645836,-0.11690198
Corrida completa,explore,wal,957,602,0.016607894,-0.13841653,-0.15502442
Corrida completa,gas,m,2607,281,-0.0066910908,-0.06761735,-0.06092626
Corrida completa,excited,pudd,609,2137,0.08228799,-0.043444317,-0.1257323
Corrida completa,agree,sigh,4735,4923,-0.06252234,0.14963147,0.2121538
Corrida completa,cobweb,exploring,4637,1915,0.031754166,0.15595981,0.12420565
Corrida completa,enthusi,though,7039,1958,0.008972131,0.012343537,0.0033714063
Corrida completa,brick,decorate,5312,3843,-0.019814521,0.06155775,0.081372276
Corrida completa,enjoyed,glued,1409,7154,0.066680305,0.11634984,0.049669534
Corrida completa,batteries,going,7119,950,0.01598503,0.06053267,0.04454764
Corrida completa,carp,liquid,3703,6239,-0.026367186,-0.02635238,1.4806166e-05
Corrida completa,cars,thick,1346,2847,-0.08211142,-0.031461705,0.050649714
Corrida completa,believed,swooped,5024,6284,-0.00340599,0.08113465,0.084540635
Corrida completa,can,pale,480,3625,-0.08541084,-0.08749261,-0.0020817667
Corrida completa,electric,short,7963,4051,-0.039258778,0.114347436,0.1536062
Corrida completa,accomplished,warn,7700,5311,-0.008319249,0.06863002,0.07694927
Corrida completa,amount,battle,7094,7462,0.067753814,0.13458721,0.0668334
Corrida completa,Zoey,danced,6925,2237,0.077115506,0.00905531,-0.0680602
Corrida completa,diary,forgi,4276,5843,0.034490064,0.020546146,-0.013943918
Corrida completa,nation,ordinary,5094,3622,0.021714687,0.019554896,-0.002159791
Corrida completa,contain,day,5224,356,-0.10316282,-0.07945653,0.023706287
Corrida completa,address,balan,7558,4935,0.0056135096,-0.041312765,-0.046926275
Corrida completa,Jessica,whistling,6452,5128,0.0535259,-0.012909409,-0.06643531
Corrida completa,blueber,bright,3610,1095,-0.0035736077,0.03648834,0.040061947
Corrida completa,hills,slower,4755,6947,0.008798545,0.20904869,0.20025015
Corrida completa,bookcase,pulls,4703,4052,0.0035680628,-0.09107002,-0.09463808
Corrida completa,impossible,weigh,6467,4734,-0.06651907,-0.017349498,0.04916957
Corrida completa,beside,numbers,5364,3395,0.08828078,-0.053025,-0.14130577
Corrida completa,free,tricycle,1849,7597,-0.087830454,0.030151464,0.11798192
Corrida completa,begged,grandson,5013,7936,0.0023846887,-0.044836916,-0.047221605
Corrida completa,Queen,beehive,7045,8037,-0.111153886,-0.017911766,0.09324212
Corrida completa,remained,rescued,5182,6125,0.074266054,0.019609125,-0.05465693
Corrida completa,memb,nibb,7655,7152,0.039528787,-0.0021573976,-0.041686185
Corrida completa,direction,faced,6019,6282,-0.033010293,0.047452234,0.08046253
Corrida completa,sails,surroundings,7116,6810,0.004768595,0.1015646,0.096796006
Corrida completa,Snuggles,achieve,7073,5995,-0.062016577,-0.12708989,-0.06507331
Corrida completa,ear,helpers,2110,6843,-0.008096189,0.05617807,0.06427426
Corrida completa,afford,chases,6786,6085,-0.13359518,-0.01928648,0.1143087
Corrida completa,cheek,tast,4493,1297,-0.026787499,0.0094910115,0.03627851
Corrida completa,rough,solut,3087,5681,0.06737342,0.09007898,0.022705562
Corrida completa,begged,cord,5013,3981,-0.07743523,-0.0154329,0.06200233
Corrida completa,Emily,earlier,2308,4779,0.030564832,0.06390423,0.033339404
Corrida completa,Rex,clever,2791,2197,-0.098137304,-0.07135102,0.026786283
Corrida completa,helicopter,throat,4288,6140,0.0016125133,0.14034875,0.13873623
Corrida completa,spaces,winked,5383,6410,-0.011762443,0.011522135,0.023284577
Corrida completa,clap,gif,2809,1723,-0.066720694,-0.034186397,0.032534298
Corrida completa,arg,end,3012,814,0.09446117,0.03110247,-0.0633587
Corrida completa,fire,steep,1236,5887,-0.022290908,0.1170922,0.1393831
Corrida completa,Mia,anywhere,861,3685,-0.037360977,-0.017476093,0.019884884
Corrida completa,depend,stung,3059,7067,-0.07675567,-0.016538508,0.060217164
Corrida completa,budge,shouldn,5712,4325,0.06436508,0.06523986,0.0008747801
Corrida completa,scrambled,when,7705,583,0.027708929,0.024430268,-0.0032786615
Corrida completa,already,quack,3053,4627,-0.009240381,-0.017419528,-0.008179147
Corrida completa,better,scatter,815,3509,0.08023303,-0.067290336,-0.14752337
Corrida completa,laughs,provide,3217,5096,-0.11659811,-0.063770466,0.05282764
Corrida completa,op,pipe,728,4112,0.076607354,-0.1532782,-0.22988555
Corrida completa,gathered,snakes,2601,6150,0.0737727,0.0108493045,-0.062923394
Corrida completa,chirping,digging,5075,4984,0.020408131,0.25962153,0.2392134
Corrida completa,Can,difficult,1347,3014,0.1483082,0.03299233,-0.11531587
Corrida completa,Elsie,Zero,7869,6982,-0.05279908,0.29234055,0.34513962
Corrida completa,hedgehog,spaghetti,6474,3592,-0.031004818,0.16748464,0.19848946
Corrida completa,qui,spicy,7688,2486,0.042177152,-0.06355865,-0.10573581
Corrida completa,bridge,wand,2676,2976,-0.007398948,0.19880727,0.20620622
Corrida completa,comfortable,cott,2627,6338,0.02042722,-0.04380243,-0.06422965
Corrida completa,drain,saf,4939,2186,0.02153274,-0.103636056,-0.1251688
Corrida completa,neighbour,shiny,3976,974,0.06427324,-0.015541788,-0.07981503
Corrida completa,amazement,jewel,4650,3040,0.11325646,0.11225423,-0.0010022298
Corrida completa,Despite,aunt,8016,3497,0.03173648,-0.14584683,-0.1775833
Corrida completa,grate,regret,1699,4671,0.011347927,0.20822522,0.1968773
Corrida completa,fit,grant,2029,5830,-0.04243769,0.005493678,0.04793137
Corrida completa,instruct,sank,5650,7146,0.05448205,0.058297765,0.0038157143
Corrida completa,bouncing,min,4525,1848,0.020723652,-0.07030227,-0.09102592
Corrida completa,alert,cookie,3862,2335,-0.012054311,-0.01446124,-0.0024069287
Corrida completa,mar,tomatoes,1540,5353,-0.041943897,-0.10039556,-0.058451664
Corrida completa,Both,flies,6352,4395,0.10082273,-0.09502662,-0.19584936
Corrida completa,copy,realized,6761,1231,-0.08738731,0.058977287,0.1463646
Corrida completa,anymore,handle,1173,3382,-0.03462587,0.023383645,0.058009513
Corrida completa,concert,plane,7837,2179,0.014441671,0.14700404,0.13256237
Corrida completa,history,silent,5478,6886,-0.07081273,0.16614538,0.23695812
Corrida completa,modest,surround,4005,4527,0.057884,-0.14482541,-0.2027094
Corrida completa,insect,squish,4612,6556,0.051268794,0.041247033,-0.010021761
Corrida completa,choices,folding,6793,6526,0.085076205,0.025747051,-0.059329152
Corrida completa,Cat,David,5523,6065,0.09792181,0.20700133,0.10907952
Corrida completa,paddled,trap,6267,3420,0.01687428,0.045943968,0.029069688
Corrida completa,Danny,elephant,4766,1934,0.02327207,0.18476668,0.16149461
Corrida completa,flew,stro,918,4658,-0.13934888,-0.09491276,0.04443612
Corrida completa,jumps,roads,3789,6050,-0.042980693,0.20244023,0.24542093
Corrida completa,br,not,525,395,0.048802998,0.07452743,0.02572443
Corrida completa,hairy,recipe,3419,6949,0.013132263,-0.041024685,-0.054156948
Corrida completa,bal,stopping,2572,7525,0.017819446,0.022802971,0.0049835257
Corrida completa,Squeaky,health,7539,6607,-0.05912725,0.10890846,0.16803572
Corrida completa,Sadly,painting,6156,3076,-0.13993925,-0.07408451,0.065854736
Corrida completa,gest,today,7274,1851,-0.0016932106,-0.10767692,-0.10598371
Corrida completa,rich,shap,3048,1698,0.1091985,-0.098093644,-0.20729214
Corrida completa,joked,speeding,7798,7810,-0.029758044,0.049124353,0.078882396
Corrida completa,apologised,nasty,7665,7819,-0.105947345,-0.06665814,0.039289206
Corrida completa,horns,remember,5916,1063,0.020012967,0.02937868,0.009365713
Corrida completa,market,reading,3083,3663,0.0039498582,0.10285943,0.09890957
Corrida completa,Zoe,moving,5481,2835,-0.008728631,-0.11155126,-0.10282263
Corrida completa,fo,generous,800,2637,0.05553105,-0.028193401,-0.083724454
Corrida completa,another,belly,1327,6382,0.012684561,-0.036611747,-0.04929631
Corrida completa,Ryan,hid,7728,1447,0.12628226,-0.11810335,-0.2443856
Corrida completa,often,rubbing,2663,5901,0.056944147,0.11569369,0.05874954
Corrida completa,Satur,hears,8191,2545,-0.0020508766,0.0908381,0.09288897
Corrida completa,gate,shorts,2671,7908,0.0030922368,0.0819279,0.078835666
Corrida completa,attach,treat,4505,1638,-0.04654087,0.037415467,0.08395634
Corrida completa,some,spices,519,7012,0.074068934,-0.0032756384,-0.077344574
Corrida completa,carp,fed,3703,5242,0.053903624,0.026843151,-0.027060473
Corrida completa,Nana,minut,7766,2274,-0.094171844,-0.14332417,-0.049152322
Corrida completa,harbor,lovely,4854,2184,-0.057372727,0.08947444,0.14684716
Corrida completa,Frosty,power,7911,2083,0.07082966,0.10308139,0.03225173
Corrida completa,teac,wardrobe,1800,4597,-0.08290739,-0.088569805,-0.0056624115
Corrida completa,cubes,impro,7075,3748,0.04541555,-0.0950959,-0.14051145
Corrida completa,lux,pin,5792,2534,0.1261032,0.041860938,-0.084242254
Corrida completa,relief,with,6048,343,-0.037320323,-0.16616675,-0.12884644
Corrida completa,tight,write,1463,2320,-0.086422,-0.008162772,0.07825922
Corrida completa,extraordinary,herself,7964,1430,0.034635827,0.014887959,-0.019747868
Corrida completa,bre,marching,1062,5300,-0.023660537,0.051601782,0.07526232
Corrida completa,Martha,colours,7701,3959,-0.058826093,0.040112607,0.0989387
Corrida completa,Robbie,spun,7041,3000,0.062952794,-0.033230763,-0.09618355
Corrida completa,several,tire,7549,3768,0.09324223,-0.029618816,-0.12286104
Corrida completa,ke,obeyed,647,8174,0.12155722,0.05415648,-0.06740074
Corrida completa,Spark,wobbly,5641,7255,-0.006390929,0.07751556,0.08390649
Corrida completa,Bongo,prevented,7250,8173,-0.08278304,-0.08857178,-0.005788736
Corrida completa,promise,shook,2123,1945,-0.030543998,-0.037626084,-0.007082086
Corrida completa,nectar,vines,6303,7760,-0.10453443,0.20143655,0.30597097
Corrida completa,Ralph,jogged,7114,5758,0.028930917,0.007431471,-0.021499448
Corrida completa,Mabel,passed,7433,2648,0.051738888,-0.057737507,-0.109476395
Corrida completa,breaks,created,4365,4254,-0.13178441,0.05973336,0.19151777
Corrida completa,stepped,su,1758,1978,0.048231147,0.088400856,0.04016971
Corrida completa,And,costumes,849,5516,-0.10358885,-0.08258085,0.021008
Corrida completa,bag,guard,1363,3521,0.045375776,0.18256342,0.13718764
Corrida completa,catch,hair,1313,1351,0.03089077,-0.031141302,-0.062032074
Corrida completa,moo,wor,7247,538,0.05064098,0.1389132,0.088272214
Corrida completa,embarrassed,of,2424,344,0.02018236,-0.024948224,-0.045130584
Corrida completa,Wednesday,ducks,5848,2206,-0.028417712,0.02792298,0.056340694
Corrida completa,ghost,refused,3680,3512,0.11560858,0.043467883,-0.07214069
Corrida completa,anything,toss,1420,7954,-0.019963823,0.052545235,0.07250906
Corrida completa,heart,tuna,1817,4304,-0.045455005,0.079605006,0.12506
Corrida completa,separ,tying,3840,7494,-0.07669784,-0.08698397,-0.01028613
Corrida completa,Molly,history,1766,5478,-0.010004014,-0.032203242,-0.022199228
Corrida completa,dot,norm,7712,3035,-0.05481619,0.031911816,0.08672801
Corrida completa,aunt,helps,3497,3235,0.010602474,-0.040267713,-0.050870188
Corrida completa,gir,nest,3770,2015,-0.11116382,-0.15759131,-0.046427496
Corrida completa,eas,microscope,2127,4381,-0.0036315545,-0.06702122,-0.06338967
Corrida completa,hidden,tal,2508,1110,0.03571613,0.08795068,0.052234545
Corrida completa,cuddled,grabbed,4936,1184,-0.010727767,0.06673407,0.07746184
Corrida completa,avocado,stay,4453,888,0.025439268,-0.040767454,-0.06620672
Corrida completa,Love,dangerous,7521,1776,-0.010814266,-0.032015715,-0.021201449
Corrida completa,Look,fan,3682,2082,0.05284234,-0.105219826,-0.15806216
Corrida completa,hosp,upset,2620,1896,-0.074520305,-0.023961335,0.05055897
Corrida completa,Abigail,slammed,5439,7328,-0.062860355,-0.0037658457,0.05909451
Corrida completa,restored,surpr,6230,930,0.15108904,0.008042629,-0.14304641
Corrida completa,activ,sailboat,5513,6493,-0.11988903,-0.15825711,-0.038368084
Corrida completa,Mikey,nodd,7809,8094,-0.022975583,-0.08751097,-0.064535394
Corrida completa,seagull,solution,6113,5957,0.06864509,0.09555142,0.026906326
Corrida completa,collection,expect,5163,5989,0.031036455,0.088171735,0.05713528
Corrida completa,added,peanuts,2990,5271,0.09826842,0.06919546,-0.029072963
Corrida completa,guests,ones,7022,2805,-0.03698213,0.091116056,0.12809819
Corrida completa,fall,pull,1578,1200,0.040231165,0.119698405,0.07946724
Corrida completa,cans,left,6313,1422,0.12491304,0.044864863,-0.08004817
Corrida completa,Abbie,encouraged,6537,5055,0.03504501,-0.096688375,-0.13173339
Corrida completa,lets,rules,5544,3859,0.15429538,0.061069228,-0.09322616
Corrida completa,course,invited,1883,3174,-0.06436799,0.011683222,0.076051205
Corrida completa,agreed,prepare,1512,4834,-0.017152376,0.12653314,0.14368552
Corrida completa,pad,quilt,4128,7961,-0.047175158,0.00154588,0.048721038
Corrida completa,introd,still,4500,876,0.028623763,-0.08509991,-0.11372368
Corrida completa,fault,using,6200,3136,0.001592733,-0.08239635,-0.083989084
Corrida completa,Every,temple,731,4805,0.053772263,-0.09981248,-0.15358475
Corrida completa,few,rolls,1534,6186,-0.04701735,0.021637088,0.06865444
Corrida completa,jacket,mine,3468,2045,-0.07723921,0.10005496,0.17729416
Corrida completa,great,mic,1055,2773,0.06987762,0.08134228,0.011464663
Corrida completa,buy,umb,1410,3403,-0.04587111,-0.030865066,0.015006043
Corrida completa,attach,situ,4505,5566,0.040832087,0.13834067,0.09750858
Corrida completa,spreading,vent,6907,5711,-0.018487075,-0.03051896,-0.012031885
Corrida completa,needle,steal,3966,3376,-0.036537714,0.04580819,0.0823459
Corrida completa,anticipation,lines,7647,5607,0.069643065,0.18783633,0.11819327
Corrida completa,match,sky,2750,843,0.103770606,0.106380604,0.002609998
Corrida completa,melt,owners,3051,5960,-0.05287368,-0.11294278,-0.0600691
Corrida completa,Chr,stair,5611,5755,-0.074841835,-0.035061263,0.039780572
Corrida completa,Bobo,plac,3492,1910,0.002230063,-0.18750055,-0.18973061
Corrida completa,In,heads,1392,4410,-0.05750218,-0.11916874,-0.061666563
Corrida completa,memories,snort,4397,7522,0.09019102,-0.0031605214,-0.09335154
Corrida completa,buzzed,stays,7040,6636,-0.031114314,0.09238613,0.12350044
Corrida completa,aware,yawned,8029,4951,-0.039917305,-0.120536394,-0.08061909
Corrida completa,electric,pins,7963,7517,0.101133525,0.041203983,-0.059929542
Corrida completa,ac,thought,1090,680,0.018579025,-0.14954573,-0.16812475
Corrida completa,flashing,pushed,8112,1857,-0.08017264,-0.015100129,0.065072514
Corrida completa,Bluey,peeking,6940,6162,-0.06487571,-0.06890871,-0.0040329993
Corrida completa,ringing,sick,4725,2022,-0.17250152,0.116736606,0.28923813
Corrida completa,tired,toast,1269,3169,-0.018775903,0.043281022,0.062056925
Corrida completa,go,pat,437,1503,0.0597502,-0.02756888,-0.087319076
Corrida completa,sna,stall,2619,8048,0.12816967,0.039404027,-0.08876564
Corrida completa,agreement,decide,5394,2948,0.1597592,0.065126,-0.09463319
Corrida completa,focused,realize,7077,5657,-0.038929477,0.06932691,0.108256385
Corrida completa,flex,wet,3517,1557,0.065013036,-0.005015392,-0.070028424
Corrida completa,Steve,lazy,5031,2764,-0.018775467,-0.002230577,0.01654489
Corrida completa,Ray,string,7895,2453,0.032033194,0.036692426,0.0046592318
Corrida completa,blood,veil,5041,4674,-0.00905228,0.21797876,0.22703104
Corrida completa,dangers,lem,7801,2502,0.05066371,0.07740052,0.02673681
Corrida completa,height,to,7546,266,0.018636905,-0.12535617,-0.14399308
Corrida completa,often,welcome,2663,1895,0.17547402,0.22726375,0.05178973
Corrida completa,makes,wet,1614,1557,0.022871085,0.103227586,0.0803565
Corrida completa,Stop,zipped,5943,5289,-0.0038887747,-0.063859954,-0.05997118
Corrida completa,neatly,violin,6952,4360,-0.019535284,0.033939738,0.053475022
Corrida completa,claps,cleaner,5890,7503,-0.05598958,0.08816634,0.14415592
Corrida completa,efforts,underneath,7352,5634,0.057437982,0.072355375,0.014917392
Corrida completa,Susie,caut,2953,5643,0.0402025,-0.072138965,-0.11234146
Corrida completa,ga,wool,4955,4546,0.03832096,-0.052475147,-0.090796106
Corrida completa,dove,mixing,3317,5929,0.08885026,0.076456904,-0.012393355
Corrida completa,animal,picnic,807,2283,-0.055319585,0.020087956,0.07540754
Corrida completa,on,warri,346,6903,0.02908183,0.054552853,0.025471022
Corrida completa,compass,pal,3371,4322,0.033861794,0.034631517,0.0007697232
Corrida completa,hotel,many,4326,796,0.018006168,-0.06947206,-0.08747823
Corrida completa,led,soaring,3710,5552,-0.123975724,0.044937357,0.16891308
Corrida completa,motor,weep,2927,4547,0.03026906,0.13755363,0.107284576
Corrida completa,grab,resting,2118,6271,-0.018722057,-0.02222491,-0.0035028532
Corrida completa,healthy,ve,2165,1706,0.0016113147,-0.08453879,-0.0861501
Corrida completa,Like,rode,5959,3251,-0.04432874,-0.053279478,-0.008950736
Corrida completa,Let,fix,1277,1287,0.061292246,0.10761555,0.046323307
Corrida completa,driveway,taught,7508,2600,0.0068825632,0.027492018,0.020609455
Corrida completa,bone,lamp,2698,2994,0.016252905,0.2530622,0.23680928
Corrida completa,hadn,rising,4077,6708,-0.041176178,0.057055652,0.09823183
Corrida completa,clap,neatly,2809,6952,0.01017607,0.10755511,0.097379036
Corrida completa,reminding,steal,7691,3376,-0.04369285,0.046314996,0.09000784
Corrida completa,shut,with,3581,343,0.021741984,0.1487605,0.12701851
Corrida completa,clever,dig,2197,2914,0.04611181,-0.011801373,-0.057913184
Corrida completa,str,troubled,768,4073,-0.0028652307,-0.16091457,-0.15804935
Corrida completa,Smith,cr,3994,1154,-0.022792574,-0.024551991,-0.0017594174
Corrida completa,shook,size,1945,3908,0.0019034129,-0.09521773,-0.09712114
Corrida completa,clowns,grab,6743,2118,-0.04226969,-0.06970279,-0.027433097
Corrida completa,chimney,dream,4455,1421,-0.03903569,0.079506405,0.11854209
Corrida completa,group,trampoline,2550,6915,0.07995321,0.064673156,-0.015280053
Corrida completa,Sp,got,1080,613,0.07513991,-0.019122163,-0.09426207
Corrida completa,ring,veterinarian,2357,4438,0.03810947,0.23934604,0.20123658
Corrida completa,complaining,putting,6762,4211,0.06893729,0.030216532,-0.038720757
Corrida completa,festival,jump,5120,862,0.027830197,0.003561722,-0.024268474
Corrida completa,cl,peek,489,4257,0.066142805,0.108606964,0.04246416
Corrida completa,Frog,eye,6986,2853,0.0013077278,0.03009731,0.028789582
Corrida completa,sailed,scarf,2774,2749,0.04714001,0.029192474,-0.017947536
Corrida completa,naught,yours,1940,2949,0.030163554,-0.08409425,-0.114257805
Corrida completa,monsters,sizes,5419,4721,-0.082004055,0.07260808,0.15461214
Corrida completa,calmed,sparkly,6476,2476,-0.009007435,0.02812558,0.037133016
Corrida completa,fetch,meeting,6010,4538,-0.025339747,0.14178844,0.16712819
Corrida completa,appeared,gather,2217,2124,-0.0011309953,-0.07612642,-0.07499542
Corrida completa,diamond,differen,3248,4949,0.032465402,-0.29824287,-0.33070827
Corrida completa,knows,pasta,3270,3445,0.06543722,-0.042037446,-0.10747467
Corrida completa,Holly,boss,7454,2820,0.13930836,0.16384077,0.024532408
Corrida completa,Quick,cookies,7404,1585,0.10521714,-0.031067517,-0.13628465
Corrida completa,Z,dresser,2650,7192,-0.07776176,-0.22129337,-0.14353162
Corrida completa,alright,respect,5030,2299,0.04354728,0.15011135,0.10656407
Corrida completa,caring,continue,4710,5361,0.013380434,-0.09308916,-0.1064696
Corrida completa,es,thumb,1952,4697,0.031805366,0.03458484,0.0027794726
Corrida completa,children,though,1439,1958,0.04684733,-0.12667271,-0.17352004
Corrida completa,master,sang,7271,1884,-0.004561251,-0.049218226,-0.044656977
Corrida completa,even,tele,840,3312,0.050084304,0.006121058,-0.043963246
Corrida completa,Inside,worth,2001,4512,0.06798024,0.12657946,0.058599226
Corrida completa,recording,use,6461,1122,-0.105462104,0.08504976,0.19051187
Corrida completa,globe,rub,8115,3555,0.0427575,0.014267043,-0.028490458
Corrida completa,pedals,understood,6599,2564,-0.0003290139,-0.023549298,-0.023220284
Corrida completa,Stay,polish,7348,4013,-0.02057705,-0.062937886,-0.042360835
Corrida completa,berry,value,4820,3806,-0.028897127,-0.049933083,-0.021035956
Corrida completa,bravest,revealed,7320,5374,0.11127195,0.05001689,-0.061255056
Corrida completa,def,forgiveness,6397,7871,0.060170654,-0.0033475272,-0.06351818
Corrida completa,noticed,serious,1051,3372,0.063533425,0.066912904,0.003379479
Corrida completa,cam,letting,3064,4785,-0.06465787,-0.09480624,-0.030148372
Corrida completa,Try,prun,7622,6117,-0.017830456,0.16493866,0.18276912
Corrida completa,deaf,was,3794,280,0.058964215,-0.07771152,-0.13667575
Corrida completa,card,shoulders,2322,5760,-0.07404901,0.052163422,0.12621243
Corrida completa,Tw,gor,5779,3874,0.015716694,0.24501783,0.22930112
Corrida completa,cans,vanish,6313,6233,-0.014910042,0.086477056,0.1013871
Corrida completa,alright,bag,5030,1363,-0.008884253,-0.035573553,-0.0266893
Corrida completa,strongest,swings,7234,1880,0.06346604,-0.008200336,-0.071666375
Corrida completa,Tweety,choo,3473,6466,0.023657974,-0.14680046,-0.17045844
Corrida completa,lose,neighbours,2863,6671,0.051463693,-0.027794987,-0.07925868
Corrida completa,laund,sliding,4242,5266,-0.015726622,-0.031637542,-0.01591092
Corrida completa,building,printed,2292,5762,-0.0407869,0.18775432,0.22854123
Corrida completa,filled,shovels,1461,7738,-0.067902446,-0.0023739114,0.065528534
Corrida completa,pants,pause,3651,6348,-0.016812976,0.07231252,0.0891255
Corrida completa,package,unusual,3781,2868,-0.05715122,0.018373817,0.07552504
Corrida completa,exciting,explo,2040,7069,-0.03226991,0.04315816,0.07542807
Corrida completa,anything,envel,1420,3331,-0.0021971036,-0.020999782,-0.018802678
Corrida completa,dull,upon,3363,441,-0.066703245,-0.057866327,0.008836918
Corrida completa,cries,dad,2675,645,0.012294438,0.01764399,0.0053495523
Corrida completa,bookshelf,peeled,5152,7968,0.008709842,-0.06065954,-0.06936938
Corrida completa,disco,pray,2071,2784,0.0068037524,0.018343555,0.011539802
Corrida completa,dried,inse,4860,4352,0.09718298,0.084883146,-0.012299836
Corrida completa,Do,face,1318,1144,-0.025832362,-0.0823714,-0.056539036
Corrida completa,mitten,palace,5285,4380,0.0063583897,0.16825186,0.16189347
Corrida completa,bel,toy,1160,513,-0.043021798,-0.011733117,0.031288683
Corrida completa,Susan,contin,6157,1440,0.032124683,-0.077285476,-0.10941016
Corrida completa,held,locked,1411,3405,0.042445716,0.1496327,0.10718699
Corrida completa,adventure,med,1011,2277,-0.0070082694,-0.117416516,-0.11040825
Corrida completa,chicken,stand,3029,1825,-0.010401082,0.026222035,0.036623117
Corrida completa,attempt,stolen,8062,6242,0.025131011,0.07138177,0.04625076
Corrida completa,pointed,unpack,2116,3832,0.026652213,-0.02784767,-0.054499883
Corrida completa,cobweb,complained,4637,6887,0.03992901,-0.00042208098,-0.040351093
Corrida completa,embar,forever,2328,2000,0.06786157,0.04306799,-0.02479358
Corrida completa,guns,lets,5628,5544,0.12674884,0.049428113,-0.07732073
Corrida completa,add,girl,2803,442,0.023112666,0.01800045,-0.005112216
Corrida completa,cause,humble,6280,3594,0.010870278,0.0076683816,-0.0032018963
Corrida completa,ahead,pigeon,3668,3762,0.094359964,0.028238915,-0.06612105
Corrida completa,Ro,root,4287,5149,0.019191545,0.01304342,-0.006148124
Corrida completa,newspaper,thirsty,5255,3370,-0.109131575,0.020686323,0.1298179
Corrida completa,scurried,united,5743,6147,-0.030471824,0.019280983,0.04975281
Corrida completa,introd,meow,4500,5490,0.071182445,0.021361537,-0.049820907
Corrida completa,chair,eas,1873,2127,4.058704e-06,0.006161211,0.0061571524
Corrida completa,O,holiday,2070,4471,0.041606154,0.008635789,-0.032970365
Corrida completa,calls,garbage,4877,7482,0.04721266,-0.03148337,-0.07869603
Corrida completa,belonged,curiously,3021,7115,-0.014874615,-0.077527344,-0.06265273
Corrida completa,spoon,talking,2080,2344,-0.1324468,-0.09956841,0.032878384
Corrida completa,cla,tears,1394,2771,-0.0761924,-0.14372243,-0.06753003
Corrida completa,Freddy,mild,5025,4165,0.11319854,-0.052436545,-0.16563508
Corrida completa,lollipop,statues,3627,8068,0.10794024,0.21487895,0.106938705
Corrida completa,Sandy,knee,4100,2425,0.03978976,0.04569946,0.0059097
Corrida completa,acting,friends,6971,477,-0.081179485,-0.010113079,0.07106641
Corrida completa,peacefully,power,6828,2083,-0.043158658,0.11202684,0.15518549
Corrida completa,h,med,269,2277,0.070721395,0.23118971,0.16046831
Corrida completa,Holly,planned,7454,5691,0.07614868,0.034111574,-0.042037107
Corrida completa,prettiest,smiling,5629,2121,0.014569705,0.12633559,0.111765884
Corrida completa,modest,screams,4005,5529,-0.016403463,0.087410524,0.10381399
Corrida completa,menu,spilled,5389,3519,-0.050749443,0.033813614,0.08456306
Corrida completa,impatient,live,3694,2318,-0.15244025,-0.14003068,0.012409568
Corrida completa,jogging,within,5135,7921,-0.09935036,-0.062213425,0.03713694
Corrida completa,Harry,soldiers,4432,5171,-0.06807647,0.11564835,0.18372482
Corrida completa,Sc,cudd,7296,3255,-0.012417737,0.16696528,0.17938301
Corrida completa,anytime,recogn,5441,3985,0.018183585,0.019709807,0.0015262216
Corrida completa,jewels,wrigg,5063,7439,-0.028047055,-0.0010525491,0.026994506
Corrida completa,Rex,rem,2791,898,0.06965682,-0.029451549,-0.09910837
Corrida completa,Fro,det,5431,6767,0.08371782,0.23725992,0.1535421
Corrida completa,Ollie,medal,5301,4299,-0.016691241,0.026726805,0.043418046
Corrida completa,Bu,to,3226,266,0.0025635138,-0.13789786,-0.14046139
Corrida completa,budge,stared,5712,3893,0.06059728,0.027843365,-0.032753915
Corrida completa,appreciation,shown,7120,7317,0.028293975,0.009271668,-0.019022306
Corrida completa,Joan,stad,7209,4973,-0.15375979,-0.16331625,-0.009556457
Corrida completa,com,mixed,778,3072,0.022345342,-0.032768484,-0.055113826
Corrida completa,river,ser,1717,2337,-0.011866663,-0.15800877,-0.14614211
Corrida completa,slap,station,6145,3696,-0.017131928,-0.01245233,0.004679598
Corrida completa,boot,side,4687,1642,0.13481301,0.15441303,0.019600019
Corrida completa,fa,shrunk,537,7772,0.047421534,-0.03298711,-0.08040865
Corrida completa,joke,ve,2859,1706,-0.11724995,-0.12594181,-0.008691862
Corrida completa,pages,told,4942,737,0.057903107,-0.14464122,-0.20254433
Corrida completa,alert,sailboat,3862,6493,-0.027237643,-0.010643503,0.01659414
Corrida completa,Why,counting,2643,3584,-0.009670325,0.0060435394,0.015713863
Corrida completa,loo,sweater,428,3844,0.0051855445,-0.14112793,-0.14631347
Corrida completa,someone,swe,1498,3210,-0.13194287,-0.05683194,0.07511093
Corrida completa,balan,slid,4935,2294,0.077914335,-0.04666778,-0.12458211
Corrida completa,dinner,suits,1548,7374,0.081388816,0.024140995,-0.05724782
Corrida completa,lect,teles,5243,7523,0.04940084,0.054917205,0.005516365
Corrida completa,destro,pe,3570,702,-0.019673698,0.22500902,0.24468273
Corrida completa,buzzed,cous,7040,6663,-0.0043951515,-0.101437695,-0.097042546
Corrida completa,hen,triang,7333,4043,0.058077134,0.035931453,-0.022145681
Corrida completa,of,picking,344,3311,0.025173545,0.19715488,0.17198133
Corrida completa,cookies,fre,1585,3179,0.07878991,-0.15542051,-0.23421043
Corrida completa,hive,seeds,3931,3493,-0.09729646,0.27251244,0.3698089
Corrida completa,ancient,attempt,3196,8062,0.16268386,0.050491832,-0.11219203
Corrida completa,maker,slip,7564,5424,0.04839406,0.081121214,0.032727152
Corrida completa,doctors,wrote,5728,2842,0.0026468956,-0.0019205641,-0.0045674597
Corrida completa,Daisy,popular,1488,3467,-0.17738341,-0.17511734,0.0022660643
Corrida completa,broccoli,determ,3891,2483,-0.01884918,-0.07286836,-0.054019183
Corrida completa,bou,grate,8004,1699,-0.06960801,0.0010647569,0.070672765
Corrida completa,As,umbrella,1237,3550,-0.095632985,-0.13674782,-0.041114837
Corrida completa,around,slapped,510,5633,-0.033283323,0.068246655,0.10152998
Corrida completa,awake,bicycle,6335,4045,0.046625663,0.1655681,0.11894244
Corrida completa,X,nibbled,7427,7875,-0.00782519,0.108930096,0.116755284
Corrida completa,bur,laund,4290,4242,0.10370198,0.16590706,0.062205076
Corrida completa,base,return,3733,2069,0.01606044,0.05125852,0.035198078
Corrida completa,leave,web,1639,5838,0.026046522,0.03396339,0.007916868
Corrida completa,quietly,vendor,4705,4391,-0.08336951,0.040057123,0.12342663
Corrida completa,decor,hor,2514,2114,-0.11386111,0.16946292,0.28332403
Corrida completa,diamond,wears,3248,6684,-0.096626684,-0.17565368,-0.079027
Corrida completa,couldn,scrambled,736,7705,0.007078817,0.117140576,0.11006176
Corrida completa,dod,sink,7189,3546,0.011658004,-0.051477596,-0.0631356
Corrida completa,poured,stri,3341,3302,-0.025941687,-0.05305834,-0.027116654
Corrida completa,pump,sword,2991,2998,-0.12635964,0.002466891,0.12882653
Corrida completa,destro,lear,3570,4040,0.023224644,0.035810374,0.012585729
Corrida completa,badly,spin,3656,2150,0.02344701,-0.09311023,-0.11655724
Corrida completa,dep,frown,8085,3032,0.029871058,-0.07668156,-0.106552616
Corrida completa,doing,embarrass,1399,6597,0.068566434,-0.024536867,-0.093103305
Corrida completa,dis,longer,1071,1840,-0.043334052,0.048996832,0.09233089
Corrida completa,beaut,snowman,842,2241,-0.0049848408,-0.05606714,-0.0510823
Corrida completa,oy,yoga,3945,4733,-0.028292827,-0.11597026,-0.087677434
Corrida completa,Bo,politely,6519,7460,0.028215347,0.12303293,0.09481758
Corrida completa,blueberries,salad,4864,3348,0.0032809451,0.3438307,0.34054977
Corrida completa,bravery,fe,5948,512,-0.017103761,-0.080579564,-0.0634758
Corrida completa,Amelia,super,6719,3835,-0.043120615,-0.007567851,0.035552762
Corrida completa,lea,nation,1198,5094,-0.03380259,-0.13641617,-0.102613576
Corrida completa,Listen,strings,6979,5820,0.006556792,-0.015444264,-0.022001056
Corrida completa,boots,spraying,4174,5930,0.041761495,-0.028025024,-0.06978652
Corrida completa,agrees,tunn,6432,3043,-0.015451955,0.0024989676,0.017950922
Corrida completa,dinner,perf,1548,1386,0.0695488,-0.048028693,-0.11757749
Corrida completa,er,invest,3528,4495,-0.03856563,0.07237695,0.11094258
Corrida completa,napkin,raind,4297,6332,-0.0007514022,0.016117042,0.016868444
Corrida completa,June,remind,6883,2325,-0.011658172,-0.0474836,-0.035825428
Corrida completa,chips,noticed,6074,1051,0.020342235,0.057241548,0.036899313
Corrida completa,bricks,turtles,5172,8170,-0.026711356,0.1480163,0.17472766
Corrida completa,shrimp,twinkled,4087,7417,0.013501673,0.0057751127,-0.0077265603
Corrida completa,note,wool,3443,4546,-0.010853849,0.21630593,0.22715977
Corrida completa,crack,kids,2826,1298,-0.048389144,-0.01957624,0.028812904
Corrida completa,Am,creek,5615,4579,-0.043855175,-0.08385846,-0.040003285
Corrida completa,S,dr,298,1239,0.06777632,0.3121665,0.24439019
Corrida completa,shower,solve,4450,3297,-0.04756405,-0.07481931,-0.027255263
Corrida completa,Flo,Tuna,7927,7010,0.049149014,0.32827547,0.27912647
Corrida completa,Sorry,gro,6632,4129,0.04552816,0.057513557,0.011985399
Corrida completa,Beth,intere,5632,2077,-0.019060377,-0.1041719,-0.08511153
Corrida completa,Rachel,Ruby,4651,5023,0.07941895,0.47924852,0.39982957
Corrida completa,pad,scientist,4128,7184,0.04131655,0.17511919,0.13380264
Corrida completa,cliff,dear,4796,4619,-0.049009163,-0.034670245,0.014338918
Corrida completa,hurried,parrot,5366,3260,-0.015995938,-0.0909539,-0.07495797
Corrida completa,attack,twisted,6470,5151,-0.06561702,0.02554401,0.09116103
Corrida completa,disappeared,exact,2827,5543,0.01765979,0.045950614,0.028290823
Corrida completa,amount,fascinated,7094,5532,0.05560314,0.022575365,-0.033027776
Corrida completa,cont,paddle,1190,6450,0.016369103,-0.07193313,-0.08830223
Corrida completa,Being,playing,6322,607,-0.05025875,0.106449716,0.15670846
Corrida completa,planet,raced,4416,3254,0.021090006,-0.06827884,-0.08936885
Corrida completa,cous,rec,6663,2343,-0.093480155,0.23314446,0.32662463
Corrida completa,chairs,waterfall,4851,7437,0.010421265,0.09832866,0.08790739
Corrida completa,crash,electric,4862,7963,0.040540293,0.021076571,-0.019463722
Corrida completa,place,th,1121,305,0.0010129362,-0.10212453,-0.10313746
Corrida completa,umbrella,villagers,3550,5533,-0.12144771,0.0019935342,0.12344125
Corrida completa,Stop,feather,5943,2242,0.0028177332,-0.06637054,-0.069188274
Corrida completa,truth,wr,3614,1027,0.1390302,0.16168511,0.022654906
Corrida completa,costum,display,3273,4313,-0.01432106,-0.053724736,-0.039403677
Corrida completa,belonged,clean,3021,952,-0.058449283,-0.103049405,-0.04460012
Corrida completa,med,my,2277,672,0.048107583,0.17522103,0.12711345
Corrida completa,stupid,tim,3383,6092,0.037208036,0.022740465,-0.014467571
Corrida completa,better,shadow,815,3359,-0.1453278,-0.09419985,0.051127955
Corrida completa,pecked,wasn,7015,1556,0.02386839,0.014590943,-0.009277446
Corrida completa,Tom,ignored,496,4492,0.052370526,0.0073014516,-0.045069076
Corrida completa,Bee,floating,7499,4904,0.03328455,-0.09991387,-0.13319843
Corrida completa,rocks,stomped,1924,6775,0.10231764,0.05469671,-0.04762093
Corrida completa,pocket,tasty,1865,2143,0.018039469,0.04501446,0.026974991
Corrida completa,con,teaches,967,6356,-0.048329707,0.08755738,0.13588709
Corrida completa,raind,stared,6332,3893,-0.04187223,-0.026752139,0.015120091
Corrida completa,chamber,isn,4847,4806,0.05996953,0.021148333,-0.038821198
Corrida completa,class,germ,2645,7754,-0.039578088,0.072315715,0.1118938
Corrida completa,cards,quarreling,3823,7741,-0.02823528,0.04513014,0.07336542
Corrida completa,exit,mineral,5699,5355,0.06436813,0.16618855,0.101820424
Corrida completa,comp,postman,1522,7059,-0.02999866,-0.040608883,-0.010610223
Corrida completa,pigs,will,5264,679,0.012672551,0.020775732,0.008103181
Corrida completa,imagining,surrendered,6937,7060,-0.0283406,0.051348895,0.079689495
Corrida completa,food,surfboard,1041,7263,0.022133628,0.10872275,0.08658912
Corrida completa,allig,ant,4199,2400,0.030042548,-0.011300784,-0.04134333
Corrida completa,if,waited,750,1615,0.049758803,0.02998253,-0.019776274
Corrida completa,pennies,wake,7442,3230,-0.014806725,0.014934085,0.02974081
Corrida completa,starts,yucky,3868,4821,0.033997163,-0.033046547,-0.06704371
Corrida completa,Els,stones,6342,2804,0.055524506,0.14754716,0.09202265
Corrida completa,accept,prince,3049,2546,-0.07051917,-0.09495734,-0.024438165
Corrida completa,sh,wept,381,7026,-0.014074113,-0.027243191,-0.013169078
Corrida completa,Those,rising,7130,6708,-0.033166658,-0.05754874,-0.02438208
Corrida completa,friendship,rout,3478,7050,-0.030837547,-0.07613775,-0.045300204
Corrida completa,Polly,animals,3951,889,0.06547158,0.22117743,0.15570584
Corrida completa,gasped,mess,3590,1261,-0.042583708,0.030864201,0.07344791
Corrida completa,heart,prepare,1817,4834,0.05704505,0.014980761,-0.042064287
Corrida completa,in,understood,317,2564,-0.018550424,0.09541347,0.113963895
Corrida completa,bird,vowed,535,5574,-0.001523124,-0.115700126,-0.114177
Corrida completa,Sun,yucky,6920,4821,0.09002379,0.081488095,-0.008535698
Corrida completa,tut,worked,4865,1337,0.09717776,0.06279279,-0.034384966
Corrida completa,became,operation,1134,5348,-0.085608214,-0.13121584,-0.045607626
Corrida completa,Watch,gust,6770,5090,-0.016297417,0.11157963,0.12787704
Corrida completa,flew,grandp,918,6752,-0.071201056,-0.038744263,0.032456793
Corrida completa,Jax,waits,7167,5493,0.006846293,0.024455193,0.0176089
Corrida completa,dizzy,kay,2995,4067,0.062985845,-0.076070435,-0.13905628
Corrida completa,daughter,songs,2030,2427,0.021046575,0.030368831,0.009322256
Corrida completa,bath,spade,1813,4815,-0.028383395,0.20649287,0.23487626
Corrida completa,screwdriver,sister,7219,1688,-0.026085738,0.17215545,0.19824119
Corrida completa,Jay,tidied,6498,7443,-0.013819798,-0.06933097,-0.05551117
Corrida completa,image,peaceful,5442,2440,-0.03498281,-0.0785742,-0.04359139
Corrida completa,steps,tearing,3984,8159,-0.0153655,-0.032649398,-0.017283898
Corrida completa,appeared,fireworks,2217,5238,-0.0038663913,0.073144,0.077010386
Corrida completa,Stella,guit,7159,3160,0.03461514,-0.14403546,-0.1786506
Corrida completa,disg,mitten,3637,5285,0.019407,-0.057869896,-0.0772769
Corrida completa,Danny,tipped,4766,7882,0.11769533,-0.019003391,-0.13669872
Corrida completa,automob,cand,4700,2769,-0.08548452,-0.11734745,-0.03186293
Corrida completa,including,sne,6776,3486,-0.0069901645,-0.008252539,-0.0012623742
Corrida completa,instructions,observe,5765,5239,0.015038593,0.015356796,0.00031820312
Corrida completa,air,ornament,1413,5525,0.036562417,0.20350997,0.16694756
Corrida completa,beard,kissed,5837,2766,-0.015258372,0.100863755,0.11612213
Corrida completa,eager,wagged,2907,2759,0.017509997,-0.10836315,-0.12587315
Corrida completa,mint,stairs,4788,3404,0.100547165,0.029260937,-0.07128623
Corrida completa,mailman,popcorn,4833,3375,-0.009361379,0.17176822,0.1811296
Corrida completa,different,rec,1147,2343,0.08247994,0.096806414,0.014326476
Corrida completa,Fuzzy,dis,7343,1071,-0.030050613,-0.06886713,-0.03881652
Corrida completa,spend,ways,2679,3288,0.06285704,-0.041903283,-0.10476032
Corrida completa,bubble,im,4164,816,-0.062498543,-0.013111863,0.04938668
Corrida completa,costume,shimmering,4044,8091,-0.06427249,-0.053309012,0.010963481
Corrida completa,add,frag,2803,3208,0.043274067,0.13795155,0.094677486
Corrida completa,getting,leather,1510,5344,-0.09784277,-0.15743583,-0.059593067
Corrida completa,his,leaving,350,3429,0.022152852,0.0060381386,-0.016114714
Corrida completa,stare,third,6083,6650,-0.008889692,-0.09059891,-0.08170922
Corrida completa,connected,marshmallow,7422,7080,0.022046335,-0.03814473,-0.060191065
Corrida completa,anywhere,warned,3685,3461,0.069926366,0.06130764,-0.008618727
Corrida completa,mask,won,3605,1632,-0.036044095,-0.05552899,-0.019484896
Corrida completa,collected,mis,4514,3427,-0.04751593,-0.009760302,0.037755627
Corrida completa,price,shield,5235,3626,-0.018790273,0.084667146,0.10345742
Corrida completa,politely,quite,7460,3942,0.048129186,0.057873935,0.0097447485
Corrida completa,birdc,oranges,5145,4856,-0.12832543,-0.116047174,0.012278259
Corrida completa,couch,princesses,2339,6320,0.028385028,0.28418565,0.2558006
Corrida completa,Jessie,That,6413,1329,-0.094166145,-0.033217333,0.06094881
Corrida completa,Wednesday,together,5848,563,0.0022164043,0.16514322,0.16292682
Corrida completa,aren,tidying,6620,8104,0.07365263,0.16534932,0.09169669
Corrida completa,blond,pirate,8015,3474,0.0720795,0.025535699,-0.046543803
Corrida completa,Thanks,changed,7057,3292,0.009190428,0.013355299,0.004164871
Corrida completa,laund,relieved,4242,2025,0.044280738,-0.06432484,-0.10860558
Corrida completa,hairy,real,3419,976,-0.02023108,0.303829,0.32406008
Corrida completa,force,journal,7886,4474,-0.024925549,-0.019782446,0.0051431023
Corrida completa,branch,pizz,2003,2540,0.027749091,0.03887375,0.011124659
Corrida completa,mot,take,2617,698,0.017835502,-0.012656035,-0.030491536
Corrida completa,fur,yourselves,1576,6565,-0.024265463,0.03356512,0.05783058
Corrida completa,fashion,flapping,5495,6686,-0.13669889,-0.048956882,0.087742
Corrida completa,follow,tie,1128,2797,-0.02219772,0.11256719,0.13476491
Corrida completa,diamonds,pal,7666,4322,-0.074139625,-0.020317743,0.053821884
Corrida completa,kingdom,stripes,4323,5620,-0.10900255,0.050255384,0.15925793
Corrida completa,against,jogging,2984,5135,0.0245106,-0.016611224,-0.041121826
Corrida completa,Good,party,5194,1691,0.06783806,0.07250856,0.0046705008
Corrida completa,Wendy,pop,7720,2224,-0.14041659,-0.0923955,0.048021093
Corrida completa,gra,writes,652,5714,-0.057377506,-0.06282101,-0.005443502
Corrida completa,fasc,par,5146,2236,0.027972784,0.18104635,0.15307356
Corrida completa,continued,yellow,1485,1391,0.07605364,-0.12510237,-0.20115602
Corrida completa,Keep,bumped,6614,5045,0.038411908,0.17706054,0.13864863
Corrida completa,acting,branches,6971,2897,-0.07078224,0.05364789,0.12443013
Corrida completa,bananas,wear,4412,1711,-0.067853995,-0.0985632,-0.030709207
Corrida completa,dolls,growled,1757,4882,-0.108148254,0.11668525,0.2248335
Corrida completa,strike,wobbled,6243,6999,-0.003730785,0.09843111,0.1021619
Corrida completa,Be,anticip,2705,7560,0.09473712,0.273419,0.17868188
Corrida completa,am,helps,1193,3235,-0.077354774,-0.06889573,0.0084590465
Corrida completa,Next,wash,4832,2501,-0.035496403,-0.1706954,-0.135199
Corrida completa,pretends,roared,6343,3978,0.10224195,0.008927878,-0.09331407
Corrida completa,merry,situation,6919,5952,-0.033832002,-0.022757286,0.011074716
Corrida completa,ghost,helper,3680,4750,0.021695271,0.1292756,0.107580334
Corrida completa,Out,fearful,6222,3715,0.036462568,0.022753593,-0.013708975
Corrida completa,dresses,wip,4869,2472,-0.0936294,-0.015241744,0.078387655
Corrida completa,encou,wanting,3611,5358,0.043880347,0.043658238,-0.00022210926
Corrida completa,express,town,7002,1811,0.013731547,0.010138558,-0.0035929885
Corrida completa,Fred,because,3211,771,0.016649779,-0.16800609,-0.18465587
Corrida completa,kay,unhappy,4067,4188,-0.011300776,-0.16954392,-0.15824315
Corrida completa,handing,tested,7763,7136,0.07963269,0.1915532,0.11192051
Corrida completa,anchor,succeeded,4712,5515,0.007096947,-0.008176176,-0.015273123
Corrida completa,cub,line,5105,2529,0.044697195,0.09701297,0.05231577
Corrida completa,glow,suddenly,2825,1833,0.15984336,0.053093337,-0.10675002
Corrida completa,Bessie,ours,6882,5360,-0.062579736,0.020808477,0.08338821
Corrida completa,beautiful,tricycle,870,7597,0.09152722,-0.010382137,-0.10190936
Corrida completa,End,uses,2785,6409,0.001709912,-0.03526059,-0.036970504
Corrida completa,can,slower,480,6947,-0.11701835,-0.050690703,0.06632765
Corrida completa,night,stopped,1156,1032,0.08625446,0.038145266,-0.048109196
Corrida completa,crayon,dif,3184,1036,-0.075350225,-0.09805097,-0.022700742
Corrida completa,nuzz,sizes,7385,4721,0.07993087,0.055281885,-0.024648987
Corrida completa,corn,smoke,1882,3077,0.017787412,0.21813503,0.20034762
Corrida completa,dug,si,3695,5865,-0.0129783265,-0.12717417,-0.11419584
Corrida completa,glowing,remembered,4376,1359,-0.052463733,-0.123441055,-0.07097732
Corrida completa,modest,stirring,4005,5741,-0.0034728013,0.054372214,0.057845015
Corrida completa,persistent,stitches,3533,7408,-0.023816187,0.12186587,0.14568205
Corrida completa,calend,miner,4933,4659,-0.044164672,-0.036329135,0.007835537
Corrida completa,don,encourag,863,7138,0.04857824,0.15446119,0.10588295
Corrida completa,cushions,destro,7160,3570,-0.015846089,-0.061718225,-0.045872137
Corrida completa,daddy,sm,1558,407,-0.014186949,-0.07685809,-0.06267114
Corrida completa,glitter,tucked,5497,4728,0.0025859103,-0.011294538,-0.013880448
Corrida completa,closely,envelope,4240,3462,-0.055413924,0.10268019,0.15809411
Corrida completa,Maybe,raft,1606,4274,-0.033175875,-0.19717707,-0.1640012
Corrida completa,Ro,ed,4287,2925,0.099402264,0.33348632,0.23408405
Corrida completa,giraffes,master,6496,7271,0.035816558,-0.026419608,-0.062236167
Corrida completa,Joanne,beloved,8142,6730,0.114014484,-0.09361374,-0.20762822
Corrida completa,crane,pad,3665,4128,0.0041065514,0.12449998,0.120393425
Corrida completa,mixed,pro,3072,1737,0.05868364,0.024862595,-0.033821046
Corrida completa,One,magnif,505,8066,0.039759655,0.058291625,0.01853197
Corrida completa,handle,stool,3382,7084,0.09213498,0.27168772,0.17955273
Corrida completa,gesture,pro,7783,1737,0.047085136,-0.01105069,-0.058135826
Corrida completa,everything,roaring,1595,5847,-0.05769282,0.063899845,0.12159266
Corrida completa,da,shadows,5985,5550,0.038564652,0.02854185,-0.010022802
Corrida completa,heavier,slice,6894,5345,0.0477533,0.016413856,-0.031339444
Corrida completa,Milo,permitted,6365,7637,0.016748834,-0.0909071,-0.10765593
Corrida completa,forever,lively,2000,3903,-0.007887056,0.10994377,0.11783083
Corrida completa,file,treasures,4676,3970,0.01228632,0.21100879,0.19872247
Corrida completa,bumpy,sound,6292,1108,0.018031815,0.032505658,0.014473842
Corrida completa,confl,sandcastles,7042,6234,-0.07715723,-0.06726344,0.00989379
Corrida completa,lotion,outdo,4855,5595,-0.06843044,-0.13389641,-0.06546597
Corrida completa,pinch,voice,4534,1151,0.04543593,0.014444159,-0.030991772
Corrida completa,mouth,waiting,1760,2380,0.05513686,0.059636228,0.0044993684
Corrida completa,painted,suff,3305,4708,0.0007714443,-0.10537256,-0.10614401
Corrida completa,chocol,chuckled,2391,6479,0.0020178482,-0.024966797,-0.026984645
Corrida completa,Molly,spit,1766,5324,0.032581583,-0.08639899,-0.11898057
Corrida completa,amazing,toes,1511,4819,-0.015627302,-0.007607837,0.008019465
Corrida completa,am,seat,1193,2267,0.010138633,-0.02767466,-0.03781329
Corrida completa,go,rubber,437,4417,-0.058876403,0.0009035077,0.059779912
Corrida completa,Christmas,babies,6278,5868,-0.03041758,0.029782306,0.060199887
Corrida completa,east,television,5809,4682,-0.077667296,0.20974308,0.28741038
Corrida completa,Spot,crumb,1162,5781,-0.17060511,-0.04694037,0.12366474
Corrida completa,lap,now,6296,962,-0.07037136,-0.049162038,0.021209322
Corrida completa,Enjoy,recommend,6605,4711,-0.043581758,0.0028002672,0.046382025
Corrida completa,Satur,staying,8191,6407,-0.009349018,-0.0459268,-0.036577784
Corrida completa,oven,snuck,2306,6385,-0.025987294,-0.07448322,-0.04849593
Corrida completa,learn,owner,693,1672,0.014674284,-0.030595362,-0.045269646
Corrida completa,delicious,towards,1426,1653,0.006010173,-0.021237962,-0.027248135
Corrida completa,crystal,perform,4053,3216,0.062379524,0.07113591,0.008756384
Corrida completa,driver,you,2075,354,-0.11792469,0.019485109,0.1374098
Corrida completa,Im,every,7682,618,0.003779631,0.035898488,0.032118857
Corrida completa,Big,rep,5707,2421,-0.009022042,-0.004288412,0.00473363
Corrida completa,chuck,forget,6270,1870,-0.07168272,-0.06689671,0.0047860146
Corrida completa,bodies,bugs,6934,2442,0.11199833,0.3337173,0.22171897
Corrida completa,quick,waters,1053,8097,0.051083654,-0.003886938,-0.054970592
Corrida completa,dollhouse,forehead,6945,6297,-0.06500474,0.18559155,0.25059628
Corrida completa,snacks,stronger,2549,3154,-0.08558948,0.2015619,0.2871514
Corrida completa,flip,nodded,7795,1030,-0.018886974,0.09027602,0.109162994
Corrida completa,appro,spikes,4628,7251,0.013845473,-0.066337995,-0.08018347
Corrida completa,cheese,squir,2146,7765,0.07469658,-0.018039085,-0.09273566
Corrida completa,decorated,sailor,5642,4118,0.048201356,-0.04789307,-0.09609443
Corrida completa,barked,falls,2429,3177,-0.027204353,0.046270166,0.07347452
Corrida completa,ambulance,entire,4479,5824,-0.1489668,-0.045482174,0.10348463
Corrida completa,Chirp,mine,5218,2045,-0.077594325,-0.041309692,0.036284633
Corrida completa,Jill,Sadly,1768,6156,-0.0057775527,-0.053183395,-0.047405843
Corrida completa,finish,named,2386,494,-0.006534621,-0.03915364,-0.032619018
Corrida completa,crowns,sewed,8106,7418,-0.060489528,0.025353976,0.0858435
Corrida completa,Rain,dough,7827,3377,-0.050121736,0.12805426,0.178176
Corrida completa,beautifully,delivering,7554,6984,0.075317085,-0.0033527296,-0.078669816
Corrida completa,actions,arg,6421,3012,0.085723124,0.021753967,-0.06396916
Corrida completa,puddles,riverbank,4526,8165,0.10894391,0.24447829,0.13553438
Corrida completa,arm,dances,1462,7173,-0.06792529,-0.022900205,0.045025084
Corrida completa,fast,spoonful,850,6829,0.043495,-0.043203115,-0.086698115
Corrida completa,point,weak,4107,2723,0.07695672,0.05448462,-0.022472098
Corrida completa,fo,making,800,1282,0.0025694855,-0.11735104,-0.11992052
Corrida completa,hurting,picking,4770,3311,-0.07557872,0.10022996,0.17580868
Corrida completa,crib,twirling,4289,5663,-0.10220697,-0.030330297,0.071876675
Corrida completa,jump,sto,862,973,0.031423785,-0.04921956,-0.08064334
Corrida completa,find,target,633,7784,0.046055138,0.029493704,-0.016561434
Corrida completa,dig,rug,2914,3596,0.013827974,0.15159182,0.13776384
Corrida completa,aeropl,dra,4342,978,0.0345096,0.31830174,0.28379214
Corrida completa,counter,hiding,4336,2382,-0.056219816,-0.056850143,-0.00063032657
Corrida completa,Molly,snuggled,1766,3615,-0.03961243,-0.09456272,-0.054950286
Corrida completa,adventure,encouragement,1011,7942,0.023548275,0.1276877,0.10413942
Corrida completa,dared,streets,6218,7157,0.023871314,-0.13755716,-0.16142848
Corrida completa,gems,lab,6494,3330,-0.020671245,0.1616693,0.18234055
Corrida completa,float,weather,4695,4267,-0.0133361025,0.04932131,0.06265741
Corrida completa,Nothing,gum,6660,3644,0.038913816,0.11515523,0.07624141
Corrida completa,curious,fo,1170,800,0.07677488,0.046236176,-0.030538704
Corrida completa,characters,pretend,7996,1321,0.057631187,0.04853421,-0.009096976
Corrida completa,It,finger,409,2731,-0.08646416,0.027096324,0.11356048
Corrida completa,spear,whip,4743,5123,0.021250943,0.39567548,0.37442455
Corrida completa,simple,wears,5313,6684,-0.04279357,-0.09785354,-0.055059973
Corrida completa,dire,leather,4845,5344,-0.14945179,-0.06310377,0.08634802
Corrida completa,complaining,healed,6762,6039,-0.12469885,0.010590766,0.13528961
Corrida completa,images,repe,7770,4003,0.025417414,-0.013455845,-0.03887326
Corrida completa,hugged,nood,780,6961,-0.018413486,-0.10207586,-0.083662376
Corrida completa,lab,plenty,3330,5936,0.036674075,-0.042099953,-0.07877403
Corrida completa,furry,ju,2326,1535,-0.04390281,-0.12485665,-0.08095384
Corrida completa,so,thrown,347,7055,-0.05477226,-0.05623338,-0.0014611185
Corrida completa,Fl,temp,1745,4149,-0.08378651,0.18609008,0.2698766
Corrida completa,eye,squash,2853,3563,-0.015537795,0.08275335,0.098291144
Corrida completa,cocoa,tumbled,3721,7817,-0.0019931477,0.011006527,0.012999674
Corrida completa,smiled,whenever,506,2330,0.12377977,0.070287995,-0.05349178
Corrida completa,What,sneak,1602,4296,-0.013638591,-0.13811503,-0.12447644
Corrida completa,joy,us,1562,1113,-0.011480791,0.104542516,0.11602331
Corrida completa,danger,grant,1633,5830,0.095211126,-0.081955835,-0.17716697
Corrida completa,lending,stare,7402,6083,-0.12941906,-0.045110717,0.08430834
Corrida completa,cushion,munch,3993,7224,0.038963478,0.14459772,0.10563424
Corrida completa,remain,supp,4903,2298,-0.0038548782,-0.017783947,-0.013929069
Corrida completa,drank,passed,2896,2648,0.005965434,0.1776449,0.17167947
Corrida completa,sl,sou,720,7515,-0.07427847,0.14663804,0.22091651
Corrida completa,argum,startled,7861,6191,0.09931417,-0.03816099,-0.13747516
Corrida completa,scre,snuggle,2543,7006,-0.058076173,0.037419535,0.09549571
Corrida completa,mixer,sparkle,4080,4719,0.08078174,0.124675795,0.043894053
Corrida completa,gathering,stands,5786,7367,0.076687336,0.10170074,0.025013402
Corrida completa,Sally,sick,1457,2022,0.07575708,-0.031783476,-0.107540555
Corrida completa,Try,puddle,7622,2437,0.048113227,0.022020299,-0.026092928
Corrida completa,barking,license,4048,5226,0.021043342,0.015061485,-0.005981857
Corrida completa,gain,peeked,5190,3422,0.0040979013,0.019954905,0.015857004
Corrida completa,relief,ur,6048,3982,0.034088,-0.051514655,-0.085602656
Corrida completa,reason,spoon,7205,2080,-0.08156271,0.007849711,0.08941242
Corrida completa,among,char,6716,3430,0.0054396465,0.06198153,0.056541882
Corrida completa,ok,scrambled,2811,7705,0.032207876,-0.039007746,-0.07121562
Corrida completa,hopes,tent,4601,2715,0.07372663,0.01553306,-0.058193572
Corrida completa,Jerry,mushrooms,4068,7074,-0.08355246,-0.080207035,0.0033454224
Corrida completa,suitc,turtles,5668,8170,-0.0026277788,-0.05485134,-0.05222356
Corrida completa,offered,tumm,2941,8188,0.02694431,0.033051483,0.006107174
Corrida completa,reco,wra,3849,2106,0.06651312,0.28136054,0.21484742
Corrida completa,joked,next,7798,997,0.02061504,0.024934659,0.0043196194
Corrida completa,Although,trash,7371,3785,-0.07254059,-0.12767428,-0.055133693
Corrida completa,Before,slapped,5019,5633,-0.00017906353,0.003403183,0.0035822466
Corrida completa,Gina,business,7802,7633,-0.010495344,0.03223081,0.04272615
Corrida completa,moving,teased,2835,6781,-0.09634787,0.0035927966,0.099940665
Corrida completa,digging,vanish,4984,6233,-0.09931798,0.14655176,0.24586974
Corrida completa,favorite,light,1280,1339,-0.026441323,0.0799291,0.10637042
Corrida completa,All,bare,1680,5461,-0.01909937,-0.033875424,-0.014776055
Corrida completa,gro,pears,4129,5756,0.012442619,-0.09332232,-0.10576494
Corrida completa,Whenever,taxi,3173,4191,-0.0223646,-0.19962682,-0.17726222
Corrida completa,cheering,shook,6015,1945,0.04547675,0.12771244,0.082235694
Corrida completa,hospital,reminds,2625,8065,0.06760123,-0.062936045,-0.13053727
Corrida completa,Taking,realize,8005,5657,-0.0007033767,0.08759462,0.088298
Corrida completa,le,shovels,492,7738,-0.053712077,-0.0029845089,0.05072757
Corrida completa,eager,shared,2907,1663,-0.010254109,-0.12322314,-0.11296903
Corrida completa,Instead,sister,4490,1688,-0.012798198,-0.02992737,-0.017129172
Corrida completa,peanut,spark,3356,1586,0.02237546,0.20921813,0.18684267
Corrida completa,daring,swan,7202,3115,0.06309523,-0.035136253,-0.09823148
Corrida completa,foc,storms,6146,8064,0.051176637,-0.06423947,-0.11541611
Corrida completa,hills,says,4755,578,-0.14305416,-0.0014569163,0.14159724
Corrida completa,alarm,among,4609,6716,0.06945825,-0.041032158,-0.11049041
Corrida completa,pushing,rabbits,3969,4956,-0.05640542,-0.121170655,-0.06476523
Corrida completa,sleepy,wobble,2588,7438,0.037505303,0.10466151,0.06715621
Corrida completa,It,forever,409,2000,-0.058719374,-0.14917831,-0.09045894
Corrida completa,neighbors,tease,5610,5245,0.035320036,-0.030599808,-0.06591985
Corrida completa,aunt,keeping,3497,4808,0.061241195,-0.113036215,-0.17427741
Corrida completa,enth,museum,3672,4324,-0.06806342,-0.11717734,-0.049113914
Corrida completa,Snuggles,aeroplane,7073,4501,0.0019293651,0.21126637,0.209337
Corrida completa,Wally,penny,7302,3522,0.08757115,0.10969898,0.02212783
Corrida completa,ball,yielded,683,7061,-0.11209608,-0.049668908,0.06242717
Corrida completa,lips,otter,5541,3557,0.015007934,0.016785583,0.0017776489
Corrida completa,microphone,speeding,3980,7810,0.0021587312,0.046513632,0.0443549
Corrida completa,neighbour,urge,3976,5209,0.00042181835,0.0028146408,0.0023928224
Corrida completa,a,soil,259,4328,-0.034105472,-0.1571379,-0.12303243
Corrida completa,pebbles,scarecrow,5850,7907,0.15283339,0.1778639,0.025030509
Corrida completa,ancient,loops,3196,7608,0.091239944,0.053839672,-0.03740027
Corrida completa,chirp,important,4402,1096,0.13300754,0.050038554,-0.08296899
Corrida completa,bird,pap,535,1311,-0.014463391,-0.16798505,-0.15352166
Corrida completa,guys,twenty,6020,8017,-0.0026127212,0.16920997,0.1718227
Corrida completa,backwards,lic,6943,5142,0.0021040738,0.045096494,0.04299242
Corrida completa,rever,tor,4294,3617,0.022570303,0.16102739,0.13845709
Corrida completa,Fo,hardly,5134,4816,-0.044413038,0.06961546,0.1140285
Corrida completa,ticket,villag,4804,5465,-0.03030976,-0.09695616,-0.066646405
Corrida completa,prom,queen,1315,2836,0.052179806,-0.0013503097,-0.053530116
Corrida completa,pi,winning,1532,5703,0.0164484,-0.1664267,-0.1828751
Corrida completa,stay,suitcase,888,5977,-0.048131533,-0.04092305,0.0072084814
Corrida completa,swinging,trail,4079,4357,0.050122872,0.16327935,0.11315648
Corrida completa,gloves,universe,5623,5347,0.019391034,0.15322497,0.13383394
Corrida completa,bring,taking,1901,1913,-0.03968136,0.28443134,0.3241127
Corrida completa,C,wardrobe,875,4597,-0.070594355,-0.14297846,-0.072384104
Corrida completa,Up,chuckled,7446,6479,-0.011882415,0.00023805164,0.012120467
Corrida completa,especially,kids,2751,1298,0.05118981,0.032365236,-0.018824574
Corrida completa,George,Zara,4001,7830,-0.004494765,0.25211757,0.25661233
Corrida completa,imagined,went,3446,467,-0.029003555,0.066428505,0.09543206
Corrida completa,Suzie,increased,6235,7043,-0.086187094,-0.13045007,-0.044262975
Corrida completa,Fred,beautifully,3211,7554,0.035721567,-0.035588097,-0.07130966
Corrida completa,bottles,heard,5740,754,0.11684646,0.020724013,-0.09612244
Corrida completa,dep,somebody,8085,6295,0.06616549,0.10831305,0.042147554
Corrida completa,caut,protected,5643,5653,0.002907129,0.11600807,0.113100946
Corrida completa,aware,pedaled,8029,7778,-0.0070287418,0.033438616,0.04046736
Corrida completa,ju,were,1535,429,-0.08072338,-0.07726747,0.0034559146
Corrida completa,Joey,stands,3799,7367,-0.08870587,-0.08017539,0.008530475
Corrida completa,conn,jars,6522,7957,0.115028575,-0.06847584,-0.18350442
Corrida completa,banan,new,2418,575,0.038807698,-0.0027857348,-0.041593432
Corrida completa,shoulder,spong,4379,6935,-0.014314836,-0.09844106,-0.08412622
Corrida completa,cheap,opposite,3350,7972,0.03317148,0.19876997,0.1655985
Corrida completa,S,hand,298,734,0.04538955,-0.0012526773,-0.04664223
Corrida completa,seed,spot,2586,1357,-0.12093518,0.06487183,0.18580702
Corrida completa,I,became,339,1134,-0.027655534,0.100017056,0.12767258
Corrida completa,hurricane,langu,5349,4209,-0.041955393,-0.078761846,-0.036806453
Corrida completa,Sofia,flown,7853,7191,-0.014980302,-0.06011805,-0.045137748
Corrida completa,Sure,jour,5968,1869,0.10294229,0.12634107,0.023398787
Corrida completa,appro,toddler,4628,6879,-0.019457676,0.0041852817,0.023642957
Corrida completa,Li,Robbie,6771,7041,-0.03143489,-0.13188949,-0.1004546
Corrida completa,somebody,tornado,6295,5119,-0.023143196,0.15710054,0.18024375
Corrida completa,imag,tricycle,2122,7597,0.08725091,-0.034927957,-0.12217887
Corrida completa,grey,manag,5193,7206,-0.03510002,-0.056036327,-0.020936307
Corrida completa,hate,shap,5368,1698,-0.005941486,0.007429517,0.013371003
Corrida completa,destroyed,good,4940,597,0.014011195,0.018719986,0.004708791
Corrida completa,Rock,sparkly,7175,2476,-0.031073395,-0.13184458,-0.10077119
Corrida completa,favor,rely,1275,8049,0.06604859,0.027505744,-0.038542848
Corrida completa,fast,learns,850,6192,0.11201646,-0.031691797,-0.14370826
Corrida completa,clo,mood,732,7680,-0.036745284,-0.07854377,-0.041798484
Corrida completa,elf,sauce,7431,3329,-0.026312206,0.087720156,0.11403236
Corrida completa,de,dollhouse,1092,6945,-0.041825186,-0.1360219,-0.09419671
Corrida completa,goodies,pedal,7794,5473,0.08052643,0.10821261,0.027686186
Corrida completa,sticks,trips,2577,6149,0.016802058,0.14141098,0.12460892
Corrida completa,cond,flour,6821,3725,-0.03807778,-0.13773917,-0.09966139
Corrida completa,apple,dan,1903,941,0.0031462014,-0.058641188,-0.06178739
Corrida completa,fog,squares,4543,6558,0.07939255,0.08798454,0.008591987
Corrida completa,cust,dipped,6734,6361,-0.004907055,0.11929167,0.12419873
Corrida completa,beginning,flour,6423,3725,-0.04658693,-0.049476832,-0.0028899014
Corrida completa,dollars,wond,7054,5602,0.05747579,-0.0047031194,-0.06217891
Corrida completa,curt,file,3922,4676,-0.06330197,-0.13890938,-0.07560741
Corrida completa,include,quacked,6153,6179,-0.020323947,-0.02253902,-0.0022150725
Corrida completa,examined,w,5539,261,0.10044999,-0.016948167,-0.11739816
Corrida completa,Pl,joyful,6655,7018,-0.013557932,-0.02232321,-0.008765277
Corrida completa,crunch,cups,5022,4387,0.06497871,0.07498397,0.010005258
Corrida completa,done,ol,1274,3873,-0.04979924,-0.018186543,0.031612698
Corrida completa,s,tunn,260,3043,0.030501505,-0.101737455,-0.13223895
Corrida completa,teasing,waterfall,5851,7437,-0.18188336,-0.15197603,0.02990733
Corrida completa,miss,reco,1981,3849,-0.008633032,-0.029483328,-0.020850295
Corrida completa,Goodbye,breathing,6890,7668,-0.033704724,0.013866801,0.047571525
Corrida completa,Bubbles,safely,5636,3017,-0.035640836,0.061030783,0.09667162
Corrida completa,began,steam,1249,4591,0.011266351,-0.023931585,-0.035197936
Corrida completa,Help,giggle,4729,3888,0.023910642,0.08168762,0.05777698
Corrida completa,left,owners,1422,5960,0.045327265,-0.021604132,-0.0669314
Corrida completa,soared,sparkling,5257,4731,-0.057657197,0.11089876,0.16855596
Corrida completa,John,pencil,1185,2931,-0.102589145,-0.014190737,0.08839841
Corrida completa,decide,fix,2948,1287,-0.06232698,-0.045484588,0.016842391
Corrida completa,Two,ground,6929,975,0.056921337,-0.015432991,-0.07235433
Corrida completa,dip,k,7312,398,0.023293361,-0.0152874235,-0.038580783
Corrida completa,case,ward,4062,4590,0.056659587,-0.045970313,-0.1026299
Corrida completa,mine,piggy,2045,6418,0.11633435,0.047999665,-0.068334684
Corrida completa,rubb,toes,3505,4819,-0.004320074,-0.08348197,-0.0791619
Corrida completa,make,point,551,4107,0.09331637,-0.038600087,-0.13191646
Corrida completa,afternoon,mud,3676,2270,-0.026327617,0.0104321,0.03675972
Corrida completa,corner,relax,2288,2714,-0.027101051,0.13786644,0.16496749
Corrida completa,butter,net,1189,2452,-0.045862667,0.22560269,0.27146536
Corrida completa,behavior,customers,7467,8035,-0.02719964,0.11883573,0.14603537
Corrida completa,exploring,tour,1915,5631,0.07057506,0.11867143,0.048096374
Corrida completa,pastels,pebble,6076,3738,-0.053129546,0.20335332,0.25648287
Corrida completa,seems,until,6189,802,0.038334437,-0.015669525,-0.05400396
Corrida completa,belong,handing,1939,7763,-0.04332291,0.02018679,0.0635097
Corrida completa,elf,fairy,7431,1827,0.04726781,0.38421184,0.33694404
Corrida completa,day,rabbit,356,1103,0.01335109,0.0021041492,-0.011246941
Corrida completa,impossible,je,6467,1748,-0.048408013,-0.12079455,-0.07238653
Corrida completa,hum,sty,2408,4987,-0.011275492,0.07003082,0.081306316
Corrida completa,clown,microscope,2737,4381,-0.06961928,0.1419609,0.21158019
Corrida completa,contro,swords,5739,7252,0.029109575,-0.052665174,-0.08177475
Corrida completa,helmet,wall,3935,1502,0.046531968,0.25611898,0.20958701
Corrida completa,gun,monsters,2530,5419,-0.019228652,0.27604774,0.2952764
Corrida completa,choices,puddle,6793,2437,-0.08080841,0.07619908,0.15700749
Corrida completa,Ted,marble,4793,3240,-0.10442673,0.09158535,0.19601208
Corrida completa,lea,surv,1198,7663,-0.023537178,0.1703478,0.19388497
Corrida completa,roads,surrounded,6050,5308,-0.071271874,0.040518172,0.111790046
Corrida completa,blinked,whisp,4740,2576,-0.040565155,-0.014934899,0.025630256
Corrida completa,How,toes,2402,4819,-0.06249787,-0.08696254,-0.024464674
Corrida completa,av,tray,2524,3899,-0.010937013,-0.045194846,-0.034257833
Corrida completa,Ol,routine,5716,7945,-0.053584937,-0.072624356,-0.019039419
Corrida completa,Re,sack,5061,2264,0.020220697,-0.0040586405,-0.024279337
Corrida completa,inse,the,4352,263,-0.049344763,0.08804664,0.1373914
Corrida completa,fancy,ing,2568,3435,-0.015426952,0.007651387,0.02307834
Corrida completa,inc,strong,2104,1089,0.011248238,-0.0038791448,-0.015127383
Corrida completa,forests,stacked,7480,7376,-0.04299462,0.0209061,0.06390072
Corrida completa,thumb,tore,4697,5069,0.047239304,0.057092253,0.0098529495
Corrida completa,comm,mum,6174,1250,0.039582603,-0.09431407,-0.13389668
Corrida completa,transf,zipping,8078,6849,0.055901967,0.060915697,0.0050137304
Corrida completa,Put,mall,6447,5189,-0.008971824,-0.17798285,-0.16901103
Corrida completa,requ,worker,4626,6286,-0.04649601,-0.047074173,-0.0005781613
Corrida completa,explored,therm,3190,4709,0.10065359,-0.050961785,-0.15161538
Corrida completa,drown,numbers,8023,3395,0.05453069,0.015766973,-0.038763717
Corrida completa,fi,stopped,858,1032,-0.079591274,-0.024067922,0.05552335
Corrida completa,caught,toe,1948,5237,-0.09362244,-0.016977597,0.07664484
Corrida completa,rumble,sailing,6341,4407,0.054634176,0.18723163,0.13259745
Corrida completa,Get,chalk,6656,4201,-0.052983485,-0.10264015,-0.049656667
Corrida completa,Flopsy,stop,6807,1240,-0.009355703,-0.06434591,-0.05499021
Corrida completa,inf,watering,4523,7552,-0.005969472,-0.031535923,-0.025566451
Corrida completa,Tweetie,fetch,3869,6010,0.04144714,0.038712017,-0.002735123
Corrida completa,insects,months,6927,7363,0.06814109,0.12788591,0.05974482
Corrida completa,bo,bowed,435,5528,0.06747448,-0.0128092095,-0.08028369
Corrida completa,Mary,greet,1931,5925,0.015006449,-0.0740554,-0.089061856
Corrida completa,Once,memories,5600,4397,0.043083187,0.06555484,0.022471655
Corrida completa,however,spending,6201,4759,0.06677041,-0.076522484,-0.1432929
Corrida completa,bath,penny,1813,3522,-0.100247525,0.09924923,0.19949675
Corrida completa,may,sweep,3741,8030,-0.02340923,-0.0058080535,0.017601177
Corrida completa,entered,lemons,4620,5567,0.034622934,-0.04113763,-0.07576056
Corrida completa,anx,turns,3558,1921,-0.02532848,-0.008820427,0.016508054
Corrida completa,fine,persistent,2935,3533,-0.016603636,0.22484621,0.24144985
Corrida completa,hor,tune,2114,5575,0.054224163,-0.086396895,-0.14062107
Corrida completa,cave,digg,2092,4977,-0.072882585,0.0459921,0.118874684
Corrida completa,delivered,gray,6612,2552,-0.113840826,-0.112634555,0.0012062714
Corrida completa,b,thing,267,1278,-0.09131606,-0.04180885,0.04950721
Corrida completa,seeker,tricked,6939,6458,-0.016865022,0.043561775,0.060426798
Corrida completa,Curious,coach,8160,7591,-0.05405602,0.012268384,0.066324405
Corrida completa,Sofia,automob,7853,4700,-0.00036513805,-0.15724218,-0.15687704
Corrida completa,Just,cleared,2441,7723,0.0341716,-0.0571079,-0.0912795
Corrida completa,coloured,rock,6254,947,-0.04895465,0.018659934,0.067614585
Corrida completa,scolded,spir,4596,4035,0.092425264,-0.04870098,-0.14112625
Corrida completa,reversed,tight,7485,1463,0.014589545,0.040049355,0.025459811
Corrida completa,fixed,qu,2403,740,0.042307466,-0.07863489,-0.120942354
Corrida completa,dr,sewing,1239,7699,-0.028426636,-0.041213065,-0.012786429
Corrida completa,jobs,screwdriver,8061,7219,-0.105199665,0.18635637,0.29155603
Corrida completa,bank,cray,5696,1850,0.018450737,0.051384576,0.03293384
Corrida completa,favor,potato,1275,3434,0.111223966,0.13379353,0.022569567
Corrida completa,chess,marked,4599,6420,-0.16591178,0.0004404951,0.16635227
Corrida completa,cream,sparkling,1563,4731,0.03000313,0.052868165,0.022865035
Corrida completa,Speedy,owner,7803,1672,-0.027295314,0.20857103,0.23586634
Corrida completa,Joanna,permitted,8054,7637,-0.04402467,-0.06819025,-0.024165578
Corrida completa,Robby,front,6541,2226,-0.0629051,-0.040616307,0.022288796
Corrida completa,rhinoceros,stones,4315,2804,-0.0018617287,0.096265554,0.09812728
Corrida completa,lotion,tune,4855,5575,-0.079139434,0.1606588,0.23979825
Corrida completa,led,oat,3710,4007,-0.0039557936,-0.067341544,-0.06338575
Corrida completa,country,pens,3953,7272,0.0859703,0.1696176,0.083647296
Corrida completa,Jim,goodbyes,1709,7707,0.0313893,0.11839211,0.087002814
Corrida completa,plate,rotting,2475,7610,-0.05289188,-0.0054833004,0.04740858
Corrida completa,swing,whoever,1425,7959,0.05186568,-0.021421552,-0.07328723
Corrida completa,Everyone,something,1206,560,-0.09477757,0.03741099,0.13218856
Corrida completa,celebrating,glass,6471,2719,-0.0046812687,0.0028206445,0.0075019132
Corrida completa,screamed,whistled,2293,5265,-0.009319577,0.20820364,0.21752322
Corrida completa,Suzy,beans,5581,4888,0.045320816,0.18320836,0.13788754
Corrida completa,board,cared,2892,4668,0.0054753292,0.018108934,0.012633605
Corrida completa,accidentally,flight,2076,7087,0.0013196729,-0.048480734,-0.049800407
Corrida completa,coloring,scarecrow,6566,7907,0.061062172,0.057065453,-0.0039967187
Corrida completa,click,val,5885,2285,0.00929104,0.03878642,0.029495379
Corrida completa,license,nothing,5226,2038,0.056936853,0.09389328,0.03695643
Corrida completa,flashing,string,8112,2453,0.10576479,0.09244336,-0.0133214295
Corrida completa,filled,violin,1461,4360,-0.038473308,-0.10890362,-0.07043031
Corrida completa,puddles,wishes,4526,4004,0.042651407,0.060347386,0.017695978
Corrida completa,design,towels,3220,6159,-0.04810799,0.07015513,0.11826312
Corrida completa,Millie,would,4182,523,-0.11008288,0.020630991,0.13071387
Corrida completa,been,pouted,1127,6532,0.044739995,0.056987096,0.0122471005
Corrida completa,Louise,hero,7291,3018,0.018924521,0.1261254,0.107200876
Corrida completa,shiny,showed,974,1085,0.06868689,0.014421543,-0.054265343
Corrida completa,This,hanger,1568,5184,0.06597629,-0.009465471,-0.07544176
Corrida completa,gu,mints,1683,7603,0.03672552,-0.09542315,-0.13214867
Corrida completa,ann,ripe,5908,6351,-0.053139616,0.00820095,0.061340567
Corrida completa,each,frag,767,3208,-0.052693956,-0.048951387,0.0037425682
Corrida completa,exha,sou,6073,7515,-0.00045039877,0.07082829,0.07127869
Corrida completa,honk,postman,5833,7059,0.078817114,0.06344301,-0.015374102
Corrida completa,imagining,reached,6937,1225,-0.065526806,0.025397632,0.09092444
Corrida completa,basket,fearful,1843,3715,-0.06432992,0.073077895,0.13740781
Corrida completa,cotton,tug,7944,4769,0.050656807,-0.028011348,-0.078668155
Corrida completa,Sunny,ign,5920,2327,-0.108611465,-0.120093524,-0.01148206
Corrida completa,billboard,bottles,5314,5740,0.05507004,0.13389373,0.078823686
Corrida completa,curtain,either,3929,4136,0.05124762,0.0059893094,-0.04525831
Corrida completa,costumes,potion,5516,6670,0.13048539,0.23114222,0.10065684
Corrida completa,kicks,waited,6692,1615,-0.11563033,-0.0346388,0.08099153
Corrida completa,humming,s,7931,260,0.043777592,-0.05511061,-0.0988882
Corrida completa,bandage,mother,3822,1542,0.0112195015,0.092702985,0.08148348
Corrida completa,J,prayer,471,6066,-0.020334885,-0.12612885,-0.10579397
Corrida completa,apart,creation,4652,5498,-0.076596424,0.055072837,0.13166925
Corrida completa,Instead,warning,4490,5137,0.013316546,0.07079333,0.057476785
Corrida completa,bill,unsure,4992,7182,-0.017890112,-0.055982713,-0.0380926
Corrida completa,garden,recommended,846,6434,0.07497524,0.01376286,-0.061212376
Corrida completa,poppy,skirt,5399,4443,-0.031786483,0.3914691,0.42325556
Corrida completa,ducks,lady,2206,1272,-0.023665931,0.21138899,0.23505493
Corrida completa,hurric,sidewalk,5329,5279,-0.094718784,-0.1779193,-0.083200514
Corrida completa,scientist,tank,7184,3183,0.059493948,0.2400635,0.18056956
Corrida completa,happiness,space,3016,3232,-0.0037661046,0.18988843,0.19365454
Corrida completa,bridges,imagined,5675,3446,0.083227396,0.002287984,-0.08093941
Corrida completa,count,refre,1513,4748,-0.010048846,0.048230622,0.05827947
Corrida completa,Christmas,rusty,6278,6575,-0.007977493,0.19007292,0.19805041
Corrida completa,Something,horns,5771,5916,0.036747433,-0.013427839,-0.050175272
Corrida completa,dir,grace,1456,3028,-0.033863693,0.04443827,0.078301966
Corrida completa,That,menu,1329,5389,-0.045792397,-0.035893466,0.009898931
Corrida completa,flowers,ladybug,1084,6069,0.04234314,0.16859701,0.12625387
Corrida completa,Jamie,neighbourhood,6027,5531,-0.019882381,0.13245845,0.15234083
Corrida completa,When,shirts,933,6702,-0.036708124,-0.16279349,-0.12608537
Corrida completa,birdhouse,grab,8050,2118,0.0059432816,-0.12597385,-0.13191713
Corrida completa,candle,type,3812,7835,0.23151542,0.10033968,-0.13117574
Corrida completa,missing,poem,3506,4291,0.033832412,0.024391625,-0.009440787
Corrida completa,Floppy,dolphin,5692,3660,0.023686089,0.20354062,0.17985454
Corrida completa,Jess,barking,4716,4048,0.06907493,0.048112236,-0.020962693
Corrida completa,frown,told,3032,737,0.013856025,-0.013670329,-0.027526354
Corrida completa,rhy,sub,5214,5018,-0.046049442,0.18234804,0.22839749
Corrida completa,horn,in,2937,317,0.06193236,0.062111747,0.00017938763
Corrida completa,ce,hour,2113,6818,0.11746505,0.12725052,0.009785473
Corrida completa,muddy,sandcastle,5452,5011,0.100968786,0.110400684,0.009431899
Corrida completa,available,going,3934,950,0.026660137,0.15070911,0.12404897
Corrida completa,glasses,raft,6460,4274,-0.084587015,0.029536173,0.11412319
Corrida completa,cooler,four,4020,3104,0.023966178,0.0031550042,-0.020811174
Corrida completa,happens,stadium,4542,4976,-0.11607293,0.01693977,0.1330127
Corrida completa,aut,tubes,4561,7669,0.025122244,-0.13297722,-0.15809946
Corrida completa,spo,sweetheart,2132,4194,-0.012773601,-0.07630336,-0.06352976
Corrida completa,lumber,seeds,4920,3493,0.09695672,0.23901683,0.1420601
Corrida completa,talk,wrink,1601,7174,-0.004716594,-0.007088865,-0.0023722714
Corrida completa,cheering,respectful,6015,4108,0.080827296,0.050754383,-0.030072913
Corrida completa,fruit,ide,1804,980,-0.03314128,-0.10478417,-0.07164289
Corrida completa,Fro,nowhere,5431,3753,0.04230023,0.0322175,-0.010082733
Corrida completa,managed,thro,2971,6121,0.024195988,0.019573746,-0.0046222415
Corrida completa,Jenna,deer,6314,2647,0.032775354,0.14803995,0.115264595
Corrida completa,generous,ride,2637,1608,-0.049175583,-0.13278608,-0.0836105
Corrida completa,gorilla,tape,3995,2921,-0.11588344,0.114772215,0.23065566
Corrida completa,experien,rhinoceros,6704,4315,0.08044031,-0.14634511,-0.22678542
Corrida completa,Gra,squ,1617,1116,-0.096865565,0.12857535,0.22544092
Corrida completa,claws,plucked,4885,6993,-0.0216375,-0.08026616,-0.058628663
Corrida completa,knock,universe,3619,5347,-0.069230676,-0.036117636,0.03311304
Corrida completa,dir,emp,1456,2423,-0.037925936,-0.021601908,0.016324028
Corrida completa,backpack,lear,3875,4040,-0.016718972,0.13713977,0.15385874
Corrida completa,bloomed,tough,5718,3022,-0.12176792,-0.0181149,0.10365302
Corrida completa,Olive,garbage,6911,7482,0.08134645,-0.0052901544,-0.0866366
Corrida completa,checked,tallest,4166,6299,0.04599712,0.045341533,-0.00065558776
Corrida completa,Mark,anticip,3010,7560,-0.080169216,-0.15505984,-0.07489063
Corrida completa,plac,tickled,1910,6255,0.046338618,0.058177955,0.011839338
Corrida completa,batteries,realize,7119,5657,0.018645994,0.073457524,0.05481153
Corrida completa,captain,switch,4980,3821,0.06254859,0.10008165,0.03753306
Corrida completa,enthusiastic,hunt,4089,3039,0.05168026,-0.026180966,-0.07786123
Corrida completa,Try,bumped,7622,5045,0.0013765409,0.0991627,0.09778616
Corrida completa,Timmy,spooky,514,7583,0.11918475,0.020448394,-0.09873635
Corrida completa,lost,obe,1415,5382,-0.032267507,-0.04699107,-0.014723562
Corrida completa,be,saving,330,4794,-0.043178257,0.028415978,0.07159424
Corrida completa,dollars,performing,7054,7240,-0.008812055,0.03751975,0.046331804
Corrida completa,brother,mister,1222,5428,-0.0520712,0.12826286,0.18033406
Corrida completa,His,neighbourhood,890,5531,-0.0018853806,-0.027787281,-0.0259019
Corrida completa,Everybody,kn,6688,479,0.053845942,-0.05284097,-0.10668691
Corrida completa,she,swim,335,1322,-0.07664085,-0.08962131,-0.012980461
Corrida completa,dressing,trop,7858,3950,-0.014185143,0.008008935,0.022194076
Corrida completa,chip,windy,6538,6848,-0.00634744,-0.013271188,-0.006923748
Corrida completa,Our,olive,7158,5046,-0.040711246,0.007518366,0.048229612
Corrida completa,de,gym,1092,4581,-0.017414182,-0.16631263,-0.14889845
Corrida completa,cable,dared,4230,6218,-0.11675372,-0.124126054,-0.0073723346
Corrida completa,Elle,Polly,7984,3951,0.05254791,0.4326828,0.3801349
Corrida completa,antic,emp,7399,2423,0.032787204,0.10406153,0.071274325
Corrida completa,Joanne,replace,8142,5127,-0.040441364,-0.1140123,-0.07357094
Corrida completa,practiced,warri,3755,6903,0.0060867183,0.1113687,0.10528198
Corrida completa,Fro,hole,5431,1404,-0.051684298,-0.18928722,-0.13760293
Corrida completa,rings,weak,6881,2723,0.12220995,0.056352675,-0.06585728
Corrida completa,ex,flap,463,5491,-0.05746245,-0.03658206,0.02088039
Corrida completa,giraffe,roots,4368,6262,-0.003766818,0.09225474,0.09602156
Corrida completa,choose,nood,3102,6961,0.0061113127,0.14899673,0.14288542
Corrida completa,Lizzy,beyond,6263,6516,-0.04365387,0.003126327,0.046780195
Corrida completa,afterwards,soccer,6639,4226,-0.004348384,0.05045045,0.054798834
Corrida completa,cries,noise,2675,979,0.0066029374,0.23806785,0.23146491
Corrida completa,chip,learn,6538,693,-0.0054851994,0.08584014,0.09132534
Corrida completa,knock,wipe,3619,4677,0.04412026,0.124289095,0.080168836
Corrida completa,artist,horn,6529,2937,-0.01544518,0.111043155,0.12648833
Corrida completa,climb,laughing,1012,2079,0.048820324,-0.038560197,-0.08738052
Corrida completa,a,anytime,259,5441,0.098594725,0.011512402,-0.08708233
Corrida completa,face,notice,1144,3247,-0.09923501,0.055969935,0.15520495
Corrida completa,bury,discu,4513,4389,-0.05355832,-0.039843798,0.013714522
Corrida completa,medic,spirit,2761,4125,0.023905788,-0.0018171929,-0.02572298
Corrida completa,beauty,nail,3601,3724,-0.050482295,0.08855284,0.13903514
Corrida completa,er,wild,3528,2276,0.04426094,0.006743541,-0.0375174
Corrida completa,pit,plucked,4617,6993,0.046734575,-0.087958805,-0.13469338
Corrida completa,bothering,ech,8073,6735,0.06726273,0.017247677,-0.050015055
Corrida completa,journey,wiggle,2053,7004,0.07631164,0.04102469,-0.03528695
Corrida completa,machines,milk,5955,2133,-0.05492896,0.163443,0.21837196
Corrida completa,grate,ne,1699,401,0.05007571,0.1404506,0.09037489
Corrida completa,bal,fall,2572,1578,-0.03186819,0.06906594,0.10093413
Corrida completa,luckily,yesterday,7533,6344,0.020335585,0.14208362,0.12174803
Corrida completa,gesture,wanted,7783,443,-0.033280097,-0.0063470695,0.026933027
Corrida completa,puts,tossed,2232,7359,-0.015450552,0.28539503,0.30084556
Corrida completa,light,teaspoon,1339,5138,0.025460897,0.11386092,0.08840002
Corrida completa,electric,red,7963,938,0.07594196,0.19120029,0.11525833
Corrida completa,focus,marbles,8139,5087,-0.042068798,0.049086027,0.09115483
Corrida completa,sandwiches,was,3705,280,0.040401883,-0.06591447,-0.10631635
Corrida completa,dip,waterfall,7312,7437,-0.13503881,0.038853377,0.17389219
Corrida completa,advent,honest,954,2516,-0.030550726,0.0012020674,0.031752795
Corrida completa,crayons,firefly,2222,7290,0.042546526,0.13724534,0.09469882
Corrida completa,extra,purse,2839,3769,0.039569598,-0.04626524,-0.08583484
Corrida completa,flowers,visiting,1084,5459,0.06484609,0.060324445,-0.0045216456
Corrida completa,compassionate,sniffed,3735,4559,0.07686744,0.07586335,-0.0010040924
Corrida completa,Bee,Tuna,7499,7010,-0.015581497,0.24222592,0.2578074
Corrida completa,chickens,out,4327,447,-0.025788343,-0.07948438,-0.053696036
Corrida completa,colder,kisses,7322,4803,-0.057601802,0.06236649,0.119968295
Corrida completa,sounds,turned,2087,1544,-0.11476159,0.06799749,0.18275908
Corrida completa,flour,pastels,3725,6076,0.019279031,0.27054992,0.2512709
Corrida completa,raind,trade,6332,4884,0.09641138,0.011209719,-0.08520166
Corrida completa,hits,nuzzled,5073,7997,-0.04742198,0.21181762,0.2592396
Corrida completa,brain,wire,4910,3401,-0.06415032,0.26534694,0.32949728
Corrida completa,act,within,2109,7921,0.21454327,0.09874238,-0.11580089
Corrida completa,bar,bell,1753,2338,-0.014772806,0.16593042,0.18070322
Corrida completa,driveway,filthy,7508,3866,-0.09205874,0.018819494,0.11087824
Corrida completa,tiss,unl,7562,3140,0.04677031,0.19020651,0.14343621
Corrida completa,oats,surrounded,5387,5308,0.03300229,0.029785614,-0.0032166764
Corrida completa,dance,ribbon,1710,4952,0.023267195,0.23192888,0.20866169
Corrida completa,Joanne,noses,8142,6751,-0.11218551,0.04551185,0.15769735
Corrida completa,cannot,copper,2447,5440,-0.04727448,-0.17677459,-0.1295001
Corrida completa,cake,grumpy,1177,2738,-0.00015906431,-0.07348278,-0.07332372
Corrida completa,Finn,tunnel,7447,3307,-0.13811268,0.034411326,0.172524
Corrida completa,quarrel,thing,4351,1278,0.11625469,0.056267925,-0.059986763
Corrida completa,have,passen,466,6759,-0.035887096,0.013044663,0.04893176
Corrida completa,Nemo,thorns,3256,8141,-0.059247773,-0.06412407,-0.004876297
Corrida completa,thorn,tiss,7083,7562,0.07637591,-0.024874052,-0.10124996
Corrida completa,Judy,figures,6963,7775,0.13870598,0.17198771,0.03328173
Corrida completa,won,zookeeper,1632,5966,0.043853957,-0.14340873,-0.18726268
Corrida completa,Amy,stomped,1661,6775,-0.008313209,-0.12427732,-0.115964115
Corrida completa,bits,sack,7527,2264,0.042170994,0.17896879,0.13679779
Corrida completa,Zero,fancy,6982,2568,-0.11704036,-0.069699325,0.047341034
Corrida completa,ceiling,daddy,4452,1558,0.094752654,0.039321184,-0.05543147
Corrida completa,dug,patted,3695,6148,-0.066707425,0.033480465,0.10018789
Corrida completa,ate,unf,1245,6394,-0.095269844,-0.123945415,-0.028675571
Corrida completa,Cindy,cardboard,6102,4359,0.02345664,-0.011862472,-0.035319112
Corrida completa,glowing,praying,4376,6983,-0.07285023,0.036730167,0.1095804
Corrida completa,ab,awo,644,7373,-0.019245408,0.17203563,0.19128105
Corrida completa,banana,numbers,2924,3395,-0.123699956,0.1201943,0.24389425
Corrida completa,lying,rec,2789,2343,0.09351097,-0.021154134,-0.114665106
Corrida completa,earth,sunf,3475,3336,0.0074865213,-0.04173976,-0.049226284
Corrida completa,broom,outside,6075,674,0.015986614,0.11821035,0.10222374
Corrida completa,Joanna,triangle,8054,4467,0.06204311,0.059227265,-0.0028158464
Corrida completa,apolog,persistent,3023,3533,-0.019743904,0.020190123,0.039934028
Corrida completa,Bun,pigs,4583,5264,0.08695257,0.06864465,-0.018307917
Corrida completa,clapped,performing,1829,7240,0.03478253,0.14421096,0.109428436
Corrida completa,fixed,starfish,2403,6852,-0.050168067,-0.03486079,0.015307277
Corrida completa,vehicles,wedding,7698,5829,0.04577939,0.14218044,0.09640105
Corrida completa,friendly,scent,1446,7851,0.05488591,0.04632194,-0.008563969
Corrida completa,Fido,aut,6822,4561,0.040987022,-0.0025462057,-0.04353323
Corrida completa,aff,opened,6389,956,0.06380631,-0.07541652,-0.13922283
Corrida completa,char,hipp,3430,3774,0.10650949,0.18866241,0.08215292
Corrida completa,jelly,temp,2728,4149,0.085672244,0.035380673,-0.05029157
Corrida completa,dreaming,pit,3357,4617,-0.04172147,-0.04687339,-0.00515192
Corrida completa,al,laughed,501,854,-0.064244315,-0.059098396,0.0051459186
Corrida completa,freez,unknown,4349,3367,-0.042002723,-0.028491339,0.013511384
Corrida completa,complained,lead,6887,2783,-0.08483513,0.01644203,0.10127716
Corrida completa,Green,sees,6967,1252,-0.043214336,-0.08844654,-0.045232207
Corrida completa,Flopsy,gazing,6807,7755,0.016199633,-0.12874109,-0.14494072
Corrida completa,stealing,stretching,5664,5662,-0.042859357,0.098001614,0.14086097
Corrida completa,gather,tipped,2124,7882,-0.0073848274,0.091785155,0.099169984
Corrida completa,Do,rad,1318,2642,0.101428084,0.046547636,-0.054880448
Corrida completa,change,det,2831,6767,0.050806347,-0.033868454,-0.084674805
Corrida completa,teddy,urge,1658,5209,0.054403223,-0.08437435,-0.13877758
Corrida completa,ache,being,7092,1025,-0.032649606,0.0009286478,0.033578254
Corrida completa,continued,permission,1485,4989,0.010000978,0.00504758,-0.0049533974
Corrida completa,depend,panic,3059,4921,-0.07069217,-0.09601719,-0.025325023
Corrida completa,begin,discussed,5558,6600,-0.11132641,-0.010198882,0.10112753
Corrida completa,en,encouraging,739,7307,0.08570743,0.048381872,-0.03732556
Corrida completa,die,reve,7125,4481,-0.033390403,-0.06779683,-0.034406424
Corrida completa,indeed,urge,6642,5209,0.0768094,-0.11156608,-0.18837547
Corrida completa,leaving,solve,3429,3297,-0.030077133,0.06562096,0.09569809
Corrida completa,Chirpy,performance,5508,6773,0.004894198,0.023381226,0.018487029
Corrida completa,eraser,respectful,4146,4108,0.022065556,0.021352477,-0.0007130783
Corrida completa,floor,gazed,1389,6127,-0.040078647,-0.055832114,-0.015753467
Corrida completa,Nana,drifted,7766,6477,-0.025688453,-0.08251267,-0.056824215
Corrida completa,Fro,students,5431,7179,-0.013443977,-0.09616643,-0.082722455
Corrida completa,other,stay,572,888,0.014712008,-0.06236934,-0.077081345
Corrida completa,Jack,dec,803,587,-0.049998395,-0.12085311,-0.070854716
Corrida completa,stra,ta,2397,691,0.07533657,0.2905534,0.21521682
Corrida completa,bridge,investigate,2676,4586,0.0455506,0.11305773,0.06750713
Corrida completa,gorilla,pilot,3995,4021,0.11574554,0.40332383,0.28757828
Corrida completa,freezer,spell,4577,3808,-0.060600128,0.041164633,0.10176476
Corrida completa,Jack,collecting,803,5086,0.0060898233,-0.093417585,-0.09950741
Corrida completa,train,wag,1764,7294,-0.003230486,0.071881846,0.07511233
Corrida completa,Yes,soot,6279,8088,0.019628469,0.07964722,0.06001875
Corrida completa,jump,vict,862,5687,-0.13392657,-0.0034795627,0.130447
Corrida completa,boat,lamp,1123,2994,-0.04318025,0.1748512,0.21803144
Corrida completa,solution,tentacles,5957,8028,0.050539516,0.12544736,0.07490785
Corrida completa,bowls,squash,6543,3563,0.026395759,0.27657768,0.2501819
Corrida completa,kay,ourselves,4067,5886,-0.054152876,-0.15348904,-0.09933616
Corrida completa,generous,waited,2637,1615,-0.005518444,-0.018563323,-0.013044879
Corrida completa,inst,trade,1890,4884,-0.08297358,-0.12779787,-0.044824295
Corrida completa,These,patterns,5745,5219,0.05798287,0.12123479,0.06325192
Corrida completa,man,study,509,3290,-0.021028845,-0.019834042,0.001194803
Corrida completa,Emmy,disappeared,6399,2827,0.058487453,0.013138774,-0.045348678
Corrida completa,hesitated,machines,6659,5955,0.021218197,0.020181078,-0.001037119
Corrida completa,scissors,that,2740,357,0.02843735,-0.094902456,-0.1233398
Corrida completa,anyone,cream,2141,1563,-0.11420274,-0.036362972,0.07783976
Corrida completa,crayon,meals,3184,6653,-0.024983555,-0.015130669,0.009852886
Corrida completa,Kelly,yelled,7365,2594,-0.07609666,-0.08714837,-0.011051707
Corrida completa,Tess,shoulder,6482,4379,0.013862982,0.11923691,0.10537393
Corrida completa,four,lawy,3104,4398,0.044853278,0.14941224,0.10455897
Corrida completa,friendship,snowfl,3478,6981,-0.14750886,-0.14983961,-0.0023307502
Corrida completa,doctor,napkins,1796,6936,-0.023004297,0.093156636,0.11616093
Corrida completa,Ashley,compl,7380,3809,-0.036924496,-0.028247949,0.008676548
Corrida completa,Alan,encou,8168,3611,0.08035551,0.0894753,0.009119786
Corrida completa,grate,quickly,1699,1101,0.023012174,-0.11269988,-0.13571206
Corrida completa,age,cuddly,7032,6926,-0.07105183,-0.033618614,0.037433214
Corrida completa,disgust,passport,3654,4396,-0.008409783,0.020136563,0.028546346
Corrida completa,Snow,bags,4217,3293,0.06745528,-0.11586374,-0.18331902
Corrida completa,complain,feather,4640,2242,0.06420982,0.08202261,0.017812788
Corrida completa,edge,hat,3132,1290,0.117660895,0.08732003,-0.030340865
Corrida completa,hammer,tw,3483,717,0.11900043,-0.108996555,-0.22799698
Corrida completa,answers,noise,5420,979,0.013078504,0.14632654,0.13324803
Corrida completa,Her,million,852,8069,0.061666135,0.08593724,0.024271104
Corrida completa,ants,emer,4139,5175,0.1081401,-0.04128777,-0.14942788
Corrida completa,Under,ĊĠ,7400,6198,-0.0707653,0.03961878,0.11038408
Corrida completa,belonged,teasing,3021,5851,-0.03531781,0.042169582,0.077487394
Corrida completa,anyway,motorcycle,3793,4277,-0.0120714605,0.11536002,0.12743148
Corrida completa,fresh,screws,3324,6674,0.051754985,0.031329237,-0.020425748
Corrida completa,crunch,goat,5022,2987,-0.072508074,-0.084679306,-0.012171231
Corrida completa,passports,seal,7742,3757,-0.037782557,0.10469696,0.14247951
Corrida completa,Kiki,bows,7569,6850,0.071468,0.068833366,-0.002634637
Corrida completa,dreamt,puzzled,6586,7370,-0.097065665,0.016609732,0.1136754
Corrida completa,brave,spooky,911,7583,0.08395611,0.22191751,0.1379614
Corrida completa,laught,whip,4767,5123,-0.065307796,0.0017544553,0.06706225
Corrida completa,missed,shaped,2520,7133,-0.035957374,-0.009549942,0.026407432
Corrida completa,allowed,reapp,3423,7653,-0.11980316,-0.075438574,0.044364586
Corrida completa,Y,uniforms,6415,7866,0.021283783,-0.08015916,-0.10144294
Corrida completa,teacher,wis,1838,2760,0.07985227,-0.11545518,-0.19530745
Corrida completa,runs,shocked,1738,3613,0.034577414,0.13816024,0.10358283
Corrida completa,Sp,fabric,1080,5794,-0.052104443,-0.1421803,-0.09007585
Corrida completa,dried,sights,4860,5717,-0.06072161,-0.00046841055,0.0602532
Corrida completa,trucks,wal,3097,602,0.05881545,0.016714152,-0.042101298
Corrida completa,hang,surrendered,2746,7060,0.036878046,0.03394406,-0.0029339865
Corrida completa,jug,surf,3553,3568,-0.0633293,0.20126954,0.26459885
Corrida completa,frog,zooming,1433,5530,0.058714673,0.02779292,-0.030921753
Corrida completa,ink,per,4497,1196,-0.04308153,-0.062038034,-0.018956505
Corrida completa,lock,scream,2798,1777,0.030220293,0.025122639,-0.0050976537
Corrida completa,gardener,listen,7171,1069,-0.012377021,-0.033984877,-0.021607857
Corrida completa,exhausted,yawned,6129,4951,-0.017463494,0.15522647,0.17268996
Corrida completa,lime,painting,4249,3076,0.09591769,0.26966912,0.17375143
Corrida completa,dollhouse,rad,6945,2642,-0.026894897,-0.09786923,-0.070974335
Corrida completa,crumb,exc,5781,568,-0.016700713,0.111988194,0.1286889
Corrida completa,Out,vill,6222,2201,0.03975357,0.16079082,0.121037245
Corrida completa,dragged,tax,5909,4148,0.17983058,0.09803963,-0.081790954
Corrida completa,introduc,king,5637,2078,0.044150576,-0.0027574934,-0.04690807
Corrida completa,eraser,fre,4146,3179,0.07094275,-0.16517444,-0.23611718
Corrida completa,rocking,sailor,5875,4118,0.032729484,0.09198414,0.059254654
Corrida completa,dog,mechanic,643,4210,-0.036700208,0.18003573,0.21673593
Corrida completa,chubby,earlier,4011,4779,0.05961388,0.14100403,0.08139014
Corrida completa,competit,shiny,3168,974,0.055145007,-0.09424569,-0.1493907
Corrida completa,bare,surrendered,5461,7060,0.063855425,0.006138136,-0.05771729
Corrida completa,punishment,week,7378,2832,0.00021620467,0.16293454,0.16271834
Corrida completa,few,guessed,1534,5454,-0.091342516,-0.013241796,0.07810072
Corrida completa,audience,meowing,6797,8138,0.11991092,0.19435285,0.07444193
Corrida completa,plate,sav,2475,7955,-0.04764783,-0.047999136,-0.00035130605
Corrida completa,lay,revealed,2240,5374,-0.03976511,-0.010668476,0.029096633
Corrida completa,many,wiped,796,3392,0.13241553,-0.030324038,-0.16273957
Corrida completa,cup,disturbing,1681,7811,-0.014340866,-0.11438629,-0.10004543
Corrida completa,patience,strugg,6177,4113,-0.0058069266,0.0043518394,0.010158766
Corrida completa,Stitch,t,7463,258,0.043843895,-0.011952557,-0.055796452
Corrida completa,rides,twinkling,5570,5799,0.041949674,0.10100974,0.059060067
Corrida completa,impressive,paddled,3612,6267,0.06822376,-0.037802637,-0.106026396
Corrida completa,behaved,spaceship,6661,5568,-0.038416505,0.028188966,0.06660547
Corrida completa,rabbit,stud,1103,4491,-0.000937392,-0.088024095,-0.0870867
Corrida completa,instr,picnic,4852,2283,-0.0021340712,-0.039183836,-0.037049767
Corrida completa,task,walking,3571,999,0.0096901655,-0.044403777,-0.054093942
Corrida completa,places,scolded,2258,4596,-0.0081242025,-0.010634668,-0.0025104657
Corrida completa,Everything,mixed,3765,3072,-0.146926,-0.04535362,0.10157238
Corrida completa,printed,wondered,5762,2028,-0.07652973,0.011212746,0.08774247
Corrida completa,explain,west,3883,5816,0.008759443,-0.036040418,-0.04479986
Corrida completa,blast,sugar,7052,2920,0.05224216,-0.022861652,-0.07510381
Corrida completa,Princess,thin,6615,2249,0.018017344,-0.031445097,-0.04946244
Corrida completa,late,squares,1922,6558,0.013953881,0.029568333,0.015614452
Corrida completa,Jojo,drawing,7630,2776,0.12721747,0.022294713,-0.10492276
Corrida completa,beautifully,intellig,7554,3542,-0.0058427304,0.027621426,0.033464156
Corrida completa,voice,wonder,1151,1093,-0.05545226,0.07835932,0.13381158
Corrida completa,colors,lake,1484,1631,0.11210111,0.100577585,-0.011523522
Corrida completa,baskets,remembers,7368,5319,-0.0031772256,-0.11624547,-0.113068245
Corrida completa,candies,ener,6610,3772,-0.050559595,-0.0685011,-0.017941505
Corrida completa,balancing,ghost,5994,3680,0.056903373,0.011745786,-0.04515759
Corrida completa,birthday,emer,2112,5175,-0.12684533,-0.054005627,0.07283971
Corrida completa,awake,soaked,6335,5867,0.022400023,0.17678025,0.15438023
Corrida completa,Brown,happens,3011,4542,0.10056615,-0.03308376,-0.13364992
Corrida completa,encouragement,inj,7942,7336,-0.0033535343,-0.08419556,-0.080842026
Corrida completa,It,scale,409,3572,0.06684525,0.062215608,-0.0046296455
Corrida completa,Mon,ti,6465,6082,-0.11637099,0.040738367,0.15710935
Corrida completa,competit,newspaper,3168,5255,-0.13209333,-0.059433177,0.07266015
Corrida completa,fills,kitchen,7634,1226,-0.07802325,-0.056339063,0.021684185
Corrida completa,lessons,separate,7364,4507,0.0038985834,0.077058084,0.0731595
Corrida completa,pinch,refreshing,4534,7215,-0.047568165,0.10111642,0.14868459
Corrida completa,argue,gest,4558,7274,0.07437072,-0.038976006,-0.113346726
Corrida completa,beating,climbs,8009,5106,0.007408986,0.13674809,0.1293391
Corrida completa,disturbed,satisfied,5580,5606,0.08042652,0.13331622,0.052889697
Corrida completa,ashamed,delivery,2636,6175,-0.1701861,0.017497936,0.18768404
Corrida completa,pipe,pulling,4112,5081,-0.003893435,0.06996331,0.07385675
Corrida completa,seeds,steer,3493,6507,-0.067901425,0.02046819,0.088369615
Corrida completa,himself,jud,1259,7897,-0.05771806,-0.23882228,-0.18110421
Corrida completa,Together,happen,2584,1868,-0.055623297,0.061931036,0.11755434
Corrida completa,hurry,pigeons,3761,7737,-0.01460484,0.018738188,0.03334303
Corrida completa,Mommy,phot,1165,3687,-0.060488094,-0.19770032,-0.13721223
Corrida completa,beds,pie,5492,1625,0.01777133,0.13280624,0.11503491
Corrida completa,fair,force,1432,7886,-0.014481869,0.0165768,0.03105867
Corrida completa,brings,policeman,5450,5915,-0.08009068,-0.039296977,0.040793702
Corrida completa,flat,intrigued,6219,7089,-0.11370234,0.051491357,0.1651937
Corrida completa,explored,skip,3190,3965,0.066723935,0.13580687,0.06908294
Corrida completa,believing,exam,7557,2680,0.10158326,0.060295444,-0.041287813
Corrida completa,belt,health,4231,6607,0.08496736,0.17657402,0.09160666
Corrida completa,Dad,tearing,1042,8159,0.0663193,-0.11261585,-0.17893516
Corrida completa,came,con,622,967,-0.03388202,0.01937621,0.05325823
Corrida completa,blood,delicious,5041,1426,-0.0384601,-0.0040896833,0.034370415
Corrida completa,bent,object,3561,3666,0.047601614,0.10623607,0.058634456
Corrida completa,crocod,gentle,3373,1859,-0.03002692,-0.010683188,0.019343732
Corrida completa,peeled,seems,7968,6189,0.02129526,-0.029953096,-0.051248357
Corrida completa,Because,party,7850,1691,0.11657008,-0.0071503967,-0.123720475
Corrida completa,dug,scarecrow,3695,7907,0.045533255,0.03794267,-0.0075905845
Corrida completa,television,tour,4682,5631,-0.039825812,0.100651875,0.14047769
Corrida completa,Lilly,tricycle,4386,7597,0.02761209,0.0967251,0.06911301
Corrida completa,consid,wrigg,8114,7439,-0.023056332,0.17309943,0.19615576
Corrida completa,By,visiting,6112,5459,-0.015475024,0.121362105,0.13683712
Corrida completa,races,wiggle,7304,7004,0.033379868,0.12791109,0.09453122
Corrida completa,Go,now,2366,962,-0.099902794,-0.075254664,0.02464813
Corrida completa,ast,soap,6155,2862,0.10294479,-0.024844723,-0.12778951
Corrida completa,friend,pots,414,6308,0.047231272,-0.06018223,-0.1074135
Corrida completa,queen,throws,2836,4645,0.083673105,-0.06460765,-0.14828075
Corrida completa,Speedy,pray,7803,2784,-0.015623139,0.019318536,0.034941673
Corrida completa,pistol,tax,4911,4148,0.043484896,-0.050206453,-0.09369135
Corrida completa,hers,makes,5052,1614,0.060373105,-0.079726666,-0.14009976
Corrida completa,Up,mor,7446,1125,-0.0062881596,0.043911867,0.050200026
Corrida completa,reminder,smelling,5388,7729,0.07761139,0.013130734,-0.064480655
Corrida completa,cutting,talks,5464,7132,-0.15535116,-0.100291446,0.055059716
Corrida completa,meal,spear,3489,4743,0.073665656,0.2069606,0.13329494
Corrida completa,however,worm,6201,2323,-0.059264105,-0.15928584,-0.100021735
Corrida completa,Millie,lamb,4182,6170,0.0390511,0.19183916,0.15278806
Corrida completa,bear,chopped,801,7257,0.051854767,-0.07055245,-0.12240722
Corrida completa,Mandy,bunch,3631,5918,0.004286725,0.0023721608,-0.0019145643
Corrida completa,lost,watered,1415,5192,-0.063675,0.009908391,0.073583394
Corrida completa,inspired,strawberries,7870,4826,0.015162752,0.011486549,-0.003676203
Corrida completa,compass,plates,3371,4897,-0.067556344,0.033374626,0.100930974
Corrida completa,myster,visiting,2200,5459,0.0364627,-0.04416486,-0.08062756
Corrida completa,lucky,swans,2120,7239,0.07945858,0.0236285,-0.05583008
Corrida completa,low,me,3268,529,-0.053373497,-0.019140236,0.03423326
Corrida completa,Mark,plain,3010,7110,-0.04844389,-0.08441604,-0.03597215
Corrida completa,entrance,pedaled,6138,7778,-0.08440854,0.031710163,0.1161187
Corrida completa,broccoli,earth,3891,3475,0.044668213,0.25594038,0.21127217
Corrida completa,candle,teaspoon,3812,5138,0.011792168,0.34463012,0.33283794
Corrida completa,chamber,freedom,4847,7197,-0.04942019,0.105794445,0.15521464
Corrida completa,beep,teaching,3917,5042,0.0068525914,0.023267234,0.016414642
Corrida completa,convinced,helping,8183,1750,-0.047817744,0.21099952,0.25881726
Corrida completa,avocados,voice,6833,1151,-0.028890517,0.09553411,0.12442462
Corrida completa,boom,outfit,6172,6043,0.07641066,0.1496311,0.07322044
Corrida completa,powder,temper,4338,6451,-0.08771269,-0.006814759,0.08089793
Corrida completa,crying,stacked,1785,7376,-0.016691104,-0.11267857,-0.09598747
Corrida completa,micr,sweat,3939,7935,-0.057686143,0.01899968,0.07668582
Corrida completa,bri,heel,3816,6142,-0.05390273,-0.19013165,-0.13622892
Corrida completa,clearly,sprinkled,8107,6877,0.10480082,0.040339198,-0.06446162
Corrida completa,long,noises,789,1900,0.028682873,0.15774344,0.12906057
Corrida completa,Spot,slices,1162,6539,0.004110326,-0.02908819,-0.033198517
Corrida completa,chickens,perfume,4327,4822,0.011701465,0.17359884,0.16189738
Corrida completa,dad,leather,645,5344,0.09139144,0.04061988,-0.050771557
Corrida completa,bare,spider,5461,2315,-0.034629717,0.014036901,0.04866662
Corrida completa,collapsed,hold,8076,1388,0.089855686,0.18428883,0.094433144
Corrida completa,alone,furry,1616,2326,0.01076062,0.13622576,0.12546514
Corrida completa,order,whis,3520,2510,-0.020697825,-0.0205796,0.00011822395
Corrida completa,afraid,drinking,2050,5168,0.05457513,-0.05503612,-0.10961125
Corrida completa,Cat,heavy,5523,1784,0.05424895,0.061665148,0.007416196
Corrida completa,Fox,arrows,6888,6611,0.08882016,0.118240386,0.029420227
Corrida completa,farther,rooms,6165,4718,-0.15305507,0.07274586,0.22580093
Corrida completa,neighbourhood,sink,5531,3546,-0.08484194,0.057304487,0.14214642
Corrida completa,caused,friendship,6137,3478,-0.0057496987,0.05856644,0.06431614
Corrida completa,beginning,whis,6423,2510,-0.09288905,-0.0488652,0.04402385
Corrida completa,bowed,vine,5528,3936,-0.038113765,0.0022271536,0.04034092
Corrida completa,creature,impre,2059,2272,0.10529756,0.09910393,-0.0061936304
Corrida completa,app,person,1078,2174,-0.064008206,-0.07932331,-0.015315101
Corrida completa,happ,knight,374,2685,-0.019537436,0.07278578,0.092323214
Corrida completa,save,toe,2463,5237,0.0027258797,-0.07279389,-0.07551977
Corrida completa,check,untie,2912,7596,-0.028240368,0.120966405,0.14920677
Corrida completa,kept,opening,922,6305,-0.044008862,0.034661777,0.078670636
Corrida completa,rule,stick,6827,1131,-0.013317138,0.14999232,0.16330945
Corrida completa,learns,x,6192,5487,-0.060102675,0.007330321,0.067433
Corrida completa,Tommy,scooters,1589,7862,0.020272363,0.05909568,0.038823318
Corrida completa,beautifully,enorm,7554,3198,-0.027922597,-0.035618156,-0.0076955594
Corrida completa,project,simple,5941,5313,-0.008602075,0.030635977,0.03923805
Corrida completa,Jacky,ab,6754,644,-0.05853729,-0.13637209,-0.0778348
Corrida completa,clum,cute,3355,2081,0.008554678,0.001591295,-0.0069633834
Corrida completa,games,recorded,1877,6032,0.03182929,-0.03309985,-0.06492914
Corrida completa,arrow,lumber,3303,4920,0.063487105,0.16291401,0.0994269
Corrida completa,disc,letters,8057,3719,0.021616787,-0.025371782,-0.04698857
Corrida completa,You,pastries,570,6047,0.030659668,0.06466574,0.034006074
Corrida completa,ti,tough,6082,3022,-0.0072155595,-0.08649856,-0.079283
Corrida completa,designs,partic,7350,6118,-0.023392595,-0.05673068,-0.033338085
Corrida completa,Joe,eats,1299,5874,0.024881063,-0.11302898,-0.13791004
Corrida completa,Amelia,shone,6719,3261,0.005399078,-0.05969719,-0.06509627
Corrida completa,Why,eas,2643,2127,-0.051104173,-0.072936125,-0.021831952
Corrida completa,raz,tomato,4730,3458,0.041978866,-0.09664264,-0.13862151
Corrida completa,Bobo,rel,3492,1427,0.037674125,-0.10876092,-0.14643505
Corrida completa,master,upon,7271,441,-0.0013515442,-0.06055823,-0.059206687
Corrida completa,days,market,2066,3083,-0.0043097073,0.057664372,0.06197408
Corrida completa,she,sorting,335,5873,0.10516071,-0.029124886,-0.1342856
Corrida completa,new,shoo,575,7652,-0.09359369,-0.043342724,0.050250962
Corrida completa,scr,singing,2699,1891,-0.0034573246,-0.10692103,-0.10346371
Corrida completa,What,video,1602,4761,-0.007288754,-0.0882374,-0.08094864
Corrida completa,conductor,squir,7706,7765,-0.05327827,-0.082516074,-0.029237803
Corrida completa,plants,squeaked,2573,7697,-0.067632996,-0.06226897,0.005364027
Corrida completa,perfect,vibr,1524,8136,-0.085308105,0.08783962,0.17314772
Corrida completa,driveway,sister,7508,1688,0.09583285,0.07299098,-0.022841863
Corrida completa,Henry,Ray,4896,7895,-0.07377791,0.27970052,0.35347843
Corrida completa,sort,succeed,4078,3906,0.08396537,0.12640524,0.04243987
Corrida completa,trying,tunnels,1533,6760,-0.029274791,-0.01443392,0.014840871
Corrida completa,hose,shap,3090,1698,-0.04174991,-0.08246766,-0.04071775
Corrida completa,scream,telephone,1777,4791,0.109482355,0.13006435,0.020581998
Corrida completa,diamonds,ones,7666,2805,-0.031560306,0.12074894,0.15230924
Corrida completa,sug,truck,2900,1043,-0.0370058,-0.025125852,0.011879949
Corrida completa,flav,guide,5277,8129,0.05476573,-0.052223783,-0.10698952
Corrida completa,goodby,theirs,7658,6144,-0.059171192,-0.06690634,-0.007735148
Corrida completa,slid,wipe,2294,4677,-0.03170135,0.09400817,0.12570952
Corrida completa,lady,nuzzled,1272,7997,-0.064386375,-0.07312419,-0.008737817
Corrida completa,aff,pist,6389,4906,-0.063727446,0.21814014,0.2818676
Corrida completa,Now,probably,1492,7512,-0.0704509,-0.07594581,-0.0054949075
Corrida completa,Frog,sits,6986,5195,0.07023439,0.0029856516,-0.06724874
Corrida completa,fill,wra,1281,2106,-0.08994257,-0.12672547,-0.036782898
Corrida completa,lean,movies,3170,5900,0.03807567,0.106750175,0.068674505
Corrida completa,meet,offer,2211,4426,-0.05660379,0.16890025,0.22550404
Corrida completa,See,leading,4588,6371,-0.05630777,0.17798136,0.23428914
Corrida completa,bodies,ever,6934,1049,-0.06687252,-0.07327968,-0.0064071566
Corrida completa,hive,imagined,3931,3446,0.070636556,0.0009865202,-0.06965004
Corrida completa,advent,nut,954,2532,0.00875102,0.04824739,0.03949637
Corrida completa,Alan,Everywhere,8168,2385,-0.03618964,-0.123955354,-0.08776571
Corrida completa,exactly,threw,5638,1805,0.040349163,0.09432655,0.053977385
Corrida completa,cleaner,goals,7503,5987,-0.05117563,0.1227714,0.17394704
Corrida completa,sea,shelf,1881,2497,-0.10857181,0.06500775,0.17357957
Corrida completa,always,dictionary,650,4946,-0.055453066,-0.063833326,-0.00838026
Corrida completa,Molly,cool,1766,1336,-0.046008334,-0.029239058,0.016769275
Corrida completa,broom,maker,6075,7564,0.013616544,0.18454492,0.17092837
Corrida completa,Spring,cabinet,8163,4859,0.048617575,0.06729527,0.018677693
Corrida completa,baby,receive,1460,5272,-0.05573746,-0.06651157,-0.010774113
Corrida completa,Lee,bug,4238,1470,0.025992738,0.11379708,0.08780435
Corrida completa,shark,soaking,3052,7589,0.059700802,0.043774556,-0.015926246
Corrida completa,cu,gifted,905,3711,-0.038755495,-0.05384528,-0.015089784
Corrida completa,feelings,tax,4356,4148,-0.1751658,-0.065529615,0.10963619
Corrida completa,argued,b,5514,267,0.104236156,-0.06841288,-0.17264903
Corrida completa,Chirpy,revealed,5508,5374,0.12278638,-0.01207968,-0.13486606
Corrida completa,robots,twins,7903,1819,0.0924117,0.1429916,0.050579906
Corrida completa,finish,qui,2386,7688,-0.013342385,0.06261466,0.075957045
Corrida completa,coup,investig,6724,4509,-0.034625463,0.13132277,0.16594824
Corrida completa,oranges,weekend,4856,6625,-0.016744755,0.11694294,0.1336877
Corrida completa,newspaper,starfish,5255,6852,-0.002688555,0.2484527,0.25114125
Corrida completa,bit,slower,1197,6947,-0.112393886,-0.033847854,0.07854603
Corrida completa,However,mater,5564,5705,-0.019269649,0.049815644,0.06908529
Corrida completa,boat,business,1123,7633,0.10300308,0.14931898,0.0463159
Corrida completa,crab,excited,2474,609,0.12189868,0.08004081,-0.04185787
Corrida completa,hello,marshmallows,2067,7244,-0.05136976,0.13631976,0.18768951
Corrida completa,block,distract,1233,7529,-0.008464785,0.009404929,0.017869715
Corrida completa,insect,tigers,4612,6839,0.035592943,0.1168482,0.08125526
Corrida completa,butter,vet,1189,4383,-0.048717674,0.01868442,0.067402095
Corrida completa,creations,wonder,6826,1093,-0.12962756,-0.03741405,0.092213504
Corrida completa,clown,white,2737,1577,-0.05760131,0.032257512,0.08985882
Corrida completa,automob,vegg,4700,7601,-0.1118896,0.051961098,0.1638507
Corrida completa,share,unfortunately,951,7893,-0.0048423745,0.014915906,0.01975828
Corrida completa,Gra,dad,1617,645,0.01107204,-0.1336732,-0.14474525
Corrida completa,bleeding,humming,5622,7931,0.010000007,0.18853885,0.17853884
Corrida completa,These,soaking,5745,7589,-0.13439098,-0.035566367,0.09882461
Corrida completa,dangerous,matching,1776,5912,0.15302376,0.18630342,0.033279657
Corrida completa,giraff,muscle,6473,6587,0.08857452,0.03384587,-0.05472865
Corrida completa,swe,video,3210,4761,-0.0044588456,0.001605928,0.0060647735
Corrida completa,Sara,pal,772,4322,-0.010958727,0.08694599,0.09790471
Corrida completa,numbers,worried,3395,1678,-0.05120025,0.07805389,0.12925413
Corrida completa,Help,ben,4729,1971,-0.1385937,0.026979236,0.16557294
Corrida completa,important,swam,1096,1899,-0.009272642,-0.008692727,0.000579915
Corrida completa,attempt,regret,8062,4671,0.04137656,0.071696065,0.030319504
Corrida completa,father,shop,2852,1942,0.05921241,0.09229319,0.03308078
Corrida completa,Poppy,underst,5591,1271,0.079264335,0.022457544,-0.05680679
Corrida completa,Ang,wip,7013,2472,-0.06740824,-0.059862472,0.007545769
Corrida completa,prop,throughout,4800,7016,-0.018326899,-0.035026908,-0.016700009
Corrida completa,drove,struggled,1852,5480,0.069826044,0.121252365,0.05142632
Corrida completa,Squ,z,6485,1192,-0.015841715,0.30648184,0.32232356
Corrida completa,finger,hall,2731,3990,0.08503415,0.14441164,0.05937749
Corrida completa,Ella,carried,3257,2539,-0.07592179,-0.003422141,0.07249965
Corrida completa,Sunday,bringing,5404,5406,-0.035168882,0.004470419,0.0396393
Corrida completa,squeak,triang,7289,4043,-0.049016874,-0.012250749,0.036766127
Corrida completa,party,whisper,1691,4554,0.05436237,0.08616625,0.031803876
Corrida completa,gl,nood,873,6961,0.06816766,0.19720557,0.12903792
Corrida completa,Finn,jog,7447,3253,-0.025223464,0.03637085,0.061594315
Corrida completa,baskets,magic,7368,1270,-0.008646458,0.0831013,0.09174776
Corrida completa,asks,bags,1669,3293,0.004674185,-0.11851038,-0.12318456
Corrida completa,could,honked,453,7098,0.06565413,0.037522167,-0.028131962
Corrida completa,Pet,church,7556,4656,-0.012906618,-0.088441916,-0.0755353
Corrida completa,add,any,2803,707,0.06966599,0.15699044,0.08732445
Corrida completa,dreamt,unfortunately,6586,7893,-0.03846225,-0.15907258,-0.12061033
Corrida completa,Christ,bec,6224,628,-0.009236945,0.10793246,0.11716941
Corrida completa,E,s,600,260,0.079256885,0.16796243,0.08870555
Corrida completa,pasta,scatter,3445,3509,-0.026052952,-0.04650814,-0.020455189
Corrida completa,ambulance,won,4479,1632,0.10155527,0.029904254,-0.07165102
Corrida completa,Jeff,disco,6052,2071,-0.018712737,-0.03714452,-0.018431783
Corrida completa,How,well,2402,1963,0.014214499,-0.08084439,-0.09505889
Corrida completa,Libby,hesitated,8074,6659,-0.049434558,-0.061990913,-0.012556355
Corrida completa,concert,whistled,7837,5265,-0.021415345,0.14857127,0.1699866
Corrida completa,Br,Pippa,2711,8140,-0.034586687,-0.08472714,-0.05014045
Corrida completa,selfish,snort,2454,7522,0.0141720325,0.039187312,0.02501528
Corrida completa,disturb,planned,3938,5691,0.113080814,-0.060943335,-0.17402415
Corrida completa,Davey,water,7576,744,-0.063051194,-0.07130312,-0.008251928
Corrida completa,pedal,sy,5473,7223,0.054326866,0.0082632415,-0.046063624
Corrida completa,bright,prune,1095,5646,-0.0441299,0.056260623,0.10039052
Corrida completa,spray,worker,2384,6286,0.06080617,-0.046914756,-0.10772093
Corrida completa,bye,refrigerator,5678,5008,-0.024167078,-0.124463975,-0.1002969
Corrida completa,doors,material,4570,7509,0.07409561,0.15752977,0.083434165
Corrida completa,finding,shell,3397,2098,-0.15449953,-0.086025715,0.068473816
Corrida completa,greeted,market,6892,3083,0.1050316,0.029414503,-0.0756171
Corrida completa,pre,wakes,1438,7516,0.028871546,0.09665707,0.067785524
Corrida completa,ha,rubs,297,6557,0.003986324,0.07220562,0.0682193
Corrida completa,hurried,tw,5366,717,0.016863981,0.06666292,0.049798943
Corrida completa,Ginger,flowers,8056,1084,-0.13269664,-0.040170923,0.09252572
Corrida completa,Everyday,tiptoed,5111,6796,0.092970826,-0.04418593,-0.13715675
Corrida completa,Lou,stor,6173,929,-0.061892334,-0.009070098,0.052822236
Corrida completa,enc,goodbye,3353,1136,0.04745174,0.08274171,0.03528997
Corrida completa,cust,figured,6734,5788,-0.036533747,-0.006405201,0.030128546
Corrida completa,captain,pus,4980,1334,0.03074051,-0.025981592,-0.056722105
Corrida completa,boat,door,1123,968,-0.10957183,0.1961468,0.30571863
Corrida completa,fits,vehic,7346,4629,0.08375951,0.03385764,-0.04990187
Corrida completa,target,white,7784,1577,-0.08027638,0.038749296,0.11902568
Corrida completa,spat,tried,7822,733,-0.046011973,0.13011354,0.17612551
Corrida completa,In,warm,1392,1148,-0.03196436,-0.14015071,-0.10818635
Corrida completa,St,sold,2358,2695,0.006399248,-0.10213828,-0.108537525
Corrida completa,bigger,scarves,1666,6608,0.023514792,0.14066258,0.11714779
Corrida completa,Something,gifts,5771,5147,0.005228849,0.0476608,0.04243195
Corrida completa,gifts,squeezed,5147,4660,0.09452836,-0.10966413,-0.20419249
Corrida completa,marching,scatter,5300,3509,0.116646186,0.07291508,-0.04373111
Corrida completa,bean,start,3399,530,-0.0076916013,0.034493357,0.042184956
Corrida completa,crumbs,drawn,6215,6715,0.14957084,0.25168735,0.10211651
Corrida completa,eagle,hear,5605,1453,0.05953209,0.046399314,-0.013132777
Corrida completa,eye,troubled,2853,4073,0.023328071,0.02295863,-0.00036944076
Corrida completa,bushes,garden,3199,846,-0.071003914,0.2650594,0.33606333
Corrida completa,color,forget,993,1870,-0.020943755,0.0026873294,0.023631085
Corrida completa,paused,st,5080,333,-0.025749866,-0.12595202,-0.10020216
Corrida completa,Ol,fight,5716,1555,0.09563449,0.02167541,-0.07395908
Corrida completa,Can,microphone,1347,3980,-0.06880183,-0.11330236,-0.04450053
Corrida completa,grew,peacefully,2458,6828,0.120325714,0.10097449,-0.019351222
Corrida completa,blouse,cre,5053,969,0.03855222,-0.1493346,-0.18788682
Corrida completa,ow,touched,3433,2065,-0.122499436,0.022948716,0.14544815
Corrida completa,cord,grandson,3981,7936,-0.058397327,0.03284087,0.0912382
Corrida completa,beauty,trusted,3601,4763,-0.0824674,0.07510206,0.15756947
Corrida completa,Michael,neatly,7565,6952,-0.15906334,-0.07248378,0.08657956
Corrida completa,mane,sto,6353,973,-0.03703653,-0.11755433,-0.0805178
Corrida completa,activities,trouble,6128,2169,-0.04737758,0.02521976,0.07259734
Corrida completa,hoop,released,3414,5882,-0.05169195,-0.10571624,-0.054024294
Corrida completa,attack,nest,6470,2015,-0.05918189,0.02053289,0.07971478
Corrida completa,Am,firefly,5615,7290,-0.11384018,-0.09698093,0.016859248
Corrida completa,flies,pol,4395,1611,0.09577213,-0.0037263073,-0.099498436
Corrida completa,forgetting,visiting,6794,5459,-0.02600398,0.0562484,0.08225238
Corrida completa,burned,fav,4548,1181,0.065912604,0.09488685,0.028974243
Corrida completa,hung,twinkled,3642,7417,0.008719707,0.13692582,0.1282061
Corrida completa,breathe,fill,5056,1281,-0.0501998,0.07536423,0.12556404
Corrida completa,tri,wheels,1257,3686,0.057773627,-0.053465508,-0.111239135
Corrida completa,time,y,393,327,-0.05166717,-0.24157368,-0.18990651
Corrida completa,sizes,slowly,4721,1677,-0.02113562,0.021844592,0.042980213
Corrida completa,experien,surprise,6704,1341,-0.07256576,-0.037999053,0.034566704
Corrida completa,find,una,633,8152,-0.03673861,-0.056687742,-0.01994913
Corrida completa,langu,robber,4209,7421,0.0070459303,-0.033442996,-0.04048893
Corrida completa,dull,track,3363,3163,-0.016106926,-0.008066453,0.008040473
Corrida completa,hop,point,1159,4107,-0.13003355,0.061952658,0.1919862
Corrida completa,buzz,cautiously,4130,6425,-0.09368827,-0.027343646,0.066344626
Corrida completa,rip,vehicles,6633,7698,0.004281834,0.025459163,0.02117733
Corrida completa,buildings,coug,5231,7790,-0.019084759,-0.028980043,-0.009895284
Corrida completa,mistakes,spaghetti,4553,3592,0.009015303,0.064632274,0.05561697
Corrida completa,mom,pinched,365,5556,0.06475166,-0.0010024309,-0.06575409
Corrida completa,bring,drivers,1901,7411,-0.003892324,-0.1698358,-0.16594349
Corrida completa,asked,whoever,511,7959,-0.021735536,-0.097065255,-0.07532972
Corrida completa,borrowed,trophy,6908,3987,-0.03864616,-0.066090845,-0.027444683
Corrida completa,campfire,firemen,7416,5761,0.107468076,0.2790404,0.17157233
Corrida completa,stories,tummy,1906,3197,-0.021117786,-0.011593416,0.00952437
Corrida completa,daddy,green,1558,1356,0.110707305,-0.028081628,-0.13878894
Corrida completa,daisy,mesmer,4913,6647,0.010897289,-0.11863622,-0.12953351
Corrida completa,comm,impatient,6174,3694,-0.025362369,0.0282653,0.05362767
Corrida completa,graceful,pupil,3410,5407,-0.07460275,-0.033931646,0.040671106
Corrida completa,feeding,starfish,7178,6852,-0.0011188891,-0.020862427,-0.019743538
Corrida completa,Sophie,fur,4279,1576,0.047020324,0.046083204,-0.0009371191
Corrida completa,Tuesday,packed,5808,2688,0.10410088,0.07435885,-0.029742032
Corrida completa,brand,snuck,5400,6385,0.0019784681,0.1405725,0.13859403
Corrida completa,bre,saw,1062,411,0.009884978,-0.052704334,-0.06258931
Corrida completa,Martha,walking,7701,999,0.025390992,-0.07368794,-0.09907893
Corrida completa,raft,thanked,4274,839,0.020691236,-0.12234682,-0.14303805
Corrida completa,favorite,fin,1280,916,-0.04115192,0.064029455,0.10518137
Corrida completa,muddy,quacked,5452,6179,0.021485727,0.12685625,0.10537052
Corrida completa,belt,chick,4231,2351,-0.076483555,0.068421096,0.14490464
Corrida completa,kindness,nam,2988,476,-0.048511647,-0.038396396,0.010115251
Corrida completa,escape,nodded,3150,1030,0.011216044,-0.024928194,-0.036144238
Corrida completa,jail,stops,5104,3524,0.011414871,-0.077020064,-0.088434935
Corrida completa,belts,chop,7409,6594,-0.061533358,-0.07123934,-0.009705979
Corrida completa,enth,flick,3672,7759,0.0062291585,0.11813549,0.111906335
Corrida completa,grill,hugging,4717,6005,-0.02239585,-0.018543757,0.0038520917
Corrida completa,He,must,314,1713,0.0016461369,0.041775353,0.040129215
Corrida completa,hand,wardrobe,734,4597,-0.08145627,0.03810138,0.11955765
Corrida completa,creat,decoration,1475,7992,0.0836341,0.039606854,-0.044027247
Corrida completa,monsters,passed,5419,2648,0.011521969,-0.037338916,-0.048860885
Corrida completa,drank,song,2896,1493,-0.09485498,0.10419094,0.19904593
Corrida completa,games,hus,1877,6817,0.063274726,0.017556675,-0.04571805
Corrida completa,Where,brus,3973,5325,-0.11698928,0.009299491,0.12628877
Corrida completa,dressing,same,7858,1773,0.030505395,0.07583769,0.04533229
Corrida completa,brus,co,5325,565,0.032103643,-0.046169855,-0.0782735
Corrida completa,Maya,it,6574,304,-0.07465703,0.08701804,0.16167507
Corrida completa,breeze,refused,4448,3512,0.0048835715,0.0286025,0.023718927
Corrida completa,rocked,winked,5635,6410,0.019891277,0.14965822,0.12976694
Corrida completa,includ,power,4965,2083,0.031214057,-0.020476583,-0.051690638
Corrida completa,behave,standing,4042,2571,0.009770725,0.09041082,0.08064009
Corrida completa,miss,tuck,1981,7222,-0.05960669,0.07406589,0.13367258
Corrida completa,dressed,mark,4465,2019,-0.015714277,-0.058416024,-0.042701747
Corrida completa,fair,matter,1432,2194,-0.110748366,-0.03138744,0.079360925
Corrida completa,climbing,wish,4138,1962,-0.056720443,-0.094894975,-0.038174532
Corrida completa,cop,doesn,3286,3504,0.011588144,-0.11629653,-0.12788467
Corrida completa,peek,stud,4257,4491,0.04274685,0.151664,0.108917154
Corrida completa,fair,pur,1432,4722,-0.03392279,-0.1332496,-0.099326804
Corrida completa,rewarded,safely,6643,3017,-0.1329602,0.0022524958,0.13521269
Corrida completa,ph,tunnels,1969,6760,0.04659863,-0.045483857,-0.092082486
Corrida completa,carpet,velvet,3814,5260,0.16429418,0.2139091,0.04961492
Corrida completa,disappear,disappeared,4787,2827,-0.041878108,0.49056342,0.53244156
Corrida completa,choose,point,3102,4107,0.058914997,0.024426127,-0.03448887
Corrida completa,seats,whisp,5379,2576,0.059180375,-0.028456114,-0.087636486
Corrida completa,flood,rushing,5207,7164,-0.035345178,0.03076868,0.06611386
Corrida completa,called,complet,931,3525,0.018655665,0.0082043735,-0.010451292
Corrida completa,Buddy,modern,3964,3469,0.064900406,0.0145582855,-0.05034212
Corrida completa,apart,gun,4652,2530,0.08248796,0.1003834,0.017895438
Corrida completa,Froggy,breath,7744,2535,0.004986599,0.2045244,0.1995378
Corrida completa,al,joins,501,7988,0.015958445,0.10302934,0.0870709
Corrida completa,bubble,secrets,4164,5413,-0.013162132,0.06701839,0.080180526
Corrida completa,organize,pretti,3977,5626,0.028806325,0.067677766,0.03887144
Corrida completa,Ro,coral,4287,7246,0.044301264,0.05564222,0.011340957
Corrida completa,bang,bikes,5089,4178,0.086591706,0.12939724,0.042805538
Corrida completa,judge,sur,4303,2215,0.015370857,0.017015915,0.0016450584
Corrida completa,luckily,oven,7533,2306,-0.05653886,-0.07517145,-0.018632587
Corrida completa,L,remembering,591,7155,0.04262937,-0.006411395,-0.049040765
Corrida completa,Goodbye,dot,6890,7712,0.03957926,-0.010243151,-0.049822412
Corrida completa,horiz,video,6544,4761,0.0145001765,-0.018244727,-0.032744903
Corrida completa,parked,tired,5680,1269,-0.09276216,-0.06281251,0.02994965
Corrida completa,bitten,cross,8150,2830,-0.02091275,0.12011274,0.14102548
Corrida completa,peanut,yacht,3356,4172,0.089712426,0.19707845,0.107366025
Corrida completa,caterpill,rotting,2659,7610,0.043760404,-0.005174108,-0.04893451
Corrida completa,filling,pan,6439,2364,0.07883046,-0.036247008,-0.115077466
Corrida completa,covers,post,6334,3328,7.452816e-05,0.07751917,0.07744464
Corrida completa,achie,past,4945,1841,0.0055134445,-0.0050962456,-0.01060969
Corrida completa,leave,shopping,1639,5391,-0.039420243,-0.0040348023,0.03538544
Corrida completa,alert,budge,3862,5712,-0.14626126,0.09436372,0.24062498
Corrida completa,Sammy,agreement,2085,5394,-0.034221172,0.14940083,0.183622
Corrida completa,bulb,flight,4285,7087,-0.03665954,0.07680092,0.11346046
Corrida completa,discovery,earthquake,5148,5395,-0.015496677,0.12476261,0.14025928
Corrida completa,Mummy,rad,3428,2642,0.060535777,0.028080925,-0.032454852
Corrida completa,blooming,rad,5993,2642,-0.00536024,-0.059393875,-0.054033637
Corrida completa,drink,goodies,1965,7794,-0.004691506,0.038290575,0.04298208
Corrida completa,join,until,1746,802,0.07591513,-0.01526905,-0.09118418
Corrida completa,Buzzy,tour,6016,5631,-0.111014724,-0.043897446,0.067117274
Corrida completa,colours,emb,3959,2284,0.022571951,-0.099137016,-0.12170897
Corrida completa,birdcage,mark,5153,2019,-0.055465605,0.06554769,0.1210133
Corrida completa,appear,widened,5299,6645,0.049731143,0.13571061,0.08597947
Corrida completa,hairdresser,husband,7839,6914,-0.063339636,0.23840418,0.3017438
Corrida completa,granted,preparing,6835,7351,-0.055267524,0.14657868,0.20184621
Corrida completa,ripe,wanting,6351,5358,-0.048926227,-0.087898925,-0.0389727
Corrida completa,Ke,genie,5803,6950,-0.007050559,-0.036772773,-0.029722214
Corrida completa,cleaner,writing,7503,4551,0.029902533,0.14108783,0.1111853
Corrida completa,Whenever,rhythm,3173,5330,-0.013995856,-0.034121636,-0.02012578
Corrida completa,directions,wal,6462,602,-0.024406243,-0.052255925,-0.027849682
Corrida completa,embarrassed,gathered,2424,2601,-0.024015918,-0.1355596,-0.111543685
Corrida completa,cries,know,2675,694,0.10871253,0.04388997,-0.06482256
Corrida completa,Jan,selling,5923,5393,0.06908352,-0.010871381,-0.0799549
Corrida completa,bite,gently,1809,2304,0.065753475,0.015791131,-0.04996234
Corrida completa,blueberries,crew,4864,6966,-0.037026696,0.11525951,0.1522862
Corrida completa,expression,polite,8178,2693,-0.050072405,0.10307656,0.15314896
Corrida completa,gathering,genie,5786,6950,0.009858783,0.030153483,0.0202947
Corrida completa,seas,spir,4511,4035,0.040824972,0.058728643,0.01790367
Corrida completa,mush,rocking,3811,5875,0.04789093,0.024249192,-0.023641739
Corrida completa,norm,room,3035,763,0.020282667,-0.021685615,-0.041968282
Corrida completa,Ellie,love,3503,830,-0.03338699,-0.030249715,0.0031372756
Corrida completa,Snowy,blond,4879,8015,-0.0066814814,-0.037492674,-0.030811192
Corrida completa,Suddenly,oasis,1044,4550,-0.17041272,0.01952285,0.18993556
Corrida completa,fo,until,800,802,-0.05310475,0.023417432,0.07652219
Corrida completa,bang,tank,5089,3183,-0.020258818,0.051500104,0.071758926
Corrida completa,Ducky,modest,3172,4005,-0.004746264,-0.041705668,-0.036959402
Corrida completa,changing,mu,7395,582,-0.0032725967,0.055603925,0.058876522
Corrida completa,starfish,una,6852,8152,-0.058387123,-0.09169447,-0.033307344
Corrida completa,budge,logs,5712,6504,-0.05090088,0.057457265,0.108358145
Corrida completa,da,song,5985,1493,0.05425647,-0.14049713,-0.1947536
Corrida completa,film,insisted,4095,4971,0.051214967,-0.02509092,-0.07630589
Corrida completa,bott,vent,1734,5711,0.16614339,0.18824117,0.022097781
Corrida completa,Cla,doors,5548,4570,-0.029017057,-0.036479082,-0.0074620247
Corrida completa,dictionary,encouraging,4946,7307,0.1358454,0.070768364,-0.06507703
Corrida completa,talent,witch,5453,3537,0.101041585,0.046174992,-0.054866593
Corrida completa,push,rug,2392,3596,-0.04372993,-0.0044844663,0.039245464
Corrida completa,Enjoy,vehicle,6605,5021,-0.031519882,0.0074991677,0.03901905
Corrida completa,Hoppy,twinkled,5503,7417,-0.11911039,-0.12712412,-0.008013725
Corrida completa,grandma,wished,1531,1400,0.029302835,0.020418698,-0.0088841375
Corrida completa,blocks,ignoring,1417,7072,-0.073256776,-0.15266395,-0.07940717
Corrida completa,book,present,932,2189,-0.0862297,0.25946102,0.34569073
Corrida completa,alert,sped,3862,8011,-0.0676868,-0.070397735,-0.002710931
Corrida completa,allig,fit,4199,2029,-0.04163056,-0.05749178,-0.01586122
Corrida completa,Kim,means,3649,3106,0.030018587,-0.06637661,-0.096395195
Corrida completa,curiosity,permit,5444,5482,0.110237576,-0.06091591,-0.17115349
Corrida completa,neat,stuffed,3673,4170,0.023259483,0.07576516,0.05250568
Corrida completa,Jessie,pride,6413,4907,-0.015577693,0.105859876,0.121437564
Corrida completa,Jeff,p,6052,282,0.028387062,0.015310705,-0.013076358
Corrida completa,flex,sewing,3517,7699,-0.014396934,-0.023697032,-0.009300098
Corrida completa,off,waffle,781,4970,-0.08097772,-0.07072856,0.01024916
Corrida completa,Frog,frag,6986,3208,0.040518947,0.014603369,-0.025915578
Corrida completa,buzzed,exploring,7040,1915,0.09114504,0.010746591,-0.08039845
Corrida completa,downstairs,sunf,5647,3336,0.016518889,-0.0006289771,-0.017147865
Corrida completa,scampered,widened,7145,6645,0.060032196,0.021333149,-0.038699046
Corrida completa,bu,sa,791,296,0.036687225,0.26736265,0.23067543
Corrida completa,rub,throw,3555,1923,-0.028440882,0.24058266,0.26902354
Corrida completa,gesture,row,7783,4927,-0.061477512,0.08580164,0.14727914
Corrida completa,envelope,rice,3462,3854,-0.13897473,0.19510561,0.33408034
Corrida completa,comb,switch,3683,3821,-0.058375295,0.27359968,0.33197498
Corrida completa,bookshe,tore,5083,5069,-0.08538999,-0.1378147,-0.052424714
Corrida completa,factory,some,4667,519,0.048856206,-0.052410647,-0.10126685
Corrida completa,cones,web,5802,5838,-0.01791627,0.025950298,0.043866567
Corrida completa,star,stubborn,1991,3108,0.029882021,-0.00843084,-0.03831286
Corrida completa,inc,silver,2104,3940,0.08069208,0.013321827,-0.06737026
Corrida completa,bouncy,including,5670,6776,0.0022475608,-0.08112872,-0.08337627
Corrida completa,ob,whis,1999,2510,-0.13022529,0.1775266,0.3077519
Corrida completa,goose,read,3326,1375,0.034378145,-0.009432731,-0.043810874
Corrida completa,neighbourhood,zebra,5531,3726,-0.0072025238,0.14538574,0.15258826
Corrida completa,God,vi,4738,4024,-0.09213974,-0.115235746,-0.023096003
Corrida completa,second,silence,3975,5834,-0.0010831486,0.11194611,0.113029264
Corrida completa,bubble,coll,4164,1801,0.102850616,0.015831111,-0.0870195
Corrida completa,robot,rocket,2415,2431,0.03210896,0.39441532,0.36230636
Corrida completa,Red,rubbed,4091,3523,0.11338922,0.11709419,0.0037049726
Corrida completa,eggs,expect,2775,5989,-0.055725053,-0.10351227,-0.04778722
Corrida completa,dess,pass,3858,2324,0.05941432,0.13152753,0.07211321
Corrida completa,present,ticket,2189,4804,0.052797258,0.28907585,0.2362786
Corrida completa,bent,prune,3561,5646,-0.09210539,0.041326694,0.13343209
Corrida completa,Don,fr,2677,983,-0.012328196,0.1155192,0.1278474
Corrida completa,purred,reflection,5846,7292,-0.07714817,0.18116544,0.2583136
Corrida completa,overcome,pipe,7477,4112,-0.08471571,-0.11559891,-0.0308832
Corrida completa,sh,swe,381,3210,0.107110746,0.2843442,0.17723346
Corrida completa,exc,rain,568,1068,0.06691865,-0.042056788,-0.10897544
Corrida completa,dressed,sweep,4465,8030,0.057563722,-0.068587855,-0.12615158
Corrida completa,Cl,Tilly,3836,6120,0.064998716,-0.074394464,-0.13939318
Corrida completa,Els,mush,6342,3811,-0.0031544846,-0.024170749,-0.021016264
Corrida completa,ner,waff,2633,3847,-0.08746347,-0.11921168,-0.031748213
Corrida completa,Here,neatly,3746,6952,-0.034576546,-0.07973835,-0.045161802
Corrida completa,disturbed,greedy,5580,4633,0.10998404,0.16487253,0.054888487
Corrida completa,newfound,sleepy,7474,2588,0.027607098,-0.046946116,-0.074553214
Corrida completa,objects,solved,6547,5043,0.05240293,0.022984058,-0.02941887
Corrida completa,although,fell,7686,1210,-0.010520743,0.0018051863,0.0123259295
Corrida completa,great,jumping,1055,2503,-0.024447778,0.005415499,0.029863277
Corrida completa,windy,wonder,6848,1093,0.013635199,0.042613983,0.028978784
Corrida completa,Jill,gears,1768,7313,-0.019868433,0.1040028,0.12387124
Corrida completa,family,going,910,950,-0.12648477,-0.10300329,0.023481473
Corrida completa,tim,wrapped,6092,2997,0.024723483,0.02758937,0.0028658863
Corrida completa,hid,rele,1447,5651,-0.050749324,0.0006724987,0.05142182
Corrida completa,cheer,result,2212,5951,-0.0013090647,0.009024719,0.010333784
Corrida completa,deserve,shelf,6893,2497,0.13843831,0.07177216,-0.066666156
Corrida completa,clowns,foot,6743,2291,0.05083015,0.07215859,0.021328442
Corrida completa,Suzy,ambul,5581,4428,-0.011808421,-0.026434083,-0.014625661
Corrida completa,skills,vacation,4818,4905,-0.06591313,0.08482312,0.15073624
Corrida completa,offered,too,2941,436,0.0184835,-0.037619416,-0.056102917
Corrida completa,Bill,opinion,3972,6238,-0.06082,0.06540462,0.1262246
Corrida completa,barber,familiar,3556,6987,-0.029092772,-0.026414288,0.0026784837
Corrida completa,Spring,shot,8163,5014,0.0045629404,0.013295775,0.008732835
Corrida completa,creating,travelled,6038,6646,0.057573598,0.20509067,0.14751707
Corrida completa,John,Tara,1185,6700,-0.05171348,0.32228726,0.37400073
Corrida completa,Jojo,tong,7630,4844,0.011622433,-0.100261614,-0.11188404
Corrida completa,Mimi,bin,5002,3999,-0.06613194,0.050884794,0.11701673
Corrida completa,Joanna,bet,8054,3845,-0.027916986,-0.08642785,-0.058510866
Corrida completa,chirping,shy,5075,2372,0.033477433,0.16316089,0.12968346
Corrida completa,battery,diving,4789,6500,-0.0026345104,0.08726099,0.0898955
Corrida completa,cakes,ham,5256,3015,0.012137249,0.14810203,0.13596478
Corrida completa,attached,deter,5114,2480,-0.075896196,-0.11513937,-0.039243177
Corrida completa,awo,understands,7373,7568,-0.014649073,-0.12920587,-0.1145568
Corrida completa,regretted,up,6164,358,-0.0057011824,-0.033127636,-0.027426453
Corrida completa,cape,convinced,5919,8183,-0.057855774,-0.10938673,-0.051530953
Corrida completa,permitted,snack,7637,1731,-0.03844956,-0.060052987,-0.021603428
Corrida completa,shivered,sunf,5826,3336,0.0072298925,-0.02680736,-0.034037255
Corrida completa,ash,plants,2387,2573,-0.0007167775,0.25179172,0.2525085
Corrida completa,clear,row,2908,4927,-0.032969393,0.022431355,0.055400748
Corrida completa,cloudy,scampered,7571,7145,0.053652313,0.0488793,-0.0047730133
Corrida completa,Elsie,hidden,7869,2508,0.051672447,-0.105126664,-0.15679911
Corrida completa,concer,incl,6870,4169,0.028719656,0.21290872,0.18418905
Corrida completa,fruit,nodded,1804,1030,0.016834956,-0.027766302,-0.044601258
Corrida completa,talent,weep,5453,4547,-0.048917063,0.082541704,0.13145876
Corrida completa,drinking,happen,5168,1868,0.05210394,-0.016245738,-0.068349674
Corrida completa,swaying,ty,8033,6337,0.0639928,0.05494857,-0.00904423
Corrida completa,pushing,sneezed,3969,5447,-0.0039444156,-0.012943197,-0.008998781
Corrida completa,image,mosquitoes,5442,8137,0.05060002,0.10189199,0.05129197
Corrida completa,bulb,mood,4285,7680,-0.032052603,0.13014638,0.16219899
Corrida completa,basement,plenty,7003,5936,0.030435555,0.0887342,0.058298647
Corrida completa,exercise,hive,4919,3931,0.060960412,0.2214843,0.16052389
Corrida completa,finding,treat,3397,1638,0.07120715,-0.012256466,-0.08346362
Corrida completa,at,gar,452,2742,0.09553239,0.083686754,-0.011845633
Corrida completa,salad,sweet,3348,1207,-0.0090376185,0.14277117,0.15180878
Corrida completa,lightning,separated,4057,6644,-0.08571041,0.04832246,0.13403288
Corrida completa,cleaning,sna,3194,2619,-0.07543139,-0.07802279,-0.0025914013
Corrida completa,Being,pop,6322,2224,0.024144322,-0.20231622,-0.22646055
Corrida completa,frogs,horns,4373,5916,0.05876742,0.2694192,0.21065177
Corrida completa,blueberries,puts,4864,2232,-0.13823397,-0.12900397,0.009230003
Corrida completa,bottle,hissed,2176,6437,-0.005623184,0.06407828,0.06970146
Corrida completa,ordinary,really,3622,1254,-0.06844117,-0.052723184,0.015717983
Corrida completa,mouths,panicked,5392,7444,0.010674402,0.06644485,0.05577045
Corrida completa,Tw,storekeeper,5779,5910,0.15773198,-0.14494231,-0.3026743
Corrida completa,noses,store,6751,1107,0.037542257,0.053658746,0.016116489
Corrida completa,root,vict,5149,5687,-0.017215189,-0.033070117,-0.015854929
Corrida completa,hear,poppy,1453,5399,-0.088279255,-0.14578584,-0.057506584
Corrida completa,Un,fan,4460,2082,0.073482126,0.010167306,-0.06331482
Corrida completa,gloves,needed,5623,1383,-0.0021359138,0.01691031,0.019046225
Corrida completa,caterpillar,observe,2721,5239,-0.044480607,0.017141003,0.06162161
Corrida completa,favor,scary,1275,1516,0.014938986,-0.06548414,-0.080423124
Corrida completa,knowledge,volcano,5857,3716,-0.054246515,0.12963542,0.18388194
Corrida completa,dis,race,1071,1694,-0.09001001,-0.02941034,0.06059967
Corrida completa,grass,truth,1216,3614,-0.016464327,0.12294057,0.1394049
Corrida completa,fa,wrapped,537,2997,-0.026860017,-0.18123062,-0.1543706
Corrida completa,breathing,creative,7668,2459,-0.0044141887,-0.041556723,-0.037142534
Corrida completa,destroyed,milk,4940,2133,-0.0742102,-0.035068378,0.03914182
Corrida completa,screamed,wr,2293,1027,-0.07814751,0.019740053,0.09788756
Corrida completa,handful,lot,6654,662,-0.014809091,0.23724954,0.25205863
Corrida completa,digg,tomato,4977,3458,-0.014225539,0.052813955,0.06703949
Corrida completa,Bear,door,3957,968,0.09602603,0.03806004,-0.057965994
Corrida completa,preparing,slam,7351,6714,0.0040096324,0.1310635,0.12705387
Corrida completa,Here,fragile,3746,3266,0.0038770922,-0.029946089,-0.03382318
Corrida completa,curiosity,grabbed,5444,1184,-0.014172397,-0.11360723,-0.09943483
Corrida completa,fairy,pony,1827,3792,0.045494378,0.26795706,0.22246268
Corrida completa,inse,rules,4352,3859,0.013729292,-0.08722599,-0.10095528
Corrida completa,powder,shelf,4338,2497,0.033599,0.2637822,0.2301832
Corrida completa,mattress,raincoat,4482,6333,-0.062962815,0.18989982,0.25286263
Corrida completa,budge,enthusiastic,5712,4089,-0.0012438893,0.058224283,0.059468172
Corrida completa,gate,pres,2671,2136,0.04371045,-0.027912943,-0.07162339
Corrida completa,choo,remembers,6466,5319,-0.096855596,-0.12645164,-0.029596046
Corrida completa,pouring,sorted,5787,5938,-0.012829326,0.26364952,0.27647886
Corrida completa,rained,straight,5377,4466,0.05593279,-0.0071402825,-0.06307307
Corrida completa,serious,swayed,3372,7913,0.016475618,-0.096057475,-0.11253309
Corrida completa,Ray,arms,7895,2009,0.089489736,0.06861222,-0.020877518
Corrida completa,battery,cuddly,4789,6926,-0.0346938,-0.01563244,0.01906136
Corrida completa,spe,taste,2434,2448,0.054349527,0.07140069,0.01705116
Corrida completa,attention,more,4298,692,0.093887925,0.0018049888,-0.09208293
Corrida completa,neigh,scarf,1823,2749,-0.008541271,0.027670246,0.036211517
Corrida completa,exactly,foot,5638,2291,0.023173273,-0.10421834,-0.1273916
Corrida completa,moved,owned,1902,5640,-0.021663947,0.097851664,0.11951561
Corrida completa,increased,lips,7043,5541,-0.019031642,0.076229274,0.09526092
Corrida completa,beyond,crash,6516,4862,0.034613445,0.14605741,0.11144397
Corrida completa,sparkled,squee,3451,3005,-0.022378013,-0.1253756,-0.102997586
Corrida completa,mos,needles,4415,6738,-0.13670625,-0.19133893,-0.05463268
Corrida completa,agrees,rest,6432,1242,0.08037721,0.13442099,0.054043777
Corrida completa,an,get,412,604,-0.02792199,0.027319603,0.055241592
Corrida completa,pad,snowballs,4128,6745,-0.024116572,0.059112217,0.08322879
Corrida completa,key,twin,1977,6446,-0.026869612,-0.006563101,0.02030651
Corrida completa,encouragement,sadd,7942,7248,0.0126800835,0.084297255,0.07161717
Corrida completa,steady,tent,7281,2715,0.029086895,0.10154176,0.07245486
Corrida completa,pieces,pretend,1673,1321,0.025670156,-0.021650746,-0.047320902
Corrida completa,cre,geese,969,7081,-0.020233726,-0.019115496,0.0011182297
Corrida completa,mass,sk,4929,725,-0.0124890525,0.32239312,0.33488217
Corrida completa,fluffy,hopping,2822,2732,0.017796615,0.077448055,0.059651442
Corrida completa,sidewalk,yoga,5279,4733,0.07828276,0.22911768,0.15083492
Corrida completa,Robbie,two,7041,904,0.04675091,-0.02118266,-0.067933574
Corrida completa,movements,tax,8164,4148,0.013784325,0.07250147,0.058717147
Corrida completa,tall,trotted,1403,7674,-0.023755655,-0.057891414,-0.03413576
Corrida completa,experience,mitten,4842,5285,-0.044231754,-0.0494289,-0.005197145
Corrida completa,ended,horizon,4064,6560,0.0077156164,0.1271333,0.11941768
Corrida completa,anywhere,opin,3685,5757,-0.025932826,-0.028855363,-0.0029225368
Corrida completa,Pam,sal,6740,2309,0.0033874214,-0.060635537,-0.06402296
Corrida completa,Today,Zoe,3180,5481,0.036390968,0.08291068,0.04651971
Corrida completa,sk,vegetable,725,2461,0.055925414,-0.09029589,-0.14622131
Corrida completa,basket,six,1843,5519,-0.00478711,-0.045428872,-0.040641762
Corrida completa,Kiki,dif,7569,1036,0.047784913,0.03759862,-0.010186292
Corrida completa,instrum,observe,6601,5239,-0.08212741,-0.15051511,-0.0683877
Corrida completa,roaring,speak,5847,4059,-0.043026604,0.12613195,0.16915855
Corrida completa,Suzie,blooming,6235,5993,-0.05437983,0.00959646,0.06397629
Corrida completa,cape,chases,5919,6085,-0.020603526,-0.03277252,-0.012168992
Corrida completa,bill,writes,4992,5714,0.090805985,-0.02188617,-0.112692155
Corrida completa,harsh,pad,3949,4128,-0.024436522,0.039937712,0.06437424
Corrida completa,Poppy,tal,5591,1110,-0.08433185,-0.07687092,0.0074609295
Corrida completa,depend,liqu,3059,6226,0.04712584,-0.060026318,-0.10715216
Corrida completa,fasc,ground,5146,975,-0.0075960085,-0.15055075,-0.14295474
Corrida completa,Suzie,hurry,6235,3761,0.05784913,-0.042981178,-0.10083031
Corrida completa,Do,finish,1318,2386,0.0338083,0.036538962,0.0027306639
Corrida completa,Both,keeper,6352,5405,-0.010865241,-0.091684304,-0.08081906
Corrida completa,Ann,struc,2612,4988,0.05534888,0.037930097,-0.017418783
Corrida completa,rip,rot,6633,4332,0.021982744,0.24567738,0.22369464
Corrida completa,hundred,imagination,7918,4420,-0.06942571,0.10075505,0.17018077
Corrida completa,Mary,munching,1931,8180,-0.041941725,-0.13815582,-0.09621409
Corrida completa,Mel,sitting,6536,2041,-0.07006629,0.0028906856,0.07295697
Corrida completa,frightened,vent,3117,5711,0.021098621,0.0017014295,-0.019397192
Corrida completa,frowned,oats,4104,5387,-0.08957398,0.06803518,0.15760916
Corrida completa,anymore,diamonds,1173,7666,0.061082512,0.15494801,0.0938655
Corrida completa,festival,todd,5120,6454,0.025656324,-0.10239534,-0.12805167
Corrida completa,doors,pops,4570,7531,-0.047469135,-0.022383615,0.02508552
Corrida completa,careless,pengu,3411,3877,-0.03155181,0.017925275,0.049477085
Corrida completa,fresh,sprink,3324,4216,-0.08928779,0.17704006,0.26632786
Corrida completa,Pandy,swayed,6804,7913,-0.038056124,-0.059409585,-0.02135346
Corrida completa,act,brilliant,2109,3130,0.04757579,0.029917566,-0.017658224
Corrida completa,beha,get,5648,604,0.027694404,-0.05884394,-0.086538345
Corrida completa,petted,wrigg,5425,7439,0.018651575,-0.011451897,-0.030103471
Corrida completa,apron,brus,4810,5325,-0.14132582,-0.014326122,0.12699969
Corrida completa,bull,window,3299,1384,-0.20479098,-0.0017265901,0.20306438
Corrida completa,Peter,wet,2653,1557,0.06902501,-0.08181568,-0.1508407
Corrida completa,fro,standing,1342,2571,0.101079196,-0.059823696,-0.16090289
Corrida completa,Velvet,gl,7670,873,0.017064068,-0.0019163042,-0.018980373
Corrida completa,woods,wraps,1605,6832,0.04952278,-0.049653266,-0.09917605
Corrida completa,pillows,refu,5500,6685,-0.056360967,-0.09540486,-0.039043896
Corrida completa,Am,heroes,5615,7238,-0.04813226,-0.026818791,0.021313468
Corrida completa,hon,save,2218,2463,0.021838024,-0.017066333,-0.038904358
Corrida completa,super,waterfall,3835,7437,0.04069127,0.009548193,-0.031143079
Corrida completa,dripping,returned,8024,2560,-0.11357002,-0.009158358,0.10441166
Corrida completa,One,climbed,505,1567,-0.16214916,-0.068678826,0.093470335
Corrida completa,flip,pants,7795,3651,0.0014919713,0.05392842,0.05243645
Corrida completa,Owl,scale,6853,3572,-0.08069666,0.1485894,0.22928606
Corrida completa,pretend,quest,1321,2195,-0.05318035,0.03565273,0.08883308
Corrida completa,rail,scored,4714,7190,0.03370212,0.09412192,0.060419798
Corrida completa,siblings,worse,6779,5244,0.086310014,0.10554637,0.019236356
Corrida completa,buying,fauc,6300,4409,0.022967752,-0.049300432,-0.07226819
Corrida completa,Toby,bott,3664,1734,0.033544652,-0.09884459,-0.13238925
Corrida completa,fighting,picnics,2404,8167,0.023399387,0.014988318,-0.0084110685
Corrida completa,oy,shivered,3945,5826,0.0839718,-0.083206326,-0.16717812
Corrida completa,gloomy,wo,3736,883,-0.049308468,-0.06585324,-0.01654477
Corrida completa,crew,darkness,6966,6231,0.01821156,0.1573437,0.13913214
Corrida completa,completely,sails,6079,7116,-0.05731684,-0.06463511,-0.007318273
Corrida completa,kingdom,spat,4323,7822,-0.06709115,-0.13933264,-0.072241485
Corrida completa,Squeaky,finally,7539,1504,-0.019299999,0.031920083,0.05122008
Corrida completa,houses,sneaky,3300,6326,0.070347324,0.10997695,0.039629623
Corrida completa,closer,fuzzy,1143,6309,-0.047120742,0.20759383,0.25471458
Corrida completa,electric,refriger,7963,5006,0.05331251,-0.005697729,-0.059010237
Corrida completa,dancers,mo,6490,727,0.04126514,-0.065655366,-0.10692051
Corrida completa,mum,toilet,1250,4463,-0.0630747,0.1060425,0.1691172
Corrida completa,He,glove,314,4243,0.028932355,-0.09160586,-0.12053821
Corrida completa,helping,teasing,1750,5851,-0.0374549,0.22859064,0.26604554
Corrida completa,knows,smart,3270,1775,-0.007973749,0.008642368,0.016616117
Corrida completa,Tweet,we,2185,367,-0.016390158,0.056401737,0.0727919
Corrida completa,beauty,drawers,3601,7131,0.14142688,0.16823208,0.026805207
Corrida completa,magazine,maker,4768,7564,0.083656974,0.2185155,0.13485852
Corrida completa,better,zipping,815,6849,-0.027459396,0.05178813,0.07924753
Corrida completa,escaped,saf,5340,2186,0.055828303,0.067131385,0.011303082
Corrida completa,flags,old,6323,690,0.002571078,-0.01104578,-0.013616858
Corrida completa,cupcakes,hand,6596,734,-0.061912578,0.039496936,0.10140951
Corrida completa,surf,weather,3568,4267,-0.04572779,0.19023016,0.23595795
Corrida completa,mil,ordered,2054,5346,-0.05657188,-0.102737516,-0.046165638
Corrida completa,Co,tweet,4996,7987,0.072230116,0.042983886,-0.02924623
Corrida completa,fascin,helper,5200,4750,0.00081534684,-0.22293086,-0.22374621
Corrida completa,Mo,welc,6563,1744,-0.008838523,0.014065107,0.02290363
Corrida completa,Mabel,ti,7433,6082,-0.049337305,-0.020064244,0.029273061
Corrida completa,Sl,fair,7820,1432,0.0525425,-0.07200093,-0.12454343
Corrida completa,block,comes,1233,2088,0.07287128,0.11550066,0.042629376
Corrida completa,norm,swords,3035,7252,0.05053273,0.030987121,-0.019545607
Corrida completa,pout,wal,6003,602,0.011152262,0.100555815,0.089403555
Corrida completa,bones,stranger,5520,3460,0.05064044,0.15655632,0.10591588
Corrida completa,lived,respectful,903,4108,-0.017305456,0.035671264,0.05297672
Corrida completa,lad,whole,2302,2199,-0.07136747,-0.007260531,0.06410694
Corrida completa,Both,While,6352,3479,-0.020810433,0.12467508,0.14548552
Corrida completa,properly,spin,5730,2150,0.023425136,-0.0030861595,-0.026511295
Corrida completa,respond,would,7117,523,0.0025618467,-0.10763333,-0.110195175
Corrida completa,Sandy,equ,4100,4972,-0.06600137,-0.11743375,-0.05143238
Corrida completa,moo,tired,7247,1269,-0.05120606,0.041758798,0.09296486
Corrida completa,contin,writing,1440,4551,0.008063592,-0.10143654,-0.10950013
Corrida completa,neighbors,points,5610,4608,0.019070236,-0.03978671,-0.05885695
Corrida completa,Well,climbs,7394,5106,0.058848873,0.04079873,-0.018050142
Corrida completa,Els,haircut,6342,4228,-0.05903457,-0.11932811,-0.06029354
Corrida completa,neighbors,scrambled,5610,7705,-0.020025307,-0.11540081,-0.09537551
Corrida completa,ser,stirring,2337,5741,-0.012719915,-0.12040679,-0.10768688
Corrida completa,She,sew,313,5097,-0.014627297,-0.09551561,-0.08088831
Corrida completa,That,chick,1329,2351,0.048392534,-0.008901987,-0.05729452
Corrida completa,bun,trot,5536,7170,-0.023123872,0.13355538,0.15667926
Corrida completa,foc,hurt,6146,894,0.03581293,0.0048132706,-0.030999659
Corrida completa,charac,nuzz,7128,7385,-0.0081918575,0.008109253,0.01630111
Corrida completa,coming,helper,1291,4750,-0.015768137,-0.01408213,0.0016860068
Corrida completa,Davey,ducks,7576,2206,0.120778844,0.121739626,0.00096078217
Corrida completa,life,yarn,2032,3227,-0.052164204,0.09282772,0.14499193
Corrida completa,napping,on,7384,346,-0.10093248,-0.1059465,-0.0050140247
Corrida completa,form,point,8090,4107,-0.032028385,0.026324563,0.058352947
Corrida completa,comfortable,offic,2627,7553,0.095972255,0.045421924,-0.05055033
Corrida completa,Will,ink,4371,4497,-0.00066895783,-0.18902959,-0.18836063
Corrida completa,answer,watering,2279,7552,-0.04856386,-0.09798298,-0.04941912
Corrida completa,cleared,objects,7723,6547,0.013437276,0.12514848,0.1117112
Corrida completa,Mat,barked,5323,2429,-0.068437636,0.0064208694,0.0748585
Corrida completa,presents,reve,4385,4481,0.07739015,-0.15981936,-0.23720951
Corrida completa,Froggy,ow,7744,3433,-0.017765092,0.049741015,0.067506105
Corrida completa,joins,melting,7988,6372,-0.052574597,-0.034635663,0.017938934
Corrida completa,lick,memb,5185,7655,-0.02209888,-0.015027354,0.0070715267
Corrida completa,vibr,woman,8136,2154,0.1378982,-0.111875124,-0.24977332
Corrida completa,parties,pointed,6468,2116,0.014826708,-0.13423966,-0.14906636
Corrida completa,muscles,tumbled,5727,7817,-0.051838763,-0.05475822,-0.0029194579
Corrida completa,envel,happen,3331,1868,0.09954572,0.022915725,-0.07663
Corrida completa,passed,understands,2648,7568,0.124638066,0.01931816,-0.1053199
Corrida completa,sne,sweetie,3486,2864,-0.0071979575,-0.11909008,-0.11189212
Corrida completa,acorns,short,5655,4051,0.07454822,0.034202076,-0.040346146
Corrida completa,ca,wash,1949,2501,-0.015370442,-0.06432881,-0.04895837
Corrida completa,instr,lap,4852,6296,0.03185872,-0.09667167,-0.12853038
Corrida completa,company,stri,5316,3302,-0.17547743,-0.10007006,0.07540737
Corrida completa,apart,ha,4652,297,0.006714314,0.079834044,0.07311973
Corrida completa,tools,yel,3167,7718,0.07762056,0.09658437,0.018963814
Corrida completa,boxes,burying,2982,7326,0.018691268,-0.03140992,-0.050101187
Corrida completa,beds,then,5492,586,0.0620537,-0.03298572,-0.09503942
Corrida completa,most,stre,1721,1799,-0.05710282,0.10589423,0.16299705
Corrida completa,sel,weeks,2396,5020,0.020917887,-0.012380494,-0.03329838
Corrida completa,billboard,the,5314,263,-0.04657647,-0.12180877,-0.0752323
Corrida completa,lonely,sparkle,1887,4719,-0.073301874,0.12917669,0.20247856
Corrida completa,coins,ste,3013,1294,-0.05183284,-0.13835911,-0.086526275
Corrida completa,hissed,pouring,6437,5787,-0.0036553591,0.0044770986,0.008132458
Corrida completa,fairy,shake,1827,3009,0.045963366,-0.05830307,-0.104266435
Corrida completa,changes,designed,8095,6910,0.050452266,0.11002804,0.059575778
Corrida completa,Susie,lamp,2953,2994,-0.055939287,0.08945954,0.14539883
Corrida completa,campfire,kid,7416,1209,-0.04093033,0.11037664,0.15130697
Corrida completa,spear,wonders,4743,5751,-0.018313438,-0.06601623,-0.04770279
Corrida completa,came,surrendered,622,7060,0.04816882,0.15874675,0.110577926
Corrida completa,cere,poked,3279,4837,0.08477299,-0.18199559,-0.26676857
Corrida completa,anyone,curious,2141,1170,-0.01367426,0.071689405,0.085363664
Corrida completa,bicy,grin,3909,4575,0.1497021,0.16020772,0.010505617
Corrida completa,reads,snowballs,6398,6745,0.09496159,0.069833614,-0.025127977
Corrida completa,dances,tal,7173,1110,0.03153006,0.1220386,0.09050854
Corrida completa,soon,swaying,936,8033,0.006233681,-0.07198815,-0.07822183
Corrida completa,sailors,spaceship,6969,5568,-0.04963801,0.13223109,0.18186909
Corrida completa,Am,expl,5615,753,-0.029035375,0.24329524,0.2723306
Corrida completa,deeper,tut,5084,4865,0.05483404,0.030194137,-0.024639904
Corrida completa,bed,sw,1015,610,0.08516556,-0.10035935,-0.18552491
Corrida completa,mach,opera,2245,4664,-0.057488848,-0.020488951,0.036999896
Corrida completa,intere,ste,2077,1294,0.018723328,-0.015253231,-0.03397656
Corrida completa,bat,value,1987,3806,0.057210118,-0.051329613,-0.10853973
Corrida completa,in,screw,317,4622,0.00047002174,-0.046150737,-0.046620756
Corrida completa,lift,practiced,2089,3755,-0.041434668,0.03116855,0.07260322
Corrida completa,grown,rubbed,3045,3523,0.02560988,-0.051599573,-0.07720946
Corrida completa,E,packing,600,6368,-0.046688598,-0.096960135,-0.050271537
Corrida completa,hissed,push,6437,2392,-0.10405328,0.07909188,0.18314517
Corrida completa,sur,warn,2215,5311,-0.026867514,0.0434706,0.070338115
Corrida completa,growled,tracks,4882,5318,-0.031068502,0.21234272,0.24341123
Corrida completa,M,grand,405,3346,-0.01803454,0.08152265,0.09955719
Corrida completa,pets,wal,5562,602,-0.044680007,-0.06880772,-0.024127714
Corrida completa,angel,wa,3285,270,-0.05958674,-0.014257707,0.045329034
Corrida completa,Bet,miles,4672,6370,-0.018607484,0.0159068,0.034514286
Corrida completa,Spidey,luckily,7457,7533,-0.15061179,-0.12370023,0.026911557
Corrida completa,Cindy,James,6102,4867,0.03403221,0.33386365,0.29983145
Corrida completa,drifted,wrapping,6477,6830,0.038162135,0.00016069412,-0.03800144
Corrida completa,chat,relax,5969,2714,-0.038866,0.10366304,0.14252904
Corrida completa,Stop,sp,5943,448,-0.059264895,0.03166654,0.09093143
Corrida completa,diffic,sails,2996,7116,0.14041853,-0.0127992,-0.15321773
Corrida completa,hurry,taxi,3761,4191,0.026377335,0.19810039,0.17172305
Corrida completa,King,indeed,4974,6642,0.041755676,0.104329415,0.06257374
Corrida completa,poking,pupil,5963,5407,0.01268952,0.029989725,0.017300205
Corrida completa,hugged,touches,780,7183,-0.032117758,0.06536379,0.09748155
Corrida completa,sett,sweaty,3621,8031,0.031214386,0.041736834,0.0105224475
Corrida completa,lose,trees,2863,1353,-0.01671048,-0.041584376,-0.024873896
Corrida completa,bumped,exha,5045,6073,0.13024521,0.06145682,-0.06878839
Corrida completa,recogn,would,3985,523,-0.07964591,0.05793104,0.13757695
Corrida completa,forgotten,pots,4406,6308,-0.035937905,0.041407205,0.07734511
Corrida completa,green,waving,1356,4306,0.0006437758,-0.0015303139,-0.0021740897
Corrida completa,cushions,impossible,7160,6467,-0.018967688,0.037241053,0.05620874
Corrida completa,kneel,lived,4848,903,-0.03143469,0.050907448,0.08234213
Corrida completa,comfort,eat,2093,756,0.0087106,0.13124144,0.12253084
Corrida completa,find,inspired,633,7870,0.043673776,0.028371673,-0.015302103
Corrida completa,nam,provided,476,6376,0.03235372,-0.027213,-0.05956672
Corrida completa,horiz,locked,6544,3405,-0.023201551,-0.0351339,-0.011932347
Corrida completa,gl,underst,873,1271,0.03828682,0.047223095,0.008936275
Corrida completa,curly,land,6078,1647,-0.08659428,-0.025154483,0.0614398
Corrida completa,Bessie,hair,6882,1351,0.065337956,0.15069452,0.08535656
Corrida completa,attractive,shakes,3813,4401,-0.06006696,-0.086226575,-0.026159614
Corrida completa,pirates,yog,4521,3214,0.06608297,-0.0060054753,-0.07208844
Corrida completa,doors,trans,4570,7889,-0.04246198,-0.08512282,-0.042660844
Corrida completa,adorable,cleaning,3967,3194,-0.056201912,0.039105598,0.095307514
Corrida completa,coup,noises,6724,1900,0.04451642,-0.0047250045,-0.049241427
Corrida completa,direction,si,6019,5865,-0.099324316,-0.16009635,-0.06077203
Corrida completa,guest,soft,5844,1262,-0.05070845,-0.0024699615,0.04823849
Corrida completa,nearly,neck,7233,1937,0.056293625,-0.09611187,-0.1524055
Corrida completa,bri,chosen,3816,7078,-0.10802521,-0.13103274,-0.023007527
Corrida completa,ask,snug,1140,8099,0.021830507,-0.031714596,-0.053545102
Corrida completa,Bobo,avo,3492,3452,0.036239784,-0.12706469,-0.16330448
Corrida completa,Every,hits,731,5073,-0.1447916,-0.03222252,0.11256908
Corrida completa,any,jungle,707,2460,0.087577224,-0.05213616,-0.13971338
Corrida completa,replace,walk,5127,1064,-0.01591438,-0.1640424,-0.14812802
Corrida completa,digg,machine,4977,2377,0.043749616,-0.012762411,-0.056512028
Corrida completa,Other,seashells,7930,7581,-0.015033785,-0.004177121,0.010856664
Corrida completa,carried,young,2539,1905,-0.012695026,0.0053151175,0.018010143
Corrida completa,Happy,planets,6535,5804,-0.018143388,-0.08923457,-0.07109118
Corrida completa,cookies,jogging,1585,5135,0.041870907,0.124706596,0.08283569
Corrida completa,feathers,snug,2823,8099,0.050874725,0.1234157,0.072540976
Corrida completa,Pinky,king,6772,2078,-0.13716899,0.09236965,0.22953865
Corrida completa,cotton,seed,7944,2586,0.031259917,-0.03957212,-0.07083204
Corrida completa,table,tast,1469,1297,0.008919587,-0.099680364,-0.10859995
Corrida completa,dirty,troubled,1797,4073,0.025885625,0.41005275,0.38416713
Corrida completa,nicely,uns,3418,6871,-0.05427713,-0.0062863193,0.04799081
Corrida completa,accept,relaxed,3049,4506,-0.005556315,0.05079638,0.056352694
Corrida completa,delic,lid,1301,4179,0.019637726,-0.0051058214,-0.024743548
Corrida completa,P,future,953,5183,0.104904965,0.05827016,-0.046634804
Corrida completa,Betty,cheerful,6433,3062,-0.06755732,0.0053917617,0.07294908
Corrida completa,balls,bits,2793,7527,0.13842195,0.20687127,0.06844932
Corrida completa,gem,wobbled,3192,6999,-0.06633257,0.002271523,0.0686041
Corrida completa,cubes,mechanic,7075,4210,-0.019624716,0.11501413,0.13463885
Corrida completa,exhausted,lecture,6129,5259,0.020359138,0.025241658,0.00488252
Corrida completa,buying,curly,6300,6078,-0.060237236,-0.053350966,0.00688627
Corrida completa,Stella,instruct,7159,5650,0.0665389,-0.051488567,-0.11802746
Corrida completa,birdcage,zookeeper,5153,5966,0.019481158,0.22001222,0.20053107
Corrida completa,prince,sk,2546,725,-0.09727421,-0.066693455,0.030580752
Corrida completa,beehive,flick,8037,7759,0.001037173,0.022509696,0.021472523
Corrida completa,became,vo,1134,1075,0.037414424,-0.021879219,-0.059293643
Corrida completa,crowns,struc,8106,4988,-0.009565193,0.034703016,0.04426821
Corrida completa,mirror,observed,2905,6178,0.04425665,0.012450676,-0.031805974
Corrida completa,chirping,ol,5075,3873,0.027553223,-0.05231265,-0.07986587
Corrida completa,enthusi,satisfied,7039,5606,0.071903124,0.095935695,0.02403257
Corrida completa,advent,bread,954,2163,-0.06798331,-0.07189191,-0.0039086044
Corrida completa,Mart,reverse,6261,4883,-0.06514991,-0.003761867,0.061388046
Corrida completa,cutting,whoever,5464,7959,-0.008241214,-0.09939259,-0.09115138
Corrida completa,He,mistakes,314,4553,0.13561183,-0.14971028,-0.28532213
Corrida completa,delay,soap,4745,2862,0.12320667,0.088636726,-0.03456994
Corrida completa,Dad,Jenny,1042,2405,0.13445933,0.32334453,0.1888852
Corrida completa,brave,tickled,911,6255,0.06327437,0.008937673,-0.054336697
Corrida completa,fruits,spinning,2821,3343,-0.0014682263,0.0240991,0.025567327
Corrida completa,steps,we,3984,367,0.0046560466,-0.025407694,-0.03006374
Corrida completa,fasc,stuffed,5146,4170,0.03622377,0.01804499,-0.01817878
Corrida completa,flew,stare,918,6083,0.070713356,0.09557765,0.024864294
Corrida completa,Alan,sausages,8168,6068,-0.09568037,-0.012446508,0.08323386
Corrida completa,gate,touc,2671,6991,-0.018009126,0.00495058,0.022959705
Corrida completa,dump,shady,7818,7626,0.0011139512,-0.05822458,-0.059338532
Corrida completa,First,high,5538,1146,0.06863056,-0.07743056,-0.14606112
Corrida completa,conversation,discoveries,7582,7808,-0.020001668,0.086180374,0.10618204
Corrida completa,enthusi,sunshine,7039,2046,-0.00013415702,-0.15912141,-0.15898725
Corrida completa,Any,bread,7757,2163,0.00868522,-0.14122863,-0.14991385
Corrida completa,ear,video,2110,4761,0.05758267,0.193403,0.13582033
Corrida completa,coins,zoo,3013,2227,0.03489088,0.11838565,0.08349477
Corrida completa,nicer,tidying,5686,8104,-0.088283956,-0.029401295,0.05888266
Corrida completa,balan,separ,4935,3840,0.15093254,0.27321544,0.12228291
Corrida completa,special,wear,689,1711,0.0049329796,-0.041758038,-0.04669102
Corrida completa,company,napping,5316,7384,-0.041762285,0.13573706,0.17749935
Corrida completa,joyful,loo,7018,428,-0.0052552246,-0.062352583,-0.057097357
Corrida completa,cooking,prun,3569,6117,0.06517479,0.019726437,-0.04544835
Corrida completa,pun,strawberries,3932,4826,0.016394824,-0.121959835,-0.13835466
Corrida completa,blueberry,drawn,5198,6715,-0.13680044,-0.13833883,-0.0015383959
Corrida completa,printing,sticky,6756,4634,-0.023734402,0.16352987,0.18726428
Corrida completa,crumb,flower,5781,1310,0.008133955,0.07480711,0.06667315
Corrida completa,parents,storekeeper,1305,5910,0.08334298,0.41286248,0.3295195
Corrida completa,mine,weapon,2045,5158,0.025038239,0.14358647,0.11854823
Corrida completa,hops,stain,7070,7066,0.011595614,0.093966976,0.08237136
Corrida completa,f,perm,272,3545,0.05938395,0.39604646,0.3366625
Corrida completa,chirp,dollhouse,4402,6945,0.022141233,0.044348836,0.022207603
Corrida completa,believed,wasted,5024,6390,-0.109494686,-0.020833025,0.08866166
Corrida completa,cereal,mist,3352,2117,0.044557966,0.13456462,0.09000666
Corrida completa,okay,val,1133,2285,0.056545436,-0.032098204,-0.08864364
Corrida completa,covered,grows,2880,7600,-0.03971966,0.13927868,0.17899834
Corrida completa,gener,luckily,2547,7533,0.044412926,-0.06757278,-0.111985706
Corrida completa,smelled,stretched,2196,3693,-0.034163162,-0.07281374,-0.03865058
Corrida completa,congratulated,wagon,7613,3003,0.0009208247,-0.2018367,-0.20275754
Corrida completa,steak,waved,4334,1284,0.07727653,-0.02077052,-0.09804705
Corrida completa,hearts,r,4863,329,-0.090192765,-0.17243227,-0.08223951
Corrida completa,flew,onion,918,4033,0.08726227,-0.051584084,-0.13884635
Corrida completa,knowledge,nibbled,5857,7875,0.015281759,0.08775396,0.0724722
Corrida completa,Ginger,trave,8056,4427,-0.042293668,-0.06857929,-0.026285619
Corrida completa,Momo,agreed,6228,1512,0.10101743,0.05722481,-0.04379262
Corrida completa,relief,weap,6048,4866,0.0036071502,-0.09401488,-0.09762204
Corrida completa,bedtime,damaged,6429,7641,0.051896155,0.14156376,0.0896676
Corrida completa,these,vanish,2656,6233,-0.010974079,0.02670027,0.03767435
Corrida completa,laid,perfume,5161,4822,-0.017943691,-0.05432394,-0.03638025
Corrida completa,gesture,stadium,7783,4976,0.04786913,0.15138564,0.103516504
Corrida completa,catch,guide,1313,8129,-0.09286749,0.0070141107,0.099881604
Corrida completa,Rachel,sn,4651,847,-0.020385426,-0.18577504,-0.16538961
Corrida completa,beetle,ti,3361,6082,0.06180779,0.0128751565,-0.048932634
Corrida completa,J,could,471,453,0.00069111027,-0.07931463,-0.080005735
Corrida completa,bigger,blood,1666,5041,-0.027299788,-0.038786095,-0.011486307
Corrida completa,indeed,sway,6642,5980,0.043643624,0.0016105641,-0.04203306
Corrida completa,lid,sniff,4179,3415,-0.051969066,-0.019738315,0.03223075
Corrida completa,For,provide,6094,5096,-0.03845498,0.11108866,0.14954364
Corrida completa,That,crocod,1329,3373,-0.010162236,-0.0002770871,0.009885149
Corrida completa,Today,twisty,3180,7213,0.032551736,0.05025419,0.017702453
Corrida completa,gaze,keys,6265,5823,-0.01517353,0.046897452,0.06207098
Corrida completa,return,stranger,2069,3460,-0.036737867,0.09183193,0.1285698
Corrida completa,baked,scratches,6088,6809,0.13413729,0.060135562,-0.07400173
Corrida completa,melon,spaceship,3720,5568,0.010589398,0.23979694,0.22920755
Corrida completa,clo,gl,732,873,0.008968692,0.3535777,0.34460902
Corrida completa,int,remembered,687,1359,0.03473635,-0.05961534,-0.094351694
Corrida completa,daddy,rays,1558,7848,0.01917776,0.009719992,-0.009457769
Corrida completa,Robbie,seek,7041,2683,-0.03709291,0.020106085,0.057198994
Corrida completa,decisions,lear,7721,4040,-0.025955854,-0.008412845,0.017543009
Corrida completa,checked,loop,4166,4168,-0.025556626,-0.055060115,-0.029503489
Corrida completa,Clara,awo,4841,7373,0.081146084,0.055098474,-0.02604761
Corrida completa,joking,quacked,6621,6179,-0.094571814,-0.011746587,0.08282523
Corrida completa,drive,suddenly,2373,1833,0.0561556,0.0021106284,-0.05404497
Corrida completa,lecture,signed,5259,6657,0.083532505,0.020934848,-0.062597655
Corrida completa,control,putting,5891,4211,-0.030880753,0.04001816,0.07089891
Corrida completa,bark,beans,2316,4888,-0.035357106,0.05979033,0.09514743
Corrida completa,Nutty,avoid,5443,6856,0.118389644,-0.07061107,-0.18900071
Corrida completa,clouds,sailing,2187,4407,0.10810001,0.1571872,0.04908718
Corrida completa,Sh,raced,4008,3254,-0.027841281,-0.04202644,-0.01418516
Corrida completa,airplane,poking,4966,5963,-0.075607866,-0.03728263,0.038325235
Corrida completa,decor,gesture,2514,7783,-0.015848506,-0.045645766,-0.02979726
Corrida completa,avo,bags,3452,3293,0.073660076,-0.1430119,-0.21667197
Corrida completa,knot,softly,4195,4269,-0.0058366647,0.15054597,0.15638264
Corrida completa,garbage,napkin,7482,4297,0.103510976,0.1709849,0.06747392
Corrida completa,Gigi,bet,6492,3845,0.058667265,-0.08317291,-0.14184017
Corrida completa,bathe,machines,5085,5955,0.0142772,0.12093793,0.10666073
Corrida completa,dir,dro,1456,1354,0.06288284,0.036014114,-0.026868727
Corrida completa,Unfortunately,sh,6062,381,0.012197398,-0.05653829,-0.06873569
Corrida completa,awoke,waters,7540,8097,0.12678163,0.0469788,-0.079802826
Corrida completa,em,safe,1687,895,-0.050584145,-0.050945297,-0.000361152
Corrida completa,harm,lovely,3056,2184,-0.06283182,-0.046693943,0.016137876
Corrida completa,quack,starting,4627,4000,0.0038160123,-0.060989875,-0.06480589
Corrida completa,air,maze,1413,4423,-0.0856469,0.18720222,0.2728491
Corrida completa,enthusiastic,melted,4089,4969,0.063203245,-0.0346919,-0.097895145
Corrida completa,address,encouraging,7558,7307,-0.008212136,-0.09176315,-0.08355102
Corrida completa,joining,wal,7258,602,0.057494793,-0.03733212,-0.094826914
Corrida completa,hel,pirate,2654,3474,-0.056586273,0.016343087,0.07292936
Corrida completa,fake,repeating,2844,7667,0.030516751,0.041070513,0.010553762
Corrida completa,judge,vi,4303,4024,-0.010208555,0.010979461,0.021188015
Corrida completa,click,followed,5885,1436,-0.033130527,0.02993722,0.06306775
Corrida completa,protected,without,5653,1842,-0.035179406,0.073777154,0.10895656
Corrida completa,opposite,wave,7972,2355,-0.15385363,-0.0643972,0.089456424
Corrida completa,health,important,6607,1096,0.09649959,0.016033055,-0.08046654
Corrida completa,destroy,scur,3750,5206,0.034928486,0.02768005,-0.007248435
Corrida completa,gloves,mosquito,5623,4431,-0.13525212,0.0695469,0.20479903
Corrida completa,honking,rings,7771,6881,0.043321453,0.16926558,0.12594414
Corrida completa,Bun,cheering,4583,6015,-0.08570919,-0.07363737,0.012071826
Corrida completa,blows,meeting,6609,4538,0.014283273,-0.03167919,-0.045962464
Corrida completa,charge,glow,7341,2825,0.09569894,0.20656139,0.11086245
Corrida completa,direct,wasted,6237,6390,0.088866375,0.056620196,-0.03224618
Corrida completa,deser,firefighter,5950,6928,0.06021645,0.114771664,0.054555215
Corrida completa,chance,warn,3658,5311,0.10355611,0.045452192,-0.05810392
Corrida completa,gazing,refused,7755,3512,-0.019614294,-0.0010085963,0.018605698
Corrida completa,pieces,resisted,1673,6941,0.09594135,-0.034022495,-0.12996385
Corrida completa,Slowly,fascinated,6241,5532,0.09938526,0.022698607,-0.07668665
Corrida completa,beautifully,safe,7554,895,-0.04639613,0.17689787,0.22329399
Corrida completa,Suzy,bulb,5581,4285,0.034712397,0.07641065,0.041698255
Corrida completa,teac,wobbled,1800,6999,-0.035776407,-0.03222203,0.0035543777
Corrida completa,rhino,yours,4122,2949,0.04593336,0.11730884,0.07137548
Corrida completa,exercises,separ,7740,3840,-0.058105096,-0.17040545,-0.11230035
Corrida completa,fragile,happening,3266,2910,-0.12079857,-0.011055529,0.109743044
Corrida completa,fake,right,2844,1106,-0.10431975,0.07713942,0.18145917
Corrida completa,c,sign,276,1789,0.09858358,0.009126361,-0.089457214
Corrida completa,drop,snuck,2802,6385,0.036065385,0.12828879,0.092223406
Corrida completa,hides,safari,7156,5169,-0.0074982867,-0.044690296,-0.03719201
Corrida completa,enth,sc,3672,497,0.11437095,0.247774,0.13340306
Corrida completa,disturb,wagged,3938,2759,0.05350639,0.14454857,0.091042176
Corrida completa,bunch,tun,5918,2251,-0.053314976,-0.007266214,0.04604876
Corrida completa,int,provide,687,5096,0.007213075,0.02210007,0.014886996
Corrida completa,Louise,pushes,7291,4141,0.019347433,-0.0049905186,-0.024337951
Corrida completa,nature,screams,3586,5529,0.023616005,0.05639246,0.032776456
Corrida completa,applauded,fever,5805,6499,0.019424368,0.07953228,0.060107913
Corrida completa,True,twice,4760,6901,0.010776071,-0.06585802,-0.076634094
Corrida completa,Slowly,dif,6241,1036,-0.0355995,-0.050354403,-0.014754903
Corrida completa,board,safety,2892,4746,0.015868641,0.04466573,0.02879709
Corrida completa,deter,hurric,2480,5329,-0.038789157,0.13338529,0.17217444
Corrida completa,candles,hand,4959,734,0.011633046,0.12548742,0.11385437
Corrida completa,e,wandered,321,4764,-0.0391591,0.044533204,0.083692305
Corrida completa,carefully,gift,1387,2037,-0.02383043,0.045561004,0.06939144
Corrida completa,sculp,whisp,8156,2576,0.0050564986,0.13368742,0.12863092
Corrida completa,Carl,doing,5841,1399,-0.13854295,-0.09066996,0.04787299
Corrida completa,balanced,in,6378,317,0.09779375,0.083856106,-0.013937645
Corrida completa,guide,puzzle,8129,2603,-0.09017847,-0.06745559,0.022722878
Corrida completa,Bessie,pe,6882,702,-0.01940751,-0.05355516,-0.03414765
Corrida completa,he,oranges,279,4856,0.04452736,-0.13845244,-0.18297979
Corrida completa,chickens,swinging,4327,4079,-0.0017992118,0.12149488,0.12329409
Corrida completa,bouncy,grey,5670,5193,0.053165838,0.29729518,0.24412934
Corrida completa,flat,mosquitoes,6219,8137,0.117689654,0.0502794,-0.06741025
Corrida completa,bringing,interesting,5406,2178,-0.006923684,-0.015632782,-0.008709098
Corrida completa,aimed,arrive,7269,6104,0.13046293,0.15030333,0.019840404
Corrida completa,Buddy,spilled,3964,3519,-0.002799563,-0.078197256,-0.07539769
Corrida completa,marry,unt,4235,794,0.09325427,-0.07466018,-0.16791445
Corrida completa,planning,smiled,6873,506,-0.0500166,-0.003476413,0.046540186
Corrida completa,aff,create,6389,3566,0.025471171,-0.08870913,-0.114180304
Corrida completa,coloring,studied,6566,5545,0.04285457,0.10715986,0.06430529
Corrida completa,liqu,running,6226,1365,0.06946842,0.018651415,-0.05081701
Corrida completa,antic,rocks,7399,1924,0.09894533,0.013792496,-0.085152835
Corrida completa,kicked,muscles,3318,5727,-0.059986863,-0.05420603,0.0057808347
Corrida completa,navy,pointy,5370,6758,0.060868617,0.24646465,0.18559603
Corrida completa,Din,sock,7888,4234,-0.015473194,-0.04492582,-0.029452626
Corrida completa,arg,plane,3012,2179,-0.0050265323,-0.068997666,-0.06397113
Corrida completa,aren,balance,6620,3065,0.00060963444,-0.15736333,-0.15797296
Corrida completa,contain,missile,5224,4997,-0.038893584,-0.1023687,-0.06347512
Corrida completa,carpet,villagers,3814,5533,0.06404331,0.052480333,-0.011562981
Corrida completa,folded,grip,5385,8045,0.018983841,0.22238576,0.20340192
Corrida completa,ideas,otters,4918,7484,-0.018413192,0.16101323,0.17942642
Corrida completa,driver,insist,2075,4185,0.04556677,-0.008445371,-0.054012142
Corrida completa,fed,reason,5242,7205,0.0020372765,-0.034207024,-0.0362443
Corrida completa,cloud,others,1646,1543,-0.078325406,0.095573165,0.17389858
Corrida completa,colours,wash,3959,2501,0.047052838,0.026155617,-0.02089722
Corrida completa,grass,scissors,1216,2740,0.0013575163,0.19439462,0.19303711
Corrida completa,slippery,streets,4472,7157,0.0216872,0.074580416,0.052893214
Corrida completa,upon,yoga,441,4733,0.04547163,0.06040326,0.01493163
Corrida completa,Ducky,apologized,3172,4250,-0.11907838,-0.012028755,0.10704963
Corrida completa,late,microphone,1922,3980,0.03471244,0.03984888,0.0051364377
Corrida completa,My,fireman,3250,4133,-0.0469546,0.0061598774,0.053114474
Corrida completa,boys,cabinet,2893,4859,-0.1098239,0.057787534,0.16761144
Corrida completa,det,experienced,6767,7815,0.0021739155,-0.11975345,-0.121927366
Corrida completa,dec,rolling,587,3910,-0.09601497,-0.065428734,0.030586235
Corrida completa,aisle,changes,7874,8095,-0.0321489,0.008764703,0.040913604
Corrida completa,exam,seagulls,2680,7914,-0.081682056,0.0034553446,0.0851374
Corrida completa,map,moved,2829,1902,-0.17449133,0.0548403,0.22933163
Corrida completa,honey,ser,2192,2337,-0.03317894,-0.08157314,-0.048394203
Corrida completa,anger,reg,7627,2673,0.07124514,0.009023393,-0.06222175
Corrida completa,calls,tells,4877,2553,-0.051378965,0.22839844,0.2797774
Corrida completa,Mandy,face,3631,1144,0.100833565,0.15445095,0.053617388
Corrida completa,edge,talent,3132,5453,-0.009008186,0.012431078,0.021439264
Corrida completa,kayak,nuts,4278,3749,0.032347426,0.3019573,0.26960987
Corrida completa,introduc,seconds,5637,6876,-0.0905025,0.057708032,0.14821053
Corrida completa,helpers,stitches,6843,7408,-0.025000893,0.048363,0.07336389
Corrida completa,Quack,understands,6913,7568,0.042639956,-0.04934564,-0.0919856
Corrida completa,bikes,instruct,4178,5650,-0.10656259,-0.14462686,-0.038064264
Corrida completa,Grandma,staring,1998,6064,0.009951396,-0.07875286,-0.08870426
Corrida completa,charge,fork,7341,3417,0.045855712,0.061191704,0.015335992
Corrida completa,control,ow,5891,3433,0.002894435,0.040548496,0.03765406
Corrida completa,Although,Mom,7371,648,0.050044335,-0.044808723,-0.09485306
Corrida completa,flame,leave,4403,1639,-0.095491305,-0.027429337,0.06806197
Corrida completa,puppet,welc,7671,1744,0.024127595,-0.1013474,-0.12547499
Corrida completa,Mo,ribb,6563,4157,0.022936594,0.07583867,0.052902076
Corrida completa,Mia,underground,861,5627,0.036989063,-0.020656241,-0.057645306
Corrida completa,advice,pearl,3531,5723,0.033606376,0.09439721,0.060790833
Corrida completa,Mon,cones,6465,5802,0.0276156,-0.0279407,-0.055556297
Corrida completa,declared,great,8077,1055,0.03817164,0.052373957,0.014202315
Corrida completa,Rosie,health,4522,6607,0.07424271,0.07871945,0.004476741
Corrida completa,broom,traffic,6075,5701,0.01102531,0.089396715,0.078371406
Corrida completa,acc,lazy,1782,2764,0.021247096,-0.06692922,-0.08817632
Corrida completa,know,lab,694,3330,0.036656573,-0.057287928,-0.093944505
Corrida completa,crunchy,otter,5241,3557,0.043764237,-0.032858472,-0.07662271
Corrida completa,bro,honking,1076,7771,-0.014029248,-0.062464524,-0.04843528
Corrida completa,Bobby,pic,3114,948,0.012097947,-0.102049366,-0.11414731
Corrida completa,flags,vanish,6323,6233,-0.00034768134,0.13020486,0.13055253
Corrida completa,balloons,fit,3030,2029,-0.18890753,-0.056592535,0.132315
Corrida completa,ash,ed,2387,2925,-0.04659732,-0.0040270314,0.04257029
Corrida completa,apples,bun,2216,5536,-0.033217903,-0.06475739,-0.03153949
Corrida completa,ech,thermometer,6735,4780,0.0612651,-0.007862166,-0.06912726
Corrida completa,Daddy,su,1798,1978,-0.054093666,-0.10135245,-0.047258787
Corrida completa,cap,wags,2846,4765,0.066481866,0.051332973,-0.015148893
Corrida completa,slowly,trop,1677,3950,0.019861957,0.017835718,-0.0020262394
Corrida completa,incre,jewel,4699,3040,0.097129814,-0.06160712,-0.15873693
Corrida completa,fascin,loyal,5200,2947,-0.0060533844,0.08292592,0.088979304
Corrida completa,bloomed,triang,5718,4043,0.053556424,0.005263321,-0.048293103
Corrida completa,poking,poppy,5963,5399,-0.03878124,-0.033300698,0.005480543
Corrida completa,swollen,vroom,8038,4850,-0.012190383,0.01978714,0.031977523
Corrida completa,always,towels,650,6159,0.04541559,-0.01490707,-0.06032266
Corrida completa,doctors,their,5728,460,-0.047180668,-0.112377584,-0.06519692
Corrida completa,hot,sits,1450,5195,-0.010776272,0.023554761,0.03433103
Corrida completa,Matt,company,6051,5316,0.035448775,0.02666392,-0.008784855
Corrida completa,V,wake,5068,3230,0.041034684,-0.04444758,-0.08548226
Corrida completa,characters,elevator,7996,3925,-0.048633248,0.12854527,0.17717852
Corrida completa,confident,repe,5860,4003,-0.07858977,0.02925352,0.10784329
Corrida completa,few,peeking,1534,6162,-0.059725024,0.030406788,0.09013181
Corrida completa,Cindy,spider,6102,2315,-0.080426015,0.11887874,0.19930476
Corrida completa,Put,pile,6447,2230,-0.008456696,0.03806185,0.046518546
Corrida completa,neatly,pl,6952,352,0.07674372,0.006212212,-0.07053151
Corrida completa,empty,pizz,2430,2540,-0.0067051062,-0.022622256,-0.015917148
Corrida completa,class,leaves,2645,1499,0.034346696,0.08200088,0.047654185
Corrida completa,fills,screen,7634,3453,0.031201925,0.08225837,0.05105645
Corrida completa,lets,pots,5544,6308,0.010516525,-0.028619163,-0.039135687
Corrida completa,flavor,square,6495,3620,-0.003990746,0.0013179588,0.005308705
Corrida completa,easier,movements,5248,8164,0.045621842,0.1364797,0.09085786
Corrida completa,pins,waits,7517,5493,-0.017038058,0.022480648,0.039518707
Corrida completa,Din,ashtray,7888,5109,-0.02233971,-0.033094235,-0.010754526
Corrida completa,flower,k,1310,398,-0.034369983,-0.08642641,-0.052056424
Corrida completa,attacked,tires,8177,7605,-0.0009007063,-0.08789262,-0.08699191
Corrida completa,belong,coup,1939,6724,0.05453981,0.08156626,0.027026448
Corrida completa,Pr,prep,7504,3393,0.011901932,0.13680173,0.124899805
Corrida completa,cub,curly,5105,6078,0.10725874,-0.027770191,-0.13502893
Corrida completa,angels,grate,7905,1699,0.077070266,0.0076133152,-0.06945695
Corrida completa,sliding,untie,5266,7596,0.09435083,0.073024474,-0.021326356
Corrida completa,clean,laughing,952,2079,-0.0018721055,0.09957497,0.101447076
Corrida completa,knee,mysterious,2425,2566,0.092398636,0.006469235,-0.0859294
Corrida completa,his,wigg,350,4639,0.024684193,0.030460564,0.005776372
Corrida completa,Both,dan,6352,941,0.11353343,-0.02743232,-0.14096574
Corrida completa,knight,raindrops,2685,6402,-0.0052216593,0.050705694,0.05592735
Corrida completa,cere,relaxing,3279,8105,-0.11553024,-0.027487872,0.08804236
Corrida completa,questioned,scary,8108,1516,0.036937032,0.1621582,0.12522118
Corrida completa,Finn,Someone,7447,5470,0.16506383,0.08133302,-0.08373081
Corrida completa,bowls,opinion,6543,6238,0.14522603,0.17489257,0.029666543
Corrida completa,Y,s,6415,260,0.19817148,0.24942501,0.051253527
Corrida completa,Our,mentioned,7158,5720,0.028649125,-0.015821256,-0.04447038
Corrida completa,character,thr,7147,1008,-0.021433588,-0.030799678,-0.0093660895
Corrida completa,reply,snowman,6412,2241,-0.12680797,-0.027410008,0.099397965
Corrida completa,expl,final,753,7230,0.05612453,0.07672425,0.020599723
Corrida completa,grown,teasp,3045,5136,-0.012110293,-0.078961134,-0.06685084
Corrida completa,climbing,thirsty,4138,3370,0.060285263,0.17899409,0.11870883
Corrida completa,chase,shark,3069,3052,-0.09174234,0.061877113,0.15361945
Corrida completa,relax,swim,2714,1322,0.002194603,0.14784625,0.14565165
Corrida completa,ingredients,trying,3530,1533,-0.067982405,0.0060329735,0.07401538
Corrida completa,Even,days,2542,2066,-0.028704103,0.027112346,0.05581645
Corrida completa,Paula,covers,8127,6334,0.06998303,-0.084463485,-0.15444651
Corrida completa,apart,engine,4652,3767,-0.048127115,0.053203907,0.101331025
Corrida completa,hosp,sy,2620,7223,-0.03184969,0.10101724,0.13286692
Corrida completa,calm,shopkeeper,2369,4081,-0.077724606,-0.06264034,0.015084267
Corrida completa,girls,respected,5132,7135,0.03316892,-0.052315995,-0.085484914
Corrida completa,camping,lon,6033,1874,-0.016881973,-0.085828334,-0.06894636
Corrida completa,Pet,gir,7556,3770,-0.0461653,0.14980188,0.19596718
Corrida completa,stopped,wip,1032,2472,0.02427401,0.031145994,0.0068719834
Corrida completa,ranch,shining,5177,2166,-0.05623544,-0.010497224,0.045738216
Corrida completa,lawn,pockets,4518,5906,-0.03600602,0.15965107,0.19565709
Corrida completa,Cindy,buzzing,6102,5074,0.058242142,-0.03221292,-0.09045506
Corrida completa,peeked,theirs,3422,6144,0.088200495,-0.049768813,-0.13796932
Corrida completa,flas,stands,6899,7367,-0.1734989,-0.079722404,0.093776494
Corrida completa,loc,mailbox,8093,3472,-0.058875863,-0.08409034,-0.025214475
Corrida completa,instruments,pleasure,7836,6508,0.040992312,0.03134115,-0.009651162
Corrida completa,hut,wisdom,4394,5415,0.0027222903,0.15669736,0.15397507
Corrida completa,marriage,thoughtful,5853,3162,-0.024259007,0.1446721,0.1689311
Corrida completa,Fr,purred,3662,5846,0.042303607,-0.015211545,-0.05751515
Corrida completa,fake,gold,2844,2570,-0.0053717247,0.34749743,0.35286915
Corrida completa,bathtub,tap,3691,3796,0.013417348,0.30546775,0.29205042
Corrida completa,swimmer,watches,7925,5228,-0.06549213,-0.04092498,0.02456715
Corrida completa,Buzz,sank,5125,7146,-0.015849188,-0.10608312,-0.09023393
Corrida completa,cudd,wolf,3255,2609,-0.011128083,-0.0789836,-0.067855515
Corrida completa,filled,mountain,1461,2313,0.019629788,0.013495445,-0.0061343424
Corrida completa,faces,relax,2342,2714,-0.058938082,0.1877759,0.24671398
Corrida completa,ostri,resc,3853,3340,-0.040136483,0.2001169,0.24025339
Corrida completa,Watch,sorts,6770,3548,-0.11603546,0.06819295,0.18422842
Corrida completa,enormous,though,3204,1958,0.04450079,-0.005480973,-0.049981765
Corrida completa,notebook,sorts,4071,3548,0.051903583,0.01104866,-0.040854923
Corrida completa,Chloe,Toby,5889,3664,-0.023586143,0.3897275,0.41331366
Corrida completa,hug,stumble,584,7719,0.041695245,0.07166638,0.029971138
Corrida completa,healing,source,7134,6808,-0.0260638,0.057399116,0.08346292
Corrida completa,she,steps,335,3984,-0.045809917,-0.07157745,-0.025767535
Corrida completa,enthusi,kid,7039,1209,-0.071624175,-0.095775194,-0.02415102
Corrida completa,activities,examine,6128,5036,0.011156514,0.052172408,0.041015893
Corrida completa,cop,creamy,3286,6570,0.032831326,0.0030077677,-0.029823558
Corrida completa,mint,uncomfort,4788,3496,0.08986163,0.10633214,0.016470507
Corrida completa,puzz,theater,2255,4205,-0.030256674,-0.09667353,-0.06641686
Corrida completa,St,adventure,2358,1011,-0.0018593129,-0.16947013,-0.16761082
Corrida completa,impossible,pizzas,6467,8132,0.041360293,0.06181102,0.020450726
Corrida completa,swings,visitor,1880,7768,0.022157388,0.026980333,0.004822945
Corrida completa,spilled,vendor,3519,4391,0.047484096,-0.027094401,-0.074578494
Corrida completa,mud,tossed,2270,7359,-0.0369388,-0.008406516,0.028532285
Corrida completa,consid,movies,8114,5900,-0.08856478,-0.055119425,0.03344536
Corrida completa,patterns,stored,5219,7856,0.027602255,0.071299374,0.04369712
Corrida completa,cheer,cowboy,2212,7702,-0.09807423,-0.02870129,0.06937294
Corrida completa,rat,wheels,3161,3686,-0.09322664,0.028561868,0.12178851
Corrida completa,drives,roar,6096,2871,-0.0071274936,-0.06768303,-0.06055554
Corrida completa,cotton,sm,7944,407,-0.08558382,-0.0872952,-0.001711376
Corrida completa,lively,stro,3903,4658,0.022834934,-0.06279579,-0.08563072
Corrida completa,gotten,humble,5463,3594,0.012889978,-0.19694783,-0.20983781
Corrida completa,But,bes,553,5294,-0.09305587,-0.10049735,-0.0074414834
Corrida completa,Froggy,makeup,7744,4754,0.02013047,0.0065773632,-0.013553107
Corrida completa,poor,ramp,2652,8047,0.030606896,0.019750712,-0.010856183
Corrida completa,picks,whistling,2898,5128,0.0044974573,-0.034331173,-0.03882863
Corrida completa,growl,neatly,6272,6952,0.039483353,0.050125003,0.010641649
Corrida completa,banana,robots,2924,7903,0.036819723,0.14959358,0.11277385
Corrida completa,crossing,observe,7237,5239,0.038652487,0.29842633,0.25977385
Corrida completa,coat,rel,2091,1427,-0.023391426,-0.096734464,-0.07334304
Corrida completa,seagulls,sofa,7914,3780,-0.14085919,0.011556882,0.15241607
Corrida completa,flavor,tickets,6495,5682,-0.059682056,0.09800853,0.15769058
Corrida completa,gum,yard,3644,1858,0.10268864,0.19287905,0.09019041
Corrida completa,Pam,felt,6740,508,-0.0022176225,0.03512449,0.03734211
Corrida completa,shined,singing,6122,1891,-0.02377617,0.1681425,0.19191867
Corrida completa,both,started,902,552,0.034485385,0.004448835,-0.03003655
Corrida completa,Ann,will,2612,679,-0.036661934,-0.029547006,0.007114928
Corrida completa,pri,weekend,2527,6625,-0.0004073549,-0.01418298,-0.013775625
Corrida completa,slammed,strength,7328,4494,0.07575846,0.046418704,-0.029339753
Corrida completa,looked,tim,516,6092,0.05724618,0.056290902,-0.0009552762
Corrida completa,G,ma,1046,1010,-0.011823803,0.14717495,0.15899876
Corrida completa,microphone,wrist,3980,6367,0.0010845196,0.22781,0.22672547
Corrida completa,cozy,several,2105,7549,-0.053165674,-0.049285635,0.0038800389
Corrida completa,network,nods,6124,2686,-0.11369774,-0.016945094,0.09675264
Corrida completa,bath,terrible,1813,3441,0.041689325,0.025607105,-0.01608222
Corrida completa,Go,hill,2366,1437,-0.041086525,-0.022643022,0.018443502
Corrida completa,My,restless,3250,3760,-0.077136405,-0.027119791,0.05001661
Corrida completa,Keep,cute,6614,2081,-0.0044553727,-0.09040053,-0.08594516
Corrida completa,Lena,reunited,7657,7468,-0.099717855,-0.1137597,-0.014041841
Corrida completa,Finally,off,2014,781,0.056110743,0.11402255,0.05791181
Corrida completa,added,el,2990,1474,0.046370655,-0.030741662,-0.07711232
Corrida completa,Bu,neighbors,3226,5610,0.04004305,0.102234766,0.062191717
Corrida completa,Stella,importance,7159,6087,-0.036077045,0.037315436,0.07339248
Corrida completa,both,whose,902,7475,0.084448695,0.045997005,-0.03845169
Corrida completa,barked,wagged,2429,2759,0.034891967,0.12628663,0.09139466
Corrida completa,beetle,comfy,3361,5164,-0.08278714,0.01270978,0.09549692
Corrida completa,easy,ripe,2632,6351,0.057930797,0.25691804,0.19898725
Corrida completa,fan,ord,2082,2885,-0.030183122,-0.023383426,0.006799696
Corrida completa,Until,earthquake,7037,5395,0.021492044,0.0074399733,-0.014052071
Corrida completa,annoy,liquid,6784,6239,0.0025676545,0.002413202,-0.0001544524
Corrida completa,ok,wine,2811,4871,-0.008872207,-2.3670495e-05,0.008848537
Corrida completa,Angel,trusted,7673,4763,-0.049290515,-0.15308969,-0.10379917
Corrida completa,Can,emerged,1347,7813,0.113394395,-0.08354622,-0.19694062
Corrida completa,lose,unknown,2863,3367,0.041910537,-0.014423467,-0.056334004
Corrida completa,gap,sack,7588,2264,0.15543243,0.20375288,0.048320442
Corrida completa,clearing,fav,5282,1181,0.013291815,-0.06723757,-0.080529384
Corrida completa,loving,video,5645,4761,-0.012635428,-0.04205409,-0.029418662
Corrida completa,Un,ignoring,4460,7072,-0.021890473,-0.021609206,0.00028126687
Corrida completa,in,summer,317,4082,0.040812656,8.8898465e-05,-0.040723756
Corrida completa,com,tip,778,5586,0.1405285,0.004629395,-0.13589911
Corrida completa,spins,target,7127,7784,-0.069630235,-0.044438098,0.025192138
Corrida completa,gained,snowball,5569,5870,-0.001522895,-0.17222731,-0.17070441
Corrida completa,dried,yelped,4860,7785,-0.027869327,0.044040967,0.07191029
Corrida completa,off,sick,781,2022,0.073875695,0.018319465,-0.05555623
Corrida completa,Fuzzy,petted,7343,5425,-0.015708674,0.018354125,0.0340628
Corrida completa,grinned,veggies,5273,7676,-0.0010174364,0.05716396,0.058181398
Corrida completa,dragon,torn,1747,3834,-0.046332717,-0.027612038,0.018720679
Corrida completa,creature,mor,2059,1125,0.084672175,-0.102761224,-0.18743339
Corrida completa,color,sil,993,2928,0.12395086,-0.15679564,-0.2807465
Corrida completa,arr,awoke,6791,7540,0.03538888,-0.13171259,-0.16710147
Corrida completa,hurried,neck,5366,1937,-0.0067383796,-0.04952184,-0.04278346
Corrida completa,Watch,collapsed,6770,8076,0.024312675,-0.02407364,-0.048386313
Corrida completa,cann,scru,2422,6106,-0.07882731,0.106304735,0.18513204
Corrida completa,balance,manager,3065,7970,-0.09301917,-0.12397142,-0.030952245
Corrida completa,pray,qui,2784,7688,-0.063552745,-0.04771958,0.015833165
Corrida completa,sor,tw,713,717,-0.015448796,0.14128226,0.15673105
Corrida completa,golf,snowman,3913,2241,-0.030930609,0.16071492,0.19164553
Corrida completa,bal,battery,2572,4789,0.041458756,-0.049537707,-0.09099646
Corrida completa,although,teac,7686,1800,-0.031237219,0.025582705,0.056819923
Corrida completa,introduc,su,5637,1978,0.06445253,0.12969151,0.06523898
Corrida completa,buzzing,petted,5074,5425,0.05713302,0.068220295,0.011087276
Corrida completa,future,terrible,5183,3441,-0.012381714,0.16904928,0.181431
Corrida completa,dances,never,7173,741,0.062772684,0.0019807592,-0.060791925
Corrida completa,buy,gives,1410,2181,-0.060832433,0.20974004,0.27057248
Corrida completa,police,wears,2622,6684,0.011552211,-0.20052516,-0.21207738
Corrida completa,danced,frame,2237,3979,-0.0042051785,0.052234598,0.056439776
Corrida completa,pretti,rolls,5626,6186,-0.014560862,-0.049857344,-0.03529648
Corrida completa,bookcase,relief,4703,6048,-0.08566938,0.07315975,0.15882912
Corrida completa,caught,images,1948,7770,-0.06267384,-0.06270313,-2.9295683e-05
Corrida completa,buttons,uncle,3075,3582,0.09177217,0.029108396,-0.06266377
Corrida completa,Pr,strawber,7504,3080,0.007659762,-0.075329944,-0.08298971
Corrida completa,Sandy,lotion,4100,4855,-0.005940566,0.08621272,0.09215328
Corrida completa,blinking,helmets,7722,6857,-0.1406664,0.071638316,0.21230471
Corrida completa,card,costum,2322,3273,0.0008444041,0.105633035,0.10478863
Corrida completa,Michael,shoot,7565,2781,0.027420415,-0.0060461983,-0.033466615
Corrida completa,lion,saving,1431,4794,-0.011249607,-0.083994724,-0.072745115
Corrida completa,gener,horses,2547,4587,0.026174348,-0.18255025,-0.2087246
Corrida completa,bringing,instrum,5406,6601,0.0239124,-0.0068332637,-0.030745663
Corrida completa,stuff,waiting,2736,2380,0.101549834,0.14969808,0.048148245
Corrida completa,hear,surround,1453,4527,-0.13097768,0.14780775,0.2787854
Corrida completa,Pam,boot,6740,4687,0.061782807,0.16814318,0.106360376
Corrida completa,helicopter,leap,4288,6227,-0.06585366,0.11046372,0.1763174
Corrida completa,Under,waters,7400,8097,-0.07294184,-0.11534015,-0.04239831
Corrida completa,bel,smil,1160,461,-0.087613575,-0.03680706,0.050806515
Corrida completa,Jessica,problem,6452,2157,0.011388025,-0.0228393,-0.034227327
Corrida completa,husband,stranger,6914,3460,-0.0950569,0.25532,0.3503769
Corrida completa,prom,radio,1315,4015,0.065199345,-0.2612496,-0.32644895
Corrida completa,diffic,matches,2996,4891,-0.008770302,-0.13071467,-0.12194437
Corrida completa,Jojo,treated,7630,7923,-0.0010359343,-0.015957687,-0.014921753
Corrida completa,beautiful,staff,870,4454,-0.01244659,-0.015195962,-0.0027493723
Corrida completa,book,pretend,932,1321,0.011174168,0.016181245,0.005007077
Corrida completa,gotten,me,5463,529,-0.096793175,0.05207903,0.1488722
Corrida completa,recommend,voice,4711,1151,-0.061738748,-0.12758918,-0.06585044
Corrida completa,Tilly,stripes,6120,5620,-0.008023143,0.034099847,0.04212299
Corrida completa,bike,bringing,1754,5406,0.008401253,-0.01795025,-0.026351504
Corrida completa,add,l,2803,275,0.055385213,0.076694384,0.02130917
Corrida completa,mar,split,1540,3727,-0.0706102,-0.10502783,-0.03441763
Corrida completa,ju,lonely,1535,1887,0.053625505,-0.09407105,-0.14769655
Corrida completa,cast,grinned,1451,5273,-0.09652577,-0.033666596,0.06285918
Corrida completa,cupcakes,goodbye,6596,1136,0.0549277,0.07664376,0.021716058
Corrida completa,camping,warn,6033,5311,-0.069218844,-0.11922751,-0.05000867
Corrida completa,aer,weather,4339,4267,-0.07650277,-0.036046807,0.040455963
Corrida completa,barely,today,5656,1851,0.03185693,0.019615728,-0.012241203
Corrida completa,chocolates,wear,7664,1711,0.012714028,-0.021816736,-0.034530766
Corrida completa,twenty,vet,8017,4383,0.011878008,-0.048329134,-0.060207143
Corrida completa,buzzed,sweetheart,7040,4194,0.00077927066,-0.17349558,-0.17427485
Corrida completa,darlings,saving,8144,4794,-0.09117132,-0.11425477,-0.023083456
Corrida completa,creature,prom,2059,1315,0.08349453,-0.16312867,-0.2466232
Corrida completa,Jay,what,6498,543,-0.073594615,-0.107311375,-0.03371676
Corrida completa,peach,sib,4097,6590,-0.05818132,-0.054288354,0.0038929656
Corrida completa,batter,hard,3295,881,0.017529417,0.00086544827,-0.016663969
Corrida completa,ostri,tramp,3853,6867,0.011441357,0.13650471,0.12506336
Corrida completa,bars,wisdom,6426,5415,-0.04647883,0.06348499,0.10996382
Corrida completa,mor,mustache,1125,4644,-0.025188215,-0.11014329,-0.084955074
Corrida completa,siblings,wins,6779,6933,0.04050048,0.061322987,0.020822506
Corrida completa,exact,sent,5543,3998,0.015745923,0.012396039,-0.0033498835
Corrida completa,sparkles,wardrobe,5092,4597,0.057191446,0.15217853,0.09498708
Corrida completa,breathing,escape,7668,3150,-0.035237245,0.055862658,0.0910999
Corrida completa,freez,wanting,4349,5358,0.088315755,-0.02071351,-0.10902926
Corrida completa,hats,yourselves,3176,6565,0.001733996,0.118567996,0.116834
Corrida completa,exerc,onion,4295,4033,0.023606092,-0.118024275,-0.14163037
Corrida completa,hugging,weekend,6005,6625,0.0077092815,0.04028283,0.03257355
Corrida completa,hopping,revealed,2732,5374,0.043324217,0.061982248,0.01865803
Corrida completa,admired,blank,3284,1682,0.061725505,-0.01822764,-0.07995315
Corrida completa,alright,great,5030,1055,-0.07044347,0.035107084,0.10555055
Corrida completa,rout,whispers,7050,7445,-0.1178751,-0.067450054,0.050425045
Corrida completa,jars,spikes,7957,7251,-0.011901206,0.1671955,0.1790967
Corrida completa,These,whispered,5745,3416,0.04976151,0.05803639,0.008274879
Corrida completa,skunk,worth,6923,4512,-0.0121063255,-0.1378507,-0.12574437
Corrida completa,mixer,puddles,4080,4526,-0.052977767,0.21396995,0.26694772
Corrida completa,dusty,loudly,6040,3020,-0.05209215,0.103802,0.15589416
Corrida completa,happening,resisted,2910,6941,-0.05724704,0.06085468,0.118101716
Corrida completa,aisle,their,7874,460,-0.047421202,-0.13783763,-0.09041643
Corrida completa,It,jazz,409,4967,0.07999358,-0.043093998,-0.123087585
Corrida completa,beauti,steal,868,3376,0.07296431,-0.029095167,-0.102059476
Corrida completa,crew,materi,6966,5709,-0.010631604,0.03781535,0.048446953
Corrida completa,telephone,vegetable,4791,2461,0.04511597,0.16486041,0.11974444
Corrida completa,event,nearly,5409,7233,0.054201324,0.05261153,-0.0015897937
Corrida completa,cann,destroy,2422,3750,0.11478395,-0.06734001,-0.18212396
Corrida completa,great,stuffed,1055,4170,-0.006142581,0.07740538,0.08354796
Corrida completa,bunnies,crayons,5589,2222,0.022754751,0.10423156,0.08147681
Corrida completa,curt,sniff,3922,3415,-0.04333233,0.10493096,0.14826329
Corrida completa,balloon,gold,1587,2570,0.0042025633,0.15340573,0.14920317
Corrida completa,loop,rumble,4168,6341,0.06971547,0.23221435,0.16249888
Corrida completa,circle,rin,3156,7791,0.06432775,-0.027486626,-0.09181437
Corrida completa,inspired,tunn,7870,3043,0.06166894,-0.075379215,-0.13704816
Corrida completa,lun,talks,6553,7132,0.01244254,0.11363157,0.10118903
Corrida completa,growled,wild,4882,2276,-0.015560737,0.08751833,0.103079066
Corrida completa,Those,stomach,7130,5093,0.03727878,0.016449159,-0.02082962
Corrida completa,holds,ta,3671,691,0.016015857,-0.0033794008,-0.019395258
Corrida completa,fever,weight,6499,5398,-0.08177952,0.09004688,0.17182639
Corrida completa,scrambled,spoke,7705,3674,-0.004226174,0.104671285,0.10889746
Corrida completa,blouse,lovely,5053,2184,-0.10896402,-0.055533487,0.05343053
Corrida completa,knew,toug,697,2969,0.036126796,-0.02996272,-0.06608952
Corrida completa,clearly,what,8107,543,-0.099539965,-0.13941893,-0.039878964
Corrida completa,tid,worse,2334,5244,-0.0101608485,-0.0020434484,0.0081174
Corrida completa,pause,sunshine,6348,2046,0.054533836,0.07824731,0.023713473
Corrida completa,beautiful,happ,870,374,-0.056822702,0.03311754,0.08994024
Corrida completa,bubble,group,4164,2550,-0.013729826,0.009111978,0.022841804
Corrida completa,swe,whole,3210,2199,0.043800782,-0.028011438,-0.07181222
Corrida completa,fier,silence,3171,5834,0.021239433,-0.0993163,-0.12055573
Corrida completa,determination,vis,6422,1514,-0.023303155,-0.077079706,-0.05377655
Corrida completa,block,worked,1233,1337,-0.029099591,-0.027767826,0.0013317652
Corrida completa,Ro,available,4287,3934,-0.024199244,-0.068882205,-0.04468296
Corrida completa,adorable,long,3967,789,0.033731412,0.184543,0.15081158
Corrida completa,pig,speed,1975,3640,0.029147891,0.0221826,-0.0069652908
Corrida completa,fisherman,within,4348,7921,0.035181135,-0.11765912,-0.15284026
Corrida completa,forgive,passed,2381,2648,0.056629922,0.13908717,0.082457244
Corrida completa,Zara,collection,7830,5163,-0.14745489,-0.13096137,0.016493514
Corrida completa,chir,knew,5186,697,-0.08915602,-0.012006452,0.07714956
Corrida completa,forgot,onward,1449,7249,-0.09458049,-0.1002745,-0.005694017
Corrida completa,fills,judge,7634,4303,-0.01723507,-0.052056354,-0.034821283
Corrida completa,thoughtful,wrote,3162,2842,-0.07451781,-0.043385144,0.031132665
Corrida completa,To,o,1598,285,0.08363111,0.13320543,0.049574316
Corrida completa,basketball,pull,4345,1200,0.05001525,-0.038953792,-0.08896904
Corrida completa,earthquake,spray,5395,2384,0.02709979,0.074363306,0.047263518
Corrida completa,imag,puppies,2122,6954,0.015242368,-0.05089765,-0.06614002
Corrida completa,shivered,steam,5826,4591,-0.09582709,0.07844593,0.17427301
Corrida completa,Birthday,power,7196,2083,-0.03294685,0.0059414282,0.03888828
Corrida completa,brand,lift,5400,2089,-0.025537092,0.0017570527,0.027294144
Corrida completa,bow,stored,1393,7856,-0.045387752,-0.017394751,0.027993001
Corrida completa,jewels,laund,5063,4242,0.09765835,0.004903037,-0.09275532
Corrida completa,not,thermometer,395,4780,0.1193273,0.021506263,-0.097821034
Corrida completa,sometimes,tumbled,1561,7817,-0.005405467,-0.10641463,-0.10100916
Corrida completa,di,jackets,2261,6783,0.006106374,-0.12714386,-0.13325024
Corrida completa,mole,sisters,3304,5913,-0.04905152,0.19969362,0.24874514
Corrida completa,airplane,foods,4966,5688,-0.050099194,0.06323143,0.113330625
Corrida completa,pumpkins,superheroes,6909,7243,0.019292874,0.2183468,0.19905393
Corrida completa,high,twenty,1146,8017,0.070770964,0.14525631,0.07448535
Corrida completa,burned,carried,4548,2539,-0.054772016,0.08163418,0.1364062
Corrida completa,lines,pil,5607,3151,-0.035103884,-0.030783392,0.004320491
Corrida completa,Chirpy,Jenny,5508,2405,-0.01823513,0.29171354,0.30994865
Corrida completa,knowing,penguins,2519,6108,-0.033936407,-0.08957127,-0.05563486
Corrida completa,seagull,toddler,6113,6879,-0.0035590846,0.2603922,0.26395127
Corrida completa,Sam,fi,686,858,-0.05714884,-0.11647762,-0.059328783
Corrida completa,dresser,pole,7192,4333,-0.0009753546,0.16290319,0.16387855
Corrida completa,off,pours,781,7383,-0.0075278003,0.04849326,0.056021057
Corrida completa,Just,jobs,2441,8061,-0.14490512,-0.13653567,0.008369446
Corrida completa,thick,wh,2847,394,0.01657976,0.022419477,0.0058397166
Corrida completa,her,pige,309,3515,-0.029966354,-0.040997524,-0.011031169
Corrida completa,fire,norm,1236,3035,0.066215746,0.008539025,-0.05767672
Corrida completa,manag,mood,7206,7680,-0.05112546,0.043404736,0.094530195
Corrida completa,driver,squ,2075,1116,-0.037442416,-0.047139138,-0.009696722
Corrida completa,Gra,microsc,1617,4367,0.0016072402,0.13718453,0.13557729
Corrida completa,diamond,lady,3248,1272,0.03724377,0.13256064,0.09531687
Corrida completa,allig,crossing,4199,7237,0.019024696,-0.12827457,-0.14729927
Corrida completa,kings,star,8092,1991,0.05736099,0.017542675,-0.039818317
Corrida completa,model,setting,5049,5026,-0.021951921,0.009357274,0.031309195
Corrida completa,finds,letters,4176,3719,-0.07550511,-0.03515433,0.040350776
Corrida completa,biting,highest,7661,6014,-0.071377456,-0.02597928,0.045398176
Corrida completa,honest,rout,2516,7050,-0.012449132,0.0017934679,0.014242601
Corrida completa,fishing,future,4350,5183,0.036433686,0.08525181,0.048818123
Corrida completa,followed,growls,1436,7071,-0.0095654,-0.033025764,-0.023460364
Corrida completa,cor,sailing,6788,4407,0.122012585,-0.10095805,-0.22297063
Corrida completa,bec,roll,628,1569,0.11019735,-0.025148379,-0.13534573
Corrida completa,M,sil,405,2928,0.0022587776,0.26737577,0.265117
Corrida completa,rotten,these,7390,2656,0.07548736,0.26913232,0.19364496
Corrida completa,ha,oatmeal,297,7448,0.0684175,0.025367156,-0.04305034
Corrida completa,peppers,smell,6823,1358,0.094829634,0.15302959,0.058199957
Corrida completa,Zoey,glowed,6925,5112,-0.069741964,-0.0016853325,0.06805663
Corrida completa,scale,them,3572,450,0.024221309,0.09268063,0.068459325
Corrida completa,pist,warned,4906,3461,0.08406985,0.044024773,-0.040045075
Corrida completa,contin,ruin,1440,5783,-0.0011352664,0.093488134,0.0946234
Corrida completa,door,operation,968,5348,-0.005464766,0.21112962,0.21659438
Corrida completa,Gr,floated,6203,5004,-0.08823296,-0.052026007,0.03620695
Corrida completa,scooped,yog,4898,3214,0.029396554,-0.032975275,-0.062371828
Corrida completa,rescue,slap,4142,6145,0.0024257954,0.26765704,0.26523125
Corrida completa,Ginger,O,8056,2070,0.059489958,0.05773682,-0.0017531365
Corrida completa,opens,wish,3678,1962,0.17008348,0.011044458,-0.15903902
Corrida completa,sailboat,shivered,6493,5826,0.07720247,0.07069256,-0.0065099075
Corrida completa,gear,rocks,4978,1924,-0.037553623,0.2476148,0.2851684
Corrida completa,silly,snowmen,1645,6851,-0.008937429,0.08952556,0.098462984
Corrida completa,Sunday,slither,5404,7595,-0.0059764497,-0.056132432,-0.050155982
Corrida completa,explore,plate,957,2475,-0.050690442,-0.030000553,0.02068989
Corrida completa,reapp,trucks,7653,3097,0.03672712,-0.19921942,-0.23594654
Corrida completa,Spot,showing,1162,3265,0.05645084,-0.005929121,-0.06237996
Corrida completa,Bunny,Mat,4223,5323,0.11584936,0.087469436,-0.028379925
Corrida completa,creative,novels,2459,8072,-0.054228056,0.09566,0.14988805
Corrida completa,creative,magical,2459,1692,-0.13497616,0.33442146,0.4693976
Corrida completa,above,milk,3153,2133,-0.025854778,-0.038109533,-0.012254756
Corrida completa,demanded,shaped,5932,7133,0.032363858,0.027743708,-0.0046201497
Corrida completa,tossed,wrapping,7359,6830,-0.05885641,0.14896418,0.2078206
Corrida completa,jug,soil,3553,4328,-0.015932005,0.28756547,0.30349746
Corrida completa,chimney,tear,4455,4384,0.0578866,0.13157544,0.073688835
Corrida completa,anytime,port,5441,4814,0.03841912,-0.076643094,-0.115062214
Corrida completa,inst,performing,1890,7240,0.029543739,-0.05671888,-0.08626261
Corrida completa,museum,suggested,4324,3229,0.06695576,0.07146739,0.004511632
Corrida completa,Prin,card,6491,2322,0.04006969,-0.040092826,-0.08016252
Corrida completa,Fox,gazing,6888,7755,-0.058877192,-0.054663662,0.0042135306
Corrida completa,muff,weren,4010,5373,0.044104777,0.14723921,0.10313443
Corrida completa,organ,we,2225,367,-0.0012832861,-0.002737129,-0.001453843
Corrida completa,vendor,walls,4391,3145,-0.09600497,0.0034736544,0.099478625
Corrida completa,cust,ra,6734,878,-0.080271885,-0.028922856,0.05134903
Corrida completa,coal,dizzy,4899,2995,0.07530895,0.16575924,0.09045029
Corrida completa,beh,rain,1247,1068,-0.07429859,-0.058605015,0.015693575
Corrida completa,giraffes,pretty,6496,965,0.037975002,0.05648548,0.01851048
Corrida completa,Who,rock,4890,947,-0.0419814,-0.06713634,-0.02515494
Corrida completa,freez,succeeded,4349,5515,-0.035323177,0.03883937,0.07416254
Corrida completa,country,keeping,3953,4808,-0.028021075,-0.09743578,-0.069414705
Corrida completa,clicked,lect,8176,5243,-0.09731071,-0.07389994,0.023410767
Corrida completa,pushing,ticket,3969,4804,-0.096927844,-0.05170028,0.045227565
Corrida completa,Susan,buildings,6157,5231,-0.06915585,0.023283996,0.092439845
Corrida completa,son,they,3272,362,0.07960342,0.14727758,0.06767416
Corrida completa,massage,stealing,5199,5664,0.044526342,0.16438152,0.11985518
Corrida completa,beyond,uses,6516,6409,-0.034532465,0.07069631,0.105228774
Corrida completa,Will,went,4371,467,-0.10649905,-0.09236166,0.014137395
Corrida completa,TV,mesmer,2551,6647,0.12925021,-0.09575023,-0.22500044
Corrida completa,Squ,do,6485,391,-0.025121953,0.116446026,0.14156798
Corrida completa,Elsa,Sue,7535,1167,-0.05514627,0.28711203,0.3422583
Corrida completa,crack,hid,2826,1447,0.03649483,0.15186219,0.11536736
Corrida completa,parade,shining,3902,2166,-0.0040700324,0.043551162,0.047621194
Corrida completa,beehive,camel,8037,8134,-0.04666671,0.12236722,0.16903393
Corrida completa,obeyed,spotted,8174,2207,-0.040470406,0.019855168,0.060325574
Corrida completa,Leave,grow,6472,1624,-0.051492143,-0.08390656,-0.032414418
Corrida completa,gently,meow,2304,5490,0.0020449646,0.1138155,0.11177054
Corrida completa,branches,pull,2897,1200,0.02190271,0.052120913,0.030218203
Corrida completa,grandmother,upstairs,5524,5095,0.015919188,0.094806835,0.07888765
Corrida completa,faded,players,7270,6842,0.027857251,0.031903785,0.0040465333
Corrida completa,How,genie,2402,6950,-0.088042215,-0.09625751,-0.008215293
Corrida completa,Thomas,glee,6355,6363,-0.16085696,0.013681829,0.17453879
Corrida completa,avocados,goodbye,6833,1136,-0.0034543145,0.043163598,0.04661791
Corrida completa,batteries,campfire,7119,7416,0.036764182,0.15782598,0.121061794
Corrida completa,castle,forth,1530,3365,0.022145826,0.064557284,0.042411458
Corrida completa,thanks,wonders,4158,5751,-0.01489272,0.05011326,0.06500598
Corrida completa,nowhere,sweat,3753,7935,-0.0054444466,-0.045319825,-0.03987538
Corrida completa,able,pumpkin,1452,3342,0.14052619,-0.057246562,-0.19777276
Corrida completa,hugging,stool,6005,7084,0.07197921,0.0479027,-0.02407651
Corrida completa,claps,search,5890,3079,0.027103417,0.072503984,0.045400567
Corrida completa,arrows,bows,6611,6850,0.05446394,0.19552907,0.14106514
Corrida completa,blocks,talked,1417,2156,-0.00053814985,0.010738522,0.011276672
Corrida completa,appeared,asking,2217,2741,0.1039549,0.029773615,-0.07418128
Corrida completa,Bow,cup,7684,1681,0.0035939924,0.01778292,0.014188927
Corrida completa,many,she,796,335,0.08905004,-0.013281129,-0.10233117
Corrida completa,Bubbles,deal,5636,6506,0.0771746,0.11104192,0.033867322
Corrida completa,discover,working,3588,2725,-0.04343216,0.006928649,0.05036081
Corrida completa,Please,officer,2536,5504,0.0007139202,0.08161962,0.0809057
Corrida completa,hugs,sec,1957,1664,0.09003271,-0.037382457,-0.12741517
Corrida completa,decor,laug,2514,700,0.023154892,0.12829763,0.105142735
Corrida completa,leaf,telephone,2445,4791,0.09797518,0.24129234,0.14331716
Corrida completa,delivery,giraffe,6175,4368,-0.046673954,0.041589305,0.08826326
Corrida completa,charge,nuts,7341,3749,0.03926634,0.014936825,-0.024329515
Corrida completa,dessert,operation,3943,5348,-0.046619516,0.25942254,0.30604205
Corrida completa,Bessie,one,6882,626,-0.014345203,-0.05686599,-0.042520788
Corrida completa,Looking,mama,8158,4271,0.04479206,-0.081887275,-0.12667933
Corrida completa,Spring,watering,8163,7552,0.0109975785,0.007367315,-0.0036302637
Corrida completa,manage,painted,5133,3305,0.01919739,0.02253307,0.0033356808
Corrida completa,creamy,shined,6570,6122,0.06404836,0.09473509,0.030686736
Corrida completa,settle,steam,5427,4591,0.0813311,0.044639833,-0.036691263
Corrida completa,bill,mat,4992,1478,0.14902233,0.2933629,0.14434056
Corrida completa,mass,radishes,4929,6430,0.11616433,-0.017089024,-0.13325335
Corrida completa,Zara,bounced,7830,3947,-0.07309478,-0.15383543,-0.08074065
Corrida completa,dolphins,sizes,5962,4721,0.02399443,0.19141015,0.16741572
Corrida completa,folding,grab,6526,2118,-0.022761285,0.13756923,0.16033052
Corrida completa,glob,squish,8100,6556,-0.012175081,0.04564879,0.057823874
Corrida completa,Kayla,visiting,6731,5459,0.1029474,0.07390587,-0.029041529
Corrida completa,Josh,joined,5894,3166,0.038453996,-0.07592198,-0.11437598
Corrida completa,God,Momo,4738,6228,-0.019639943,0.22484663,0.24448657
Corrida completa,pigs,round,5264,2023,0.055998024,0.024854813,-0.03114321
Corrida completa,inchworm,sweat,8111,7935,0.006582436,-0.0064494237,-0.01303186
Corrida completa,bare,reply,5461,6412,-0.085497156,0.04814201,0.13363916
Corrida completa,photos,rather,6387,7885,0.04332045,-0.01809979,-0.06142024
Corrida completa,grinned,swollen,5273,8038,-0.020177444,0.015240531,0.035417974
Corrida completa,agre,cir,4607,2042,-0.06182412,-0.061823532,5.8859587e-07
Corrida completa,eld,preparing,2810,7351,0.004067842,0.09055643,0.08648859
Corrida completa,bored,cake,2704,1177,0.038882934,0.031035334,-0.0078476
Corrida completa,bottom,muffin,2950,4849,-0.009861238,0.08734465,0.097205885
Corrida completa,actually,cheeks,5179,6548,-0.017867412,-0.029872224,-0.012004811
Corrida completa,dra,tummy,978,3197,0.097825974,0.0011577979,-0.09666818
Corrida completa,bones,celebration,5520,6345,0.02320354,0.1441856,0.120982066
Corrida completa,ran,scurry,555,7534,0.014265449,0.29771754,0.2834521
Corrida completa,headed,make,4405,551,-0.04532723,-0.1836851,-0.13835786
Corrida completa,bully,hides,6846,7156,0.026171606,0.014815597,-0.011356009
Corrida completa,bad,simp,919,4931,0.1370535,0.08013217,-0.056921333
Corrida completa,journey,refuse,2053,7703,-0.03258418,0.14399374,0.17657791
Corrida completa,manners,only,7922,1215,-0.060635507,-0.14621282,-0.08557731
Corrida completa,Squirrel,kn,6956,479,0.015583724,-0.17504182,-0.19062555
Corrida completa,disob,stripes,7505,5620,-0.13116919,-0.17955047,-0.048381284
Corrida completa,cloudy,oven,7571,2306,0.013239548,0.14242671,0.12918717
Corrida completa,bec,reindeer,628,4171,-0.023365164,-0.16996415,-0.14659898
Corrida completa,dressed,port,4465,4814,0.046720363,-0.0063749626,-0.053095326
Corrida completa,chose,taken,3212,2672,-0.061390236,0.11230412,0.17369436
Corrida completa,answered,cows,2717,3887,0.020664094,0.05941479,0.038750693
Corrida completa,And,sold,849,2695,0.06282383,-0.041869275,-0.10469311
Corrida completa,Hoppy,opera,5503,4664,-0.074505046,-0.039990127,0.03451492
Corrida completa,letter,ornam,2057,4801,-0.012727355,-0.08489187,-0.07216451
Corrida completa,properly,toe,5730,5237,0.04906226,0.12304479,0.07398253
Corrida completa,Th,consequences,1205,6780,0.09411421,0.19592795,0.10181374
Corrida completa,drinks,ham,5426,3015,-0.0014047911,-0.009734295,-0.008329504
Corrida completa,freezer,scoop,4577,5527,-0.04791006,0.11069626,0.15860632
Corrida completa,haircut,sal,4228,2309,0.030168913,0.19788137,0.16771245
Corrida completa,buried,cottage,4881,7510,-0.021794014,0.1276885,0.14948252
Corrida completa,seal,shelves,3757,5973,-0.046277795,0.04243263,0.08871043
Corrida completa,aside,restless,7393,3760,-0.01282151,0.17442465,0.18724616
Corrida completa,club,wall,3876,1502,0.09954071,0.1437278,0.044187084
Corrida completa,deep,surprises,1607,4744,-0.014233105,-0.00791071,0.006322395
Corrida completa,lime,mug,4249,3941,-0.03503885,0.24580234,0.2808412
Corrida completa,married,urged,4537,5827,-0.0054276297,-0.11336465,-0.10793702
Corrida completa,lead,ribb,2783,4157,0.0061160326,-0.08250616,-0.08862219
Corrida completa,humming,today,7931,1851,-0.03022834,-0.01679458,0.01343376
Corrida completa,chir,pops,5186,7531,-0.053179853,-0.043371126,0.009808727
Corrida completa,band,cloth,2095,2407,0.033249576,0.16591644,0.13266687
Corrida completa,berries,original,3164,3349,-0.030700732,0.027926175,0.058626905
Corrida completa,m,standing,281,2571,-0.03826834,0.0779583,0.11622664
Corrida completa,rusty,shoes,6575,1904,-0.02597517,0.07502055,0.10099572
Corrida completa,junk,valu,4778,3146,-0.0028478242,-0.057372082,-0.054524258
Corrida completa,Mama,stomach,2100,5093,-0.009484146,0.0042139934,0.013698139
Corrida completa,Freddy,guard,5025,3521,-0.06492575,0.1254578,0.19038355
Corrida completa,flight,salty,7087,6673,0.023989707,0.017085468,-0.006904239
Corrida completa,complaining,salt,6762,3842,0.053445645,0.087146,0.033700354
Corrida completa,Nana,bored,7766,2704,-0.076754354,-0.0870205,-0.010266148
Corrida completa,hurric,liked,5329,619,-0.040573396,-0.08912285,-0.04854945
Corrida completa,Whiskers,writes,4184,5714,-0.06285912,-0.24218616,-0.17932704
Corrida completa,Mark,television,3010,4682,-0.1448546,0.053290814,0.19814542
Corrida completa,goes,pa,2346,1171,0.020280357,0.05886291,0.038582552
Corrida completa,musician,snowman,4775,2241,0.1046405,0.38689628,0.28225577
Corrida completa,noodles,tired,7218,1269,0.045035895,0.029803993,-0.015231902
Corrida completa,fur,reminder,1576,5388,-0.023082498,0.0067636073,0.029846106
Corrida completa,finish,sizes,2386,4721,0.003885705,0.034605533,0.030719828
Corrida completa,ours,thr,5360,1008,-0.019513967,-0.070179194,-0.05066523
Corrida completa,feel,fluttered,637,6572,0.05313179,0.11140703,0.058275238
Corrida completa,planets,umbre,5804,3409,0.14236774,-0.13159983,-0.27396756
Corrida completa,pause,triangles,6348,7139,0.011539549,0.051577743,0.040038195
Corrida completa,cla,drift,1394,5597,0.020407254,0.13744755,0.1170403
Corrida completa,Snuggles,laser,7073,3841,-0.006334831,0.17070922,0.17704405
Corrida completa,favor,heroes,1275,7238,0.023383923,0.058734838,0.035350915
Corrida completa,Prin,heel,6491,6142,-0.06142428,-0.17290851,-0.11148423
Corrida completa,dip,full,7312,1330,-0.011675369,0.009981999,0.021657368
Corrida completa,celebrate,hurric,3580,5329,0.10132629,-0.07140898,-0.17273527
Corrida completa,Remy,flav,5576,5277,0.07387191,-0.14764564,-0.22151755
Corrida completa,June,cord,6883,3981,0.028705224,0.07364415,0.044938922
Corrida completa,cause,shining,6280,2166,-0.025359206,-0.0343318,-0.008972593
Corrida completa,age,crowd,7032,5956,-0.11607985,-0.07031874,0.04576111
Corrida completa,interesting,likes,2178,1428,0.13474873,0.1778822,0.043133467
Corrida completa,pops,soared,7531,5257,0.06819779,0.101955265,0.033757478
Corrida completa,continue,unicorn,5361,5588,-0.14169028,-0.048399467,0.09329082
Corrida completa,helm,inchworm,3539,8111,0.037786562,0.032531057,-0.0052555054
Corrida completa,ease,heat,7337,5339,-0.030681457,0.15448971,0.18517117
Corrida completa,daring,kneeled,7202,6109,-0.043518566,0.08301991,0.12653849
Corrida completa,aff,hold,6389,1388,-0.0023065582,-0.12571399,-0.12340743
Corrida completa,giving,masterp,3001,7488,-0.009717613,0.03447676,0.044194374
Corrida completa,forgave,wondered,4019,2028,-0.01911655,0.059792932,0.07890949
Corrida completa,prom,stealing,1315,5664,0.07375604,-0.015159944,-0.08891598
Corrida completa,nightmare,steep,5795,5887,-0.027664412,0.10901944,0.13668385
Corrida completa,mic,storekeeper,2773,5910,-0.11621778,-0.16714261,-0.050924838
Corrida completa,snowmen,stu,6851,2016,0.0031244718,-0.025189858,-0.02831433
Corrida completa,supported,tickets,7863,5682,0.021670096,0.03924861,0.017578516
Corrida completa,damaged,sunglasses,7641,4653,0.0037903674,0.034798063,0.031007696
Corrida completa,Zip,beside,6938,5364,0.11076967,0.009956876,-0.10081279
Corrida completa,laugh,lawn,1418,4518,-0.042548656,0.10398115,0.14652981
Corrida completa,attention,stair,4298,5755,-0.001187358,0.043221846,0.044409204
Corrida completa,dreaming,nod,3357,2973,0.013737414,-0.027605243,-0.041342657
Corrida completa,eats,sponge,5874,7007,-0.0834005,0.033878535,0.11727904
Corrida completa,pilot,pretended,4021,2367,0.090816416,-0.090974145,-0.18179056
Corrida completa,thrown,villagers,7055,5533,0.051524624,-0.06573132,-0.11725594
Corrida completa,Charlie,Karen,4747,7528,0.006614078,0.35676947,0.35015538
Corrida completa,hide,listened,1652,1579,-0.05554826,-0.021267712,0.03428055
Corrida completa,angel,sque,3285,4532,-0.041271433,-0.014279833,0.0269916
Corrida completa,embarrass,walk,6597,1064,0.03464867,-0.09276765,-0.12741631
Corrida completa,goodnight,healed,5988,6039,0.053673405,0.1874533,0.1337799
Corrida completa,ig,wra,4649,2106,0.020088224,0.07927744,0.059189215
Corrida completa,disappeared,gone,2827,1467,-0.12637568,0.34086746,0.46724313
Corrida completa,square,tunn,3620,3043,0.092411086,0.04517614,-0.047234945
Corrida completa,bars,still,6426,876,0.034194503,0.038039163,0.0038446598
Corrida completa,Car,great,5831,1055,0.0059871487,0.021440879,0.01545373
Corrida completa,doorbell,serve,8162,4825,-0.00070891716,-0.054437794,-0.05372888
Corrida completa,ahead,luck,3668,4032,-0.032194704,0.1423188,0.1745135
Corrida completa,buying,scru,6300,6106,-0.022181885,0.026680887,0.04886277
Corrida completa,Those,meas,7130,3708,0.10063657,0.006829424,-0.093807146
Corrida completa,Els,vo,6342,1075,0.03194999,-0.025012806,-0.056962796
Corrida completa,Snowy,watering,4879,7552,-0.11307332,-0.14401528,-0.030941963
Corrida completa,Che,disapp,6622,1779,-0.030019887,0.07232706,0.10234695
Corrida completa,clum,towards,3355,1653,0.13091786,-0.0047501586,-0.13566802
Corrida completa,examined,impossible,5539,6467,-0.016830921,-0.0052329684,0.011597953
Corrida completa,Bo,flat,6519,6219,0.017889516,0.038027376,0.02013786
Corrida completa,buzz,uniforms,4130,7866,0.016324932,0.04584519,0.029520256
Corrida completa,losing,respond,6604,7117,0.096092805,0.078595035,-0.01749777
Corrida completa,Qu,wh,5815,394,-0.08551807,0.23693755,0.3224556
Corrida completa,sil,zip,2928,3510,0.004642804,-0.06178232,-0.06642512
Corrida completa,eats,knee,5874,2425,0.012279643,0.06170635,0.049426705
Corrida completa,flown,screwdriver,7191,7219,-0.06319914,0.019190568,0.08238971
Corrida completa,slept,window,4399,1384,-0.06891136,-0.0099364575,0.0589749
Corrida completa,scarecrow,up,7907,358,-0.028680265,0.0068190694,0.035499334
Corrida completa,brighter,pinched,3648,5556,0.012175752,0.050303712,0.03812796
Corrida completa,By,character,6112,7147,-0.172434,-0.08980445,0.082629554
Corrida completa,ambul,gate,4428,2671,0.027484808,-0.11028437,-0.13776918
Corrida completa,mule,shouts,4302,4018,0.009810802,-0.050190248,-0.06000105
Corrida completa,Rain,tickets,7827,5682,0.016897462,0.050249718,0.033352256
Corrida completa,sculp,waters,8156,8097,0.05781886,-0.039651297,-0.09747016
Corrida completa,doll,handed,971,3543,-0.06150753,-0.06545391,-0.003946379
Corrida completa,more,remembered,692,1359,-0.04132394,-0.0808982,-0.03957426
Corrida completa,hammer,resisted,3483,6941,-0.08654224,-0.0082213655,0.078320876
Corrida completa,faraway,with,6181,343,0.06731873,-0.12001413,-0.18733287
Corrida completa,beds,napping,5492,7384,-0.0044280365,0.14329094,0.14771897
Corrida completa,brick,tun,5312,2251,-0.06397723,-0.042591963,0.021385264
Corrida completa,cou,whistle,1983,2443,0.0039354954,-0.08784707,-0.09178256
Corrida completa,amount,reun,7094,7275,0.0036901152,0.07470752,0.07101741
Corrida completa,caused,leak,6137,4868,-0.026678137,0.01796674,0.044644877
Corrida completa,parked,veterinarian,5680,4438,-0.03145705,-0.032897845,-0.0014407933
Corrida completa,bags,boat,3293,1123,-0.10360177,0.22518215,0.32878393
Corrida completa,kitty,refused,4268,3512,-0.08030075,-0.052819453,0.027481295
Corrida completa,Buzz,dragon,5125,1747,-0.012986758,0.20228055,0.21526732
Corrida completa,difficult,spilled,3014,3519,-0.0024427865,0.018574443,0.02101723
Corrida completa,cocoa,straight,3721,4466,0.0021545887,-0.040044148,-0.042198736
Corrida completa,rope,walls,2180,3145,0.04097061,0.19321427,0.15224366
Corrida completa,Ruby,stung,5023,7067,-0.0398083,-0.031389013,0.008419286
Corrida completa,Halloween,mushroom,7747,3920,-0.026641358,0.16851735,0.1951587
Corrida completa,banan,thankful,2418,2565,-0.13796647,-0.05109128,0.086875185
Corrida completa,plastic,worm,4457,2323,-0.08410165,0.053061254,0.1371629
Corrida completa,a,decision,259,5217,0.0861066,-0.047992785,-0.13409938
Corrida completa,drum,themselves,2756,3315,0.025331127,0.122887954,0.09755683
Corrida completa,import,response,1081,7347,0.12145866,0.15768474,0.036226086
Corrida completa,cautiously,frightened,6425,3117,0.024721332,0.016542671,-0.008178661
Corrida completa,moder,worry,3426,1302,0.0067030564,-0.08255386,-0.08925692
Corrida completa,Yes,faraway,6279,6181,-0.058827356,0.10362036,0.16244772
Corrida completa,friends,guy,477,5165,0.07383697,0.24953341,0.17569645
Corrida completa,Kayla,wider,6731,7141,0.010927249,-0.0019264594,-0.012853708
Corrida completa,countryside,tim,5975,6092,-0.024930514,-0.06538415,-0.040453635
Corrida completa,snowmen,vehic,6851,4629,-0.09774486,0.03588013,0.13362499
Corrida completa,stack,strings,3807,5820,0.067100406,0.1718888,0.10478839
Corrida completa,father,palm,2852,4846,-0.053569656,0.016680619,0.07025027
Corrida completa,Together,pushes,2584,4141,0.11539121,0.096271634,-0.019119576
Corrida completa,Fred,chir,3211,5186,0.08848162,0.004213753,-0.08426787
Corrida completa,seesaw,whispered,6176,3416,-0.058854274,-0.010314761,0.04853951
Corrida completa,attach,ear,4505,2110,0.0036395453,0.05813244,0.054492895
Corrida completa,bloom,flock,2974,7887,0.023853468,0.08068661,0.05683314
Corrida completa,fastest,into,4807,729,-0.057965726,-0.12222638,-0.064260654
Corrida completa,adorable,arrows,3967,6611,0.14203238,0.13373086,-0.008301526
Corrida completa,jackets,tr,6783,710,0.10619743,-0.085973024,-0.19217046
Corrida completa,dinosaurs,repe,5341,4003,-0.067871936,-0.04317466,0.024697274
Corrida completa,read,scent,1375,7851,-0.06490622,0.13212922,0.19703543
Corrida completa,send,thanked,3706,839,-0.12953782,0.045353204,0.17489102
Corrida completa,mist,taking,2117,1913,-0.028493304,-0.04605147,-0.017558165
Corrida completa,firm,pre,6110,1438,-0.009996757,-0.01628817,-0.0062914137
Corrida completa,shouted,the,1267,263,0.19252016,-0.019608648,-0.2121288
Corrida completa,dirt,importance,2301,6087,-0.016030412,0.044618033,0.060648445
Corrida completa,bounce,robots,3282,7903,0.07208274,0.07508858,0.00300584
Corrida completa,praised,throughout,4880,7016,0.10486187,0.21013603,0.105274156
Corrida completa,tallest,theater,6299,4205,-0.03477589,-0.038495436,-0.003719546
Corrida completa,he,warri,279,6903,0.031322464,-0.0844527,-0.11577517
Corrida completa,cocoon,knife,7704,2938,0.07201943,0.27747285,0.20545343
Corrida completa,glasses,ste,6460,1294,0.05010467,0.00970982,-0.04039485
Corrida completa,basement,delayed,7003,7910,-0.071718305,-0.008451026,0.063267276
Corrida completa,law,travelled,3252,6646,-0.019503199,-0.06990614,-0.05040294
Corrida completa,Jones,anger,6114,7627,0.023163967,0.15875712,0.13559315
Corrida completa,Have,langu,5130,4209,0.06285224,0.13758622,0.07473398
Corrida completa,mum,vines,1250,7760,-0.005425253,-0.065106936,-0.059681684
Corrida completa,achieve,invit,5995,5067,-0.031567052,0.09854539,0.13011244
Corrida completa,ourselves,please,5886,1496,0.095388785,0.04051143,-0.054877356
Corrida completa,perm,rubbing,3545,5901,-0.019415196,-0.111535415,-0.092120215
Corrida completa,express,steer,7002,6507,-0.0769365,0.05619284,0.13312934
Corrida completa,petted,trotted,5425,7674,-0.027321754,0.032327227,0.059648983
Corrida completa,damaged,slices,7641,6539,0.09528371,0.07954591,-0.015737802
Corrida completa,having,pond,1243,1296,0.015753843,-0.059877805,-0.07563165
Corrida completa,decorated,necklaces,5642,7349,0.084646225,0.1333332,0.04868698
Corrida completa,Maybe,runs,1606,1738,-0.013839666,-0.049781345,-0.03594168
Corrida completa,Something,cleared,5771,7723,0.09369523,-0.05462364,-0.14831887
Corrida completa,Her,bal,852,2572,-0.05197249,-0.121968165,-0.06999567
Corrida completa,pleasure,pu,6508,1176,0.05519183,0.08581802,0.030626193
Corrida completa,following,plants,4839,2573,0.019882966,-0.1765169,-0.19639987
Corrida completa,die,vine,7125,3936,-0.0052836817,-0.010981783,-0.0056981016
Corrida completa,cuddles,singer,7777,5940,-0.08018623,0.05002152,0.13020775
Corrida completa,live,tried,2318,733,-0.008333476,-0.04858516,-0.040251687
Corrida completa,Sometimes,unsure,2467,7182,-0.012033295,0.08341971,0.09545301
Corrida completa,awake,nuzz,6335,7385,0.09615448,-0.0016691778,-0.09782366
Corrida completa,Our,setting,7158,5026,0.014814289,0.08065768,0.065843396
Corrida completa,Thank,changing,2043,7395,0.023477904,-0.025988135,-0.04946604
Corrida completa,anytime,tomorrow,5441,2399,-0.0050984332,0.13563138,0.14072981
Corrida completa,buckle,knocked,5336,2487,-0.1046904,0.0045477934,0.10923819
Corrida completa,cracked,upstairs,6324,5095,0.0013709404,0.11316372,0.11179277
Corrida completa,pers,went,1828,467,0.0335861,0.04071231,0.0071262084
Corrida completa,restored,settled,6230,4827,-0.009448649,0.08339639,0.09284504
Corrida completa,TV,prick,2551,8027,-0.04479151,-0.05369561,-0.008904103
Corrida completa,escape,reminding,3150,7691,-0.011946616,-0.04974052,-0.037793905
Corrida completa,ends,impress,8098,3487,-0.039561376,0.028658,0.06821938
Corrida completa,humming,spread,7931,2383,-0.070548505,0.09027858,0.16082709
Corrida completa,No,object,3044,3666,-0.052060932,-0.21182457,-0.15976363
Corrida completa,making,waving,1282,4306,0.05027959,-0.014457726,-0.06473732
Corrida completa,edges,listens,7194,6567,0.020856917,0.15038958,0.12953267
Corrida completa,freezer,warnings,4577,6862,-0.009887096,0.116447754,0.12633485
Corrida completa,honked,name,7098,1317,-0.06914683,-0.0016092751,0.06753755
Corrida completa,cried,hand,1348,734,0.009868292,0.11166902,0.101800725
Corrida completa,headed,suffered,4405,7264,-0.1012546,-0.074733116,0.026521482
Corrida completa,anticipation,pumpkins,7647,6909,0.007059619,0.16655564,0.15949602
Corrida completa,be,cough,330,6455,0.009252522,-0.16721204,-0.17646456
Corrida completa,modern,surprises,3469,4744,-0.04895045,-0.027326657,0.021623792
Corrida completa,delay,dreams,4745,3107,0.03880816,0.14241749,0.10360933
Corrida completa,chefs,spells,7142,7696,0.013494199,0.08955627,0.07606207
Corrida completa,seemed,starts,1926,3868,0.01746085,0.2687694,0.25130856
Corrida completa,lifted,special,3116,689,0.12383695,-0.015773531,-0.13961048
Corrida completa,necklace,wants,2578,1526,-0.031605795,-0.04174836,-0.010142565
Corrida completa,relaxing,she,8105,335,0.011561103,-0.09364869,-0.10520979
Corrida completa,Jo,lake,825,1631,0.02106753,-0.029897882,-0.050965413
Corrida completa,counting,see,3584,520,0.027711598,0.10563253,0.07792093
Corrida completa,Unfortunately,reminder,6062,5388,-0.03233695,-0.06785059,-0.03551364
Corrida completa,banan,berries,2418,3164,0.10477173,0.1557475,0.05097577
Corrida completa,Zip,pushed,6938,1857,-0.04443923,-0.034599952,0.009839278
Corrida completa,bathtub,cuddle,3691,5654,0.014573121,0.1865336,0.17196047
Corrida completa,op,scampered,728,7145,-0.04710728,0.082641356,0.12974864
Corrida completa,knee,windy,2425,6848,0.00011659041,0.018483356,0.018366765
Corrida completa,east,refrigerator,5809,5008,-0.010386764,0.2435582,0.25394496
Corrida completa,climbed,napkin,1567,4297,0.045715425,0.08392691,0.038211484
Corrida completa,insects,whatever,6927,5561,-0.0058793183,-0.10661982,-0.1007405
Corrida completa,bully,giggle,6846,3888,-0.056097034,0.05233064,0.10842767
Corrida completa,infant,prayers,4835,7774,-0.038553208,0.059468288,0.09802149
Corrida completa,giraff,peacefully,6473,6828,0.052991193,0.08951511,0.03652392
Corrida completa,forgot,logs,1449,6504,0.030700698,0.018339802,-0.012360897
Corrida completa,Louise,laught,7291,4767,-0.08761568,-0.047365136,0.040250547
Corrida completa,Lily,grey,364,5193,0.15678614,0.01072682,-0.14605932
Corrida completa,screaming,uns,5928,6871,-0.04364214,-0.07967307,-0.036030926
Corrida completa,fishing,quest,4350,2195,0.027108569,0.049698234,0.022589665
Corrida completa,glasses,separ,6460,3840,0.039888304,0.041107226,0.0012189224
Corrida completa,Bunny,video,4223,4761,0.011277136,0.016957358,0.005680221
Corrida completa,John,gather,1185,2124,0.03441611,-0.06674369,-0.101159796
Corrida completa,hurting,learned,4770,812,-0.004585821,0.067125596,0.07171142
Corrida completa,Bob,bedtime,1132,6429,0.04628907,0.045781143,-0.00050792843
Corrida completa,metal,piece,3368,1889,-0.010435212,0.14117372,0.15160893
Corrida completa,muffins,so,6017,347,-0.023333296,-0.017321337,0.006011959
Corrida completa,delay,pinched,4745,5556,0.051875073,0.034569405,-0.017305668
Corrida completa,catching,shap,5512,1698,-0.0057509355,0.11127253,0.11702347
Corrida completa,O,tower,2070,1835,0.004670266,0.03455533,0.029885065
Corrida completa,knew,splash,697,2555,0.063355036,-0.17683485,-0.24018988
Corrida completa,nurse,shield,3374,3626,0.00036415178,0.10714372,0.10677957
Corrida completa,punished,realised,5763,2886,-0.039176546,0.03258428,0.071760826
Corrida completa,admired,mach,3284,2245,-0.019644069,-0.024363162,-0.0047190934
Corrida completa,steep,teaspoon,5887,5138,-0.022176929,0.0026895013,0.02486643
Corrida completa,explorers,surf,6448,3568,-0.076434374,0.05366084,0.13009521
Corrida completa,env,shared,3513,1663,-0.064984426,-0.03410594,0.030878484
Corrida completa,Sam,designs,686,7350,0.053386502,-0.008730818,-0.06211732
Corrida completa,diffic,mosquitoes,2996,8137,-0.010269336,0.028363835,0.03863317
Corrida completa,Mike,sque,3636,4532,0.01517389,-0.075483546,-0.090657435
Corrida completa,cook,fingers,1174,3283,0.06862877,0.054276347,-0.014352426
Corrida completa,boy,cons,524,7892,-0.030758351,-0.10843295,-0.0776746
Corrida completa,Elsie,talking,7869,2344,-0.046889983,-0.0870176,-0.04012762
Corrida completa,fara,wakes,6169,7516,-0.022113333,0.04831936,0.07043269
Corrida completa,disappear,lift,4787,2089,0.019762963,-0.041260906,-0.06102387
Corrida completa,persistent,recogn,3533,3985,0.026981313,0.06259541,0.0356141
Corrida completa,Both,achie,6352,4945,-0.06479123,-0.12340349,-0.058612257
Corrida completa,medic,valued,2761,6253,-0.04153585,-0.05353368,-0.01199783
Corrida completa,couple,whatever,6763,5561,0.0069815554,-0.106026694,-0.113008246
Corrida completa,Lilly,church,4386,4656,0.10025717,0.164487,0.06422983
Corrida completa,stage,stands,3591,7367,0.08765794,0.08275932,-0.0048986226
Corrida completa,mark,widened,2019,6645,0.0038227104,-0.08993621,-0.093758926
Corrida completa,buzzing,shampoo,5074,4938,-0.0444331,0.052281007,0.09671411
Corrida completa,quiet,vol,1718,3629,-0.11365776,-0.08637885,0.027278908
Corrida completa,Sophia,windowsill,7082,8135,0.033065267,0.16144261,0.12837735
Corrida completa,spider,steak,2315,4334,0.0502544,0.21247223,0.16221783
Corrida completa,jellyfish,usual,4446,6194,0.022017686,-0.048068807,-0.070086494
Corrida completa,completely,jellyfish,6079,4446,-0.045347277,0.010264294,0.055611573
Corrida completa,overcome,strong,7477,1089,0.045402594,0.030024266,-0.015378328
Corrida completa,B,bran,371,1676,-0.03814003,-0.10089134,-0.06275131
Corrida completa,Rob,worth,6095,4512,0.04118841,-0.007949028,-0.04913744
Corrida completa,danger,drop,1633,2802,-0.0862095,0.036147065,0.122356564
Corrida completa,Charlie,strugg,4747,4113,-0.0021390952,-0.08377157,-0.08163248
Corrida completa,chocol,jumped,2391,1211,0.13062659,0.08095473,-0.04967186
Corrida completa,honest,seven,2516,6456,0.109430954,0.046455108,-0.062975846
Corrida completa,head,playful,1104,3381,0.032434374,0.015472496,-0.016961878
Corrida completa,reco,spear,3849,4743,0.12404126,-0.14972764,-0.2737689
Corrida completa,couldn,nicer,736,5686,0.0045931647,-0.016828977,-0.02142214
Corrida completa,comforting,shade,8103,4280,-0.049943022,-0.05736697,-0.0074239485
Corrida completa,These,glow,5745,2825,-0.043356813,0.07664808,0.12000489
Corrida completa,amaz,cher,1059,3008,-0.021812716,0.083481796,0.10529451
Corrida completa,shap,used,1698,1286,0.01690974,0.038859688,0.021949947
Corrida completa,bad,those,919,3437,-0.044955272,-0.0014334284,0.043521844
Corrida completa,kneel,removed,4848,6220,0.069649115,0.1196838,0.050034687
Corrida completa,Chirp,towels,5218,6159,-0.058216535,0.031037644,0.08925418
Corrida completa,Kitty,stolen,2957,6242,-0.1253095,-0.0949516,0.030357897
Corrida completa,bows,gl,6850,873,-0.055515014,-0.10016192,-0.044646904
Corrida completa,June,wishing,6883,6874,0.0093893185,-0.100124255,-0.10951357
Corrida completa,Fido,engine,6822,3767,0.036712714,0.107906036,0.07119332
Corrida completa,bal,gray,2572,2552,-0.10237701,-0.08895561,0.013421401
Corrida completa,Ralph,tomato,7114,3458,0.032190423,0.04249248,0.010302056
Corrida completa,fix,sec,1287,1664,-0.0031851307,-0.011753805,-0.008568674
Corrida completa,cape,cle,5919,833,-0.066199265,-0.061754342,0.0044449233
Corrida completa,bad,flashlight,919,3407,-0.07497531,0.016250163,0.091225475
Corrida completa,drifted,pump,6477,2991,0.024156233,-0.025313258,-0.049469493
Corrida completa,snatched,unique,6559,2967,-0.10417616,-0.1465383,-0.04236214
Corrida completa,these,touch,2656,1331,-0.02358764,0.057151068,0.08073871
Corrida completa,Dad,bags,1042,3293,0.030831175,0.20226415,0.17143297
Corrida completa,drop,folding,2802,6526,0.011583842,0.19139805,0.17981422
Corrida completa,freeze,walks,5563,2812,0.087817766,0.07845401,-0.009363756
Corrida completa,bowl,shape,1792,3218,0.007964769,0.2304453,0.22248052
Corrida completa,reminds,smile,8065,1009,-0.07497656,-0.03193442,0.043042142
Corrida completa,decorated,snapped,5642,4979,0.010057982,0.07101296,0.060954977
Corrida completa,note,provided,3443,6376,-0.030893883,0.037432715,0.0683266
Corrida completa,But,turns,553,1921,0.005705299,0.058743868,0.053038567
Corrida completa,crow,sent,4440,3998,0.10759395,-0.02422709,-0.13182104
Corrida completa,competitive,self,3739,8131,-0.1101062,0.028851151,0.13895735
Corrida completa,costum,pupp,3273,5702,0.02023673,0.06258405,0.04234732
Corrida completa,afterwards,reve,6639,4481,-0.044772185,-0.12469357,-0.07992139
Corrida completa,lower,spices,6436,7012,0.023803528,0.082810126,0.059006598
Corrida completa,idea,jacket,992,3468,0.0071966443,0.082083814,0.07488717
Corrida completa,impro,opera,3748,4664,-0.058408316,0.0006668456,0.05907516
Corrida completa,ad,slept,821,4399,0.06761054,0.032176755,-0.035433784
Corrida completa,occas,such,7356,1685,-0.0010989085,0.1397658,0.1408647
Corrida completa,birdhouse,shivered,8050,5826,-0.0040679835,0.06792088,0.071988866
Corrida completa,clay,drifted,3125,6477,-0.020681676,-0.059126806,-0.03844513
Corrida completa,tide,wardrobe,5066,4597,-0.0027216375,0.15598458,0.15870622
Corrida completa,chop,polite,6594,2693,-0.04047122,-0.017273644,0.023197575
Corrida completa,journ,request,4419,4690,-0.029274978,-0.0012592599,0.028015718
Corrida completa,overcome,way,7477,869,0.110548705,0.038373105,-0.0721756
Corrida completa,farther,swinging,6165,4079,-0.07866734,0.10342589,0.18209323
Corrida completa,Din,going,7888,950,0.07291351,0.13273798,0.059824467
Corrida completa,permission,squir,4989,7765,0.00561196,0.0064937565,0.0008817967
Corrida completa,gaze,weird,6265,3057,0.06028451,0.023560176,-0.036724336
Corrida completa,looking,ter,1031,3109,0.015883822,-0.036856867,-0.05274069
Corrida completa,hopping,spark,2732,1586,0.010947853,0.07198425,0.061036393
Corrida completa,bra,silent,844,6886,0.01895729,-0.009813037,-0.028770328
Corrida completa,study,tim,3290,6092,-0.04760135,-0.1341989,-0.086597554
Corrida completa,camp,would,3756,523,-0.031622782,-0.11317859,-0.081555806
Corrida completa,animals,postman,889,7059,-0.0075463243,0.06526715,0.07281348
Corrida completa,cash,hours,6141,2509,0.061986968,0.029070457,-0.03291651
Corrida completa,encount,marks,8067,6221,0.041987587,-0.05015389,-0.09214148
Corrida completa,drawings,langu,4144,4209,-0.009223226,-0.09699373,-0.08777051
Corrida completa,knock,modest,3619,4005,-0.06980656,-0.09740245,-0.027595893
Corrida completa,adventurous,vehic,2919,4629,0.051145487,0.030467965,-0.020677522
Corrida completa,strange,thanks,1565,4158,-0.009866152,-0.051033452,-0.0411673
Corrida completa,pebbles,tem,5850,3702,0.13003159,0.07030144,-0.059730142
Corrida completa,cond,whistled,6821,5265,-0.022243265,-0.04925175,-0.027008485
Corrida completa,hose,imagined,3090,3446,-0.003085997,-0.018347088,-0.015261091
Corrida completa,insisting,request,7609,4690,-0.045857616,0.016341977,0.062199593
Corrida completa,fashion,obeyed,5495,8174,0.046033837,0.057939544,0.011905707
Corrida completa,kitchen,suggest,1226,2878,0.04474572,-0.05151341,-0.09625913
Corrida completa,activ,watering,5513,7552,0.03824091,0.025543328,-0.012697581
Corrida completa,fall,fancy,1578,2568,0.09461237,0.0057583693,-0.088854
Corrida completa,mug,stuck,3941,1803,0.04953601,0.09451498,0.044978973
Corrida completa,gigg,job,2094,1726,-0.06378644,-0.14944914,-0.0856627
Corrida completa,Sque,rhinoceros,7126,4315,0.07061062,-0.03162465,-0.10223527
Corrida completa,Josh,nectar,5894,6303,-0.08565216,-0.101293705,-0.015641548
Corrida completa,picks,rabbit,2898,1103,0.0842583,-0.029324196,-0.1135825
Corrida completa,faded,whistled,7270,5265,-0.088273,-0.03400516,0.054267842
Corrida completa,counts,mater,7690,5705,0.03425663,-0.10385181,-0.13810843
Corrida completa,Tom,nod,496,2973,0.019336846,0.08954682,0.07020998
Corrida completa,called,rolls,931,6186,-0.089799084,0.018438546,0.10823763
Corrida completa,dresses,grandfather,4869,7937,-0.044002544,-0.0062377006,0.037764844
Corrida completa,response,source,7347,6808,-0.062482,0.10897533,0.17145732
Corrida completa,Something,fun,5771,490,-0.026286874,-0.014239628,0.012047246
Corrida completa,behaved,goodnight,6661,5988,0.008321568,0.09944871,0.09112714
Corrida completa,chocol,vendor,2391,4391,0.075435884,0.030427407,-0.045008477
Corrida completa,shade,yawned,4280,4951,-0.03266329,0.062029824,0.09469311
Corrida completa,lets,team,5544,2755,-0.013998099,-0.01833539,-0.004337292
Corrida completa,bent,hung,3561,3642,-0.02118405,0.08413552,0.10531957
Corrida completa,grin,office,4575,3142,-0.064440556,-0.059907533,0.0045330226
Corrida completa,dip,touch,7312,1331,-0.037294332,0.14092582,0.17822015
Corrida completa,jars,took,7957,659,0.02028469,-0.05246689,-0.07275158
Corrida completa,Everyday,explain,5111,3883,0.006729116,-0.06675879,-0.07348791
Corrida completa,felt,wings,508,1854,0.047339235,0.03881475,-0.008524485
Corrida completa,coral,favour,7246,2962,-0.007429624,0.0007680701,0.008197694
Corrida completa,branches,teeth,2897,2409,0.106645174,0.3573923,0.25074714
Corrida completa,Mom,Red,648,4091,-0.05464974,0.19325566,0.2479054
Corrida completa,Elly,need,7319,785,-0.052935187,-0.0074884333,0.045446754
Corrida completa,brush,decorations,2866,5196,-0.08213134,0.021254592,0.10338593
Corrida completa,inspired,twenty,7870,8017,-0.01093936,-0.10113141,-0.09019205
Corrida completa,provided,puzz,6376,2255,0.0226717,-0.017998362,-0.04067006
Corrida completa,character,neighb,7147,1830,-0.019024719,-0.06576675,-0.046742033
Corrida completa,gardener,scar,7171,2561,-0.037876077,0.04315918,0.08103526
Corrida completa,anyway,worms,3793,4958,-0.051525097,0.037338763,0.088863865
Corrida completa,curtain,own,3929,1052,-0.11845048,-0.11269513,0.00575535
Corrida completa,file,travelling,4676,7354,-0.057487436,-0.03329579,0.024191644
Corrida completa,grandfather,mass,7937,4929,0.032325927,-0.051717594,-0.08404352
Corrida completa,Sometimes,lightning,2467,4057,-0.06659465,-0.1322393,-0.065644644
Corrida completa,Before,relaxed,5019,4506,-0.09229091,-0.046750434,0.045540474
Corrida completa,cute,hi,2081,6380,0.046597347,0.13863641,0.09203906
Corrida completa,Julie,watering,5694,7552,0.07779815,-0.0015214467,-0.0793196
Corrida completa,acted,tune,5877,5575,-0.034674477,0.11408296,0.14875744
Corrida completa,lied,toddler,5819,6879,0.008399341,-0.04994441,-0.05834375
Corrida completa,vanished,veil,4776,4674,-0.012090838,0.035828106,0.047918946
Corrida completa,investigate,which,4586,2203,0.1146612,-0.047928546,-0.16258974
Corrida completa,line,mon,2529,1220,-0.03020401,-0.02789405,0.0023099594
Corrida completa,Like,envelope,5959,3462,-0.012066646,-0.02745667,-0.015390024
Corrida completa,beha,simple,5648,5313,0.01904928,0.049021523,0.029972244
Corrida completa,breaking,opinion,5715,6238,0.036585048,-0.006967414,-0.043552462
Corrida completa,Brownie,trembling,4039,6021,0.055251975,0.07733664,0.022084665
Corrida completa,consid,work,8114,1091,-0.009653375,-0.085149415,-0.07549604
Corrida completa,scaring,swans,6583,7239,0.057686888,-0.11766808,-0.17535496
Corrida completa,Someone,pancakes,5470,5598,-0.081414364,-0.096788585,-0.015374221
Corrida completa,batteries,shiver,7119,3485,0.011359455,0.081684776,0.07032532
Corrida completa,Two,grandmother,6929,5524,-0.0254568,0.055030845,0.080487646
Corrida completa,beamed,envious,4889,3790,-0.055894088,-0.021874864,0.034019224
Corrida completa,peck,shock,6965,5921,0.09049301,0.1792863,0.08879329
Corrida completa,mailed,pizzas,7461,8132,0.031073831,0.010347184,-0.020726647
Corrida completa,Buzzy,prob,6016,7501,0.068241544,-0.03147798,-0.099719524
Corrida completa,Sadly,argum,6156,7861,-0.027099118,0.036144964,0.06324408
Corrida completa,Whenever,wobbled,3173,6999,0.0035025883,-0.1278092,-0.13131179
Corrida completa,bloom,difference,2974,5102,0.0033023618,0.22479317,0.2214908
Corrida completa,gaze,shap,6265,1698,0.0058887824,0.010405555,0.004516773
Corrida completa,lizard,mild,3616,4165,-0.026151408,-0.018669216,0.0074821915
Corrida completa,brother,wr,1222,1027,0.048927322,-0.08222879,-0.13115612
Corrida completa,dipped,space,6361,3232,-0.057544004,-0.1696707,-0.11212669
Corrida completa,acted,pray,5877,2784,-0.0625498,0.08842564,0.15097544
Corrida completa,convers,faraway,7034,6181,0.06795956,0.012268478,-0.055691086
Corrida completa,noon,respectful,6651,4108,-0.020234993,0.13446577,0.15470076
Corrida completa,bottles,through,5740,1241,-0.12054249,-0.11844719,0.002095297
Corrida completa,admired,interest,3284,5942,-0.13172813,-0.06105768,0.07067045
Corrida completa,cann,floated,2422,5004,0.05108549,0.04558593,-0.0054995604
Corrida completa,bridge,ruined,2676,2833,0.028559208,0.025942165,-0.0026170425
Corrida completa,felt,wrap,508,3158,-0.12121646,-0.09065482,0.03056164
Corrida completa,guns,increased,5628,7043,-0.09872188,-0.027373094,0.07134879
Corrida completa,Being,pets,6322,5562,0.04136069,-0.058538985,-0.09989968
Corrida completa,presents,shake,4385,3009,0.0032837093,0.050069403,0.046785694
Corrida completa,collected,mole,4514,3304,-0.073798954,-0.06122528,0.012573674
Corrida completa,dig,understands,2914,7568,-0.004781943,-0.08462742,-0.07984547
Corrida completa,climbed,rice,1567,3854,-0.06460168,-0.11294701,-0.048345327
Corrida completa,airpl,napkin,4673,4297,0.07131904,-0.07442274,-0.14574179
Corrida completa,talented,trembled,6441,7140,0.06992382,0.0145959295,-0.05532789
Corrida completa,entered,w,4620,261,0.031380884,-0.1449245,-0.17630538
Corrida completa,frowns,learned,7932,812,-0.0073504373,0.02506073,0.032411166
Corrida completa,Every,response,731,7347,-0.018342998,-0.07985387,-0.061510872
Corrida completa,observed,stage,6178,3591,-0.026909152,0.020809868,0.04771902
Corrida completa,smo,walls,1856,3145,-0.104140475,-0.0019055177,0.10223496
Corrida completa,nice,understood,787,2564,0.018030958,0.05055906,0.032528102
Corrida completa,died,headed,5666,4405,-0.05850357,0.061232496,0.11973606
Corrida completa,dishwasher,meal,4539,3489,-0.09216847,0.15248469,0.24465317
Corrida completa,Squ,wheel,6485,2819,0.031154223,-0.13397652,-0.16513073
Corrida completa,restaurant,top,3730,1304,0.09119334,0.14384097,0.052647628
Corrida completa,immediately,napping,4838,7384,-0.0017502569,0.023406204,0.02515646
Corrida completa,op,strange,728,1565,-0.006010958,-0.021449216,-0.015438258
Corrida completa,Maya,scoot,6574,3597,0.1599648,0.006190546,-0.15377426
Corrida completa,Who,gra,4890,652,0.09808943,0.13934192,0.041252494
Corrida completa,anticip,treated,7560,7923,-0.055520393,-0.0706263,-0.015105911
Corrida completa,materi,teasing,5709,5851,0.034132928,0.031723484,-0.0024094433
Corrida completa,Bo,furry,6519,2326,-0.08102811,0.0012299595,0.08225807
Corrida completa,Am,W,5615,528,0.0873858,0.29785597,0.21047017
Corrida completa,Jeff,sneak,6052,4296,0.051458575,0.065728925,0.01427035
Corrida completa,two,wallet,904,4124,0.013341695,-0.08270684,-0.096048534
Corrida completa,flex,tasty,3517,2143,0.0337032,-0.08014388,-0.11384708
Corrida completa,grew,vanilla,2458,7036,-0.028872997,0.10954654,0.13841954
Corrida completa,exc,were,568,429,-0.06092547,-0.08420135,-0.023275882
Corrida completa,Baby,louder,4519,2963,-0.032132015,0.009936469,0.04206848
Corrida completa,curled,enthusi,5208,7039,-0.08204426,-0.03165969,0.05038457
Corrida completa,success,their,2583,460,-0.030957405,-0.061046325,-0.03008892
Corrida completa,Zara,chirped,7830,5201,-0.041032948,-0.015230107,0.02580284
Corrida completa,bracelet,cheers,3837,7854,-0.03691745,0.13297419,0.16989164
Corrida completa,caught,says,1948,578,0.012173068,-0.017262308,-0.029435376
Corrida completa,rushed,twisted,3309,5151,0.04475927,0.12733817,0.0825789
Corrida completa,Leave,reaching,6472,6187,-0.012006685,0.08697432,0.09898101
Corrida completa,apologized,dolphin,4250,3660,-0.010619612,0.066440225,0.077059835
Corrida completa,cotton,visiting,7944,5459,0.07447946,-0.08296511,-0.15744457
Corrida completa,cobweb,succeeded,4637,5515,0.078938305,0.1155784,0.036640093
Corrida completa,direction,rele,6019,5651,0.11100426,-0.036653858,-0.14765812
Corrida completa,blueberries,jug,4864,3553,-0.028813727,0.20095001,0.22976375
Corrida completa,moder,nosy,3426,3113,-0.0077439044,0.0021048822,0.0098487865
Corrida completa,coug,pound,7790,7713,-0.055535007,0.06114457,0.11667958
Corrida completa,burning,closes,5099,6638,0.0010639988,0.20883332,0.20776932
Corrida completa,ham,weapon,3015,5158,0.00023072958,-0.051894505,-0.052125234
Corrida completa,imagine,mark,4388,2019,-0.0023873635,0.10123107,0.10361843
Corrida completa,lent,pile,7563,2230,-0.042981405,-0.07929043,-0.036309022
Corrida completa,mother,x,1542,5487,-0.030552411,-0.0027111173,0.027841294
Corrida completa,Li,chimney,6771,4455,-0.048919402,-0.09587234,-0.04695294
Corrida completa,air,teaches,1413,6356,-0.0789718,-0.058675423,0.02029638
Corrida completa,struggled,weekend,5480,6625,-0.17185825,-0.029784203,0.14207405
Corrida completa,Spike,base,4968,3733,0.025392337,-0.018457301,-0.04384964
Corrida completa,crane,snee,3665,3440,0.010118436,-0.21726558,-0.22738402
Corrida completa,Each,birdhouse,4836,8050,-0.07378392,-0.14007923,-0.06629531
Corrida completa,acting,prob,6971,7501,0.027937084,0.05809066,0.030153576
Corrida completa,lily,veterinarian,5070,4438,-0.003657855,0.12866487,0.13232273
Corrida completa,m,wedding,281,5829,0.12561068,-0.049658038,-0.17526871
Corrida completa,drawings,sandwich,4144,2587,0.016495507,0.23393518,0.21743967
Corrida completa,counter,hears,4336,2545,-0.03642322,0.015500842,0.051924065
Corrida completa,breathed,build,7020,1458,-0.078645855,0.07900362,0.15764947
Corrida completa,brace,respect,3587,2299,-0.13286084,-0.038927194,0.09393364
Corrida completa,S,mil,298,2054,0.02634828,0.17879285,0.15244457
Corrida completa,deser,heart,5950,1817,0.03581057,-0.00041260943,-0.03622318
Corrida completa,soon,who,936,588,-0.04436462,0.043413725,0.087778345
Corrida completa,holding,train,2086,1764,-0.008313339,-0.0906999,-0.08238657
Corrida completa,Bella,around,3457,510,-0.0066810395,0.04157539,0.04825643
Corrida completa,groceries,medic,6310,2761,-0.025091823,-0.015134908,0.009956915
Corrida completa,anx,while,3558,1002,0.08103247,-0.063723534,-0.144756
Corrida completa,ask,intere,1140,2077,-0.08320898,0.03713142,0.1203404
Corrida completa,bringing,cuddly,5406,6926,0.042328294,-0.0744541,-0.1167824
Corrida completa,Ashley,relaxed,7380,4506,0.07056823,-0.014839534,-0.08540776
Corrida completa,neck,picnics,1937,8167,-0.0036695749,0.026229676,0.02989925
Corrida completa,Ollie,beep,5301,3917,-0.005469134,-0.05516722,-0.049698085
Corrida completa,Zip,frowning,6938,7414,-0.110663585,-0.012302989,0.0983606
Corrida completa,girls,lamb,5132,6170,0.044466667,0.1961812,0.15171453
Corrida completa,Tom,crew,496,6966,0.005513074,0.2027973,0.19728422
Corrida completa,glad,or,1229,745,-0.06261708,0.052127726,0.114744805
Corrida completa,puts,te,2232,872,0.05070228,0.0107045565,-0.039997727
Corrida completa,kitten,praying,2412,6983,-0.0137717035,0.06137739,0.0751491
Corrida completa,kn,wood,479,1376,-0.024619166,0.07109553,0.0957147
Corrida completa,crawling,telling,4611,3412,0.11100273,-0.061444014,-0.17244674
Corrida completa,mop,yet,4487,3345,0.042513732,0.046801813,0.004288081
Corrida completa,flavor,waist,6495,5559,0.006905943,0.15880427,0.15189832
Corrida completa,pack,questions,1831,2806,0.03659605,0.0064217597,-0.030174289
Corrida completa,parent,worse,4603,5244,-0.04998464,-0.127435,-0.07745036
Corrida completa,blank,leather,1682,5344,-0.016703922,0.15424755,0.17095147
Corrida completa,Wednesday,flower,5848,1310,0.106858045,0.04533489,-0.061523154
Corrida completa,missed,widened,2520,6645,-0.01192946,0.0025757868,0.014505247
Corrida completa,final,teaching,7230,5042,0.10667539,-0.04099778,-0.14767316
Corrida completa,decision,obedient,5217,3112,-0.008081099,0.24472171,0.25280282
Corrida completa,still,umb,876,3403,0.009213941,-0.080152676,-0.089366615
Corrida completa,They,ambul,322,4428,-0.14483327,-0.07879658,0.06603669
Corrida completa,Fr,pepper,3662,3670,0.12417553,0.15005504,0.025879502
Corrida completa,hearts,played,4863,761,-0.008487888,-0.025663724,-0.017175836
Corrida completa,letting,wine,4785,4871,-0.028697815,-0.20387,-0.17517218
Corrida completa,cartoons,dod,5307,7189,0.030694721,-0.12553856,-0.15623328
Corrida completa,barber,memb,3556,7655,-0.03244758,-0.10642066,-0.073973075
Corrida completa,goes,politely,2346,7460,-0.031409487,-0.08021404,-0.04880455
Corrida completa,missile,slowly,4997,1677,0.011661202,0.07749186,0.065830655
Corrida completa,creature,value,2059,3806,0.15626323,-0.013504252,-0.16976748
Corrida completa,encouraged,trusted,5055,4763,0.12959749,0.43674466,0.30714718
Corrida completa,fight,jokes,1555,3946,0.035490107,0.115049854,0.07955974
Corrida completa,Ruby,vet,5023,4383,0.008026833,0.076792955,0.068766125
Corrida completa,charming,ostrich,3667,3986,0.14713036,0.06478832,-0.082342036
Corrida completa,blanket,sym,1700,3880,-0.015576977,-0.047934644,-0.032357667
Corrida completa,Izzy,fara,7920,6169,0.016935043,0.08982593,0.072890885
Corrida completa,buck,feeling,1814,986,0.07108353,0.06616755,-0.0049159825
Corrida completa,So,surfing,829,7241,0.06594505,-0.01724655,-0.0831916
Corrida completa,ann,chimney,5908,4455,-0.05365645,-0.11962461,-0.065968156
Corrida completa,Le,dusty,2548,6040,0.1021779,0.052271824,-0.04990608
Corrida completa,breathing,folding,7668,6526,0.12378324,0.13250762,0.008724384
Corrida completa,activ,consequences,5513,6780,0.08217566,-0.010135822,-0.09231148
Corrida completa,Robby,butterflies,6541,3602,0.044376306,0.080846116,0.03646981
Corrida completa,crab,stone,2474,2465,-0.07490182,0.25110996,0.32601178
Corrida completa,Bubbles,squish,5636,6556,-0.015278426,-0.06298692,-0.047708493
Corrida completa,captain,pan,4980,2364,0.0023161955,0.14494866,0.14263247
Corrida completa,ladybug,pout,6069,6003,-0.06255069,0.096666396,0.15921709
Corrida completa,glo,waist,5547,5559,0.007682085,-0.03459365,-0.042275734
Corrida completa,burn,half,2613,3463,-0.038244132,0.05424937,0.092493504
Corrida completa,flow,photos,826,6387,0.008476043,0.09691119,0.08843515
Corrida completa,We,fond,777,8018,0.031246684,0.007623057,-0.023623627
Corrida completa,grocer,shore,4361,2558,-0.10737011,-0.05610338,0.05126673
Corrida completa,intrigued,shiver,7089,3485,-0.059648223,0.16712186,0.22677007
Corrida completa,apologized,wires,4250,6325,-0.008625146,-0.013084225,-0.0044590794
Corrida completa,draws,mermaid,5965,7745,-0.008754242,-0.054627776,-0.045873534
Corrida completa,Owl,swo,6853,7985,-0.009432383,0.019861814,0.029294197
Corrida completa,celebrated,what,4310,543,0.041442506,-0.047003467,-0.08844598
Corrida completa,fragile,seen,3266,1283,0.045871817,-0.009731438,-0.055603255
Corrida completa,tuck,valu,7222,3146,0.07146472,0.27027962,0.1988149
Corrida completa,George,someone,4001,1498,0.048824403,0.1509032,0.102078795
Corrida completa,Pat,understanding,3752,4809,0.029780088,-0.033234887,-0.06301498
Corrida completa,Gary,buy,7660,1410,0.023073826,-0.10385087,-0.1269247
Corrida completa,Sometimes,collect,2467,2090,0.023594746,-0.025348742,-0.04894349
Corrida completa,trouble,yourself,2169,2752,0.07333182,0.14870736,0.07537554
Corrida completa,allow,fre,5601,3179,-0.0038973913,0.10285975,0.10675714
Corrida completa,lasers,raising,7792,8020,-0.055356286,-0.17756611,-0.122209825
Corrida completa,ent,money,2160,1679,-0.06658725,-0.046130393,0.020456854
Corrida completa,Sp,cried,1080,1348,0.027396888,-0.11823313,-0.14563002
Corrida completa,colour,quilt,2365,7961,-0.0014381967,0.08237859,0.08381678
Corrida completa,pretended,who,2367,588,0.0014439039,0.076563515,0.075119615
Corrida completa,faster,sneak,1704,4296,-0.016992692,0.026157308,0.04315
Corrida completa,blank,explained,1682,1885,-0.031627066,-0.1486431,-0.11701604
Corrida completa,mo,mother,727,1542,-0.10011186,-0.11927937,-0.019167513
Corrida completa,Come,knelt,2188,5489,-0.06526796,0.19872023,0.2639882
Corrida completa,eraser,same,4146,1773,-0.013260225,0.024215126,0.03747535
Corrida completa,burrow,op,5796,728,0.05651007,-0.03455101,-0.09106108
Corrida completa,grant,king,5830,2078,0.015763614,-0.1099151,-0.12567872
Corrida completa,proudly,surf,3139,3568,-0.01817169,0.032177225,0.050348915
Corrida completa,Where,went,3973,467,-0.05135398,-0.063472286,-0.012118306
Corrida completa,message,young,3968,1905,-0.06592466,-0.002056799,0.06386786
Corrida completa,Because,Next,7850,4832,-0.085617565,-0.030289209,0.055328354
Corrida completa,happens,po,4542,670,-0.06699249,-0.0015044445,0.06548805
Corrida completa,seashells,younger,7581,6518,0.055468857,0.042350374,-0.013118483
Corrida completa,friendship,sweat,3478,7935,0.030415565,-0.022919048,-0.053334612
Corrida completa,poke,sandcast,4589,4244,0.081802525,0.14568359,0.06388106
Corrida completa,afraid,frowns,2050,7932,-0.026146257,0.2667652,0.29291147
Corrida completa,cold,sunset,1402,4202,-0.06703463,0.00016528461,0.067199916
Corrida completa,Tim,caterpillar,440,2721,0.029042235,0.24101818,0.21197595
Corrida completa,chased,puzz,2410,2255,-0.06966498,-0.07316588,-0.0035009012
Corrida completa,first,solving,1187,7773,-0.053119477,-0.032626636,0.02049284
Corrida completa,Jill,rake,1768,4663,-0.06356296,0.025066085,0.088629045
Corrida completa,ago,pl,5732,352,-0.022229917,-0.12382667,-0.10159675
Corrida completa,encourag,hurts,7138,3073,0.12605006,0.1231559,-0.0028941557
Corrida completa,country,pengu,3953,3877,-0.04074112,-0.015736155,0.025004964
Corrida completa,ingredients,right,3530,1106,-0.020085916,0.051911507,0.07199742
Corrida completa,favorite,surprising,1280,7478,-0.0098950565,0.13409013,0.14398518
Corrida completa,good,low,597,3268,-0.07924791,-0.015954359,0.06329355
Corrida completa,Fluffy,bridges,1955,5675,-0.06265609,-0.0679552,-0.0052991137
Corrida completa,tell,weap,1168,4866,0.0188854,0.007358486,-0.011526914
Corrida completa,po,would,670,523,-0.044404633,-0.066569395,-0.022164762
Corrida completa,Daisy,freed,1488,6133,-0.07776185,-0.09139066,-0.013628811
Corrida completa,Elle,tells,7984,2553,-0.03496212,-0.13829839,-0.103336275
Corrida completa,gen,tide,2450,5066,0.025156131,-0.02815774,-0.053313874
Corrida completa,dinosaurs,moved,5341,1902,0.0025554858,-0.002592802,-0.005148288
Corrida completa,roots,sniff,6262,3415,0.02447327,0.033317175,0.008843904
Corrida completa,shoulder,stadium,4379,4976,0.050893895,0.12815973,0.07726584
Corrida completa,grocer,superheroes,4361,7243,-0.045833115,0.001372898,0.047206014
Corrida completa,follows,snatched,4858,6559,-0.031866718,0.13046089,0.1623276
Corrida completa,dir,except,1456,7654,-0.0154494345,-0.07202262,-0.056573182
Corrida completa,afternoon,dire,3676,4845,-0.029817693,-0.05425765,-0.024439957
Corrida completa,dire,plates,4845,4897,-0.031583317,-0.117428824,-0.08584551
Corrida completa,birds,mixed,1204,3072,-0.035118945,-0.07274771,-0.037628762
Corrida completa,My,Tweet,3250,2185,0.014320793,-0.046314802,-0.060635597
Corrida completa,Katie,furniture,5494,4414,0.023238325,0.12308023,0.09984191
Corrida completa,paddle,smoke,6450,3077,0.12637106,0.08601173,-0.040359326
Corrida completa,beneath,har,5469,4531,0.01944445,-0.124655545,-0.1441
Corrida completa,med,weekend,2277,6625,0.05465816,-0.04906767,-0.10372583
Corrida completa,because,chirping,771,5075,-0.059967145,0.0019621593,0.061929304
Corrida completa,bookcase,hurry,4703,3761,0.06352172,0.16009223,0.096570514
Corrida completa,act,comb,2109,3683,-0.010099847,0.016397256,0.026497103
Corrida completa,Sh,sits,4008,5195,0.006619812,0.007970018,0.0013502063
Corrida completa,intrigued,partic,7089,6118,0.044747613,-0.005996598,-0.050744213
Corrida completa,rep,respectful,2421,4108,-0.12100633,-0.054620635,0.0663857
Corrida completa,mouths,sing,5392,1228,-0.012566285,0.1163909,0.12895718
Corrida completa,Patty,mean,7695,1114,0.044095494,-0.03164292,-0.075738415
Corrida completa,smoke,swam,3077,1899,-0.021756733,-0.093110695,-0.071353965
Corrida completa,see,wild,520,2276,0.0059642307,-0.0370176,-0.04298183
Corrida completa,caught,planes,1948,5017,0.0775494,-0.077950105,-0.1554995
Corrida completa,Beth,barber,5632,3556,0.13630873,0.27502546,0.13871673
Corrida completa,extra,genie,2839,6950,-0.050214425,-0.1365917,-0.08637728
Corrida completa,Tweety,gap,3473,7588,0.17241551,0.032708496,-0.13970701
Corrida completa,brilli,touched,3120,2065,0.022874216,0.016505592,-0.006368624
Corrida completa,Matt,cor,6051,6788,0.017067576,0.0829619,0.06589433
Corrida completa,coffee,dad,3958,645,0.035360802,-0.0066663595,-0.04202716
Corrida completa,heavy,mystery,1784,4456,0.050237037,0.13044558,0.08020855
Corrida completa,magazine,staff,4768,4454,-0.033481732,0.20928572,0.24276745
Corrida completa,bodies,did,6934,459,0.020071955,0.0014046133,-0.018667342
Corrida completa,grip,guide,8045,8129,0.0074080136,-0.013713932,-0.021121945
Corrida completa,jogged,saving,5758,4794,0.06472345,0.043796044,-0.020927403
Corrida completa,burning,large,5099,2376,0.15718004,0.13896476,-0.018215284
Corrida completa,Santa,outdo,5801,5595,-0.069630496,-0.0430653,0.026565198
Corrida completa,aut,foot,4561,2291,-0.08787506,-0.057763778,0.030111283
Corrida completa,When,h,933,269,0.030788247,-0.012472423,-0.04326067
Corrida completa,sports,yoga,6861,4733,-0.030668363,0.2696271,0.30029547
Corrida completa,merma,something,7537,560,0.061145965,-0.06410597,-0.12525193
Corrida completa,folded,someone,5385,1498,-0.03208233,-0.19098458,-0.15890224
Corrida completa,passed,takes,2648,2074,-0.012891658,0.14845997,0.16135162
Corrida completa,hanging,harmless,4549,3595,-0.023349069,-0.050606545,-0.027257476
Corrida completa,coal,opens,4899,3678,-0.06560984,-0.11999434,-0.0543845
Corrida completa,no,wobbled,493,6999,-0.020159468,-0.043155767,-0.022996299
Corrida completa,Bee,space,7499,3232,0.033751253,-0.063321486,-0.097072735
Corrida completa,coat,penny,2091,3522,-0.050865375,0.22974128,0.28060666
Corrida completa,H,crib,308,4289,0.032648183,-0.05697387,-0.08962205
Corrida completa,Joan,These,7209,5745,0.07067652,-0.115221314,-0.18589783
Corrida completa,expected,throughout,5914,7016,0.06405898,0.07267392,0.008614935
Corrida completa,printed,reason,5762,7205,-0.0054554213,-0.011864152,-0.0064087305
Corrida completa,rotten,slid,7390,2294,0.052099176,0.043233257,-0.008865919
Corrida completa,empty,examine,2430,5036,0.048609138,0.029917203,-0.018691935
Corrida completa,clay,dess,3125,3858,0.03590564,0.029756323,-0.006149318
Corrida completa,evil,pens,7511,7272,-0.024652747,0.042656906,0.067309655
Corrida completa,key,loop,1977,4168,-0.07158915,0.11172156,0.18331072
Corrida completa,equ,from,4972,573,0.11377214,-0.07978745,-0.19355959
Corrida completa,painting,trophy,3076,3987,0.04354911,0.23668417,0.19313507
Corrida completa,socks,talent,5296,5453,-0.094601765,0.08699503,0.18159679
Corrida completa,insisted,went,4971,467,0.08930932,0.1162922,0.026982881
Corrida completa,jog,veggies,3253,7676,-0.047443412,0.048085872,0.09552929
Corrida completa,budge,fond,5712,8018,-0.058615997,0.00024480186,0.0588608
Corrida completa,bee,correct,1790,7449,0.015258882,-0.047885794,-0.06314468
Corrida completa,noticed,requ,1051,4626,0.006257113,-0.03126722,-0.03752433
Corrida completa,barking,ob,4048,1999,0.06867449,-0.03493721,-0.1036117
Corrida completa,picture,tur,1037,3801,-0.018645171,-0.1034839,-0.08483873
Corrida completa,Jojo,real,7630,976,-0.07290554,-0.15297648,-0.08007094
Corrida completa,celery,ign,4111,2327,-0.08746141,-0.18038927,-0.09292786
Corrida completa,complaining,inviting,6762,6232,0.095062524,0.051734306,-0.04332822
Corrida completa,Lizzy,Sammy,6263,2085,0.027346835,0.3479203,0.32057345
Corrida completa,breakfast,brid,2955,5624,-0.058994018,-0.105808355,-0.046814337
Corrida completa,grapes,middle,4135,2745,0.0362875,0.06740384,0.031116337
Corrida completa,OK,goodbyes,2796,7707,-0.040285897,0.15116444,0.19145034
Corrida completa,blocks,whistled,1417,5265,0.053561777,0.063394114,0.0098323375
Corrida completa,God,ideas,4738,4918,0.0026824623,0.14778668,0.14510421
Corrida completa,Try,behavior,7622,7467,-0.03811403,-0.16863415,-0.13052012
Corrida completa,owl,own,1897,1052,0.01260981,-0.023127964,-0.035737775
Corrida completa,hearing,sew,6603,5097,-0.072550215,0.0051906854,0.0777409
Corrida completa,Put,seashell,6447,6475,-0.068002135,0.013827244,0.08182938
Corrida completa,clum,leash,3355,3914,-0.09409106,-0.041169915,0.052921142
Corrida completa,H,shoes,308,1904,0.054224383,-0.14961432,-0.2038387
Corrida completa,agree,chefs,4735,7142,-0.035078045,-0.04782346,-0.012745414
Corrida completa,respond,thumb,7117,4697,0.019485388,0.1641356,0.14465022
Corrida completa,butterflies,quarrel,3602,4351,0.07751713,0.09473776,0.017220631
Corrida completa,Gina,threat,7802,6119,-0.009414474,-0.002831068,0.0065834057
Corrida completa,fork,rude,3417,2411,0.13159473,0.07714474,-0.05444999
Corrida completa,polish,rep,4013,2421,0.028992008,-0.11254226,-0.14153427
Corrida completa,Spot,puzzled,1162,7370,-0.011148411,-0.020733953,-0.009585542
Corrida completa,remained,soapy,5182,8169,-0.017138194,-0.025308125,-0.00816993
Corrida completa,borrowed,inv,6908,1982,-0.11953433,-0.11502502,0.0045093074
Corrida completa,forth,relaxed,3365,4506,0.024167221,0.16751452,0.1433473
Corrida completa,Frog,recognized,6986,5292,-0.056259647,-0.105028994,-0.048769347
Corrida completa,rece,skip,3632,3965,0.16015764,-0.058307655,-0.2184653
Corrida completa,bit,trees,1197,1353,0.014037663,-0.06900498,-0.083042644
Corrida completa,belong,loo,1939,428,-0.039561268,-0.05289029,-0.013329022
Corrida completa,becoming,sheet,5937,4248,0.11222136,-0.06696418,-0.17918554
Corrida completa,No,afar,3044,7828,-0.040956616,-0.10328885,-0.062332235
Corrida completa,mailman,motorcycle,4833,4277,-0.04771022,0.23752363,0.28523386
Corrida completa,salt,yelling,3842,5689,0.05947891,-0.019688627,-0.07916754
Corrida completa,opened,rides,956,5570,-0.023133138,0.041000236,0.064133376
Corrida completa,hills,neighbourhood,4755,5531,-0.0024645003,0.20130312,0.20376763
Corrida completa,eagle,forks,5605,6855,0.026526343,0.044380758,0.017854415
Corrida completa,Fin,dollhouse,3347,6945,0.128068,0.018380823,-0.10968718
Corrida completa,creamy,tummy,6570,3197,-0.075396255,-0.050630994,0.02476526
Corrida completa,activ,rusty,5513,6575,0.059027694,0.0756116,0.016583905
Corrida completa,brilli,mall,3120,5189,0.035731114,-0.12737964,-0.16311076
Corrida completa,fr,socks,983,5296,0.017343968,-0.052961208,-0.070305176
Corrida completa,Mama,alright,2100,5030,-0.042168897,0.08459869,0.12676759
Corrida completa,neat,vibr,3673,8136,0.072406635,0.14839461,0.07598798
Corrida completa,It,wandering,409,6151,-0.044391375,-0.0565348,-0.012143426
Corrida completa,behavior,rained,7467,5377,0.03026213,0.073291264,0.043029137
Corrida completa,decorated,gym,5642,4581,-0.02338979,0.049257286,0.07264708
Corrida completa,quiz,sport,4784,5040,-0.025541086,0.22422996,0.24977104
Corrida completa,flame,surround,4403,4527,-0.031988174,-0.06829995,-0.036311775
Corrida completa,hadn,tube,4077,4121,-0.0072770724,-0.10014552,-0.09286845
Corrida completa,ast,pap,6155,1311,0.06839692,0.13357525,0.06517833
Corrida completa,cauliflower,snow,4090,1471,0.06416709,0.23473783,0.17057073
Corrida completa,crawled,tug,2933,4769,0.1226542,0.10684032,-0.01581388
Corrida completa,min,soup,1848,1938,-0.0014450438,-0.07946341,-0.07801837
Corrida completa,emergen,fairy,5665,1827,-0.01631995,-0.047214076,-0.030894127
Corrida completa,otters,shoo,7484,7652,0.0005855169,-0.033434477,-0.03401999
Corrida completa,Even,Love,2542,7521,0.054921873,-0.064026594,-0.11894847
Corrida completa,ba,passport,1202,4396,-0.021913927,-0.07783127,-0.05591734
Corrida completa,damaged,rubber,7641,4417,-0.019207148,0.041793462,0.061000608
Corrida completa,count,parent,1513,4603,0.00021192618,-0.04207827,-0.042290196
Corrida completa,rod,yel,3952,7718,-0.11051722,-0.120496534,-0.009979315
Corrida completa,By,snuggled,6112,3615,0.07752152,-0.14083618,-0.2183577
Corrida completa,at,dough,452,3377,-0.008049867,-0.05710303,-0.049053162
Corrida completa,opening,smells,6305,4341,-0.0226629,0.1401779,0.16284081
Corrida completa,blast,luckily,7052,7533,-0.02180035,-0.08955182,-0.06775147
Corrida completa,kindness,offer,2988,4426,-0.063221484,0.070128545,0.13335003
Corrida completa,behaved,expensive,6661,2649,-0.026947279,0.08677462,0.11372189
Corrida completa,Josh,destroyed,5894,4940,0.017656736,-0.07408145,-0.09173819
Corrida completa,doing,shoe,1399,3713,0.023826823,-0.045352504,-0.06917933
Corrida completa,In,pours,1392,7383,-0.13801843,0.004725285,0.1427437
Corrida completa,continue,dinner,5361,1548,-0.080928385,-0.0489327,0.031995684
Corrida completa,bath,outdoors,1813,5764,-0.07704856,0.17988305,0.2569316
Corrida completa,Before,evil,5019,7511,0.0154711455,0.07399529,0.058524147
Corrida completa,Stop,toast,5943,3169,-0.037601806,-0.06295623,-0.025354423
Corrida completa,Are,balancing,4016,5994,0.041553847,-0.08612509,-0.12767893
Corrida completa,Bl,ha,2778,297,0.049296662,0.15486898,0.10557231
Corrida completa,flag,roared,2710,3978,-0.020736316,0.056179266,0.076915585
Corrida completa,beha,crab,5648,2474,-0.12744634,-0.052219957,0.07522638
Corrida completa,climbing,drew,4138,2598,0.022845782,0.19063209,0.1677863
Corrida completa,umb,wing,3403,3529,-0.01868824,-0.03355398,-0.014865741
Corrida completa,last,stro,2348,4658,-0.059018005,-0.03175079,0.027267214
Corrida completa,gl,scary,873,1516,0.019241635,-0.025556562,-0.044798195
Corrida completa,picking,requested,3311,6718,-0.069895625,0.0596096,0.12950522
Corrida completa,always,its,650,914,-0.07220071,-0.008348059,0.06385265
Corrida completa,bushes,pizz,3199,2540,0.0768211,0.014959002,-0.061862104
Corrida completa,indeed,spo,6642,2132,-0.01677917,-0.013074135,0.003705034
Corrida completa,Momo,nosy,6228,3113,-0.023653619,0.04412741,0.06778103
Corrida completa,ropes,tasty,6841,2143,0.04882945,-0.014472745,-0.0633022
Corrida completa,coral,sprinkled,7246,6877,-0.0958051,-0.02435715,0.07144795
Corrida completa,fact,yelling,6726,5689,-0.04940679,-0.0016101049,0.047796685
Corrida completa,com,sub,778,5018,-0.062556796,0.2413949,0.3039517
Corrida completa,having,sometimes,1243,1561,0.039054174,0.060008228,0.020954054
Corrida completa,piano,veterinarian,3718,4438,-0.05606591,0.15889536,0.21496126
Corrida completa,Amelia,knowing,6719,2519,0.024861805,-0.13112348,-0.1559853
Corrida completa,class,tipped,2645,7882,0.0044523184,-0.1605767,-0.16502902
Corrida completa,dangerous,golden,1776,4355,0.07603142,0.20711881,0.1310874
Corrida completa,completed,winner,5695,5773,-0.09765811,0.0024358667,0.100093976
Corrida completa,First,but,5538,408,-0.0063219815,0.05262223,0.05894421
Corrida completa,eraser,roar,4146,2871,0.030933166,0.16371351,0.13278034
Corrida completa,hides,somebody,7156,6295,-0.06809114,-0.072337225,-0.004246086
Corrida completa,Martha,band,7701,2095,0.053966425,0.033970617,-0.019995809
Corrida completa,earth,folder,3475,4621,-0.037952386,0.25977737,0.29772976
Corrida completa,ashtray,fighting,5109,2404,-0.03611639,0.03421675,0.07033314
Corrida completa,oysters,respond,7606,7117,0.02050926,0.028840099,0.008330839
Corrida completa,spit,twice,5324,6901,-0.05170717,-0.021902665,0.029804505
Corrida completa,en,peppers,739,6823,-0.061875723,-0.079793796,-0.017918073
Corrida completa,fest,resp,4994,2035,0.006945839,0.068476565,0.061530724
Corrida completa,matters,raincoat,7097,6333,0.1029962,0.086632594,-0.016363606
Corrida completa,By,greeted,6112,6892,0.046003763,0.0887157,0.04271194
Corrida completa,pe,places,702,2258,-0.09234246,-0.077785924,0.014556535
Corrida completa,ve,wiggly,1706,7743,-0.12545878,-0.04733633,0.07812245
Corrida completa,entered,rice,4620,3854,0.058330804,-0.027353443,-0.08568425
Corrida completa,insisting,meowing,7609,8138,0.003095908,0.01411216,0.0110162515
Corrida completa,excited,hope,609,2153,-0.05295697,0.14784232,0.20079929
Corrida completa,cand,yawn,2769,3771,0.06550611,0.060379755,-0.0051263534
Corrida completa,Robert,secret,6953,1892,0.022531535,0.0023226216,-0.020208914
Corrida completa,united,warmly,6147,7826,0.002427794,0.060902312,0.05847452
Corrida completa,Speedy,swords,7803,7252,0.035784155,0.07515302,0.039368868
Corrida completa,Sure,prevented,5968,8173,-0.117313236,-0.015539793,0.10177344
Corrida completa,baseball,fed,4478,5242,-0.065601155,-0.09722264,-0.031621486
Corrida completa,environ,was,8171,280,0.04254637,0.0019584708,-0.0405879
Corrida completa,Betty,Rabbit,6433,6414,0.14209318,0.36567804,0.22358486
Corrida completa,Mabel,called,7433,931,0.04459765,0.01525851,-0.029339142
Corrida completa,pr,toys,577,684,-0.06261689,-0.15864235,-0.09602546
Corrida completa,hair,listened,1351,1579,0.034186956,0.05139611,0.017209154
Corrida completa,practiced,rides,3755,5570,-0.06523186,0.07011045,0.1353423
Corrida completa,lonely,supposed,1887,5098,-0.04403156,-0.16172677,-0.11769521
Corrida completa,lost,paid,1415,4036,-0.030435383,-0.07643273,-0.045997344
Corrida completa,cobwebs,world,7579,1266,0.03419659,0.04328183,0.009085242
Corrida completa,den,energy,6339,4109,-0.0772879,0.12284505,0.20013295
Corrida completa,Blue,scient,2945,7168,0.07513503,0.10910799,0.033972964
Corrida completa,freezer,squeak,4577,7289,-0.031448603,0.0903659,0.121814504
Corrida completa,catches,riverbank,6193,8165,0.086096674,-0.06763187,-0.15372854
Corrida completa,chair,shelter,1873,4088,0.06527918,0.20804879,0.1427696
Corrida completa,regretted,rise,6164,4831,-0.092426546,-0.11654319,-0.024116643
Corrida completa,int,str,687,768,0.033562653,0.20358878,0.17002612
Corrida completa,restless,stopping,3760,7525,0.09245594,0.08559185,-0.006864086
Corrida completa,crew,somewhere,6966,3983,0.08861895,0.046562236,-0.042056713
Corrida completa,barked,sneeze,2429,5044,0.020264033,0.07488685,0.054622818
Corrida completa,cross,raising,2830,8020,0.058177166,0.15215893,0.093981765
Corrida completa,continued,yet,1485,3345,-0.050008774,-0.022544771,0.027464002
Corrida completa,If,hallway,2895,6501,0.14947453,-0.031489644,-0.18096417
Corrida completa,Timmy,gives,514,2181,-0.015003521,0.006844812,0.021848332
Corrida completa,comfortable,someone,2627,1498,-0.026873002,-0.080602795,-0.053729795
Corrida completa,Along,sudden,7604,3442,0.04971829,0.110930905,0.061212614
Corrida completa,spikes,tallest,7251,6299,-0.083766416,0.009192428,0.092958845
Corrida completa,activity,crunchy,7941,5241,0.0023730043,-0.0085998615,-0.010972866
Corrida completa,case,glowing,4062,4376,-0.024255259,0.010134563,0.034389824
Corrida completa,hang,plant,2746,1705,-0.005483145,0.05858842,0.064071566
Corrida completa,disappear,wat,4787,776,-0.098984554,-0.027237969,0.07174659
Corrida completa,bikes,pointed,4178,2116,-0.045517776,-0.08085607,-0.035338294
Corrida completa,br,gas,525,2607,-0.05154434,-0.042269774,0.009274565
Corrida completa,Can,rot,1347,4332,0.13772833,-0.04522624,-0.18295458
Corrida completa,ache,pinch,7092,4534,0.081069246,0.11257315,0.0315039
Corrida completa,firmly,timer,7216,6478,-0.10434652,-0.012479026,0.09186749
Corrida completa,kittens,nose,7153,2021,-0.07434482,0.08029533,0.15464015
Corrida completa,Finn,declared,7447,8077,-0.026660146,-0.011062161,0.015597985
Corrida completa,boat,roared,1123,3978,0.01761102,0.08798762,0.0703766
Corrida completa,Try,cabin,7622,3219,-0.023446541,-0.039944828,-0.016498286
Corrida completa,grabbing,nod,6900,2973,0.03133694,0.040059146,0.008722205
Corrida completa,least,really,7086,1254,0.012497713,0.17719808,0.16470037
Corrida completa,off,twirled,781,3526,-0.09683209,-0.06457277,0.032259323
Corrida completa,aeroplane,wis,4501,2760,0.052749414,-0.0297235,-0.08247291
Corrida completa,ahead,bloom,3668,2974,-0.013345431,0.09235592,0.10570135
Corrida completa,Co,creative,4996,2459,0.11948006,-0.00013620406,-0.11961626
Corrida completa,aimed,mean,7269,1114,-0.030268412,0.024893666,0.05516208
Corrida completa,exerc,sl,4295,720,-0.08785018,0.17331362,0.2611638
Corrida completa,awe,getting,5197,1510,0.09013976,-0.08603153,-0.17617129
Corrida completa,butterflies,raven,3602,3803,0.1313746,0.25697398,0.12559938
Corrida completa,interest,saying,5942,3127,0.07788972,-0.07207705,-0.14996678
Corrida completa,conn,handful,6522,6654,-0.059418596,0.00053008646,0.059948683
Corrida completa,policeman,unif,5915,4758,0.14237565,0.15564197,0.013266325
Corrida completa,buy,precious,1410,5446,0.032192476,0.038257554,0.006065078
Corrida completa,heat,though,5339,1958,0.03238889,0.059952497,0.02756361
Corrida completa,maybe,wise,2499,1947,-0.081973135,-0.11125622,-0.029283084
Corrida completa,farmer,iron,1756,4160,-0.0699167,0.124871835,0.19478855
Corrida completa,Unfortunately,box,6062,783,-0.064218484,-0.15969591,-0.095477425
Corrida completa,rubb,sle,3505,4022,0.01747061,0.16282357,0.14535296
Corrida completa,ear,hard,2110,881,0.034363583,0.14225337,0.10788979
Corrida completa,Emma,sense,1916,6534,-0.007033445,0.008423641,0.015457086
Corrida completa,cent,squir,6063,7765,0.0045686215,0.2650575,0.26048887
Corrida completa,animal,creation,807,5498,-0.0875512,-0.07465683,0.01289437
Corrida completa,ab,dripping,644,8024,0.068515286,0.05683027,-0.0116850175
Corrida completa,Josh,bitter,5894,3141,-0.027987007,-0.06995273,-0.04196572
Corrida completa,J,inf,471,4523,-0.089946195,0.32026052,0.41020674
Corrida completa,drawing,riding,2776,3992,0.06397899,0.14845333,0.08447433
Corrida completa,drank,driving,2896,3514,0.052701548,0.09585065,0.0431491
Corrida completa,emb,rode,2284,3251,-0.07113476,-0.0062623676,0.06487239
Corrida completa,competit,stops,3168,3524,0.10068637,0.038357444,-0.062328927
Corrida completa,choo,friendly,6466,1446,-0.015397778,0.1225732,0.13797097
Corrida completa,Claus,celebration,7912,6345,-0.043680094,0.14674263,0.19042271
Corrida completa,Fire,rotting,7551,7610,0.012704449,0.07689409,0.06418964
Corrida completa,firemen,for,5761,366,-0.037516356,-0.06536546,-0.027849108
Corrida completa,prevented,shouts,8173,4018,0.027811745,0.065977454,0.03816571
Corrida completa,puddles,young,4526,1905,0.006211996,0.0059540663,-0.0002579298
Corrida completa,blankets,load,4592,3541,0.022863457,0.060398787,0.037535332
Corrida completa,officer,tonight,5504,5817,0.015845366,0.052122526,0.03627716
Corrida completa,catching,frowned,5512,4104,-0.07863807,-0.08233537,-0.0036972985
Corrida completa,diffic,dreaming,2996,3357,-0.06194458,-0.014883939,0.047060642
Corrida completa,mission,skip,5669,3965,0.006164722,0.09023855,0.08407383
Corrida completa,hanging,hit,4549,1839,0.011994101,0.18715242,0.17515832
Corrida completa,cartoons,quickly,5307,1101,0.013841489,0.021446833,0.007605344
Corrida completa,Jacob,compass,6750,3371,-0.036785193,0.051829025,0.08861422
Corrida completa,measure,pins,2876,7517,-0.036715515,0.010556494,0.047272008
Corrida completa,caterp,helped,2658,1199,0.0313251,0.066814244,0.035489142
Corrida completa,bri,firemen,3816,5761,-0.027689952,-0.101347,-0.07365705
Corrida completa,Rob,strike,6095,6243,-0.0068544038,-0.037840135,-0.030985732
Corrida completa,Tommy,festival,1589,5120,0.006132491,0.044585124,0.038452633
Corrida completa,beautifully,glass,7554,2719,-0.009157451,0.047536403,0.056693852
Corrida completa,lets,popcorn,5544,3375,0.04865946,-0.00069960207,-0.04935906
Corrida completa,knows,orange,3270,1968,-0.013897439,-0.11334371,-0.09944627
Corrida completa,daisy,mass,4913,4929,-0.06073825,-0.11354183,-0.052803576
Corrida completa,embarrass,motor,6597,2927,0.0900239,0.094796196,0.004772298
Corrida completa,Gigi,wrist,6492,6367,-0.093981594,0.014777727,0.10875932
Corrida completa,available,world,3934,1266,-0.05813481,-0.042051867,0.016082942
Corrida completa,guns,questions,5628,2806,-0.007974798,0.17207462,0.18004942
Corrida completa,Joe,pun,1299,3932,0.07852775,-0.0042734984,-0.082801245
Corrida completa,declared,weeping,8077,6315,-0.00031699985,0.031597547,0.031914547
Corrida completa,easier,lots,5248,855,0.04317904,0.06752884,0.024349798
Corrida completa,cap,cuddles,2846,7777,0.023930099,0.006413387,-0.017516712
Corrida completa,Nick,disapp,6669,1779,0.06754166,-0.017695501,-0.08523716
Corrida completa,grandp,skunk,6752,6923,0.017971268,-0.047683164,-0.065654434
Corrida completa,heartbroken,twirl,7602,2602,-0.118405044,0.056079835,0.17448488
Corrida completa,loved,saus,499,4241,0.13365647,0.068385184,-0.06527129
Corrida completa,Squ,doll,6485,971,0.061854508,-0.08526375,-0.14711826
Corrida completa,Everybody,guessing,6688,7860,0.017462902,0.07641485,0.05895195
Corrida completa,closer,knelt,1143,5489,-0.052856945,0.0142370425,0.06709398
Corrida completa,anyone,dir,2141,1456,0.06514925,0.04729484,-0.017854407
Corrida completa,barked,early,2429,3560,-0.06093206,0.0074836714,0.06841573
Corrida completa,Maya,travelling,6574,7354,-0.07801856,-0.16711569,-0.08909713
Corrida completa,herbs,miss,6236,1981,0.1325869,-0.09138609,-0.22397298
Corrida completa,inch,movements,5836,8164,-0.023741942,0.076335415,0.10007736
Corrida completa,Mimi,persist,5002,3389,0.07601565,-0.09443655,-0.1704522
Corrida completa,appl,robots,4203,7903,0.009890476,-0.1004559,-0.11034638
Corrida completa,diary,parties,4276,6468,0.012908496,0.17853221,0.16562372
Corrida completa,Jess,sug,4716,2900,0.037031002,0.032815717,-0.004215285
Corrida completa,barely,says,5656,578,-0.060435046,-0.09793602,-0.037500974
Corrida completa,King,pig,4974,1975,-0.012688598,0.2945359,0.3072245
Corrida completa,Stop,bees,5943,3502,-0.031970732,-0.056887887,-0.024917156
Corrida completa,everyday,green,5423,1356,0.026249815,0.008920946,-0.01732887
Corrida completa,digging,quiz,4984,4784,0.019163743,0.08946751,0.07030377
Corrida completa,Curious,carpet,8160,3814,-0.03018422,-0.18480071,-0.15461649
Corrida completa,meowing,smells,8138,4341,0.04989779,0.035039876,-0.014857914
Corrida completa,embarrass,shocked,6597,3613,0.022403382,0.13083404,0.10843066
Corrida completa,low,poppies,3268,7628,-0.06665071,0.015237467,0.08188818
Corrida completa,Larry,pleaded,6331,7733,0.051510863,-0.02992189,-0.08143275
Corrida completa,agrees,fi,6432,858,-0.05693053,-0.18703523,-0.1301047
Corrida completa,Susan,pa,6157,1171,0.029529126,-0.07689167,-0.10642079
Corrida completa,hats,mummy,3176,2630,0.0076830946,0.19977959,0.19209649
Corrida completa,dinner,feather,1548,2242,-0.022570414,-0.02586145,-0.003291035
Corrida completa,respons,teasp,5317,5136,-0.056896154,-0.05518399,0.001712162
Corrida completa,independ,spot,3191,1357,-0.03682876,-0.1261109,-0.08928214
Corrida completa,own,struggle,1052,6034,0.041770518,-0.0030668764,-0.044837393
Corrida completa,little,solut,396,5681,0.044844635,-0.059803277,-0.10464791
Corrida completa,point,seeing,4107,4281,-0.07648301,0.079163946,0.15564695
Corrida completa,Susie,mot,2953,2617,-0.02469609,-0.024145866,0.0005502235
Corrida completa,grand,unw,3346,7726,-0.03155435,0.13427183,0.16582617
Corrida completa,Gary,sna,7660,2619,-0.022085944,-0.18657964,-0.1644937
Corrida completa,built,shy,3267,2372,0.0076569133,-0.053150415,-0.06080733
Corrida completa,def,universe,6397,5347,-0.036547355,-0.081889555,-0.0453422
Corrida completa,Mat,starfish,5323,6852,0.09853764,0.011705399,-0.08683224
Corrida completa,Nina,aw,6968,2958,0.009627913,-0.09025872,-0.09988663
Corrida completa,competit,open,3168,1182,0.020718496,-0.13353226,-0.15425076
Corrida completa,raining,yourselves,4154,6565,0.04789511,0.15951696,0.11162185
Corrida completa,aeropl,b,4342,267,-0.011522673,0.25309664,0.26461932
Corrida completa,afterwards,music,6639,1634,0.052424885,0.013963134,-0.038461752
Corrida completa,Whenever,unknown,3173,3367,-0.119732186,-0.07085634,0.048875846
Corrida completa,bowl,time,1792,393,-0.054971017,0.032647334,0.08761835
Corrida completa,heard,weren,754,5373,0.13641278,0.08860607,-0.047806717
Corrida completa,peck,quack,6965,4627,-0.034207895,0.2050964,0.23930429
Corrida completa,dr,tor,1239,3617,0.05601501,0.022859396,-0.033155613
Corrida completa,indeed,ve,6642,1706,-0.037217613,-0.09145442,-0.054236803
Corrida completa,lap,skeleton,6296,4173,0.0033747475,0.019871043,0.016496295
Corrida completa,encouragement,singer,7942,5940,0.061254803,0.11569007,0.054435264
Corrida completa,marriage,pans,5853,6782,-0.091615945,0.06664739,0.15826333
Corrida completa,label,surv,5118,7663,0.05325097,-0.021805886,-0.07505685
Corrida completa,menu,scared,5389,629,0.07174352,-0.05447882,-0.12622234
Corrida completa,ind,street,2861,1966,-0.021137137,-0.16020443,-0.13906729
Corrida completa,cheered,riverbank,1818,8165,0.052588243,0.049752243,-0.0028360002
Corrida completa,Are,ripped,4016,5614,-0.003140891,-0.005537226,-0.002396335
Corrida completa,Cl,Wednesday,3836,5848,-0.09800983,-0.098711446,-0.0007016137
Corrida completa,freez,ma,4349,1010,0.10515082,0.112133585,0.006982766
Corrida completa,replaced,spent,6395,2273,0.08289007,0.16608757,0.0831975
Corrida completa,apolog,chocol,3023,2391,-0.0577691,0.2011576,0.2589267
Corrida completa,saying,toys,3127,684,-0.06054233,0.021989454,0.08253178
Corrida completa,Nana,match,7766,2750,-0.045125492,0.034555428,0.07968092
Corrida completa,cell,underst,4685,1271,-0.011770502,-0.033182703,-0.021412201
Corrida completa,Something,destro,5771,3570,-0.04434786,-0.021306304,0.023041556
Corrida completa,flashing,suff,8112,4708,0.06354944,0.009368406,-0.054181032
Corrida completa,hate,sick,5368,2022,0.0054829624,0.1257467,0.12026373
Corrida completa,dest,safety,2779,4746,-0.03873956,0.059162743,0.0979023
Corrida completa,discussing,oat,7639,4007,-0.031057484,-0.045081582,-0.0140240975
Corrida completa,Buzzy,im,6016,816,0.037143614,-0.070947126,-0.10809074
Corrida completa,Lulu,buried,6029,4881,-0.1423279,-0.22561046,-0.08328256
Corrida completa,bean,shovel,3399,4215,0.06311991,0.13775012,0.07463021
Corrida completa,Chirpy,packing,5508,6368,0.047113206,-0.09417705,-0.14129026
Corrida completa,blond,disappointed,8015,2521,-0.040216483,-0.10834047,-0.06812399
Corrida completa,farther,hill,6165,1437,-0.023518162,0.051563825,0.07508199
Corrida completa,Mummy,vehicles,3428,7698,-0.026763197,-0.049202703,-0.022439506
Corrida completa,pit,tricky,4617,6528,-0.119040154,-0.04572337,0.07331678
Corrida completa,Everybody,disapp,6688,1779,-0.023424402,-0.0050367713,0.01838763
Corrida completa,paw,wool,2360,4546,-0.03701816,0.2664845,0.30350265
Corrida completa,flap,langu,5491,4209,-0.022611326,-0.06480332,-0.04219199
Corrida completa,adorable,told,3967,737,0.016052723,-0.0752527,-0.09130542
Corrida completa,Without,crabs,6906,6210,0.009598145,-0.1516087,-0.16120686
Corrida completa,design,dresser,3220,7192,-0.13123895,0.088922665,0.22016162
Corrida completa,meat,slow,4163,1374,0.064386,-0.045726426,-0.11011243
Corrida completa,mailbox,surprising,3472,7478,-0.041070543,0.03007364,0.071144186
Corrida completa,gardener,tw,7171,717,0.13136443,-0.08502832,-0.21639276
Corrida completa,keep,trips,958,6149,-0.029403532,-0.01482893,0.014574602
Corrida completa,Ma,giggling,6866,5785,0.0027360544,-0.10696539,-0.10970145
Corrida completa,door,visit,968,1627,0.07684723,0.042932026,-0.033915207
Corrida completa,melting,ra,6372,878,-0.08601132,-0.057476696,0.028534625
Corrida completa,bunch,clapped,5918,1829,0.022804953,0.0038789343,-0.018926019
Corrida completa,cannot,warned,2447,3461,0.017324284,0.03383262,0.016508337
Corrida completa,filthy,universe,3866,5347,-0.06624149,0.057607006,0.1238485
Corrida completa,billboard,stretch,5314,4049,0.024374988,-0.02946083,-0.053835817
Corrida completa,sparks,zipping,7570,6849,-0.030792335,0.094846375,0.12563871
Corrida completa,saf,softer,2186,7011,-0.091578476,0.119454026,0.21103251
Corrida completa,kingdom,owl,4323,1897,0.017085966,0.1522469,0.13516094
Corrida completa,roof,slide,3193,1094,0.08461034,0.15420672,0.06959638
Corrida completa,fash,hurt,5417,894,-0.07077797,0.023336658,0.094114624
Corrida completa,air,robb,1413,6521,-0.072640516,-0.07737746,-0.004736945
Corrida completa,city,obedient,3101,3112,0.010269178,-0.033502847,-0.043772027
Corrida completa,cous,groceries,6663,6310,-0.010299481,-0.057181038,-0.046881557
Corrida completa,fill,matched,1281,5972,0.02297527,0.17356464,0.15058938
Corrida completa,piles,trucks,5672,3097,-0.0058282763,0.26962876,0.27545702
Corrida completa,seem,tease,3263,5245,0.1073318,-0.026318435,-0.13365023
Corrida completa,gest,meant,7274,2496,0.026911078,-0.07943989,-0.10635097
Corrida completa,He,P,314,953,0.028785262,-0.09846853,-0.12725379
Corrida completa,provide,rise,5096,4831,0.043726575,0.016697988,-0.027028587
Corrida completa,scient,vis,7168,1514,0.04355955,0.042771257,-0.0007882938
Corrida completa,orange,trail,1968,4357,0.0983985,0.111469224,0.013070725
Corrida completa,Holly,bro,7454,1076,-0.030763026,-0.061735444,-0.030972417
Corrida completa,wear,weeks,1711,5020,0.104482934,-0.04831843,-0.15280136
Corrida completa,admiring,congratulated,5342,7613,-0.012843136,0.23098618,0.24382931
Corrida completa,purp,sandcast,1988,4244,0.06759706,0.108327486,0.040730424
Corrida completa,festival,tightly,5120,2446,0.039298527,0.09853649,0.059237964
Corrida completa,apologized,cray,4250,1850,0.021542564,0.052526332,0.030983768
Corrida completa,leap,weather,6227,4267,0.027994761,0.13858327,0.11058851
Corrida completa,papers,sandbox,4261,4206,-0.112288095,0.22048575,0.33277383
Corrida completa,flight,weight,7087,5398,0.034560062,0.1824555,0.14789543
Corrida completa,hum,twin,2408,6446,-0.13187806,-0.18425417,-0.052376106
Corrida completa,nest,pizza,2015,2599,0.018737808,0.14094551,0.1222077
Corrida completa,counter,heads,4336,4410,-0.058249358,0.15063572,0.20888507
Corrida completa,attach,curiosity,4505,5444,-0.039407656,-0.08136102,-0.041953363
Corrida completa,feather,instrum,2242,6601,0.040796548,0.07229159,0.031495042
Corrida completa,I,caring,339,4710,-0.021059496,-0.10488756,-0.08382806
Corrida completa,In,moder,1392,3426,0.04104778,0.016936002,-0.02411178
Corrida completa,phone,spaceship,2336,5568,-0.018801019,0.193286,0.21208702
Corrida completa,brus,cleaning,5325,3194,-0.12177915,-0.05896548,0.06281367
Corrida completa,hand,pastels,734,6076,-0.02945182,0.119495034,0.14894685
Corrida completa,button,thorns,2170,8141,-0.03788537,0.13050449,0.16838986
Corrida completa,makeup,powers,4754,5749,0.0015243506,0.149642,0.14811766
Corrida completa,ripped,world,5614,1266,0.052822646,-0.06726012,-0.120082766
Corrida completa,dep,rang,8085,5451,0.07041023,0.058263205,-0.012147024
Corrida completa,bath,nail,1813,3724,0.0059864335,0.17669511,0.17070867
Corrida completa,mus,sauce,1560,3329,-0.05241125,-0.077120245,-0.024708994
Corrida completa,dre,finished,828,1398,0.012093075,0.08762024,0.07552717
Corrida completa,knowledge,making,5857,1282,-0.031780448,-0.105213515,-0.07343307
Corrida completa,day,says,356,578,0.020765131,0.10396847,0.08320334
Corrida completa,Adam,tun,6026,2251,-0.038842104,-0.11434747,-0.07550537
Corrida completa,Hoot,sizes,6681,4721,0.02682433,0.038625278,0.011800947
Corrida completa,recorded,safety,6032,4746,0.018254444,0.07677033,0.058515884
Corrida completa,fing,flapping,2108,6686,-0.054040853,-0.05084625,0.003194604
Corrida completa,hockey,pays,4239,7372,0.029415786,-0.12897113,-0.15838692
Corrida completa,Paul,cher,3828,3008,-0.0668403,-0.12252934,-0.055689044
Corrida completa,heartbroken,images,7602,7770,0.21118537,0.21573097,0.004545599
Corrida completa,Ang,exclaimed,7013,3175,-0.050907142,-0.13723779,-0.086330645
Corrida completa,Tiger,damage,7919,6955,-0.022544645,-0.11367125,-0.091126606
Corrida completa,Bear,slice,3957,5345,-0.013912348,0.031198297,0.045110643
Corrida completa,cre,import,969,1081,-0.054622713,-0.0016960241,0.05292669
Corrida completa,spray,squash,2384,3563,-0.12071425,0.008250523,0.12896477
Corrida completa,cott,trop,6338,3950,0.03630711,0.08004791,0.0437408
Corrida completa,cake,writing,1177,4551,-0.07418783,0.067069896,0.14125773
Corrida completa,fields,neighbourhood,4229,5531,0.012864718,0.23566747,0.22280274
Corrida completa,forgotten,men,4406,4246,0.013511229,0.0354952,0.02198397
Corrida completa,E,fresh,600,3324,0.022807758,0.11735668,0.094548926
Corrida completa,Sh,digging,4008,4984,0.08083028,-0.17193931,-0.2527696
Corrida completa,because,tie,771,2797,-0.09091632,-0.061402068,0.029514253
Corrida completa,suggest,teachers,2878,7769,0.11575539,0.063550085,-0.0522053
Corrida completa,Each,gloves,4836,5623,-0.036199607,-0.1038449,-0.0676453
Corrida completa,east,friendly,5809,1446,-0.036610313,0.12166716,0.15827748
Corrida completa,People,hissed,5126,6437,-0.08241147,-0.10592456,-0.023513094
Corrida completa,grinned,swayed,5273,7913,-0.039666682,0.22440597,0.26407266
Corrida completa,gr,neighborhood,654,5115,-0.043561075,-0.060730875,-0.0171698
Corrida completa,boxes,passen,2982,6759,-0.07865772,0.022146635,0.10080435
Corrida completa,Izzy,mummy,7920,2630,-0.12752,0.2349427,0.3624627
Corrida completa,nose,outfit,2021,6043,-0.057632167,0.031089637,0.088721804
Corrida completa,ants,candle,4139,3812,-0.038726456,0.13731797,0.17604443
Corrida completa,Helen,waste,7717,4792,-0.012581939,-0.022210939,-0.009629
Corrida completa,baskets,sand,7368,1227,0.024801495,0.12090173,0.09610024
Corrida completa,ref,warned,3119,3461,-0.10916691,-0.06152553,0.04764138
Corrida completa,fountain,joining,3224,7258,-0.075909615,-0.04270926,0.033200353
Corrida completa,curiously,med,7115,2277,-0.06535545,0.022076774,0.08743222
Corrida completa,coll,flips,1801,7687,-0.050953962,-0.11004301,-0.05908905
Corrida completa,Its,repeated,4872,6126,-0.06743452,0.030040309,0.09747483
Corrida completa,language,likes,4462,1428,0.016954735,-0.0871126,-0.10406733
Corrida completa,Mama,temp,2100,4149,-0.0943985,-0.03571797,0.058680527
Corrida completa,board,wrigg,2892,7439,0.043969505,0.015109718,-0.028859787
Corrida completa,animals,letting,889,4785,0.04900818,-0.17188188,-0.22089006
Corrida completa,pil,yourself,3151,2752,0.109949276,-0.15824452,-0.26819378
Corrida completa,collar,raven,3728,3803,0.085623905,0.21596484,0.13034093
Corrida completa,Miss,thro,5001,6121,-0.0010127649,-0.08217648,-0.08116371
Corrida completa,go,nood,437,6961,-0.07008661,-0.081294,-0.011207387
Corrida completa,blinked,wheels,4740,3686,-0.06719414,0.026089229,0.09328337
Corrida completa,Luckily,stays,6392,6636,0.06077019,-0.062419087,-0.12318928
Corrida completa,objects,persist,6547,3389,-0.03604732,0.021886049,0.057933368
Corrida completa,guests,sister,7022,1688,0.058225363,0.30354503,0.24531966
Corrida completa,Peter,t,2653,258,0.12849201,-0.12999602,-0.25848803
Corrida completa,crept,licked,5401,2894,-0.00980564,0.07686518,0.08667082
Corrida completa,fence,veggies,1871,7676,0.11753838,0.19188686,0.07434848
Corrida completa,advice,trophy,3531,3987,0.09330946,0.17969239,0.086382926
Corrida completa,hardly,thanking,4816,7796,0.06641334,0.07703906,0.01062572
Corrida completa,cooking,tricky,3569,6528,0.022970937,0.013669927,-0.0093010105
Corrida completa,brus,mean,5325,1114,0.0684528,-0.007199438,-0.075652234
Corrida completa,chases,worrying,6085,7598,-0.02775601,-0.109279945,-0.08152394
Corrida completa,Then,wearing,879,2265,-0.00027432851,-0.03760223,-0.0373279
Corrida completa,att,mushroom,1759,3920,-0.14485762,-0.09275122,0.052106395
Corrida completa,bill,does,4992,1175,-0.051072128,-0.12613574,-0.07506361
Corrida completa,Fuzzy,sew,7343,5097,-0.0005948208,-0.02998636,-0.029391538
Corrida completa,ber,loud,3155,867,-0.05779757,-0.11355199,-0.05575442
Corrida completa,sew,teleph,5097,4771,0.13478369,-0.030230403,-0.16501409
Corrida completa,her,praised,309,4880,-0.04126825,-0.21537007,-0.17410183
Corrida completa,ok,stuffed,2811,4170,0.010040463,-0.06329801,-0.07333847
Corrida completa,armchair,break,4335,1519,-0.0034344024,0.006057866,0.009492269
Corrida completa,does,min,1175,1848,-0.109238856,-0.07208662,0.03715224
Corrida completa,scampered,witch,7145,3537,-0.01962376,-0.15059489,-0.13097113
Corrida completa,Earth,leash,6283,3914,0.10433103,0.2384315,0.13410047
Corrida completa,family,forever,910,2000,0.008438358,0.10803912,0.09960076
Corrida completa,marching,was,5300,280,0.06996524,-0.09604149,-0.16600674
Corrida completa,everybody,texture,6285,5840,0.022628468,-0.067150585,-0.08977905
Corrida completa,blows,violin,6609,4360,0.11704755,0.06999672,-0.047050826
Corrida completa,cans,smelled,6313,2196,-0.050906554,0.0779742,0.12888075
Corrida completa,nine,notebook,7203,4071,0.01336954,0.026787128,0.013417589
Corrida completa,chasing,dads,3567,7169,0.10604352,-0.14200577,-0.24804929
Corrida completa,knight,lent,2685,7563,0.025976706,-0.16467032,-0.19064702
Corrida completa,laug,paintbrush,700,7804,0.026711764,-0.03073859,-0.057450354
Corrida completa,emer,ruin,5175,5783,-0.048719388,-0.018708982,0.030010406
Corrida completa,game,playroom,1256,7339,-0.024351373,0.20830986,0.23266123
Corrida completa,disapp,fake,1779,2844,0.029292518,-0.07080051,-0.10009303
Corrida completa,acc,smelly,1782,2734,-0.038088888,-0.078677945,-0.040589057
Corrida completa,butt,near,1807,1087,0.00027522258,0.043116678,0.042841457
Corrida completa,Jess,Lilly,4716,4386,-0.08033274,0.3511805,0.43151325
Corrida completa,octopus,us,3820,1113,0.022681635,0.082772106,0.06009047
Corrida completa,j,sal,444,2309,0.03144561,0.20305544,0.17160983
Corrida completa,cre,push,969,2392,-0.01982794,-0.025840968,-0.0060130283
Corrida completa,magic,yelled,1270,2594,0.04486839,0.018768203,-0.026100188
Corrida completa,Mad,lead,6444,2783,-0.051026538,0.024026439,0.07505298
Corrida completa,parents,placed,1305,3575,-0.014169348,-0.047724344,-0.033554994
Corrida completa,airport,course,4134,1883,0.067494586,0.078078955,0.010584369
Corrida completa,Fido,appreci,6822,4132,-0.113203906,-0.07277069,0.040433213
Corrida completa,clean,loved,952,499,-0.029361643,0.00704211,0.036403753
Corrida completa,deaf,refle,3794,6598,-0.047526225,-0.04651668,0.0010095462
Corrida completa,peel,rest,5546,1242,0.053321376,0.06986099,0.01653961
Corrida completa,shells,umb,3200,3403,-0.005132489,-0.014017291,-0.008884802
Corrida completa,blinking,caused,7722,6137,-0.017532226,-0.003379792,0.014152434
Corrida completa,daring,taught,7202,2600,-0.0038412623,0.13680424,0.1406455
Corrida completa,explorer,swe,7091,3210,0.069232434,-0.09118351,-0.16041595
Corrida completa,moves,praised,4557,4880,0.08153025,0.07277728,-0.008752972
Corrida completa,fought,wider,4684,7141,-0.068152726,-0.033716463,0.034436263
Corrida completa,newspap,water,5129,744,-0.027621672,-0.010522179,0.017099492
Corrida completa,against,wheel,2984,2819,-0.057406276,-0.12778716,-0.07038088
Corrida completa,es,jewel,1952,3040,-0.015509558,0.014083794,0.029593352
Corrida completa,bl,rot,624,4332,-0.013538739,0.08508241,0.09862115
Corrida completa,field,ol,1650,3873,0.008464264,-0.0646392,-0.073103465
Corrida completa,achie,hairdress,4945,7767,-0.030118562,0.0033860141,0.033504575
Corrida completa,comforted,shaking,5555,3783,-0.017124727,0.14512205,0.16224678
Corrida completa,clapped,tem,1829,3702,0.043396227,-0.034258425,-0.07765465
Corrida completa,bush,early,2182,3560,0.020816062,0.08324426,0.062428195
Corrida completa,microscope,wasn,4381,1556,0.023813171,-0.06603033,-0.089843504
Corrida completa,boun,z,2036,1192,-0.104610234,0.232957,0.33756724
Corrida completa,attract,stroked,3659,6811,0.05352303,0.18614294,0.1326199
Corrida completa,lighter,walls,6717,3145,-0.054763082,0.1155297,0.17029278
Corrida completa,mil,pur,2054,4722,-0.04522738,0.011873163,0.057100542
Corrida completa,Sm,hawk,3779,6484,0.023190636,-0.048514906,-0.07170554
Corrida completa,sill,soaring,7621,5552,-0.12214797,0.0066846237,0.1288326
Corrida completa,Jerry,pours,4068,7383,0.0552012,-0.0481764,-0.103377596
Corrida completa,cute,horn,2081,2937,-0.036055163,0.08076744,0.1168226
Corrida completa,mother,prob,1542,7501,-0.098636955,-0.08071041,0.017926544
Corrida completa,Benny,behavi,1464,6585,-0.07266788,-0.093632564,-0.020964682
Corrida completa,cheering,lifts,6015,7369,0.12576059,0.16849545,0.04273486
Corrida completa,fill,siblings,1281,6779,-0.025289923,-0.12887445,-0.10358453
Corrida completa,list,relaxing,887,8105,0.01102056,0.054119397,0.043098837
Corrida completa,introduced,wanted,5861,443,0.05448687,0.04900384,-0.0054830313
Corrida completa,passport,scra,4396,6115,-0.019633055,0.07095459,0.090587646
Corrida completa,Where,wakes,3973,7516,-0.01637426,-0.039284058,-0.022909798
Corrida completa,clumsy,fashion,3408,5495,-0.03623649,0.05893872,0.09517521
Corrida completa,cottage,policeman,7510,5915,0.050569914,0.070487075,0.01991716
Corrida completa,fragile,wakes,3266,7516,-0.062425405,-0.014066599,0.048358805
Corrida completa,Thanks,bouquet,7057,8079,-0.14073595,0.01084907,0.15158503
Corrida completa,cra,mass,1350,4929,0.05031269,0.17559326,0.12528056
Corrida completa,airplane,ber,4966,3155,-0.0033347197,-0.022829939,-0.019495219
Corrida completa,raising,sharing,8020,2538,0.19650778,0.20406973,0.007561952
Corrida completa,mane,trip,6353,2247,0.008960817,-0.038594548,-0.047555365
Corrida completa,bunny,enth,1300,3672,0.07351022,-0.001476422,-0.074986644
Corrida completa,Ke,visit,5803,1627,0.010812014,-0.03200707,-0.042819083
Corrida completa,Milly,Snowy,5365,4879,-0.086450905,0.32138237,0.40783328
Corrida completa,dam,paused,5818,5080,0.0017842408,-0.03957068,-0.041354924
Corrida completa,cane,ow,4353,3433,-0.017723866,-0.04069756,-0.022973694
Corrida completa,face,mailman,1144,4833,-0.05344854,0.057639267,0.11108781
Corrida completa,if,squeezed,750,4660,-0.08704846,0.054852918,0.14190137
Corrida completa,naps,upon,6400,441,-0.08070953,0.06319496,0.14390449
Corrida completa,key,pleasure,1977,6508,-0.0024077203,0.112818286,0.11522601
Corrida completa,poems,solut,6834,5681,-0.04207199,-0.0009046532,0.041167337
Corrida completa,Kelly,separate,7365,4507,-0.12702367,-0.14261983,-0.015596166
Corrida completa,kindness,whale,2988,2977,-0.03708987,0.038340315,0.075430185
Corrida completa,k,plac,398,1910,-0.05268488,0.072831966,0.12551685
Corrida completa,herb,lying,4661,2789,-0.0033483878,0.081498995,0.08484738
Corrida completa,desp,stra,6049,2397,-0.076511845,0.2774552,0.35396707
Corrida completa,Take,replied,7295,1109,-0.09947524,-0.010832976,0.08864227
Corrida completa,course,twirl,1883,2602,-0.03383649,-0.014559943,0.019276548
Corrida completa,bu,u,791,323,-0.011798095,0.17495611,0.18675421
Corrida completa,hum,repeated,2408,6126,0.060905695,0.09851163,0.037605934
Corrida completa,biggest,journey,3316,2053,0.040836614,-0.013848932,-0.054685548
Corrida completa,Sandy,pulls,4100,4052,-0.061036505,-0.025843866,0.03519264
Corrida completa,helper,modest,4750,4005,0.023286082,0.051357202,0.02807112
Corrida completa,settled,spray,4827,2384,0.023292746,0.009310361,-0.013982385
Corrida completa,As,deser,1237,5950,-0.057943404,-0.094267264,-0.03632386
Corrida completa,licks,robb,4982,6521,0.034085345,0.06684074,0.032755394
Corrida completa,gracefully,pushing,6744,3969,0.010264996,0.01694667,0.006681673
Corrida completa,tallest,tomato,6299,3458,0.058153242,-0.00102471,-0.05917795
Corrida completa,cuddly,v,6926,632,0.060088154,-0.053652372,-0.113740526
Corrida completa,favour,salty,2962,6673,0.034473196,0.014303078,-0.020170119
Corrida completa,Zoomy,fool,7904,3002,0.017499305,-0.014562344,-0.03206165
Corrida completa,flow,mir,826,2787,-0.08310643,-0.0035073934,0.07959904
Corrida completa,Everything,forgiven,3765,6696,0.024197105,-0.022654999,-0.046852104
Corrida completa,scream,shampoo,1777,4938,-0.11307798,-0.013001074,0.10007691
Corrida completa,brother,sol,1222,2406,-0.08393091,-0.17694119,-0.09301028
Corrida completa,agrees,sometimes,6432,1561,0.0012188479,-0.0016261693,-0.0028450172
Corrida completa,entrance,gem,6138,3192,-0.08270635,0.09009074,0.17279708
Corrida completa,tempt,wings,6859,1854,0.0097470675,-0.11446623,-0.12421329
Corrida completa,headed,relieved,4405,2025,0.05360633,0.029507328,-0.024099004
Corrida completa,Lisa,ordered,2485,5346,0.0049541704,-0.04844483,-0.053399
Corrida completa,Ella,gorilla,3257,3995,-0.08774669,0.119348735,0.20709541
Corrida completa,arrive,moments,6104,4892,0.075663745,0.10115734,0.025493592
Corrida completa,key,powerful,1977,2611,-0.044384886,0.09640208,0.14078696
Corrida completa,pal,reg,4322,2673,-0.00010443386,0.037670173,0.037774608
Corrida completa,clearing,marry,5282,4235,-0.00057439134,0.044929974,0.045504365
Corrida completa,diving,reaches,6500,4783,0.061163403,0.08873677,0.02757337
Corrida completa,lean,restore,3170,4950,0.0033582337,0.03861451,0.035256278
Corrida completa,sna,walked,2619,927,0.07828685,-0.0051389057,-0.08342575
Corrida completa,admired,permit,3284,5482,0.030598292,0.11446297,0.08386468
Corrida completa,block,frame,1233,3979,-0.10877048,0.29273057,0.40150106
Corrida completa,applauded,vest,5805,4187,-0.05688838,0.02926761,0.08615599
Corrida completa,being,small,1025,788,-0.061889097,-0.13432688,-0.07243778
Corrida completa,Who,mater,4890,5705,0.023173701,-0.026107384,-0.049281083
Corrida completa,cut,e,1293,321,0.029214865,-0.050663445,-0.07987831
Corrida completa,decoration,vehic,7992,4629,0.00017168163,0.052903946,0.052732266
Corrida completa,learned,sel,812,2396,0.046870254,0.037140727,-0.009729527
Corrida completa,bottom,protected,2950,5653,-0.006509114,-0.029177587,-0.022668473
Corrida completa,crowns,ru,8106,1238,0.005682528,-0.018671699,-0.024354227
Corrida completa,sighed,ting,2700,7953,0.08252641,-0.055999745,-0.13852616
Corrida completa,bulb,saw,4285,411,0.009335039,-0.05479781,-0.06413285
Corrida completa,earthquake,flock,5395,7887,0.013731718,0.005411473,-0.008320245
Corrida completa,fantastic,statue,7357,3689,-0.06258062,-0.0041061863,0.058474436
Corrida completa,any,minut,707,2274,-0.0023377761,0.03237325,0.034711026
Corrida completa,animal,borrowed,807,6908,0.0022335537,-0.07576507,-0.07799862
Corrida completa,noodles,worried,7218,1678,-0.086300746,0.028300487,0.11460123
Corrida completa,How,moder,2402,3426,-0.027493339,0.005654284,0.033147622
Corrida completa,love,penguins,830,6108,-0.08016373,-0.10558228,-0.02541855
Corrida completa,known,skunk,4606,6923,-0.06429775,-0.10492484,-0.040627092
Corrida completa,banan,trotted,2418,7674,0.0433084,0.030706048,-0.012602352
Corrida completa,names,try,3732,808,0.012358835,-0.040325604,-0.05268444
Corrida completa,Hoot,biting,6681,7661,-0.08541079,-0.101365894,-0.015955105
Corrida completa,awesome,races,6197,7304,0.054916944,0.12930036,0.07438341
Corrida completa,cries,storms,2675,8064,0.00079667754,0.13053957,0.12974289
Corrida completa,catch,ev,1313,7388,-0.09913749,-0.11879225,-0.019654758
Corrida completa,o,sniffed,285,4559,-0.035305724,-0.06781016,-0.03250444
Corrida completa,alligator,bowls,4362,6543,0.077494025,0.15604869,0.07855466
Corrida completa,True,hair,4760,1351,-0.065714404,0.089266956,0.15498136
Corrida completa,giggled,sandcastle,2757,5011,-0.050472554,0.1626873,0.21315986
Corrida completa,robb,stepped,6521,1758,-0.017020503,0.20028314,0.21730365
Corrida completa,firefly,wires,7290,6325,0.06678481,0.22558613,0.15880132
Corrida completa,digg,embarra,4977,2329,0.010360876,0.010360844,-3.1664968e-08
Corrida completa,pee,smiley,3004,6408,0.08460881,0.021207448,-0.06340136
Corrida completa,massage,pull,5199,1200,0.085672654,0.070830494,-0.01484216
Corrida completa,alive,writing,4200,4551,0.023631051,0.02162735,-0.0020037014
Corrida completa,mad,plucked,2049,6993,0.13939294,-0.025905112,-0.16529806
Corrida completa,calmly,weeds,7507,7849,0.0075246394,-0.022696048,-0.030220687
Corrida completa,hopping,nest,2732,2015,0.07473823,0.15976596,0.08502773
Corrida completa,return,yach,2069,4137,0.04036349,-0.09061255,-0.13097605
Corrida completa,Up,ash,7446,2387,-0.045505766,0.048088834,0.093594596
Corrida completa,avocados,rotting,6833,7610,0.03656169,0.18804348,0.15148178
Corrida completa,berries,towers,3164,3647,-0.020166945,0.21033311,0.23050006
Corrida completa,tall,teach,1403,2350,-0.045926005,-0.010995943,0.03493006
Corrida completa,gardens,while,8019,1002,-0.036347166,0.03032507,0.066672236
Corrida completa,careful,easy,853,2632,0.090179436,0.23109594,0.1409165
Corrida completa,din,evil,1362,7511,0.112850964,0.03629025,-0.07656071
Corrida completa,gentle,heav,1859,6171,0.0646314,0.093548596,0.028917193
Corrida completa,Spark,new,5641,575,-0.0050688293,-0.091688916,-0.086620085
Corrida completa,comm,healed,6174,6039,-0.047604326,-0.19069573,-0.14309141
Corrida completa,cushion,made,3993,559,0.02941725,-0.06745042,-0.096867666
Corrida completa,arrived,thirst,1454,3298,0.068613835,0.10278213,0.034168296
Corrida completa,bottom,hunt,2950,3039,0.017281096,0.11600243,0.09872134
Corrida completa,allowed,t,3423,258,-0.016023118,0.049325973,0.06534909
Corrida completa,player,vill,4437,2201,-0.007209759,-0.052119207,-0.044909447
Corrida completa,Le,desk,2548,3400,0.07885164,-0.0363852,-0.11523684
Corrida completa,quacked,unusual,6179,2868,-0.026015421,-0.0050542327,0.020961188
Corrida completa,forever,weak,2000,2723,-0.00048135966,0.099344455,0.099825814
Corrida completa,Peter,Spring,2653,8163,-0.068385735,0.09174389,0.16012962
Corrida completa,corn,val,1882,2285,-0.00234982,-0.028953865,-0.026604045
Corrida completa,husband,trusted,6914,4763,0.0125418315,-0.06273997,-0.0752818
Corrida completa,ar,sur,468,2215,0.043374382,0.24706633,0.20369196
Corrida completa,salty,someone,6673,1498,-0.035159536,-0.21096104,-0.17580152
Corrida completa,picnics,snack,8167,1731,-0.06896717,0.12242213,0.19138929
Corrida completa,Libby,separated,8074,6644,-0.09548518,-0.16900533,-0.073520154
Corrida completa,screaming,silver,5928,3940,-0.041756056,0.14936626,0.19112232
Corrida completa,alive,visited,4200,4037,0.004883753,0.031700194,0.02681644
Corrida completa,granddaughter,pirates,7946,4521,0.109458804,0.15289932,0.04344052
Corrida completa,aunt,pointing,3497,3068,0.11915605,-0.037187785,-0.15634383
Corrida completa,plants,scolded,2573,4596,-0.027254518,-0.06690288,-0.039648365
Corrida completa,cand,wakes,2769,7516,0.09045966,0.019094141,-0.07136552
Corrida completa,drum,efforts,2756,7352,-0.04953283,0.10856387,0.1580967
Corrida completa,Suzy,earth,5581,3475,0.009623766,0.06877743,0.05915366
Corrida completa,cloth,noticed,2407,1051,-0.101664975,-0.022062967,0.07960201
Corrida completa,car,lead,569,2783,-0.036470644,-0.045192987,-0.008722343
Corrida completa,scratched,us,5467,1113,-0.11918831,-0.12597035,-0.00678204
Corrida completa,Tilly,lawy,6120,4398,0.024924845,-0.15658934,-0.18151419
Corrida completa,resist,station,3606,3696,0.11557591,0.1119556,-0.0036203116
Corrida completa,complet,neighbor,3525,2254,0.034541205,-0.10772166,-0.14226286
Corrida completa,frustr,tiptoed,2557,6796,-0.09549726,-0.006600376,0.088896886
Corrida completa,breat,figured,4072,5788,-0.15139416,-0.05579494,0.09559922
Corrida completa,beam,saving,6709,4794,0.012946043,0.058638554,0.04569251
Corrida completa,conn,glass,6522,2719,-0.034838736,-0.09725172,-0.062412985
Corrida completa,forehead,sizes,6297,4721,-0.11371411,-0.022153644,0.09156046
Corrida completa,barrel,garbage,4002,7482,0.12025241,0.13188791,0.011635505
Corrida completa,hairdress,spell,7767,3808,-0.01064464,0.013537888,0.024182528
Corrida completa,jog,owl,3253,1897,0.14413607,0.0024323352,-0.14170374
Corrida completa,forgave,toolbox,4019,7902,-0.013503013,-0.10432916,-0.09082615
Corrida completa,agreed,form,1512,8090,-0.05956225,0.01920661,0.078768864
Corrida completa,beneath,neighbors,5469,5610,0.013534114,-0.15141132,-0.16494544
Corrida completa,an,sharing,412,2538,-0.043668795,-0.15024398,-0.10657519
Corrida completa,poin,pow,1523,3477,-0.008433227,0.16620287,0.1746361
Corrida completa,nose,weighed,2021,5479,-0.021425657,-0.02219063,-0.00076497346
Corrida completa,entered,have,4620,466,-0.010852352,0.0061932784,0.01704563
Corrida completa,stumbled,toilet,3215,4463,-0.031778283,-0.0013479143,0.03043037
Corrida completa,card,explore,2322,957,-0.026243407,-0.11784442,-0.091601014
Corrida completa,g,successful,290,3280,0.03533233,0.0024917312,-0.0328406
Corrida completa,dresses,olives,4869,5483,-0.008879626,0.21320373,0.22208336
Corrida completa,snakes,sugar,6150,2920,0.054602824,0.25812462,0.20352179
Corrida completa,tractor,travell,6584,5649,0.009626744,-0.03653252,-0.046159267
Corrida completa,aut,teaches,4561,6356,-0.10810906,0.06215059,0.17025965
Corrida completa,annoyed,set,7780,1369,-0.11892226,-0.06111753,0.057804734
Corrida completa,blood,pears,5041,5756,0.0712363,0.110282615,0.039046317
Corrida completa,whatever,x,5561,5487,-0.09049509,-0.085640736,0.0048543513
Corrida completa,grandchild,ice,7038,1423,-0.0041634887,-0.036367685,-0.032204196
Corrida completa,sad,wind,571,970,-0.06367159,-0.09889468,-0.03522309
Corrida completa,powers,san,5749,7025,-0.057749737,-0.075464144,-0.017714407
Corrida completa,monsters,pu,5419,1176,0.07793666,0.047711343,-0.030225314
Corrida completa,Prin,gently,6491,2304,0.04923444,-0.16246015,-0.21169458
Corrida completa,or,streamers,745,7415,0.043859106,-0.09505264,-0.13891174
Corrida completa,parked,stupid,5680,3383,-0.17306538,-0.19286405,-0.019798666
Corrida completa,stared,tall,3893,1403,-0.08958116,0.015266508,0.10484767
Corrida completa,delight,teased,2319,6781,0.0012129992,0.071015194,0.069802195
Corrida completa,bull,flying,3299,1649,-0.030496746,-0.0691838,-0.03868705
Corrida completa,catches,likes,6193,1428,0.12085127,0.22751704,0.10666577
Corrida completa,coloured,of,6254,344,-0.0039760536,0.19647469,0.20045073
Corrida completa,je,true,1748,2720,-0.020139955,-0.07783009,-0.057690136
Corrida completa,brace,delic,3587,1301,-0.012260116,-0.054113865,-0.04185375
Corrida completa,frowning,rotten,7414,7390,-0.0062630437,0.158995,0.16525805
Corrida completa,jewel,park,3040,566,0.07488157,0.13226895,0.05738738
Corrida completa,guy,touch,5165,1331,-0.06165029,-0.10918042,-0.04753013
Corrida completa,brick,discuss,5312,5057,0.039603077,-0.017406292,-0.05700937
Corrida completa,available,mouth,3934,1760,0.11276831,0.022832733,-0.08993557
Corrida completa,crashing,meet,7193,2211,-0.08103018,-0.060376797,0.020653386
Corrida completa,pr,roof,577,3193,0.034179196,-0.12038823,-0.15456742
Corrida completa,stre,wings,1799,1854,-0.006235216,-0.013076417,-0.0068412013
Corrida completa,chewing,doing,5991,1399,0.004633177,0.12953271,0.12489954
Corrida completa,exp,voices,1929,5658,0.031966455,-0.09917107,-0.13113752
Corrida completa,grandpa,tipt,3186,6550,0.039884426,-0.087951645,-0.12783608
Corrida completa,pops,sa,7531,296,0.018967418,0.11532411,0.09635669
Corrida completa,spong,turtles,6935,8170,0.07869271,0.026644148,-0.052048564
Corrida completa,refreshing,theater,7215,4205,0.029258512,0.026377331,-0.0028811805
Corrida completa,roll,wrinkled,1569,7876,-0.042913392,0.051187973,0.09410137
Corrida completa,crackers,spaghetti,5992,3592,-0.1143426,0.27093095,0.38527355
Corrida completa,cooked,roses,3800,6666,0.05772996,0.086809464,0.029079504
Corrida completa,fin,powers,916,5749,0.0436401,0.12334292,0.07970282
Corrida completa,s,tasting,260,7991,-0.009273317,-0.09637168,-0.08709836
Corrida completa,eag,ste,2253,1294,0.105556145,0.23983127,0.13427512
Corrida completa,fascin,kick,5200,2140,-0.048897658,-0.059730098,-0.01083244
Corrida completa,unt,whose,794,7475,-0.13237879,0.10255201,0.2349308
Corrida completa,supposed,unl,5098,3140,-0.07430826,0.006643744,0.080952
Corrida completa,sings,used,5416,1286,0.101534605,0.06309317,-0.038441435
Corrida completa,ais,mitten,7124,5285,0.011262709,-0.08047524,-0.09173795
Corrida completa,mane,pumpkin,6353,3342,0.030353092,0.055428743,0.025075652
Corrida completa,sav,short,7955,4051,0.03932944,0.074191235,0.034861796
Corrida completa,mor,single,1125,6195,-0.023641473,0.03307671,0.056718186
Corrida completa,berries,cousin,3164,7144,-0.065791495,0.010737279,0.07652877
Corrida completa,Splash,libr,7715,3148,-0.06624575,0.02184462,0.08809037
Corrida completa,beautifully,char,7554,3430,0.036117144,-0.09214493,-0.12826207
Corrida completa,arri,cones,1424,5802,0.1402666,-0.045819774,-0.18608637
Corrida completa,either,thermometer,4136,4780,0.03930584,-0.025134372,-0.06444021
Corrida completa,lonely,wife,1887,4372,0.020823568,0.033059195,0.012235627
Corrida completa,fits,ret,7346,2047,0.03603382,0.11757776,0.08154394
Corrida completa,during,parties,5263,6468,0.06281822,-0.10782154,-0.17063975
Corrida completa,Tess,promise,6482,2123,0.008616317,-0.061408456,-0.07002477
Corrida completa,bang,bumps,5089,6545,0.049061216,0.24051678,0.19145557
Corrida completa,Inside,obser,2001,4058,0.042748615,-0.018202137,-0.060950752
Corrida completa,perfectly,sy,4255,7223,-0.027976986,-0.11933175,-0.09135476
Corrida completa,learnt,risk,4050,6340,0.033000212,0.054036316,0.021036103
Corrida completa,speed,watching,3640,2130,0.06552072,0.034051232,-0.031469487
Corrida completa,hor,marbles,2114,5087,-0.008061493,-0.06557793,-0.05751644
Corrida completa,chicken,whale,3029,2977,-0.012771411,0.3531872,0.3659586
Corrida completa,guess,scaring,3006,6583,0.013754653,0.01534047,0.001585817
Corrida completa,cage,red,2840,938,0.0099198595,0.067212015,0.057292156
Corrida completa,bags,blackboard,3293,4751,-0.009016905,0.25061822,0.25963512
Corrida completa,eye,loud,2853,867,0.06917259,0.030446783,-0.03872581
Corrida completa,berries,printing,3164,6756,0.023268577,0.050036125,0.026767548
Corrida completa,batter,sear,3295,1590,-0.03244704,-0.052854948,-0.020407908
Corrida completa,refused,statues,3512,8068,0.01731423,-0.028012132,-0.04532636
Corrida completa,goal,scream,3918,1777,-0.101584285,0.11672191,0.2183062
Corrida completa,fantastic,shel,7357,3438,-0.07696825,-0.115559556,-0.038591303
Corrida completa,gained,pecked,5569,7015,-0.0066467263,-0.12076228,-0.11411555
Corrida completa,steady,switch,7281,3821,0.09571105,0.10051724,0.0048061907
Corrida completa,bake,blocked,2843,7459,0.08970122,0.0088324845,-0.080868736
Corrida completa,Jay,wipes,6498,6658,0.05831309,0.039326075,-0.018987015
Corrida completa,careful,dessert,853,3943,-0.04626999,0.03211625,0.07838624
Corrida completa,Anna,playroom,792,7339,-0.044246495,0.12519293,0.16943942
Corrida completa,drifted,persistent,6477,3533,-0.051058955,-0.037641183,0.013417773
Corrida completa,coloring,lucky,6566,2120,-0.06305979,0.07588255,0.13894233
Corrida completa,This,sunlight,1568,5110,-0.04147202,-0.028089456,0.013382565
Corrida completa,As,sure,1237,1117,-0.017618569,0.08062166,0.09824023
Corrida completa,Cle,peanut,7724,3356,0.014303325,0.03710723,0.022803904
Corrida completa,tricycle,weigh,7597,4734,0.029920032,0.0854498,0.055529766
Corrida completa,How,peaches,2402,5905,-0.052805975,-0.038238842,0.014567133
Corrida completa,Tiger,jelly,7919,2728,-0.14032865,0.002153268,0.14248191
Corrida completa,elephants,gar,5178,2742,0.030068194,-0.02048729,-0.050555483
Corrida completa,mot,steel,2617,5725,-0.08172402,-0.10552308,-0.023799062
Corrida completa,pass,shield,2324,3626,0.026034698,0.083501905,0.057467207
Corrida completa,something,whisp,560,2576,0.034210544,0.0041438993,-0.030066645
Corrida completa,fara,w,6169,261,-0.062907495,-0.094243675,-0.03133618
Corrida completa,Are,Freddy,4016,5025,-0.05640842,0.03890623,0.09531465
Corrida completa,seconds,worn,6876,6996,0.053466894,-0.015019849,-0.06848674
Corrida completa,ignore,scurry,4934,7534,0.00078138895,0.010679309,0.00989792
Corrida completa,whatever,yelled,5561,2594,-0.054971218,-0.1405683,-0.08559708
Corrida completa,squee,tipt,3005,6550,0.024943125,0.2488455,0.22390237
Corrida completa,baking,think,4329,1066,0.10378138,-0.00980006,-0.11358144
Corrida completa,dr,prot,1239,2208,-0.01329518,0.13314283,0.146438
Corrida completa,chair,robots,1873,7903,-0.091941565,0.08762903,0.17957059
Corrida completa,answer,mister,2279,5428,-0.050546914,-0.04138589,0.009161025
Corrida completa,continue,fr,5361,983,0.031913094,-0.00680954,-0.038722634
Corrida completa,bandage,rock,3822,947,0.015648415,0.27079153,0.2551431
Corrida completa,original,sett,3349,3621,0.08098334,0.07330499,-0.0076783523
Corrida completa,rotting,slower,7610,6947,0.015054936,0.1229101,0.10785516
Corrida completa,coc,gate,7014,2671,0.04714622,-0.025722463,-0.07286868
Corrida completa,lid,ne,4179,401,0.02567832,-0.15661976,-0.18229808
Corrida completa,happening,health,2910,6607,0.038089003,0.05928055,0.021191545
Corrida completa,kneeled,wip,6109,2472,0.11330037,0.23288885,0.11958848
Corrida completa,cried,melt,1348,3051,0.010492945,0.062435277,0.051942334
Corrida completa,cleaning,dif,3194,1036,0.075216055,0.0203254,-0.054890655
Corrida completa,spoon,sym,2080,3880,-0.083690666,-0.10819958,-0.024508916
Corrida completa,J,eager,471,2907,-0.017035011,-0.0042118905,0.012823121
Corrida completa,mesmerized,shouldn,7306,4325,-0.0046517104,0.0027020052,0.0073537156
Corrida completa,barber,that,3556,357,0.083406344,-0.06128025,-0.1446866
Corrida completa,Red,zigzag,4091,5782,-0.1097078,-0.081582196,0.028125606
Corrida completa,igloo,seems,4654,6189,-0.07083838,-0.115270086,-0.04443171
Corrida completa,drown,rug,8023,3596,0.05024469,0.14330721,0.09306252
Corrida completa,continue,disagreed,5361,5363,0.030416764,0.050824307,0.020407543
Corrida completa,Lizzy,stranger,6263,3460,-0.03338332,0.18912658,0.2225099
Corrida completa,louder,relie,2963,1950,-0.1326288,-0.057682205,0.0749466
Corrida completa,dolls,tied,1757,3516,-0.009847276,-0.11489548,-0.1050482
Corrida completa,Pip,backwards,5708,6943,-0.041644104,-0.0033063553,0.03833775
Corrida completa,bridges,ga,5675,4955,0.018757451,0.009192206,-0.009565245
Corrida completa,battery,practicing,4789,5402,-0.05405427,0.028041579,0.08209585
Corrida completa,butter,sandwich,1189,2587,-0.04092421,0.35540104,0.39632526
Corrida completa,final,und,7230,7338,0.07049003,0.12230651,0.05181648
Corrida completa,even,norm,840,3035,0.008775342,-0.1184571,-0.12723245
Corrida completa,Snowy,wow,4879,6417,0.02233202,0.0031902548,-0.019141765
Corrida completa,money,pops,1679,7531,-0.002318602,0.0005748831,0.0028934851
Corrida completa,figure,pinch,2932,4534,0.14032881,0.1190301,-0.021298707
Corrida completa,after,planes,1054,5017,-0.12456028,-0.06977124,0.054789044
Corrida completa,dep,risks,8085,7559,0.021492183,-0.10503937,-0.12653156
Corrida completa,ahead,healed,3668,6039,-0.05083421,0.12705785,0.17789206
Corrida completa,plays,vel,5072,5253,0.0068722144,-0.021668201,-0.028540416
Corrida completa,bat,gasp,1987,7058,-0.08574678,0.098788604,0.18453538
Corrida completa,balance,kayak,3065,4278,0.014706889,0.07239662,0.057689734
Corrida completa,movements,weeke,8164,6619,0.04949903,0.03201376,-0.017485272
Corrida completa,mentioned,oatmeal,5720,7448,0.009199696,-0.062324222,-0.07152392
Corrida completa,his,waters,350,8097,0.05353627,-0.10366163,-0.1571979
Corrida completa,calendar,reapp,4941,7653,0.05014334,-0.26556307,-0.3157064
Corrida completa,Sorry,fact,6632,6726,0.060753196,0.10762969,0.04687649
Corrida completa,Sometimes,mum,2467,1250,0.037929937,-0.10034477,-0.1382747
Corrida completa,sadly,shocked,3681,3613,0.060419135,0.07200985,0.011590712
Corrida completa,knight,r,2685,329,0.030673174,-0.08439321,-0.11506639
Corrida completa,What,brightly,1602,3275,-0.042018052,-0.088822566,-0.046804514
Corrida completa,charac,novels,7128,8072,-0.026912784,-0.037707463,-0.010794679
Corrida completa,couldn,wre,736,5302,-0.0040353127,0.034079015,0.038114328
Corrida completa,Well,hurricane,7394,5349,0.07420624,0.008810051,-0.06539619
Corrida completa,cho,reco,1728,3849,0.0075671077,0.30645698,0.29888988
Corrida completa,brand,puppy,5400,1546,-0.051809255,-0.04602284,0.005786415
Corrida completa,Matt,chew,6051,2739,0.14261594,0.05914212,-0.083473824
Corrida completa,bag,strang,1363,5281,-0.020077744,-0.15235944,-0.13228169
Corrida completa,There,nearest,1500,7873,0.10071412,0.010085143,-0.090628974
Corrida completa,marked,sp,6420,448,-0.02505131,0.0023105964,0.027361907
Corrida completa,ext,suddenly,2807,1833,-0.04419697,-0.008850526,0.035346445
Corrida completa,understanding,wall,4809,1502,0.07598555,0.06272361,-0.013261944
Corrida completa,pieces,twist,1673,2944,0.011617462,0.0651805,0.05356304
Corrida completa,consequ,din,6729,1362,0.04491098,0.2326892,0.18777822
Corrida completa,chewed,correctly,5306,8182,-0.03580346,0.05812426,0.09392772
Corrida completa,babies,letting,5868,4785,0.08344693,-0.17110965,-0.25455657
Corrida completa,flea,stitches,4461,7408,-0.047979336,-0.009399518,0.038579818
Corrida completa,scarecrow,separate,7907,4507,-0.025588304,-0.030130096,-0.004541792
Corrida completa,bo,gen,435,2450,-0.03678522,0.13613674,0.17292196
Corrida completa,gu,lovely,1683,2184,0.019911222,-0.047001947,-0.06691317
Corrida completa,Jay,birdie,6498,3294,0.07074689,0.10150644,0.03075955
Corrida completa,kne,screamed,664,2293,0.075311214,-0.0036250278,-0.07893624
Corrida completa,harmless,pink,3595,1521,-0.08397194,0.3192595,0.40323144
Corrida completa,Y,barely,6415,5656,0.033459026,0.13111885,0.09765983
Corrida completa,dishwasher,pins,4539,7517,0.0034822067,0.14572865,0.14224644
Corrida completa,Tiger,about,7919,667,-0.105766416,-0.18160826,-0.075841844
Corrida completa,gathered,of,2601,344,0.02472269,0.049736287,0.025013598
Corrida completa,Maybe,pup,1606,3388,0.07885126,-0.23562592,-0.31447718
Corrida completa,Quick,bathe,7404,5085,0.007215891,-0.01597308,-0.023188971
Corrida completa,complete,tumbled,4183,7817,0.048696764,-0.025438828,-0.074135594
Corrida completa,fresh,needles,3324,6738,0.010504663,0.03204918,0.021544516
Corrida completa,could,mineral,453,5355,0.14772116,-0.066158414,-0.21387957
Corrida completa,do,oats,391,5387,0.06848942,0.010904234,-0.057585184
Corrida completa,Q,twinkle,6932,6377,0.025127389,0.009738889,-0.0153885
Corrida completa,lived,soot,903,8088,0.0645697,-0.04368445,-0.10825415
Corrida completa,months,safer,7363,6208,0.047918417,0.09569095,0.047772534
Corrida completa,Chloe,hour,5889,6818,0.07337665,0.040568516,-0.032808132
Corrida completa,event,seashells,5409,7581,-0.08639027,0.06154637,0.14793664
Corrida completa,nervously,patient,7413,2051,0.07804763,0.06390422,-0.014143415
Corrida completa,angry,remembering,949,7155,0.07169232,-0.027369242,-0.09906156
Corrida completa,beads,chefs,6316,7142,-0.11284281,0.15058495,0.26342776
Corrida completa,faced,puddle,6282,2437,0.04905279,0.00273031,-0.04632248
Corrida completa,breaking,vanish,5715,6233,-0.17435588,0.07476682,0.24912271
Corrida completa,Che,crown,6622,2818,-0.051458675,-0.058572143,-0.007113468
Corrida completa,conduct,joke,7644,2859,-0.05496095,0.032099962,0.08706091
Corrida completa,Jerry,pirate,4068,3474,-0.022630017,0.14022693,0.16285695
Corrida completa,munching,smaller,8180,3243,-0.054290246,-0.13524245,-0.0809522
Corrida completa,penny,tramp,3522,6867,-0.045137655,-0.024775084,0.02036257
Corrida completa,beep,rever,3917,4294,0.08816705,0.08830896,0.00014191121
Corrida completa,Something,digg,5771,4977,0.066294715,-0.07234729,-0.13864201
Corrida completa,argue,comput,4558,3333,0.090524025,0.10508379,0.014559768
Corrida completa,Jax,jars,7167,7957,-0.018882185,0.047852337,0.06673452
Corrida completa,Give,remember,3991,1063,-0.008402803,-0.022834485,-0.014431682
Corrida completa,creating,lungs,6038,6864,-0.020676874,0.0039062295,0.024583103
Corrida completa,band,flames,2095,6319,-0.066968165,0.20381662,0.2707848
Corrida completa,comet,slid,4098,2294,0.0596919,0.031427275,-0.028264623
Corrida completa,captain,dreams,4980,3107,-0.09727125,0.093769856,0.19104111
Corrida completa,grab,veterinarian,2118,4438,0.0053239893,-0.06565198,-0.070975974
Corrida completa,noses,poss,6751,7207,0.0641512,-0.0665946,-0.1307458
Corrida completa,Tilly,strength,6120,4494,0.06455763,0.0845872,0.020029575
Corrida completa,sat,triangles,1385,7139,0.08130392,0.08605067,0.00474675
Corrida completa,discoveries,sausage,7808,5101,-0.068745665,0.08039061,0.14913628
Corrida completa,bowed,freeze,5528,5563,0.005147334,0.053206995,0.04805966
Corrida completa,center,glad,6785,1229,0.0683436,0.07276585,0.0044222474
Corrida completa,recorded,watched,6032,1105,-0.0721344,0.23255518,0.3046896
Corrida completa,broke,cr,1767,1154,0.028863018,-0.0061946157,-0.035057634
Corrida completa,Freddie,arg,7736,3012,0.016311325,-0.04799383,-0.06430516
Corrida completa,Claire,Snowman,6257,7812,0.025550481,0.062302746,0.036752265
Corrida completa,Stop,scrambled,5943,7705,0.03487648,0.05212006,0.017243579
Corrida completa,She,cudd,313,3255,-0.02858768,-0.07267241,-0.04408473
Corrida completa,accept,cooking,3049,3569,-0.06345278,0.073570706,0.13702348
Corrida completa,beamed,scooters,4889,7862,-0.07676631,-0.05056782,0.026198491
Corrida completa,Come,laid,2188,5161,0.052589174,0.09772472,0.045135546
Corrida completa,stupid,ward,3383,4590,0.063625254,-0.05645668,-0.12008193
Corrida completa,snacks,unite,2549,5091,0.027968988,0.1661787,0.13820972
Corrida completa,attract,thre,3659,1612,-0.045661353,0.009493403,0.055154756
Corrida completa,bubbles,crazy,2930,3593,-0.021998655,0.115256876,0.13725553
Corrida completa,To,destroyed,1598,4940,0.007433988,0.043901853,0.036467865
Corrida completa,exactly,reach,5638,1712,0.09572491,0.13567878,0.039953873
Corrida completa,treasures,whose,3970,7475,-0.092911586,-0.06263332,0.030278265
Corrida completa,ponies,print,7429,3471,-0.06801766,-0.019974418,0.048043244
Corrida completa,lollipop,neighbour,3627,3976,-0.035971493,0.08808757,0.124059066
Corrida completa,thro,writing,6121,4551,0.010189546,-0.016601235,-0.026790781
Corrida completa,ant,helicopter,2400,4288,0.08077898,0.20142576,0.12064678
Corrida completa,mint,sunglasses,4788,4653,-0.058804974,0.12174666,0.18055163
Corrida completa,dentist,wealth,6022,7934,0.10198053,0.16587979,0.06389926
Corrida completa,Frosty,slimy,7911,6006,-0.014593877,0.069248304,0.08384218
Corrida completa,Elsa,prince,7535,2546,-0.06936658,0.20667353,0.2760401
Corrida completa,Tim,mo,440,727,0.012041237,-0.12976372,-0.14180496
Corrida completa,napkin,short,4297,4051,-0.043492895,0.05218073,0.09567362
Corrida completa,chocol,postman,2391,7059,-0.020164505,-0.048284493,-0.028119989
Corrida completa,flying,glitter,1649,5497,0.023121022,0.06562422,0.0425032
Corrida completa,ordinary,thu,3622,3209,-0.006990417,0.029912943,0.03690336
Corrida completa,evil,slipping,7511,7762,0.1406316,0.030630218,-0.110001385
Corrida completa,lively,occas,3903,7356,0.035388835,-0.08700421,-0.12239304
Corrida completa,hoop,toward,3414,7479,-0.029391738,-0.030064315,-0.00067257695
Corrida completa,from,modern,573,3469,-0.044134848,-0.0069330595,0.03720179
Corrida completa,cobwebs,file,7579,4676,0.06247898,0.20421332,0.14173435
Corrida completa,Abi,cushion,8124,3993,0.025025181,0.107239574,0.08221439
Corrida completa,destroy,grandchild,3750,7038,0.035061732,-0.0842766,-0.11933833
Corrida completa,cups,truck,4387,1043,0.03687107,0.12511083,0.08823977
Corrida completa,flapped,spread,4574,2383,0.018579949,0.4209662,0.40238625
Corrida completa,Mandy,noodles,3631,7218,0.0028395765,0.11839619,0.11555661
Corrida completa,candy,says,1739,578,0.022988232,-0.014010418,-0.036998652
Corrida completa,guests,powder,7022,4338,0.012546329,0.10675761,0.09421128
Corrida completa,opening,wrinkled,6305,7876,0.018270113,0.10904429,0.09077418
Corrida completa,El,make,6736,551,-0.012012449,-0.09029192,-0.078279465
Corrida completa,Or,siren,4545,6035,-0.1046502,-0.10974388,-0.005093679
Corrida completa,accomplishment,stomach,6972,5093,-0.048678726,0.09309225,0.14177097
Corrida completa,begin,need,5558,785,0.04217775,0.18483523,0.14265747
Corrida completa,glittering,popular,8175,3467,-0.034567107,0.26709086,0.30165797
Corrida completa,sneak,throwing,4296,4593,0.09050018,0.18032317,0.089822985
Corrida completa,Do,perfect,1318,1524,0.039002232,-0.08517422,-0.12417645
Corrida completa,First,marked,5538,6420,0.073107496,0.009650879,-0.06345662
Corrida completa,neighbors,rude,5610,2411,0.07930168,0.046138257,-0.03316342
Corrida completa,investig,sights,4509,5717,-0.061085913,-0.029020915,0.032064997
Corrida completa,elderly,waits,2904,5493,0.04931368,0.051372077,0.002058398
Corrida completa,lux,printer,5792,5659,-0.077331744,-0.16347691,-0.08614517
Corrida completa,hears,nearly,2545,7233,-0.11277494,-0.054528095,0.058246844
Corrida completa,explored,fam,3190,865,-0.09282708,-0.15809745,-0.065270364
Corrida completa,Christmas,deser,6278,5950,0.095302284,0.03246683,-0.062835455
Corrida completa,Sure,liquid,5968,6239,-0.10579866,-0.009988993,0.09580967
Corrida completa,mag,rhino,1145,4122,-0.065794036,-0.07890816,-0.013114125
Corrida completa,brave,everywhere,911,1729,-0.0427956,0.012451795,0.055247393
Corrida completa,queen,stool,2836,7084,0.03980027,0.12965496,0.08985469
Corrida completa,grapes,lear,4135,4040,-0.09532767,0.032893624,0.12822129
Corrida completa,Tweet,dri,2185,1382,-0.018685605,-0.13902152,-0.12033591
Corrida completa,hoping,quacked,4085,6179,-0.021300275,-0.021440918,-0.00014064275
Corrida completa,last,toe,2348,5237,-0.030209912,-0.040584244,-0.010374332
Corrida completa,comple,pear,5458,4688,0.07170746,0.029654542,-0.042052917
Corrida completa,club,favour,3876,2962,0.05418972,0.054523014,0.00033329427
Corrida completa,Doggy,do,6757,391,0.0236233,0.07954318,0.05591988
Corrida completa,copy,ponies,6761,7429,-0.14147311,-0.17043862,-0.028965503
Corrida completa,Rachel,squirrel,4651,1509,-0.079934984,0.17095345,0.25088844
Corrida completa,jack,real,3092,976,-0.018931676,0.08204776,0.10097943
Corrida completa,pap,surround,1311,4527,-0.073884785,0.10272338,0.17660818
Corrida completa,magnif,matching,8066,5912,0.06667581,0.0083552115,-0.0583206
Corrida completa,bushes,v,3199,632,0.17863297,-0.06575224,-0.24438521
Corrida completa,present,rays,2189,7848,-0.038868915,0.043954358,0.08282328
Corrida completa,birdhouse,loving,8050,5645,-0.076169625,-0.08232243,-0.0061528087
Corrida completa,Bow,faded,7684,7270,0.094083816,0.10636343,0.012279615
Corrida completa,Clara,west,4841,5816,0.025991425,-0.011869466,-0.037860893
Corrida completa,lend,mosquito,4307,4431,-0.050484855,-0.103061125,-0.05257627
Corrida completa,fold,pal,2435,4322,-0.023863543,-0.0973258,-0.07346226
Corrida completa,dark,glob,1378,8100,-0.06697798,-0.023825835,0.043152142
Corrida completa,mad,scared,2049,629,0.06684463,0.39115003,0.32430542
Corrida completa,calmed,deserve,6476,6893,-0.044056155,0.021440966,0.06549712
Corrida completa,sun,sweeties,730,6103,-0.12160075,0.07773005,0.1993308
Corrida completa,belts,cuddle,7409,5654,0.047359474,0.12113758,0.07377811
Corrida completa,beep,swaying,3917,8033,-0.06333807,-0.033903398,0.029434673
Corrida completa,firemen,master,5761,7271,0.098916754,0.051610377,-0.047306377
Corrida completa,She,shall,313,7956,-0.05763965,-0.07690698,-0.019267328
Corrida completa,belongs,forgiven,4544,6696,0.056615576,0.058046024,0.0014304481
Corrida completa,costume,stored,4044,7856,-0.045191944,-0.10443893,-0.059246987
Corrida completa,doctor,wood,1796,1376,0.11307055,-0.00082988106,-0.11390043
Corrida completa,Le,yogurt,2548,4540,-0.03487961,-0.059362013,-0.024482403
Corrida completa,goal,twin,3918,6446,0.08226461,0.06282637,-0.019438237
Corrida completa,batter,had,3295,359,0.07897148,0.015967749,-0.063003734
Corrida completa,Kim,Pinky,3649,6772,0.0066395625,0.27289113,0.26625156
Corrida completa,grateful,independ,1716,3191,0.1187128,0.11141873,-0.0072940663
Corrida completa,quit,reminds,4273,8065,0.050140053,0.07388683,0.023746774
Corrida completa,cir,neck,2042,1937,0.03767617,-0.025783945,-0.06346011
Corrida completa,ladder,lift,2347,2089,0.041233398,0.07125683,0.030023433
Corrida completa,broke,bunnies,1767,5589,0.0320786,-0.149547,-0.1816256
Corrida completa,Chirpy,wip,5508,2472,-0.031297356,0.017675634,0.04897299
Corrida completa,Satur,gate,8191,2671,0.12144525,-0.09047788,-0.21192312
Corrida completa,drove,teasing,1852,5851,-0.016105792,0.02640748,0.042513274
Corrida completa,cush,preparing,3635,7351,-0.10908805,-0.061101943,0.047986105
Corrida completa,dir,picking,1456,3311,0.016680382,0.08016734,0.063486956
Corrida completa,soldiers,willing,5171,6753,0.12097842,0.053393736,-0.067584686
Corrida completa,grace,pennies,3028,7442,0.078340024,0.2428049,0.16446488
Corrida completa,dam,sighed,5818,2700,0.0027310308,-0.052307926,-0.05503896
Corrida completa,birds,marching,1204,5300,-0.012162764,0.05424189,0.066404656
Corrida completa,looks,splashes,1344,6459,-0.12935114,0.07117419,0.20052533
Corrida completa,Ro,supply,4287,4737,0.015014771,0.026659187,0.011644416
Corrida completa,firefighter,vac,6928,4724,-0.016209695,-0.09241333,-0.07620363
Corrida completa,cla,through,1394,1241,0.0622529,-0.031076804,-0.093329705
Corrida completa,met,sadder,1564,8181,-0.04161012,-0.065245956,-0.023635834
Corrida completa,spoonful,these,6829,2656,0.097163156,0.038676344,-0.05848681
Corrida completa,business,rope,7633,2180,0.100273475,0.16875932,0.06848584
Corrida completa,langu,trust,4209,2471,0.0201001,0.11904874,0.098948635
Corrida completa,cats,enth,3825,3672,-0.05821915,-0.089133345,-0.030914195
Corrida completa,alive,coo,4200,2389,-0.0044583827,0.05914315,0.06360153
Corrida completa,Sw,bell,7430,2338,0.06526669,-0.010423485,-0.07569018
Corrida completa,elephant,welc,1934,1744,0.027152997,-0.07448944,-0.10164243
Corrida completa,kitten,neigh,2412,1823,-0.05270034,0.06321869,0.11591903
Corrida completa,Millie,excitedly,4182,3264,-0.038493477,0.19847381,0.2369673
Corrida completa,bothering,super,8073,3835,0.01611476,-0.14043465,-0.15654941
Corrida completa,bookcase,radish,4703,4366,-0.018205434,0.21243416,0.23063959
Corrida completa,bare,dizzy,5461,2995,0.016813587,0.1303625,0.113548905
Corrida completa,bows,thing,6850,1278,-0.02273551,0.11802326,0.14075877
Corrida completa,duckling,house,7397,721,0.00876913,0.07948585,0.07071672
Corrida completa,Sc,pale,7296,3625,0.10284822,-0.039533846,-0.14238206
Corrida completa,fears,joy,6884,1562,-0.108662434,0.24949223,0.35815465
Corrida completa,chips,microscope,6074,4381,0.030414147,0.16927646,0.13886231
Corrida completa,fence,mach,1871,2245,-0.012210155,-0.1262689,-0.11405874
Corrida completa,El,enough,6736,1505,0.051965244,-0.046676792,-0.09864204
Corrida completa,hesit,trump,5139,3534,0.003315703,0.15309046,0.14977476
Corrida completa,Until,candles,7037,4959,0.06453423,-0.09399712,-0.15853135
Corrida completa,hi,penguins,6380,6108,0.01407215,0.06948993,0.055417784
Corrida completa,grandpare,sit,6787,1622,-0.051050276,-0.05235836,-0.0013080835
Corrida completa,forward,miles,2419,6370,-0.08840394,0.01464406,0.103048
Corrida completa,hair,pants,1351,3651,-0.006116407,0.33588293,0.34199935
Corrida completa,ants,slowed,4139,8058,0.00080055185,-0.04318366,-0.043984212
Corrida completa,rope,spray,2180,2384,-0.00048656948,0.08643961,0.08692618
Corrida completa,Fox,welcome,6888,1895,0.049770676,0.023125783,-0.026644893
Corrida completa,bl,dog,624,643,-0.01608194,0.042011857,0.058093797
Corrida completa,dictionary,unpacked,4946,6388,-0.08170834,-0.030186214,0.05152213
Corrida completa,Daisy,won,1488,1632,0.018831905,-0.10081377,-0.11964567
Corrida completa,Buzz,got,5125,613,0.016705623,-0.13245253,-0.14915815
Corrida completa,mole,wiggle,3304,7004,0.011806565,0.039808694,0.028002128
Corrida completa,Uncle,remained,5683,5182,0.006997809,0.05286051,0.0458627
Corrida completa,exact,shirts,5543,6702,0.019968944,-0.0050382167,-0.02500716
Corrida completa,appear,wobble,5299,7438,-0.09505369,0.06809433,0.16314802
Corrida completa,bee,blocking,1790,6755,0.04156443,-0.064415425,-0.10597986
Corrida completa,Kim,Z,3649,2650,-0.09468918,-0.06246441,0.032224774
Corrida completa,invit,journ,5067,4419,-0.026866078,0.13797607,0.16484214
Corrida completa,D,respond,639,7117,0.0423773,-0.018142194,-0.060519494
Corrida completa,allowed,bread,3423,2163,-0.081537664,-0.09262475,-0.01108709
Corrida completa,delic,spread,1301,2383,0.032980002,-0.01912666,-0.052106664
Corrida completa,itch,pare,4496,1258,-0.027024083,-0.00062344037,0.026400642
Corrida completa,Mr,chasing,1815,3567,-0.005717486,0.0002509877,0.005968474
Corrida completa,respect,scraped,2299,7103,-0.045401253,0.11152187,0.15692312
Corrida completa,Buzzy,strugg,6016,4113,0.072777614,0.0053541334,-0.06742348
Corrida completa,belongings,glove,7662,4243,0.0562546,0.28704876,0.23079416
Corrida completa,fa,hides,537,7156,-0.028079506,-0.035601187,-0.0075216815
Corrida completa,garden,plastic,846,4457,-0.07337405,0.09849201,0.17186606
Corrida completa,def,permission,6397,4989,0.06462419,0.0398537,-0.02477049
Corrida completa,determination,terrible,6422,3441,0.07351188,0.075050786,0.0015389025
Corrida completa,coach,excited,7591,609,-0.002346781,0.045057923,0.047404703
Corrida completa,Will,moved,4371,1902,0.08474427,-0.07172671,-0.15647098
Corrida completa,listened,taste,1579,2448,0.020121599,0.13391432,0.113792725
Corrida completa,Maybe,crown,1606,2818,0.102329664,-0.12976256,-0.23209223
Corrida completa,chocolates,game,7664,1256,0.052981436,0.15102008,0.09803864
Corrida completa,attack,clum,6470,3355,0.052252453,0.11557001,0.06331755
Corrida completa,felt,speaking,508,6449,0.05691036,-0.04005673,-0.096967086
Corrida completa,ba,fruits,1202,2821,0.11240913,-0.10349055,-0.21589968
Corrida completa,demand,shouted,4704,1267,0.016101383,-0.052311085,-0.06841247
Corrida completa,fauc,who,4409,588,0.022710413,-0.0071520526,-0.029862465
Corrida completa,barks,resisted,4430,6941,-0.007338604,0.10734518,0.114683785
Corrida completa,plane,stands,2179,7367,-0.05042731,0.01219183,0.06261914
Corrida completa,dive,mice,4127,5521,0.11493539,0.1155766,0.00064121187
Corrida completa,pres,yes,2136,1486,0.037568904,0.106322765,0.06875386
Corrida completa,needed,scattered,1383,4853,0.04494715,0.006210031,-0.03873712
Corrida completa,float,sights,4695,5717,-0.0068904515,0.06688409,0.07377455
Corrida completa,directions,jew,6462,2592,0.031109393,-0.15402359,-0.18513298
Corrida completa,Grace,pause,4014,6348,0.034487918,0.037347883,0.002859965
Corrida completa,giggle,gratitude,3888,8126,0.071045846,0.21409553,0.14304969
Corrida completa,back,dest,486,2779,-0.092314675,-0.08392714,0.008387536
Corrida completa,wandered,wished,4764,1400,-0.00090771075,0.07701295,0.07792066
Corrida completa,hops,self,7070,8131,-0.10375771,-0.046315365,0.057442345
Corrida completa,Soon,remembered,2073,1359,-0.12348836,-0.029685413,0.093802944
Corrida completa,ache,swirl,7092,6427,-0.034080204,-0.036698967,-0.0026187636
Corrida completa,model,try,5049,808,0.0020193886,-0.06916733,-0.07118672
Corrida completa,Jamie,ears,6027,3089,-0.045790948,0.07494516,0.12073611
Corrida completa,Mag,sneak,7756,4296,-0.032735646,0.17951791,0.21225356
Corrida completa,clumsy,its,3408,914,0.017551593,0.07141143,0.053859837
Corrida completa,frown,sleeping,3032,3564,0.008180565,0.1664055,0.15822494
Corrida completa,jar,sounded,1943,3143,-0.09718036,-0.011894092,0.08528627
Corrida completa,surround,worse,4527,5244,-0.10940716,-0.05116361,0.058243547
Corrida completa,candles,soaking,4959,7589,0.037268765,0.017393408,-0.019875357
Corrida completa,always,ex,650,463,-0.021295704,0.074494906,0.09579061
Corrida completa,Ru,begged,8102,5013,-0.07118331,-0.032785725,0.038397584
Corrida completa,rout,ru,7050,1238,0.11622274,0.15936397,0.04314123
Corrida completa,Dad,yielded,1042,7061,-0.027900819,-0.028358925,-0.0004581064
Corrida completa,Honey,behavi,7884,6585,0.020113088,-0.053994592,-0.07410768
Corrida completa,express,outside,7002,674,0.07747467,0.032243807,-0.04523086
Corrida completa,musician,relax,4775,2714,0.0130911805,0.038678065,0.025586884
Corrida completa,dolphin,roses,3660,6666,0.059921533,0.23902424,0.1791027
Corrida completa,buildings,playing,5231,607,0.05174317,0.075394295,0.023651127
Corrida completa,burned,fresh,4548,3324,0.074518606,0.106492884,0.03197428
Corrida completa,free,sneaked,1849,5881,-0.13594067,-0.05684997,0.0790907
Corrida completa,copy,simply,6761,7966,-0.16544588,-0.12132626,0.04411962
Corrida completa,petted,spicy,5425,2486,-0.020988591,0.059212584,0.08020118
Corrida completa,coats,writing,5062,4551,0.08450777,0.046706766,-0.037801005
Corrida completa,guit,planning,3160,6873,-0.005220033,-0.13344644,-0.1282264
Corrida completa,chamber,horns,4847,5916,-0.029734164,0.11498913,0.1447233
Corrida completa,Pam,V,6740,5068,0.08205615,0.046347618,-0.03570853
Corrida completa,Car,mitten,5831,5285,0.07084953,-0.06900408,-0.13985361
Corrida completa,Frog,felt,6986,508,0.011242593,-0.0024642702,-0.013706863
Corrida completa,collect,recorded,2090,6032,0.018639592,0.16906507,0.15042548
Corrida completa,curtains,screwdriver,6008,7219,-0.009168725,0.26316807,0.27233678
Corrida completa,clothes,reg,1592,2673,-0.11336163,-0.1861812,-0.072819576
Corrida completa,load,poems,3541,6834,0.12829238,0.0069165365,-0.121375844
Corrida completa,scoot,sticking,3597,6160,-0.049638934,0.012215719,0.061854653
Corrida completa,bananas,blank,4412,1682,0.0032262714,0.0075965337,0.0043702624
Corrida completa,increase,leads,5719,7483,0.014627542,-0.015917113,-0.030544655
Corrida completa,jogging,kinds,5135,3103,0.04093132,-0.02624618,-0.067177504
Corrida completa,argum,strong,7861,1089,-0.111052215,-0.11012892,0.0009232983
Corrida completa,Green,bracelets,6967,7832,-0.015919764,0.054149136,0.070068896
Corrida completa,caulif,giraff,3989,6473,0.038371205,0.0068799034,-0.031491302
Corrida completa,basket,mother,1843,1542,-0.06443328,0.07547298,0.13990626
Corrida completa,Tr,neatly,4175,6952,0.008513436,-0.051535517,-0.060048953
Corrida completa,ladyb,realized,5690,1231,0.08137686,0.025458455,-0.055918403
Corrida completa,rice,tricycle,3854,7597,-0.073026955,0.031975493,0.10500245
Corrida completa,nicer,woman,5686,2154,0.10792302,-0.015292257,-0.12321528
Corrida completa,runs,tummy,1738,3197,0.047725245,-0.0065563135,-0.05428156
Corrida completa,Whenever,throw,3173,1923,-0.0025971513,0.06722818,0.06982534
Corrida completa,Ke,rail,5803,4714,0.00011333078,-0.05022834,-0.05034167
Corrida completa,gra,sport,652,5040,0.050928727,-0.05417008,-0.10509881
Corrida completa,dump,zoom,7818,2171,0.058080576,0.22767696,0.16959637
Corrida completa,da,teddy,5985,1658,-0.055715606,0.0162258,0.071941406
Corrida completa,pic,sque,948,4532,0.025227139,0.08952431,0.06429717
Corrida completa,Wh,when,3784,583,0.015965732,0.034864385,0.018898653
Corrida completa,snack,wore,1731,2449,-0.05247383,-0.072226636,-0.019752808
Corrida completa,crow,sweep,4440,8030,-0.033784766,0.07199284,0.10577761
Corrida completa,mineral,pens,5355,7272,-0.0387773,0.19881006,0.23758736
Corrida completa,panda,towers,4347,3647,-0.038696203,0.045392703,0.08408891
Corrida completa,kid,ple,1209,2401,0.044736728,-0.09727551,-0.14201224
Corrida completa,Joan,squeak,7209,7289,0.04596634,0.0022763014,-0.043690037
Corrida completa,polite,support,2693,3788,-0.015307136,0.1278187,0.14312583
Corrida completa,balloons,wedding,3030,5829,0.07008247,0.26242587,0.1923434
Corrida completa,items,organize,5485,3977,0.025787685,-0.011767501,-0.037555188
Corrida completa,quickly,stall,1101,8048,0.117873274,0.027987108,-0.089886166
Corrida completa,tonight,wasting,5817,8151,-0.14034252,-0.10561166,0.03473086
Corrida completa,magnif,medic,8066,2761,-0.07161879,0.10665643,0.17827523
Corrida completa,Zip,upset,6938,1896,-0.023904081,-0.008343573,0.015560509
Corrida completa,end,gain,814,5190,-0.0013950262,0.03462559,0.036020614
Corrida completa,driver,pretended,2075,2367,0.100191265,-0.07332897,-0.17352024
Corrida completa,accept,superheroes,3049,7243,-0.052550588,0.0067569725,0.05930756
Corrida completa,hurts,nobody,3073,3824,-0.110392004,-0.1130202,-0.0026281923
Corrida completa,mir,object,2787,3666,0.020115888,-0.070588894,-0.090704784
Corrida completa,mummy,sorting,2630,5873,-0.0048737936,-0.09411369,-0.089239895
Corrida completa,bottle,mixing,2176,5929,0.12410375,0.065844566,-0.05825918
Corrida completa,fins,puppy,7725,1546,0.12285873,0.14939554,0.026536807
Corrida completa,medicine,target,2782,7784,0.037529185,0.087223485,0.0496943
Corrida completa,pulled,the,1641,263,-0.041762665,-0.0792373,-0.037474632
Corrida completa,ruin,sniffs,5783,7636,-0.0024055708,0.22910516,0.23151073
Corrida completa,cour,fields,1861,4229,-0.04882754,-0.1481769,-0.09934935
Corrida completa,Timmy,though,514,1958,0.07068257,0.019738205,-0.050944366
Corrida completa,happens,were,4542,429,0.030316614,0.03815768,0.0078410655
Corrida completa,enjoying,towards,2972,1653,0.04374816,0.27572244,0.23197429
Corrida completa,frowning,nature,7414,3586,0.026179746,0.07427132,0.048091576
Corrida completa,Ma,actions,6866,6421,0.0027236193,-0.001963677,-0.004687296
Corrida completa,Tommy,eager,1589,2907,0.03733571,-0.062476095,-0.09981181
Corrida completa,behavior,experien,7467,6704,-0.032855086,-0.021781016,0.01107407
Corrida completa,soldiers,wag,5171,7294,0.07899369,0.05552561,-0.023468085
Corrida completa,flashing,wrote,8112,2842,0.022350334,-0.015501216,-0.03785155
Corrida completa,bedroom,flowers,2593,1084,0.027555125,0.09217484,0.06461972
Corrida completa,pulls,z,4052,1192,0.063442305,-0.055946596,-0.1193889
Corrida completa,packed,poss,2688,7207,0.047325026,-0.08572458,-0.1330496
Corrida completa,Gigi,laundry,6492,4251,0.052588135,0.011895917,-0.040692218
Corrida completa,avocado,brain,4453,4910,-0.019691072,0.22909765,0.24878871
Corrida completa,edges,playtime,7194,7300,-0.078241855,-0.02592555,0.052316304
Corrida completa,bun,cloudy,5536,7571,0.10255151,0.11720128,0.014649771
Corrida completa,solut,travelled,5681,6646,-0.087382734,0.03178683,0.11916956
Corrida completa,gently,school,2304,1824,-0.11355715,-0.07363503,0.039922126
Corrida completa,activity,bubbles,7941,2930,0.0045147464,0.08771061,0.083195865
Corrida completa,Watch,safe,6770,895,-0.0020793993,-0.10503948,-0.10296008
Corrida completa,mach,night,2245,1156,0.0030620843,-0.038983792,-0.042045876
Corrida completa,bitter,is,3141,415,0.018671293,-0.0073730857,-0.026044378
Corrida completa,dictionary,fr,4946,983,0.009179432,-0.0023471098,-0.011526542
Corrida completa,family,ro,910,522,0.02968308,-0.024516419,-0.0541995
Corrida completa,above,banana,3153,2924,-0.062925875,-0.04948115,0.013444725
Corrida completa,machine,pouring,2377,5787,0.015975267,0.001468543,-0.014506724
Corrida completa,Tuesday,knees,5808,6555,-0.063079834,-0.017028885,0.04605095
Corrida completa,leop,themselves,3707,3315,0.0060006827,-0.1391818,-0.14518248
Corrida completa,beach,support,1553,3788,0.0076971925,-0.008661735,-0.016358927
Corrida completa,joins,sell,7988,2865,-0.10726437,0.13401176,0.24127613
Corrida completa,fighting,imp,2404,912,-0.04959695,-0.04521985,0.0043771006
Corrida completa,inse,rushing,4352,7164,-0.12908065,0.030840587,0.15992124
Corrida completa,jew,so,2592,347,0.009782305,0.024926947,0.015144642
Corrida completa,fireplace,leopard,4536,3838,0.0565665,0.32084656,0.26428005
Corrida completa,bounced,strength,3947,4494,0.06122022,0.13943613,0.078215905
Corrida completa,comforted,eld,5555,2810,0.03705523,0.07387463,0.0368194
Corrida completa,dishwasher,sna,4539,2619,0.09776029,-0.057027284,-0.15478757
Corrida completa,cutting,than,5464,634,0.015068817,-0.035360556,-0.050429374
Corrida completa,normal,woods,3081,1605,-0.033817332,0.031640757,0.06545809
Corrida completa,det,padd,6767,5517,-0.030086473,0.25873286,0.2888193
Corrida completa,restless,shampoo,3760,4938,0.007233668,0.07010071,0.062867045
Corrida completa,nut,scr,2532,2699,-0.026298704,-0.0017228695,0.024575833
Corrida completa,Owl,off,6853,781,0.08157468,-0.013120975,-0.09469566
Corrida completa,broke,burst,1767,6705,0.103506826,0.34080672,0.23729989
Corrida completa,ever,museum,1049,4324,0.0050623696,-0.051456377,-0.05651875
Corrida completa,fan,tape,2082,2921,-0.113117315,0.22813421,0.34125152
Corrida completa,earlier,paintbrush,4779,7804,-0.105602615,-0.019381205,0.08622141
Corrida completa,berry,birdc,4820,5145,0.08376716,0.017993078,-0.06577408
Corrida completa,angry,nam,949,476,0.0642123,-0.004124742,-0.06833704
Corrida completa,newfound,pear,7474,4688,-0.06979953,-0.115281954,-0.045482427
Corrida completa,hated,statues,5326,8068,0.03907044,0.03366735,-0.0054030903
Corrida completa,Kayla,continued,6731,1485,0.09008446,-0.0063721985,-0.09645666
Corrida completa,logs,trade,6504,4884,0.07512621,-0.032018952,-0.10714516
Corrida completa,anticipation,cont,7647,1190,0.09012428,-0.019572563,-0.10969684
Corrida completa,aimed,navy,7269,5370,0.016106388,-0.11920452,-0.1353109
Corrida completa,elevator,witch,3925,3537,-0.11918902,0.13587084,0.25505987
Corrida completa,globe,place,8115,1121,-0.023743726,0.0559885,0.079732224
Corrida completa,cobweb,path,4637,2220,0.00410787,0.2727186,0.26861075
Corrida completa,above,price,3153,5235,-0.07398056,-0.022747774,0.05123279
Corrida completa,Jill,touc,1768,6991,-0.0028181411,-0.14490834,-0.1420902
Corrida completa,fought,nests,4684,8063,0.06883464,0.04013449,-0.02870015
Corrida completa,led,scientist,3710,7184,-0.16923964,-0.17917033,-0.009930685
Corrida completa,ring,sill,2357,7621,0.05771682,0.07651088,0.018794056
Corrida completa,chance,ripped,3658,5614,-0.0054885913,-0.071270525,-0.065781936
Corrida completa,j,sit,444,1622,0.051630065,0.043272153,-0.008357912
Corrida completa,shaped,warn,7133,5311,-0.012461737,-0.09395029,-0.08148855
Corrida completa,accidentally,necklaces,2076,7349,0.021369528,-0.13798597,-0.1593555
Corrida completa,cabin,ke,3219,647,0.08922626,0.053634543,-0.035591718
Corrida completa,corners,rest,7211,1242,-0.06756279,0.14743172,0.2149945
Corrida completa,attach,purple,4505,2020,0.025841162,-0.043560244,-0.069401406
Corrida completa,fl,spe,599,2434,0.0040233545,0.21980008,0.21577673
Corrida completa,She,X,313,7427,0.061067116,-0.11962901,-0.18069613
Corrida completa,bu,rubb,791,3505,-0.068767786,0.15749042,0.2262582
Corrida completa,kn,troubled,479,4073,-0.03861025,-0.012969248,0.025641002
Corrida completa,Frog,nut,6986,2532,0.028957743,0.15834698,0.12938924
Corrida completa,Whenever,faucet,3173,4447,-0.09756531,-0.20884863,-0.11128332
Corrida completa,Well,coffee,7394,3958,0.015589206,-0.04135059,-0.056939796
Corrida completa,Jenny,burn,2405,2613,-0.018072665,0.025522344,0.04359501
Corrida completa,Spring,paid,8163,4036,0.21646592,-0.014105141,-0.23057106
Corrida completa,rocking,struggle,5875,6034,0.060506515,0.00753814,-0.052968375
Corrida completa,burrow,loops,5796,7608,0.12297079,0.15590231,0.03293152
Corrida completa,bully,to,6846,266,0.07362094,-0.04051132,-0.114132255
Corrida completa,fear,punishment,2533,7378,-0.0865108,0.13023894,0.21674973
Corrida completa,bouncing,middle,4525,2745,-0.046633586,-0.005090884,0.0415427
Corrida completa,easily,leg,4732,2716,0.18262996,0.18562233,0.0029923767
Corrida completa,av,moments,2524,4892,0.019505445,0.06765311,0.048147667
Corrida completa,cherry,job,4777,1726,-0.006569216,0.02487206,0.03144128
Corrida completa,picked,worries,998,6099,0.05654523,-0.105176255,-0.16172148
Corrida completa,flown,hugging,7191,6005,-0.06962724,0.025986277,0.09561352
Corrida completa,ants,taught,4139,2600,-0.013973743,-0.1271912,-0.11321746
Corrida completa,cust,watching,6734,2130,0.020925725,-0.022161983,-0.043087706
Corrida completa,broken,buzzing,1497,5074,0.016319599,0.029638097,0.013318498
Corrida completa,bee,wolf,1790,2609,-0.042442188,0.2815959,0.3240381
Corrida completa,bear,useful,801,3149,0.011080034,0.028461095,0.01738106
Corrida completa,Rob,searching,6095,3337,-0.018756852,-0.15027198,-0.13151513
Corrida completa,Le,Spark,2548,5641,-0.07291806,0.11914304,0.1920611
Corrida completa,OK,today,2796,1851,0.012063842,0.15870145,0.1466376
Corrida completa,awo,diving,7373,6500,0.1342349,0.05659237,-0.07764253
Corrida completa,fara,nothing,6169,2038,-0.048612654,-0.04962351,-0.0010108575
Corrida completa,meet,sight,2211,2762,-0.00058231317,0.040537897,0.04112021
Corrida completa,Zoe,stronger,5481,3154,-0.015924139,-0.12994161,-0.11401747
Corrida completa,pressed,took,3895,659,-0.0026753582,0.18303257,0.18570793
Corrida completa,wires,wound,6325,6093,0.09398615,0.13537447,0.041388318
Corrida completa,golden,perfume,4355,4822,-0.04414007,0.05897735,0.10311742
Corrida completa,operation,picking,5348,3311,0.081184864,-0.045827143,-0.12701201
Corrida completa,present,raincoat,2189,6333,-0.08303624,-0.039914794,0.043121442
Corrida completa,fit,twinkle,2029,6377,0.012766429,0.10336788,0.09060145
Corrida completa,Ava,worrying,8012,7598,-0.02339793,0.028890885,0.052288815
Corrida completa,bye,race,5678,1694,0.030681405,-0.020361137,-0.05104254
Corrida completa,accidents,colder,5603,7322,0.0053705582,0.09552029,0.09014973
Corrida completa,From,scrat,884,3360,0.019289095,-0.09314034,-0.11242944
Corrida completa,flying,tremble,1649,5462,0.079109564,0.12094496,0.041835397
Corrida completa,bru,saying,7500,3127,0.0074260496,-0.0458475,-0.05327355
Corrida completa,de,higher,1092,1816,0.030481964,-0.072709695,-0.10319166
Corrida completa,stomach,threw,5093,1805,0.07975089,0.02818328,-0.051567607
Corrida completa,Lou,flex,6173,3517,0.06363792,0.09100485,0.027366929
Corrida completa,cartoon,sug,3714,2900,-0.028048964,-0.07111925,-0.043070287
Corrida completa,Cra,People,7254,5126,-0.055846848,0.04623478,0.10208163
Corrida completa,encount,refrigerator,8067,5008,0.037670895,-0.08489142,-0.12256232
Corrida completa,Or,plane,4545,2179,0.02944212,-0.099487305,-0.12892942
Corrida completa,balloons,inspired,3030,7870,-0.004408721,0.009664873,0.014073594
Corrida completa,loving,screen,5645,3453,-0.02627536,-0.01497113,0.0113042295
Corrida completa,bikes,nation,4178,5094,-0.063637674,0.23093541,0.29457307
Corrida completa,cries,island,2675,3085,0.06132262,-0.06423811,-0.12556073
Corrida completa,fig,kind,2615,820,-0.03185506,-0.13008825,-0.09823319
Corrida completa,glass,jumps,2719,3789,-0.062316686,0.053739432,0.116056114
Corrida completa,journ,winding,4419,7989,-0.070456095,0.08998467,0.16044077
Corrida completa,grinned,whistling,5273,5128,-0.0014645141,0.16710572,0.16857024
Corrida completa,Beth,Sm,5632,3779,-0.03119504,-0.053902127,-0.022707086
Corrida completa,Bun,achieved,4583,6573,0.010472061,0.0056141475,-0.0048579136
Corrida completa,beard,shake,5837,3009,-0.064445674,0.017526334,0.08197201
Corrida completa,couch,lie,2339,4317,-0.036193248,0.042420723,0.07861397
Corrida completa,fur,horns,1576,5916,0.072928295,0.37995103,0.30702275
Corrida completa,begged,rule,5013,6827,-0.06884887,0.10843462,0.1772835
Corrida completa,shadow,strawber,3359,3080,-0.041077748,-0.15385625,-0.1127785
Corrida completa,no,sailor,493,4118,0.11124795,0.024004254,-0.08724369
Corrida completa,in,weep,317,4547,0.0888763,-0.08073022,-0.16960652
Corrida completa,tempt,weeping,6859,6315,-0.09314157,-0.06362188,0.029519692
Corrida completa,Fire,together,7551,563,-0.15367582,-0.091874205,0.06180162
Corrida completa,separate,through,4507,1241,0.016216699,0.09510757,0.078890875
Corrida completa,castle,playroom,1530,7339,-0.016869694,0.2758317,0.2927014
Corrida completa,incl,st,4169,333,-0.13848568,0.14499529,0.28348097
Corrida completa,Frosty,encou,7911,3611,-0.002949275,-0.0023200624,0.0006292127
Corrida completa,bouncing,urged,4525,5827,-0.033437088,0.0073555904,0.040792678
Corrida completa,lemon,squ,2767,1116,-0.05603648,-0.053472497,0.0025639832
Corrida completa,Nick,vehicle,6669,5021,-0.0220344,0.10678889,0.12882328
Corrida completa,Momo,exploring,6228,1915,-0.101866744,-0.028188951,0.07367779
Corrida completa,While,ate,3479,1245,-0.033983696,-0.0030299164,0.03095378
Corrida completa,chat,pancakes,5969,5598,-0.008542355,0.043482248,0.052024603
Corrida completa,factory,scrat,4667,3360,-0.0306411,-0.10487859,-0.07423749
Corrida completa,Farmer,ter,6667,3109,-0.015880646,0.021673858,0.037554502
Corrida completa,beauti,branch,868,2003,-0.090530306,-0.20778534,-0.11725503
Corrida completa,Friends,Nan,7143,7894,-0.040664762,-0.06836102,-0.02769626
Corrida completa,respected,worm,7135,2323,0.10724279,-0.034155972,-0.14139876
Corrida completa,Jess,tied,4716,3516,0.016894046,-0.06713656,-0.08403061
Corrida completa,applauded,bumped,5805,5045,-0.086736694,-0.0019126013,0.08482409
Corrida completa,marriage,yard,5853,1858,0.03849311,0.1868076,0.14831449
Corrida completa,drink,jacket,1965,3468,-0.0061664134,0.107897356,0.11406377
Corrida completa,call,flip,818,7795,0.044634447,0.050762422,0.006127976
Corrida completa,adding,mentioned,6273,5720,-0.011042036,0.25309703,0.26413906
Corrida completa,single,situ,6195,5566,-0.040710874,0.043577544,0.08428842
Corrida completa,accidents,floor,5603,1389,0.03742505,-0.015424954,-0.05285
Corrida completa,least,tele,7086,3312,0.0006691888,0.017172888,0.0165037
Corrida completa,other,teacher,572,1838,0.043528836,0.10086247,0.057333637
Corrida completa,bed,neighbours,1015,6671,0.12193337,0.089464486,-0.032468885
Corrida completa,dangerous,razor,1776,4812,0.019025177,0.1030125,0.083987325
Corrida completa,Splash,walked,7715,927,0.05285916,-0.032201447,-0.08506061
Corrida completa,next,respons,997,5317,-0.083405256,0.026586916,0.10999218
Corrida completa,mu,restored,582,6230,-0.076684564,-0.04452595,0.032158613
Corrida completa,different,steps,1147,3984,-0.11667031,-0.06134451,0.0553258
Corrida completa,balancing,whistling,5994,5128,-0.0486094,0.07363134,0.12224074
Corrida completa,hall,track,3990,3163,0.031957284,0.33712345,0.30516618
Corrida completa,Julie,scientist,5694,7184,0.010362312,0.13124424,0.12088193
Corrida completa,belongings,soaking,7662,7589,-0.021879103,-0.06579791,-0.043918807
Corrida completa,Green,lending,6967,7402,-0.023908371,-0.101511426,-0.07760306
Corrida completa,Flo,hear,7927,1453,0.036598258,-0.065289,-0.101887256
Corrida completa,Hoot,hungry,6681,1550,0.069351636,0.048583932,-0.020767704
Corrida completa,Dan,Sque,5015,7126,-0.10261316,-0.11677878,-0.014165625
Corrida completa,Sl,hopeful,7820,7096,0.026061095,-0.1539763,-0.18003741
Corrida completa,puppies,vict,6954,5687,0.016204696,-0.07003334,-0.08623804
Corrida completa,ble,stung,4517,7067,-0.1154787,-0.12384922,-0.008370519
Corrida completa,Chirpy,aside,5508,7393,-0.01358493,0.07898695,0.092571884
Corrida completa,grandpare,sadder,6787,8181,0.011307726,-0.025953444,-0.03726117
Corrida completa,aren,bounce,6620,3282,-0.021011526,-0.05014392,-0.029132394
Corrida completa,rele,whoever,5651,7959,-0.0057348823,0.050105922,0.055840805
Corrida completa,right,scared,1106,629,6.039068e-05,0.062307827,0.062247436
Corrida completa,bookshelf,spoke,5152,3674,-0.028256487,-0.019699346,0.008557141
Corrida completa,green,struggle,1356,6034,-0.05921209,-0.055826996,0.003385093
Corrida completa,rug,underst,3596,1271,0.009656794,-0.029471958,-0.03912875
Corrida completa,items,pitch,5485,5356,-0.0001485832,0.013284499,0.013433082
Corrida completa,stone,wor,2465,538,0.06381973,-0.056884587,-0.120704316
Corrida completa,needed,responded,1383,7969,-0.030063676,-0.066947095,-0.03688342
Corrida completa,Annie,white,4555,1577,0.11652057,0.031626604,-0.084893964
Corrida completa,Or,nosy,4545,3113,-0.10688644,-0.20883271,-0.10194627
Corrida completa,Meg,mach,7580,2245,-0.08752126,-0.10435173,-0.016830467
Corrida completa,leop,prettier,3707,6980,0.0092812255,0.13361965,0.124338426
Corrida completa,imagination,jelly,4420,2728,-0.017783463,0.01859475,0.036378212
Corrida completa,repe,works,4003,5350,0.06251764,-0.059904646,-0.12242229
Corrida completa,heel,sweeties,6142,6103,-0.03816703,0.0216793,0.05984633
Corrida completa,dancing,shoo,2661,7652,-0.059392866,-0.04641093,0.012981936
Corrida completa,avoid,white,6856,1577,0.120473675,0.062004842,-0.058468834
Corrida completa,change,furniture,2831,4414,-0.08503954,-0.022184763,0.06285478
Corrida completa,fuzzy,laug,6309,700,-0.020277705,-0.0012738183,0.019003887
Corrida completa,bravest,showed,7320,1085,0.071082376,0.034432486,-0.03664989
Corrida completa,Get,oil,6656,4369,-0.0037568547,0.0707122,0.07446906
Corrida completa,badge,cuddly,6728,6926,-0.120406926,0.058642745,0.17904967
Corrida completa,tray,unusual,3899,2868,0.027008869,-0.0045231665,-0.031532034
Corrida completa,forks,stomped,6855,6775,0.0080756545,0.09484067,0.08676501
Corrida completa,side,staff,1642,4454,-0.124416396,0.04396486,0.16838126
Corrida completa,naps,police,6400,2622,-0.07355112,0.04638872,0.119939834
Corrida completa,rail,thief,4714,4034,-0.03861223,0.13672218,0.17533441
Corrida completa,drove,slices,1852,6539,-0.027616732,-0.0337062,-0.0060894676
Corrida completa,roaring,sailboat,5847,6493,0.044800974,0.10361351,0.058812536
Corrida completa,poking,vol,5963,3629,0.05321651,0.008356694,-0.044859815
Corrida completa,Grandpa,cared,3818,4668,-0.103823,-0.0032534115,0.10056959
Corrida completa,exciting,pedaled,2040,7778,-0.0091619175,-0.012918927,-0.0037570093
Corrida completa,accidentally,heard,2076,754,-0.021177756,-0.02260552,-0.0014277641
Corrida completa,brightly,co,3275,565,-0.040416244,0.059893288,0.100309536
Corrida completa,added,hoo,2990,8084,-0.0026207827,-0.04553336,-0.042912576
Corrida completa,vegetable,view,2461,3327,-0.008414954,0.07554277,0.083957724
Corrida completa,Bu,factory,3226,4667,0.0015488565,0.022159271,0.020610414
Corrida completa,Bobby,remembers,3114,5319,0.013962371,-0.036463212,-0.05042558
Corrida completa,aff,ashtray,6389,5109,0.0758509,-0.15964292,-0.23549381
Corrida completa,neighbour,patterns,3976,5219,0.003676623,-0.03344068,-0.037117302
Corrida completa,apart,blue,4652,1073,-0.0087468885,0.00948353,0.01823042
Corrida completa,branch,pare,2003,1258,0.015862918,0.034410298,0.01854738
Corrida completa,fascinated,scent,5532,7851,0.075897574,0.07858618,0.002688609
Corrida completa,picking,short,3311,4051,0.017157152,0.012496693,-0.0046604592
Corrida completa,ride,weekend,1608,6625,0.025560327,0.08676722,0.061206892
Corrida completa,Mimi,collar,5002,3728,-0.036057994,0.08294213,0.11900012
Corrida completa,fle,yielded,4208,7061,-0.04184433,-0.04049295,0.0013513826
Corrida completa,scar,tor,2561,3617,0.020686314,0.070662886,0.049976572
Corrida completa,face,plucked,1144,6993,0.058258973,0.027710877,-0.030548096
Corrida completa,Jojo,usual,7630,6194,-0.07063411,-0.049147632,0.02148648
Corrida completa,mouse,moves,1316,4557,0.014682969,-0.046856757,-0.061539724
Corrida completa,tears,wh,2771,394,0.032578725,-0.048322164,-0.08090089
Corrida completa,grap,selling,3122,5393,-0.015951118,-0.0040846355,0.011866482
Corrida completa,beat,tie,5295,2797,0.10758649,0.20682901,0.09924252
Corrida completa,tricks,trunk,4153,3187,0.010090532,0.07303055,0.06294002
Corrida completa,caulif,eye,3989,2853,-0.10176771,-0.17989692,-0.07812921
Corrida completa,present,seen,2189,1283,-0.011025204,0.03829595,0.049321156
Corrida completa,being,crumbs,1025,6215,0.00072914734,-0.11087352,-0.111602664
Corrida completa,tested,zoo,7136,2227,0.010450069,-0.10813218,-0.11858225
Corrida completa,Sw,Those,7430,7130,0.09545634,0.18480994,0.0893536
Corrida completa,doorway,warmth,7659,4873,-0.008396007,0.09901172,0.10740773
Corrida completa,fancy,struc,2568,4988,0.011665798,0.045029204,0.033363406
Corrida completa,recognize,sandwich,5612,2587,-0.033098828,-0.0682099,-0.035111073
Corrida completa,hid,twinkle,1447,6377,0.034984767,0.104723506,0.06973874
Corrida completa,customers,texture,8035,5840,0.0076734275,0.008578531,0.000905104
Corrida completa,gi,m,1349,281,0.034002535,0.08486486,0.050862327
Corrida completa,realize,turns,5657,1921,-0.0688249,-0.033812888,0.035012014
Corrida completa,Abby,bottles,6634,5740,-0.057639338,0.001485616,0.059124954
Corrida completa,pile,response,2230,7347,-0.08815998,0.048782073,0.13694206
Corrida completa,Pip,string,5708,2453,0.034365006,0.07118767,0.03682266
Corrida completa,beginning,needle,6423,3966,0.047474876,0.0044168737,-0.043058
Corrida completa,glad,vibr,1229,8136,0.015200706,-0.03724294,-0.052443646
Corrida completa,old,warned,690,3461,0.07627914,0.022867516,-0.053411625
Corrida completa,ask,sudden,1140,3442,-0.040204372,-0.037958473,0.0022458993
Corrida completa,lesson,sandcastles,1364,6234,0.04407718,0.13911884,0.095041655
Corrida completa,Pin,that,7764,357,-0.13883263,-0.07726151,0.06157112
Corrida completa,enthusiasm,gazing,7062,7755,-0.085868225,-0.01762998,0.06823824
Corrida completa,begin,oper,5558,5162,-0.097434044,-0.09476855,0.0026654974
Corrida completa,grateful,the,1716,263,0.095734455,-0.028536685,-0.12427114
Corrida completa,making,polish,1282,4013,-0.038267042,0.17406529,0.21233234
Corrida completa,dancer,fur,4451,1576,0.13487633,0.19263834,0.057762012
Corrida completa,bran,cap,1676,2846,-0.1038876,-0.019993704,0.083893895
Corrida completa,Abby,Luna,6634,5167,-0.012876503,0.34613076,0.35900727
Corrida completa,Hoot,oy,6681,3945,-0.035262164,-0.050146617,-0.014884453
Corrida completa,Hoot,creatures,6681,3603,-0.041943528,-0.024786431,0.017157096
Corrida completa,Splash,dog,7715,643,0.040121272,0.066897854,0.026776582
Corrida completa,rain,stud,1068,4491,0.00021197833,0.0129810665,0.012769088
Corrida completa,months,purse,7363,3769,-0.0666319,-0.08176842,-0.015136525
Corrida completa,exper,shiny,3960,974,0.06374358,0.07777068,0.014027104
Corrida completa,Yes,popped,6279,4556,-0.025222508,-0.07890791,-0.053685397
Corrida completa,ele,wrote,1735,2842,0.0011459999,-0.0802308,-0.081376806
Corrida completa,aeropl,sandcastles,4342,6234,0.03916475,0.023598552,-0.0155662
Corrida completa,fills,squeezing,7634,7807,0.099358864,0.235567,0.13620815
Corrida completa,chase,tuck,3069,7222,0.009689381,0.14935927,0.1396699
Corrida completa,discussing,reun,7639,7275,-0.06628133,-0.08499949,-0.018718153
Corrida completa,balloons,marry,3030,4235,-0.10042318,0.03464003,0.1350632
Corrida completa,Pete,flapping,3095,6686,-0.06386684,-0.116183326,-0.052316487
Corrida completa,prom,stadium,1315,4976,-0.039515935,-0.13256876,-0.09305283
Corrida completa,dream,listening,1421,4041,-0.051099252,0.09733382,0.14843307
Corrida completa,Stan,without,7177,1842,0.053075228,-0.10325593,-0.15633115
Corrida completa,b,mes,267,6630,-0.10242951,-0.015222892,0.08720662
Corrida completa,Adam,Helen,6026,7717,0.034105536,0.31079006,0.27668452
Corrida completa,drawings,earthquake,4144,5395,-0.0055567175,0.077362075,0.08291879
Corrida completa,chirp,h,4402,269,0.0110725025,0.14365183,0.13257933
Corrida completa,regret,right,4671,1106,-0.022723723,-0.05515722,-0.0324335
Corrida completa,Love,yourself,7521,2752,0.073412314,0.01083985,-0.062572464
Corrida completa,discu,passen,4389,6759,-0.019463759,0.038069997,0.057533756
Corrida completa,eager,sweep,2907,8030,0.103212215,-0.054023348,-0.15723556
Corrida completa,blows,joking,6609,6621,0.005490057,0.06947244,0.06398238
Corrida completa,embarra,medicine,2329,2782,-0.12033181,-0.11534144,0.004990369
Corrida completa,Two,cleaned,6929,2916,0.03187216,0.01294644,-0.01892572
Corrida completa,hairdress,sunrise,7767,5251,0.007177539,0.05937235,0.05219481
Corrida completa,passed,pointy,2648,6758,0.023811247,0.036997624,0.013186377
Corrida completa,hid,shows,1447,2959,0.0333104,0.10629551,0.07298511
Corrida completa,responsib,why,7640,1309,0.08563755,-0.11110015,-0.1967377
Corrida completa,collar,ran,3728,555,-0.029089127,0.088264,0.11735313
Corrida completa,drinking,lawyer,5168,4483,-0.0056315684,-0.03527595,-0.029644383
Corrida completa,materials,sweater,6531,3844,0.042918492,0.045398217,0.0024797246
Corrida completa,dive,scurrying,4127,7998,-0.038284287,0.16160524,0.19988953
Corrida completa,deserve,lungs,6893,6864,-0.091935545,-0.07957132,0.012364224
Corrida completa,clues,wat,7983,776,0.015149579,-0.08184911,-0.09699869
Corrida completa,thin,yucky,2249,4821,0.061778225,0.36154127,0.29976305
Corrida completa,beha,grandchild,5648,7038,-0.041106418,0.025263716,0.06637013
Corrida completa,passen,send,6759,3706,0.0037628543,-0.049791474,-0.053554326
Corrida completa,refreshing,tre,7215,544,-0.06235835,0.023285612,0.08564396
Corrida completa,quarreling,spr,7741,1781,-0.021260966,-0.04248116,-0.021220196
Corrida completa,can,within,480,7921,-0.004038222,0.105924055,0.10996228
Corrida completa,Jim,doggy,1709,5297,-0.0074336156,0.15740538,0.164839
Corrida completa,jealous,refle,2808,6598,-0.052555844,-0.09782673,-0.045270883
Corrida completa,Kim,leopard,3649,3838,-0.017570429,0.16689098,0.18446141
Corrida completa,craw,cute,2926,2081,0.033039205,-0.04732534,-0.08036454
Corrida completa,adventures,sweater,1888,3844,-0.0114221135,0.15692447,0.16834658
Corrida completa,marry,thinking,4235,3536,0.120980695,0.051655486,-0.06932521
Corrida completa,remembered,to,1359,266,-0.060659498,0.00047807023,0.06113757
Corrida completa,sausage,witch,5101,3537,0.06486936,0.21660757,0.15173821
Corrida completa,knights,memb,6301,7655,0.063173465,0.06904637,0.0058729053
Corrida completa,beard,lemonade,5837,4752,-0.021263529,0.03686698,0.05813051
Corrida completa,Miss,unf,5001,6394,0.01773648,0.1622523,0.14451583
Corrida completa,beeh,spider,7900,2315,-0.010305535,-0.15156588,-0.14126034
Corrida completa,brand,conflict,5400,7424,0.0014945054,0.0014100373,-8.446816e-05
Corrida completa,em,pretti,1687,5626,-0.02239075,0.06333026,0.085721016
Corrida completa,teddy,wild,1658,2276,0.061617732,0.18008062,0.11846289
Corrida completa,repe,spiders,4003,5617,-0.076321736,-0.10512718,-0.028805442
Corrida completa,pass,struck,2324,5590,-0.04839729,0.043769114,0.09216641
Corrida completa,cutting,value,5464,3806,-0.033403564,0.10243549,0.13583906
Corrida completa,chased,scaring,2410,6583,-0.006297782,0.33523908,0.34153688
Corrida completa,flags,ne,6323,401,-0.03457491,-0.018112559,0.016462352
Corrida completa,Me,drift,5372,5597,0.023485601,0.11584152,0.09235592
Corrida completa,leaving,una,3429,8152,-0.05506458,-0.09731574,-0.042251162
Corrida completa,Try,street,7622,1966,0.032419994,-0.07542171,-0.10784171
Corrida completa,rad,ready,2642,1251,-0.045065872,-0.07650401,-0.031438135
Corrida completa,served,soon,5384,936,0.009843808,0.0038586129,-0.005985195
Corrida completa,cracked,nine,6324,7203,-0.083159104,0.092705116,0.17586422
Corrida completa,goodbye,pant,1136,3380,-0.018633045,-0.1151189,-0.09648585
Corrida completa,arr,persistent,6791,3533,-0.038431656,-0.043492235,-0.0050605796
Corrida completa,otters,waffles,7484,5506,-0.11449318,0.1359884,0.25048158
Corrida completa,Big,tire,5707,3768,-0.07262808,-0.11703031,-0.044402227
Corrida completa,computer,mice,3476,5521,-0.027376257,0.16859186,0.19596812
Corrida completa,masterp,tre,7488,544,-0.0093183275,0.19229013,0.20160845
Corrida completa,mod,tucked,2978,4728,0.21848755,0.1497038,-0.068783745
Corrida completa,Millie,importance,4182,6087,0.01080437,0.01503361,0.00422924
Corrida completa,furniture,struggle,4414,6034,0.014954716,0.11335832,0.0984036
Corrida completa,Sophia,selling,7082,5393,-0.021926481,-0.103894696,-0.08196822
Corrida completa,farmer,veterinarian,1756,4438,-0.07460735,0.3133118,0.38791913
Corrida completa,rooms,thin,4718,2249,0.09676186,0.074683584,-0.022078276
Corrida completa,may,trip,3741,2247,-0.038784288,-0.1462506,-0.10746632
Corrida completa,suggested,vict,3229,5687,0.011092525,0.0019274403,-0.009165085
Corrida completa,Instead,sits,4490,5195,-0.043259867,-0.14639518,-0.10313531
Corrida completa,Owl,shopping,6853,5391,-0.12604663,-0.07179482,0.054251805
Corrida completa,curious,girl,1170,442,-0.04086674,-0.0039699934,0.036896747
Corrida completa,mos,staring,4415,6064,0.08371155,0.018572215,-0.06513934
Corrida completa,liquid,sits,6239,5195,0.006215117,-0.016217064,-0.022432182
Corrida completa,breathe,cleared,5056,7723,0.04688679,0.14384747,0.09696068
Corrida completa,bott,discover,1734,3588,-0.086221725,-0.13036674,-0.044145018
Corrida completa,club,one,3876,626,0.099817574,0.09703855,-0.0027790219
Corrida completa,pare,space,1258,3232,0.16264749,0.07514359,-0.087503895
Corrida completa,dancer,rail,4451,4714,-0.042518817,0.21321337,0.25573218
Corrida completa,dipped,laughed,6361,854,-0.07128671,-0.039546225,0.031740483
Corrida completa,long,snowmen,789,6851,-0.048841644,0.14361995,0.1924616
Corrida completa,flock,tickle,7887,5899,-0.04282958,-0.07877219,-0.035942607
Corrida completa,jewelry,spr,4960,1781,0.056835495,-0.10729442,-0.16412991
Corrida completa,covers,quack,6334,4627,-0.040074322,0.052173823,0.09224814
Corrida completa,sliding,steak,5266,4334,0.020396803,0.12988998,0.10949318
Corrida completa,Go,planning,2366,6873,0.03625499,-0.046143323,-0.08239831
Corrida completa,Jess,hitting,4716,6628,-0.03328786,-0.15260834,-0.119320475
Corrida completa,healthy,mild,2165,4165,-0.036256324,0.39459646,0.43085277
Corrida completa,belongings,warmly,7662,7826,0.05781578,0.17237604,0.11456026
Corrida completa,Lisa,ha,2485,297,-0.024795825,-0.043755796,-0.018959971
Corrida completa,creamy,urged,6570,5827,-0.02976573,-0.1462153,-0.11644957
Corrida completa,gra,str,652,768,0.007539671,0.039008655,0.031468984
Corrida completa,ground,sent,975,3998,-0.10781425,-0.082090326,0.025723927
Corrida completa,bricks,image,5172,5442,-0.0013815421,0.3075107,0.30889225
Corrida completa,buy,trave,1410,4427,0.001890826,0.04811085,0.046220023
Corrida completa,banan,blocking,2418,6755,0.021480132,0.014558956,-0.006921176
Corrida completa,Max,follows,704,4858,0.06641142,-0.028268725,-0.094680145
Corrida completa,Tara,clouds,6700,2187,0.0049195476,0.09373876,0.088819206
Corrida completa,anymore,slower,1173,6947,0.0054987,0.15385774,0.14835903
Corrida completa,roar,screaming,2871,5928,0.012733594,0.22894996,0.21621637
Corrida completa,beep,somebody,3917,6295,-0.10208279,-0.18742062,-0.08533783
Corrida completa,later,run,2147,726,-0.124169484,-0.070032634,0.05413685
Corrida completa,planning,sank,6873,7146,-0.076292075,0.03248678,0.10877886
Corrida completa,celebrating,junk,6471,4778,-0.053858712,0.03277553,0.08663424
Corrida completa,Fin,was,3347,280,-0.0141283795,0.018972214,0.033100594
Corrida completa,bakery,hive,6530,3931,-0.029212445,0.27263898,0.30185142
Corrida completa,bottom,di,2950,2261,0.062031165,-0.07232566,-0.13435683
Corrida completa,Mrs,bakery,3121,6530,-0.0011402885,0.030852553,0.03199284
Corrida completa,hand,whispering,734,7465,0.029457228,0.1313103,0.10185307
Corrida completa,prob,twink,7501,4344,0.016963707,0.015323967,-0.0016397405
Corrida completa,beetle,told,3361,737,0.04300026,-0.12201029,-0.16501054
Corrida completa,bags,card,3293,2322,0.006024542,0.18922205,0.18319751
Corrida completa,den,lies,6339,8122,0.053201497,0.012095779,-0.041105717
Corrida completa,herbs,protected,6236,5653,0.06532484,-0.052007537,-0.117332384
Corrida completa,dough,should,3377,944,-0.035229255,-0.15612361,-0.12089436
Corrida completa,hide,repl,1652,1070,-0.08830792,0.1259313,0.21423921
Corrida completa,flip,recogn,7795,3985,0.023923371,-0.07849164,-0.10241501
Corrida completa,prot,rich,2208,3048,-0.05993154,0.022062667,0.081994206
Corrida completa,pastries,regretted,6047,6164,0.058486745,-0.17417413,-0.23266087
Corrida completa,bananas,har,4412,4531,-0.001427684,-0.04266132,-0.041233636
Corrida completa,birdcage,neighb,5153,1830,0.017795155,-0.18317822,-0.20097338
Corrida completa,parked,robb,5680,6521,-0.051057495,0.01598724,0.067044735
Corrida completa,Zoom,prom,6211,1315,-0.08973299,-0.046382293,0.043350697
Corrida completa,Sam,soared,686,5257,-0.09534676,-0.1451097,-0.049762942
Corrida completa,Freddie,learning,7736,3046,0.06452945,0.005412601,-0.059116848
Corrida completa,caut,funny,5643,1308,6.49672e-05,-0.011860363,-0.01192533
Corrida completa,crept,giraffe,5401,4368,0.055205144,-0.101796485,-0.15700163
Corrida completa,coo,expected,2389,5914,0.022447616,0.024675593,0.002227977
Corrida completa,fairy,naps,1827,6400,0.037316933,0.00045347214,-0.03686346
Corrida completa,swayed,whispering,7913,7465,0.07643613,0.20831667,0.13188054
Corrida completa,hum,jour,2408,1869,0.008669857,-0.08158226,-0.09025212
Corrida completa,floating,smell,4904,1358,0.029605761,0.010686573,-0.018919189
Corrida completa,exha,soaked,6073,5867,-0.06317456,-0.15882652,-0.095651954
Corrida completa,helm,playing,3539,607,-0.08530009,-0.07442163,0.010878459
Corrida completa,Ali,piles,7829,5672,-0.0068299808,-0.023580529,-0.016750548
Corrida completa,beside,picture,5364,1037,0.090108916,0.082455695,-0.0076532215
Corrida completa,chilly,warning,7852,5137,-0.018060267,0.026350774,0.04441104
Corrida completa,Freddy,tunnel,5025,3307,-0.038134135,0.003529001,0.041663136
Corrida completa,itchy,shrink,6302,4681,0.09408736,0.2747,0.18061262
Corrida completa,Fire,and,7551,265,-0.015914474,-0.06852076,-0.05260629
Corrida completa,gloves,seven,5623,6456,0.048358947,-0.053382814,-0.10174176
Corrida completa,move,vo,1408,1075,0.048692144,-0.01776728,-0.066459425
Corrida completa,mushroom,realize,3920,5657,-0.05451289,-0.07006929,-0.0155564025
Corrida completa,crumb,diamond,5781,3248,-0.04223816,0.027013581,0.069251746
Corrida completa,hive,wagged,3931,2759,0.08685148,-0.044543527,-0.13139501
Corrida completa,as,captain,417,4980,0.00029649585,-0.00833297,-0.0086294655
Corrida completa,confidence,wonders,7909,5751,0.11822747,0.03146073,-0.086766735
Corrida completa,Jessie,honest,6413,2516,0.13448834,-0.01073546,-0.1452238
Corrida completa,Next,sure,4832,1117,0.03141185,0.049797975,0.018386126
Corrida completa,crane,distance,3665,2770,0.011454776,0.08681716,0.075362384
Corrida completa,pedals,prot,6599,2208,-0.017469449,-0.04553829,-0.028068842
Corrida completa,admiring,may,5342,3741,-0.02546744,0.007520585,0.032988027
Corrida completa,coat,ur,2091,3982,-0.104702115,-0.14906155,-0.04435943
Corrida completa,taxi,works,4191,5350,0.0033252286,0.040385038,0.03705981
Corrida completa,frog,really,1433,1254,-0.024230909,0.0006869957,0.024917904
Corrida completa,accomplishment,satis,6972,5230,0.1640225,-0.013474645,-0.17749715
Corrida completa,bean,stroke,3399,7939,-0.05540786,-0.07046777,-0.015059911
Corrida completa,horizon,ty,6560,6337,0.06600259,-0.072933845,-0.13893643
Corrida completa,let,scatter,915,3509,-0.030072028,0.07954107,0.1096131
Corrida completa,Mama,followed,2100,1436,0.059968747,-0.11135686,-0.17132561
Corrida completa,Julie,knew,5694,697,0.077082574,0.035196427,-0.041886147
Corrida completa,adventures,worked,1888,1337,0.041119404,0.12951162,0.08839222
Corrida completa,foot,moves,2291,4557,0.081246704,0.16571632,0.08446962
Corrida completa,He,hears,314,2545,0.031344,-0.029680364,-0.061024364
Corrida completa,horizon,stor,6560,929,0.003509732,-0.084268555,-0.087778285
Corrida completa,bars,laughed,6426,854,-0.024469037,0.1481331,0.17260213
Corrida completa,decide,strength,2948,4494,0.015284244,0.05978787,0.044503625
Corrida completa,baby,rubbing,1460,5901,-0.03548647,-0.08106088,-0.045574408
Corrida completa,neighbors,police,5610,2622,-0.059465967,0.3171595,0.37662548
Corrida completa,right,time,1106,393,-0.0065821037,0.064733796,0.0713159
Corrida completa,fake,rabbit,2844,1103,-0.10577276,0.0025442783,0.10831704
Corrida completa,love,miss,830,1981,0.03160078,0.32506514,0.29346436
Corrida completa,not,pots,395,6308,0.16060206,-0.06889536,-0.22949743
Corrida completa,pit,plane,4617,2179,-0.03117215,0.23262316,0.26379532
Corrida completa,Pet,poked,7556,4837,0.097278215,0.053611647,-0.043666568
Corrida completa,Jones,days,6114,2066,-0.032188226,-0.00089901313,0.031289212
Corrida completa,Pe,prom,3855,1315,0.016171057,0.22359022,0.20741917
Corrida completa,guard,relieved,3521,2025,0.09305702,0.037390042,-0.05566698
Corrida completa,exercise,teasing,4919,5851,0.09437315,0.16345647,0.06908332
Corrida completa,One,surrounded,505,5308,-0.00684103,0.01202991,0.01887094
Corrida completa,axe,cheer,3927,2212,0.059696224,0.056594726,-0.003101498
Corrida completa,drift,wire,5597,3401,0.014129039,-0.002773,-0.016902039
Corrida completa,climbing,villagers,4138,5533,-0.039853863,-0.13756412,-0.09771026
Corrida completa,must,thanked,1713,839,0.044791337,0.18822806,0.14343672
Corrida completa,attractive,reversed,3813,7485,-0.017792273,0.016102292,0.033894565
Corrida completa,brave,peeled,911,7968,0.026342973,0.06281923,0.036476254
Corrida completa,Thank,sandwich,2043,2587,0.024483478,0.006503798,-0.01797968
Corrida completa,goodbyes,second,7707,3975,0.01587505,0.031408764,0.015533714
Corrida completa,beautifully,nuzz,7554,7385,-0.04257949,0.030910382,0.073489875
Corrida completa,mate,rocking,7382,5875,-0.04742957,-0.014037799,0.03339177
Corrida completa,Sammy,leop,2085,3707,-0.14608888,-0.26626837,-0.12017949
Corrida completa,arrive,doing,6104,1399,0.018939577,0.05295338,0.034013804
Corrida completa,Z,sear,2650,1590,-0.029404456,0.18646367,0.21586813
Corrida completa,Let,wrapped,1277,2997,-0.02221189,0.07304693,0.09525882
Corrida completa,guessing,hoped,7860,1853,0.08053444,0.07716909,-0.0033653527
Corrida completa,messy,spells,2575,7696,0.029476577,0.13424465,0.104768075
Corrida completa,coral,rice,7246,3854,0.06075892,0.29871452,0.2379556
Corrida completa,cooler,yes,4020,1486,-0.07096635,0.05691843,0.12788478
Corrida completa,sure,talking,1117,2344,-0.10928646,0.02098944,0.1302759
Corrida completa,movies,shrunk,5900,7772,0.04074943,0.058452062,0.017702632
Corrida completa,cuts,decision,6252,5217,-0.100563675,-0.033391856,0.06717182
Corrida completa,Did,imagine,5849,4388,0.06833099,0.14262423,0.07429324
Corrida completa,score,tid,5078,2334,0.022432707,-0.0077745095,-0.030207217
Corrida completa,scram,skin,7574,3138,0.030269211,0.005218789,-0.025050422
Corrida completa,escape,pastries,3150,6047,-0.031959265,-0.020965213,0.0109940525
Corrida completa,fields,sw,4229,610,-0.061416477,-0.1051521,-0.043735623
Corrida completa,fact,playground,6726,2758,-0.048158802,0.013229671,0.061388474
Corrida completa,fall,potatoes,1578,5468,0.045066837,0.0833318,0.038264964
Corrida completa,agre,immediately,4607,4838,-0.015564702,-0.017044157,-0.0014794543
Corrida completa,finish,tim,2386,6092,0.061883874,-0.066980064,-0.12886393
Corrida completa,Emmy,supp,6399,2298,-0.09364264,-0.12711197,-0.033469334
Corrida completa,u,uns,323,6871,-0.018258177,0.23610187,0.25436005
Corrida completa,hur,pit,2641,4617,0.046377055,0.052639253,0.006262198
Corrida completa,oper,spills,5162,7967,-0.06233032,-0.061189823,0.0011404976
Corrida completa,after,shr,1054,2250,-0.05750463,-0.05080764,0.0066969916
Corrida completa,nodd,pets,8094,5562,0.1630211,0.10413174,-0.05888936
Corrida completa,achie,movie,4945,3098,-0.018864281,0.0032039583,0.02206824
Corrida completa,chalk,pop,4201,2224,-0.06733295,0.046624765,0.11395772
Corrida completa,batteries,bitter,7119,3141,0.03156995,0.12749016,0.09592021
Corrida completa,brand,fixing,5400,5229,-0.013241809,0.048464336,0.061706144
Corrida completa,scarf,understood,2749,2564,0.07707825,-0.024122715,-0.10120097
Corrida completa,bri,twinkle,3816,6377,0.056752488,-0.0533131,-0.11006559
Corrida completa,crew,doesn,6966,3504,0.02503865,-0.028923139,-0.05396179
Corrida completa,hig,machines,1772,5955,-0.02959976,-0.011246916,0.018352844
Corrida completa,dance,pleaded,1710,7733,0.055158697,0.11413416,0.058975466
Corrida completa,gardener,shield,7171,3626,-0.049959816,0.13081238,0.18077219
Corrida completa,improved,memory,6346,5267,0.029343985,0.05784098,0.028496996
Corrida completa,delivery,respons,6175,5317,0.1076044,0.068084575,-0.039519824
Corrida completa,In,pants,1392,3651,0.052313007,-0.15307587,-0.20538887
Corrida completa,radio,wis,4015,2760,0.14388572,0.01036809,-0.13351762
Corrida completa,felt,hotel,508,4326,0.004240038,-0.1256357,-0.12987573
Corrida completa,next,pun,997,3932,-0.043817088,-0.024465092,0.019351996
Corrida completa,settled,source,4827,6808,0.07752901,-0.005136921,-0.082665935
Corrida completa,bugs,pen,2442,1693,-0.043435737,0.15850535,0.20194109
Corrida completa,resist,wid,3606,5303,-0.006285511,0.05912526,0.06541077
Corrida completa,changes,muff,8095,4010,-0.06810853,-0.050652735,0.017455794
Corrida completa,Ava,celery,8012,4111,0.08700593,0.078479804,-0.008526124
Corrida completa,bur,painting,4290,3076,0.0985252,-0.07140586,-0.16993105
Corrida completa,pouted,workers,6532,6396,0.0679059,0.065157734,-0.002748169
Corrida completa,hot,mitten,1450,5285,0.08029847,0.10830456,0.028006092
Corrida completa,encount,scale,8067,3572,0.045207035,-0.17229617,-0.2175032
Corrida completa,L,prettier,591,6980,-0.019652445,0.12476599,0.14441843
Corrida completa,blank,fetch,1682,6010,-0.01792424,0.07822014,0.09614438
Corrida completa,Fl,wear,1745,1711,0.022069488,-0.009159625,-0.031229112
Corrida completa,knights,nuts,6301,3749,-0.01391417,0.22455658,0.23847075
Corrida completa,gone,tired,1467,1269,0.032708835,0.15145986,0.11875102
Corrida completa,nest,shining,2015,2166,0.039248634,0.122985914,0.083737284
Corrida completa,fam,long,865,789,-0.052240968,0.055182487,0.107423455
Corrida completa,acted,silent,5877,6886,0.0483262,0.08529245,0.03696625
Corrida completa,stall,uncle,8048,3582,-0.005930299,0.11233704,0.118267335
Corrida completa,Cle,cars,7724,1346,-0.025746359,-0.10164689,-0.07590053
Corrida completa,arri,cousin,1424,7144,-0.061656903,-0.04558307,0.016073834
Corrida completa,refriger,same,5006,1773,0.06601725,0.02467328,-0.04134397
Corrida completa,shelf,twinkled,2497,7417,0.08944338,0.028775603,-0.060667776
Corrida completa,experienced,hurting,7815,4770,0.078956954,0.016506676,-0.06245028
Corrida completa,Jay,otters,6498,7484,-0.027164467,0.08543676,0.11260123
Corrida completa,Yes,hallway,6279,6501,0.02717888,0.068868615,0.041689735
Corrida completa,office,rece,3142,3632,-0.12527362,-0.03693843,0.088335186
Corrida completa,interesting,prince,2178,2546,-0.008910693,-0.028428294,-0.0195176
Corrida completa,aisle,been,7874,1127,0.01723525,-0.078386046,-0.095621295
Corrida completa,joking,trick,6621,3709,-0.009003975,0.077467375,0.08647135
Corrida completa,mushroom,neighbors,3920,5610,0.025091836,0.08636202,0.061270185
Corrida completa,accept,underneath,3049,5634,-0.018877417,0.09164706,0.110524476
Corrida completa,pirate,spun,3474,3000,0.07493786,0.035356775,-0.039581083
Corrida completa,dads,reach,7169,1712,-0.10658862,-0.046279125,0.060309492
Corrida completa,disapp,warnings,1779,6862,0.0025332961,-0.14776284,-0.15029614
Corrida completa,driver,rising,2075,6708,-0.012110969,-0.051520027,-0.039409056
Corrida completa,apples,today,2216,1851,0.07686092,0.009184767,-0.06767616
Corrida completa,behaving,hug,7162,584,0.014627151,-0.004185333,-0.018812485
Corrida completa,magnets,whe,6373,1930,0.12597346,0.025282558,-0.1006909
Corrida completa,joined,snuck,3166,6385,0.030961046,0.18220407,0.15124302
Corrida completa,folded,wiggly,5385,7743,-0.03898722,0.078448266,0.117435485
Corrida completa,ink,swim,4497,1322,0.0068598995,0.08464081,0.07778091
Corrida completa,desp,grew,6049,2458,-0.14926974,-0.05673092,0.092538826
Corrida completa,fears,picked,6884,998,0.08273121,-0.11982805,-0.20255926
Corrida completa,Jacob,Sandy,6750,4100,-0.024479471,0.3568912,0.3813707
Corrida completa,Come,lifts,2188,7369,-0.105162725,-0.0010005534,0.10416217
Corrida completa,claps,limes,5890,6840,-0.06595346,0.044861507,0.11081497
Corrida completa,Finally,loose,2014,5667,0.08283159,0.009936575,-0.07289502
Corrida completa,norm,reindeer,3035,4171,0.045070194,-0.116848454,-0.16191864
Corrida completa,deer,refre,2647,4748,-0.021477662,0.0055563636,0.027034026
Corrida completa,Laura,praised,7592,4880,0.025822816,-0.021741787,-0.047564603
Corrida completa,Friends,automob,7143,4700,0.0054778457,-0.025733467,-0.031211313
Corrida completa,thought,wear,680,1711,0.039383817,0.06053801,0.021154191
Corrida completa,kayak,taller,4278,4957,-0.06892621,-0.016131207,0.052795
Corrida completa,remember,skunk,1063,6923,0.091415524,-0.033568304,-0.12498383
Corrida completa,back,pride,486,4907,-0.10894544,0.009963474,0.11890891
Corrida completa,Bee,log,7499,3086,-0.08468185,0.044817414,0.12949927
Corrida completa,activities,bra,6128,844,0.04838942,-0.0897394,-0.13812882
Corrida completa,differe,growls,1115,7071,0.0800261,0.041615188,-0.03841091
Corrida completa,spoiled,understanding,3188,4809,0.049776766,0.20112817,0.1513514
Corrida completa,Coco,remain,5621,4903,0.011415682,-0.056167252,-0.067582935
Corrida completa,micr,thoughtful,3939,3162,0.040866755,0.08630014,0.045433387
Corrida completa,boats,quack,3431,4627,-0.026834436,-0.04536465,-0.018530216
Corrida completa,cliff,walls,4796,3145,0.062378,0.21703,0.154652
Corrida completa,chos,lines,7068,5607,-0.015837234,0.0039453814,0.019782614
Corrida completa,holding,leaned,2086,4190,0.0032741036,0.087557584,0.08428348
Corrida completa,budge,dinosaurs,5712,5341,-0.057835795,0.0016232766,0.05945907
Corrida completa,hoping,reliable,4085,3144,-0.068198316,-0.046958756,0.02123956
Corrida completa,Johnson,around,5961,510,-0.030252893,0.02672945,0.056982342
Corrida completa,floor,looked,1389,516,0.022452958,-0.068254255,-0.09070721
Corrida completa,during,sal,5263,2309,-0.011187447,-0.10124116,-0.09005371
Corrida completa,Zara,painting,7830,3076,-0.028498933,-0.025648177,0.002850756
Corrida completa,Chr,net,5611,2452,0.008819172,0.0017558783,-0.007063294
Corrida completa,grow,lumber,1624,4920,-0.0024259929,0.010026999,0.012452992
Corrida completa,flo,suggested,1230,3229,-0.055897884,0.05107765,0.10697553
Corrida completa,guy,ingredients,5165,3530,-0.072010875,0.002195525,0.0742064
Corrida completa,remembering,shops,7155,7095,-0.101016894,-0.004203291,0.096813604
Corrida completa,doctor,oil,1796,4369,-0.024789859,0.07620055,0.100990415
Corrida completa,responsib,we,7640,367,0.025405906,-0.06692273,-0.09232864
Corrida completa,offered,z,2941,1192,-0.023898115,-0.07609966,-0.05220154
Corrida completa,Jess,repaired,4716,6831,0.054835696,-0.18079752,-0.23563321
Corrida completa,friendship,refle,3478,6598,0.042017747,-0.09861938,-0.14063713
Corrida completa,newfound,refreshing,7474,7215,-0.0018403567,0.033655986,0.035496343
Corrida completa,mem,separ,3236,3840,-0.011188816,0.21823552,0.22942434
Corrida completa,Po,hides,6637,7156,0.010242349,-0.06792876,-0.07817111
Corrida completa,better,kitty,815,4268,0.008734817,-0.02620989,-0.034944706
Corrida completa,nectar,sniffed,6303,4559,0.05769731,0.029793777,-0.027903534
Corrida completa,softly,why,4269,1309,-0.045071624,-0.027294826,0.017776798
Corrida completa,delicious,ĠĊ,1426,6679,0.007284673,-0.035434663,-0.042719334
Corrida completa,laughter,secure,4790,6440,-0.050199576,0.09962012,0.1498197
Corrida completa,different,notes,1147,7204,-0.16537988,-0.14822054,0.017159343
Corrida completa,beside,teased,5364,6781,-0.08444981,0.22256193,0.30701172
Corrida completa,angry,artwork,949,7578,0.0074404534,0.041092396,0.03365194
Corrida completa,streets,will,7157,679,0.086576,0.0017830264,-0.08479297
Corrida completa,antic,meow,7399,5490,0.044358905,0.17806076,0.13370185
Corrida completa,may,ward,3741,4590,0.065819256,0.08714671,0.02132745
Corrida completa,fearful,meal,3715,3489,2.7889386e-05,0.073227815,0.07319993
Corrida completa,exploring,shall,1915,7956,0.061256014,0.053910583,-0.0073454306
Corrida completa,eat,finish,756,2386,0.044100113,0.26589346,0.22179335
Corrida completa,cosy,university,7277,5354,0.06499862,0.12806931,0.06307069
Corrida completa,fr,smells,983,4341,0.09842391,-0.019436121,-0.117860034
Corrida completa,decorating,hockey,6951,4239,-0.17285803,-0.040202104,0.13265592
Corrida completa,Do,Lizzy,1318,6263,0.046939474,0.004474029,-0.042465445
Corrida completa,batteries,cut,7119,1293,-0.08465896,-0.013161268,0.07149769
Corrida completa,That,pick,1329,766,0.026203362,-0.08280839,-0.109011754
Corrida completa,jug,magical,3553,1692,-0.015400399,-0.025847103,-0.010446704
Corrida completa,noon,tick,6651,2662,-0.006585378,-0.057868317,-0.05128294
Corrida completa,Els,tra,6342,1135,0.01097076,-0.07324316,-0.08421393
Corrida completa,creature,nodd,2059,8094,-0.02242788,-0.08603382,-0.06360594
Corrida completa,accomplish,sne,6424,3486,0.0058589876,0.13528174,0.12942275
Corrida completa,club,encourag,3876,7138,-0.039108686,-0.009518066,0.02959062
Corrida completa,counts,dre,7690,828,0.022396443,0.007813506,-0.014582938
Corrida completa,favour,teasp,2962,5136,0.014256723,-0.005344296,-0.01960102
Corrida completa,Todd,bal,6641,2572,-0.03330869,-0.051610205,-0.018301517
Corrida completa,bedroom,gum,2593,3644,-0.02765163,0.09021631,0.11786794
Corrida completa,loved,scarf,499,2749,0.04899339,-0.11863124,-0.16762464
Corrida completa,kissed,laughter,2766,4790,-0.09058172,-0.049516916,0.041064806
Corrida completa,bush,visits,2182,8060,-0.07948907,-0.11287709,-0.033388026
Corrida completa,reward,tasks,3378,6375,-0.0112780705,0.11710436,0.12838243
Corrida completa,Lola,cl,3802,489,-0.04522686,-0.12720127,-0.08197442
Corrida completa,Sammy,moms,2085,3124,0.13707507,0.1859769,0.048901826
Corrida completa,rides,tiss,5570,7562,-0.011021264,-0.12230101,-0.11127975
Corrida completa,one,raft,626,4274,-0.01938056,-0.010026969,0.009353591
Corrida completa,Or,lab,4545,3330,-0.010782825,0.13342682,0.14420964
Corrida completa,awesome,shoe,6197,3713,-0.08034601,0.052870117,0.13321613
Corrida completa,ignore,lick,4934,5185,-0.05352673,0.14971186,0.20323859
Corrida completa,enthusi,rings,7039,6881,-0.14047134,-0.1549627,-0.014491364
Corrida completa,Despite,Take,8016,7295,0.07155651,0.114757515,0.043201007
Corrida completa,at,rag,452,4272,-0.053490475,-0.1808198,-0.12732932
Corrida completa,pengu,wealthy,3877,3276,-0.09845983,0.009029973,0.10748981
Corrida completa,coach,wadd,7591,6629,-0.048997812,-0.009227416,0.039770395
Corrida completa,enthusiastic,sunrise,4089,5251,-0.014703218,0.030182466,0.044885684
Corrida completa,prune,rad,5646,2642,0.052334547,-0.1745764,-0.22691095
Corrida completa,Max,butterflies,704,3602,-0.019129138,0.048789237,0.067918375
Corrida completa,Curious,Joanne,8160,8142,-0.039210457,-0.014522204,0.024688253
Corrida completa,scary,waddled,1516,7121,0.012938242,-0.009309558,-0.0222478
Corrida completa,Ash,screams,6640,5529,-0.023199987,-0.016405037,0.00679495
Corrida completa,belie,regret,1657,4671,-0.062583685,0.022742692,0.08532637
Corrida completa,hider,mosquitoes,6885,8137,-0.052887946,0.0838944,0.13678235
Corrida completa,c,experien,276,6704,0.025105009,0.2730831,0.24797808
Corrida completa,Bl,land,2778,1647,0.063817635,-0.08615003,-0.14996767
Corrida completa,earthquake,gotten,5395,5463,0.14289442,0.08795653,-0.054937884
Corrida completa,high,pushing,1146,3969,0.009220772,0.0049714698,-0.0042493027
Corrida completa,full,lit,1330,2665,-0.038684838,0.062161304,0.10084614
Corrida completa,spade,though,4815,1958,-0.023506101,0.03969598,0.06320208
Corrida completa,bedroom,opening,2593,6305,-0.04954234,0.06384008,0.113382414
Corrida completa,achieve,mane,5995,6353,0.011201866,-0.045281485,-0.05648335
Corrida completa,meet,rainy,2211,7396,-0.0009257663,-0.03683023,-0.035904467
Corrida completa,Sammy,heav,2085,6171,-0.037707005,-0.12199494,-0.08428794
Corrida completa,hits,library,5073,3608,0.103718355,-0.12683259,-0.23055094
Corrida completa,knows,moves,3270,4557,0.0023453273,0.1154768,0.11313148
Corrida completa,tasting,teach,7991,2350,0.037538115,0.10940351,0.071865395
Corrida completa,sewed,vacation,7418,4905,0.13268921,0.039456744,-0.09323247
Corrida completa,frowning,pepper,7414,3670,0.05786155,0.05110654,-0.006755013
Corrida completa,fit,pigeon,2029,3762,-0.10803471,-0.13219157,-0.024156861
Corrida completa,ais,del,7124,1033,0.10968747,0.24212071,0.13243324
Corrida completa,brother,repe,1222,4003,0.08026262,0.03699804,-0.043264575
Corrida completa,conductor,left,7706,1422,0.054352567,0.010083441,-0.044269126
Corrida completa,ocean,tube,2233,4121,-0.081166066,0.13756838,0.21873444
Corrida completa,nest,ornaments,2015,6706,-0.11339901,0.18554167,0.2989407
Corrida completa,bathrobe,mane,5280,6353,-0.104057714,0.116518915,0.22057663
Corrida completa,tickled,yawn,6255,3771,0.0036641043,0.089757085,0.08609298
Corrida completa,As,energy,1237,4109,0.120165855,-0.022798551,-0.14296441
Corrida completa,dots,interest,6649,5942,0.08932467,0.22328876,0.13396409
Corrida completa,earthquake,impre,5395,2272,0.10239281,0.06021719,-0.042175617
Corrida completa,ambul,firefighters,4428,6214,-0.008011691,-0.08591128,-0.07789959
Corrida completa,Suzie,bald,6235,3042,0.013541766,0.026413403,0.012871637
Corrida completa,hay,rich,3338,3048,-0.0112115685,0.16424051,0.17545208
Corrida completa,one,res,626,5029,0.0015573325,-0.00582755,-0.0073848823
Corrida completa,hug,rare,584,2970,0.029289313,-0.03737244,-0.06666175
Corrida completa,balance,husband,3065,6914,-0.007990915,0.010526784,0.0185177
Corrida completa,being,motor,1025,2927,0.0034789667,-0.06681965,-0.07029862
Corrida completa,congratul,written,7453,5970,0.1248664,0.046679404,-0.078187004
Corrida completa,mineral,sadd,5355,7248,-0.017053986,-0.11720619,-0.10015221
Corrida completa,agreed,trash,1512,3785,-0.03735106,-0.0073438603,0.0300072
Corrida completa,calmly,puppy,7507,1546,-0.018094445,0.036737625,0.05483207
Corrida completa,plans,reassured,6806,7781,0.05750908,-0.001761049,-0.05927013
Corrida completa,crack,ret,2826,2047,0.0013352046,-0.019203002,-0.020538207
Corrida completa,five,upstairs,4092,5095,-0.019703886,-0.06604181,-0.046337925
Corrida completa,drawer,remembering,3704,7155,-0.011225749,-0.007239109,0.00398664
Corrida completa,bought,tear,2126,4384,0.014477062,0.056419455,0.04194239
Corrida completa,everything,fant,1595,7332,-0.12756981,-0.08466891,0.042900898
Corrida completa,anytime,forehead,5441,6297,-0.026371285,-0.00013141334,0.026239872
Corrida completa,roads,self,6050,8131,0.0033695698,0.0015909076,-0.0017786622
Corrida completa,eld,glee,2810,6363,-0.039356582,0.08403634,0.123392925
Corrida completa,astronaut,caut,6777,5643,-0.018566996,-0.020645037,-0.0020780414
Corrida completa,goodbyes,people,7707,926,-0.07583417,-0.032438662,0.043395508
Corrida completa,clapping,expect,3900,5989,-0.026294386,-0.040224507,-0.013930121
Corrida completa,bow,salt,1393,3842,0.035624124,0.13894556,0.10332144
Corrida completa,Brown,to,3011,266,0.0037020072,-0.042173952,-0.04587596
Corrida completa,Bill,sk,3972,725,0.059193186,-0.03847705,-0.097670235
Corrida completa,matters,tow,7097,1067,0.13270856,0.16423357,0.031525
Corrida completa,exactly,restaurant,5638,3730,0.037677392,-0.1113525,-0.1490299
Corrida completa,important,quickly,1096,1101,-0.036037482,0.050580084,0.08661757
Corrida completa,loud,pushed,867,1857,0.022895517,0.048326064,0.025430547
Corrida completa,last,spong,2348,6935,0.037669525,0.072793126,0.0351236
Corrida completa,S,kn,298,479,-0.019696109,0.26079762,0.28049374
Corrida completa,tell,touc,1168,6991,0.013425212,-0.038304653,-0.051729865
Corrida completa,hungry,stud,1550,4491,-0.05938898,-0.12630138,-0.0669124
Corrida completa,Josh,oranges,5894,4856,0.011700787,0.057590984,0.045890197
Corrida completa,tri,turned,1257,1544,0.05423569,-0.007894339,-0.062130027
Corrida completa,exclaimed,pass,3175,2324,0.057702355,0.00026525557,-0.0574371
Corrida completa,dessert,gen,3943,2450,0.027631406,-0.102568895,-0.1302003
Corrida completa,fisher,treasure,4236,1689,-0.06983699,0.009686673,0.07952366
Corrida completa,moved,pan,1902,2364,0.117326505,0.01817634,-0.099150166
Corrida completa,chipmunk,monkeys,7643,4114,-0.006035611,0.14452359,0.1505592
Corrida completa,Owl,sewing,6853,7699,0.033058587,0.09565742,0.06259884
Corrida completa,towards,wis,1653,2760,-0.029463697,-0.051835842,-0.022372145
Corrida completa,leather,questioned,5344,8108,0.021011885,-0.045742862,-0.06675474
Corrida completa,menu,ship,5389,2689,-0.047112755,0.12599057,0.17310333
Corrida completa,recording,robots,6461,7903,0.054476272,0.06829666,0.013820391
Corrida completa,bossy,invited,3189,3174,0.06633508,0.04117264,-0.025162444
Corrida completa,button,spun,2170,3000,-0.031476766,0.022554059,0.054030824
Corrida completa,edge,puppet,3132,7671,0.092227995,0.0045294445,-0.08769855
Corrida completa,twinkle,vo,6377,1075,0.0706267,0.035803676,-0.034823023
Corrida completa,fam,surround,865,4527,-0.014281136,0.081175946,0.095457084
Corrida completa,screwd,stolen,7180,6242,-0.05850615,-0.16364098,-0.10513483
Corrida completa,shouldn,study,4325,3290,-0.004539269,-0.042079613,-0.037540343
Corrida completa,healthy,snee,2165,3440,-0.016946938,0.002585318,0.019532256
Corrida completa,expl,fashion,753,5495,0.081669174,-0.030009245,-0.11167842
Corrida completa,Bluey,tells,6940,2553,-0.04387752,-0.20743187,-0.16355434
Corrida completa,drinks,following,5426,4839,4.0614977e-05,-0.048805937,-0.04884655
Corrida completa,beeped,going,8172,950,-0.011200942,-0.059365217,-0.048164275
Corrida completa,pract,replace,2191,5127,0.032292806,0.03798386,0.005691055
Corrida completa,polishing,valued,6046,6253,0.034968488,0.24100512,0.20603663
Corrida completa,roots,snee,6262,3440,0.008187586,-0.12233857,-0.13052616
Corrida completa,came,grin,622,4575,0.015142471,-0.0650328,-0.08017527
Corrida completa,mess,notebook,1261,4071,0.008377096,0.13524358,0.12686649
Corrida completa,rainy,rod,7396,3952,-0.07404192,-0.0800698,-0.006027885
Corrida completa,diffic,twist,2996,2944,-0.082125925,-0.06510721,0.017018713
Corrida completa,harbor,weeke,4854,6619,0.111594185,0.047425993,-0.06416819
Corrida completa,Rose,pi,3289,1532,-0.034086622,-0.1501826,-0.11609598
Corrida completa,ber,stre,3155,1799,-0.00023549795,-0.06473398,-0.064498484
Corrida completa,scold,tablet,4047,7410,-0.03695491,-0.0019149184,0.03503999
Corrida completa,grinned,share,5273,951,0.08999082,0.049607065,-0.040383752
Corrida completa,Buddy,looking,3964,1031,0.08923126,0.00697466,-0.0822566
Corrida completa,To,encouraged,1598,5055,0.12364571,0.1689115,0.045265794
Corrida completa,museum,prin,4324,1260,-0.059757743,-0.04677452,0.012983222
Corrida completa,mushrooms,tools,7074,3167,0.09174608,0.37678182,0.28503573
Corrida completa,belts,cryst,7409,3850,0.0067085186,-0.059900563,-0.066609085
Corrida completa,Bobo,roaring,3492,5847,-0.024943441,-0.006960403,0.017983038
Corrida completa,health,safety,6607,4746,0.0017778659,0.0998091,0.09803124
Corrida completa,began,greet,1249,5925,0.02680488,-0.059304632,-0.08610951
Corrida completa,reverse,vi,4883,4024,0.03679856,-0.049684495,-0.086483054
Corrida completa,during,rainy,5263,7396,0.029723736,0.10328627,0.07356253
Corrida completa,shel,und,3438,7338,-0.03223379,-0.14713562,-0.114901826
Corrida completa,proper,triangles,7181,7139,0.0061999187,-0.124247566,-0.13044748
Corrida completa,es,ground,1952,975,0.0320417,-0.09430361,-0.1263453
Corrida completa,nest,universe,2015,5347,-0.046102945,0.26596043,0.31206337
Corrida completa,memories,number,4397,2709,-0.057069305,0.07427402,0.13134332
Corrida completa,sharp,surface,2172,5871,-0.05596976,-0.060014367,-0.0040446073
Corrida completa,hedge,unt,3863,794,0.0074747466,-0.0892615,-0.09673625
Corrida completa,disob,reliable,7505,3144,-0.10645236,0.025892926,0.13234529
Corrida completa,Taking,cott,8005,6338,-0.103797846,-0.12331274,-0.019514896
Corrida completa,Pippin,rides,7536,5570,0.023406485,0.035443492,0.012037007
Corrida completa,Nothing,why,6660,1309,0.008679815,0.15457965,0.14589983
Corrida completa,Bun,likes,4583,1428,-0.040709212,-0.10789322,-0.06718401
Corrida completa,activity,garbage,7941,7482,0.021306956,0.07069389,0.049386933
Corrida completa,conflict,preparing,7424,7351,0.059362568,0.019487476,-0.03987509
Corrida completa,ended,stood,4064,2523,0.0065014325,0.23514232,0.22864088
Corrida completa,det,east,6767,5809,-0.10356642,-0.07084598,0.032720447
Corrida completa,S,chewed,298,5306,0.023471987,-0.03368652,-0.057158507
Corrida completa,Dan,hosp,5015,2620,-0.023691915,-0.0035253055,0.02016661
Corrida completa,cans,disturbed,6313,5580,-0.026873376,-0.037198953,-0.010325577
Corrida completa,lazy,outfit,2764,6043,0.010176642,0.110044554,0.09986791
Corrida completa,lot,screwdriver,662,7219,0.048141427,0.025975864,-0.022165563
Corrida completa,emergency,minutes,5835,2660,0.06766005,0.029930051,-0.037729997
Corrida completa,Gary,receive,7660,5272,-0.11610893,-0.122391164,-0.0062822327
Corrida completa,Jessica,pl,6452,352,0.089968875,-0.081223354,-0.17119223
Corrida completa,disagree,kn,6080,479,-0.06834422,0.110839665,0.17918389
Corrida completa,conn,wrapping,6522,6830,-0.056595556,0.01224621,0.06884177
Corrida completa,Floppy,fallen,5692,4786,0.04698085,0.019902505,-0.027078345
Corrida completa,def,hur,6397,2641,-0.08034325,0.100861475,0.18120472
Corrida completa,crunch,teles,5022,7523,-0.050217308,-0.09836835,-0.04815104
Corrida completa,mistakes,snack,4553,1731,0.007884614,0.097686216,0.0898016
Corrida completa,El,barn,6736,3019,0.13838127,-0.034593206,-0.17297448
Corrida completa,thr,tug,1008,4769,0.045433708,-0.06474501,-0.11017872
Corrida completa,impress,wizard,3487,5009,-0.05111134,-0.025544709,0.025566632
Corrida completa,aut,web,4561,5838,-0.115649566,-0.09222265,0.023426913
Corrida completa,die,paying,7125,6527,0.09014852,0.05012359,-0.040024932
Corrida completa,He,ribb,314,4157,0.07781221,0.09839645,0.02058424
Corrida completa,exercises,reef,7740,4162,-0.05121569,0.18111451,0.2323302
Corrida completa,fuel,recorded,5037,6032,-0.06805852,-0.01309045,0.05496807
Corrida completa,awesome,nobody,6197,3824,0.0012234068,-0.10329079,-0.1045142
Corrida completa,fresh,pulling,3324,5081,0.021389456,0.050926328,0.029536871
Corrida completa,hole,wigg,1404,4639,-0.03160047,-0.08502935,-0.053428877
Corrida completa,bak,pizz,5213,2540,0.09785698,0.11497615,0.01711917
Corrida completa,exam,hated,2680,5326,-0.035449214,-0.08324984,-0.047800623
Corrida completa,comm,got,6174,613,-0.021808837,-0.02521193,-0.0034030937
Corrida completa,the,three,263,1178,0.009331145,0.044099353,0.03476821
Corrida completa,easy,study,2632,3290,-0.013069276,0.075817175,0.088886455
Corrida completa,ang,squeaked,2946,7697,-0.17028363,-0.04865031,0.12163332
Corrida completa,miss,sadder,1981,8181,-0.12312802,-0.06688711,0.05624091
Corrida completa,fart,gent,5907,1482,-0.044150047,0.13738894,0.181539
Corrida completa,needs,toaster,3047,7101,-0.15577254,-0.1310226,0.024749935
Corrida completa,glue,measuring,2874,5204,-0.035090737,0.104607575,0.13969831
Corrida completa,available,blond,3934,8015,0.07640352,-0.026879638,-0.10328316
Corrida completa,crow,loops,4440,7608,-0.033382647,-0.0032369504,0.030145697
Corrida completa,knee,walked,2425,927,0.018553412,-0.0057705455,-0.024323957
Corrida completa,appreciated,for,7464,366,-0.039745405,0.10098311,0.14072852
Corrida completa,figures,showed,7775,1085,-0.05501859,-0.09351695,-0.038498364
Corrida completa,bone,our,2698,1161,-0.047034025,-0.07801794,-0.030983917
Corrida completa,popcorn,prot,3375,2208,0.13649683,0.044229027,-0.0922678
Corrida completa,catch,z,1313,1192,-0.004771583,-0.05169579,-0.046924207
Corrida completa,Ash,afterwards,6640,6639,-0.025277603,0.053095922,0.07837352
Corrida completa,begin,declared,5558,8077,-0.0004051188,0.04314096,0.043546077
Corrida completa,crumbs,sand,6215,1227,-0.04253458,0.12808615,0.17062072
Corrida completa,higher,mil,1816,2054,0.03012381,0.007094009,-0.0230298
Corrida completa,let,searching,915,3337,0.16175395,0.0728503,-0.08890365
Corrida completa,form,haircut,8090,4228,0.0202843,0.13199823,0.11171392
Corrida completa,gent,suitcase,1482,5977,0.11897154,-0.10047349,-0.21944503
Corrida completa,baking,field,4329,1650,-0.048602797,0.15095183,0.19955462
Corrida completa,knee,picnic,2425,2283,-0.0014067879,0.052148517,0.053555306
Corrida completa,bars,rising,6426,6708,0.09675953,0.035147972,-0.061611556
Corrida completa,Everyday,mixer,5111,4080,-0.011004692,-0.13038078,-0.119376086
Corrida completa,mailman,yourself,4833,2752,0.072938226,0.10580169,0.03286346
Corrida completa,hel,toss,2654,7954,-0.058041282,0.05335342,0.1113947
Corrida completa,Ryan,bakery,7728,6530,-0.068395436,0.021020705,0.08941614
Corrida completa,refrigerator,son,5008,3272,-0.022415275,0.14074697,0.16316225
Corrida completa,fauc,prob,4409,7501,-0.017983679,-0.006148502,0.0118351765
Corrida completa,stealing,wet,5664,1557,-0.08665662,0.10451611,0.19117273
Corrida completa,posit,shadows,7593,5550,0.041924357,0.071724564,0.029800206
Corrida completa,jam,triangles,3185,7139,-0.011244097,0.22432733,0.23557143
Corrida completa,began,design,1249,3220,0.031990018,-0.012441846,-0.044431865
Corrida completa,achie,earthquake,4945,5395,0.066070914,-0.03771628,-0.1037872
Corrida completa,Both,rolling,6352,3910,-0.049321197,-0.121905774,-0.07258458
Corrida completa,Tuesday,puff,5808,7129,0.10072771,0.06689455,-0.033833154
Corrida completa,heavier,tube,6894,4121,0.0297641,0.095195964,0.06543186
Corrida completa,Bird,grip,6405,8045,0.06896137,-0.026145449,-0.09510682
Corrida completa,elderly,loves,2904,2257,-0.007076271,0.007969901,0.015046172
Corrida completa,growing,minutes,3482,2660,0.01849372,-0.07581414,-0.09430786
Corrida completa,Cl,laugh,3836,1418,0.03167801,-0.07238339,-0.104061395
Corrida completa,gloomy,poppy,3736,5399,0.12649739,0.15956524,0.033067852
Corrida completa,seesaw,softly,6176,4269,0.067327544,0.14213794,0.0748104
Corrida completa,behaving,cautiously,7162,6425,0.00041779876,-0.07228159,-0.07269939
Corrida completa,scoop,slam,5527,6714,0.06867261,0.16441408,0.095741466
Corrida completa,gasp,humble,7058,3594,0.05260233,0.01614036,-0.036461968
Corrida completa,Ben,listening,487,4041,-0.013142748,0.057397105,0.070539854
Corrida completa,Princess,fauc,6615,4409,0.0020016432,0.0058725215,0.0038708784
Corrida completa,scrat,touching,3360,5869,-0.044296823,-0.04613971,-0.0018428862
Corrida completa,laug,table,700,1469,0.06192681,-0.06946714,-0.13139395
Corrida completa,learns,passengers,6192,7104,0.07145381,-0.016699187,-0.088153
Corrida completa,grassy,yach,6606,4137,0.034600347,0.07526722,0.04066687
Corrida completa,sticking,swimsuit,6160,6863,-0.030833872,-0.05897163,-0.028137757
Corrida completa,appro,begged,4628,5013,0.07767915,-0.0670889,-0.14476806
Corrida completa,calend,soaking,4933,7589,0.14695793,0.13683146,-0.0101264715
Corrida completa,die,eld,7125,2810,0.014737302,0.1681495,0.1534122
Corrida completa,ide,speed,980,3640,0.07774402,0.019814152,-0.05792987
Corrida completa,last,pumpkins,2348,6909,-0.18877566,-0.05669826,0.1320774
Corrida completa,cir,has,2042,1034,-0.13430549,-0.021182638,0.11312285
Corrida completa,bugs,couch,2442,2339,0.053259026,0.1963678,0.14310877
Corrida completa,V,helping,5068,1750,-0.031295743,-0.14269882,-0.11140308
Corrida completa,batter,dis,3295,1071,-0.011935874,-0.077260934,-0.06532506
Corrida completa,officers,violin,7877,4360,0.0076098293,0.050918065,0.043308236
Corrida completa,bookshelf,puzzles,5152,4900,0.058913644,0.37172204,0.3128084
Corrida completa,football,reun,3897,7275,-0.08990611,-0.06753017,0.022375941
Corrida completa,manag,save,7206,2463,0.06311208,0.056100316,-0.0070117638
Corrida completa,loading,soon,7325,936,-0.1539044,-0.039375857,0.11452854
Corrida completa,laid,stairs,5161,3404,-0.074416764,-0.09518324,-0.020766474
Corrida completa,flip,pastels,7795,6076,-0.048211835,-0.010897243,0.037314594
Corrida completa,finished,pine,1398,4502,-0.053416032,-0.13306448,-0.07964845
Corrida completa,except,masks,7654,6613,-0.086842686,-0.14195006,-0.05510737
Corrida completa,Doggy,imagined,6757,3446,0.041952305,-0.16851068,-0.21046299
Corrida completa,cool,deaf,1336,3794,0.11201715,0.17354676,0.061529614
Corrida completa,masterpiece,recognize,7646,5612,-0.044364225,0.08854786,0.13291208
Corrida completa,balan,wheels,4935,3686,0.05438544,-0.18475017,-0.23913561
Corrida completa,Sl,praised,7820,4880,0.036561787,0.009188546,-0.027373241
Corrida completa,team,ventured,2755,6070,-0.019927356,-0.12961254,-0.10968518
Corrida completa,strawberries,wife,4826,4372,0.08567842,0.10673037,0.02105195
Corrida completa,afar,hides,7828,7156,0.0078099445,0.013381209,0.005571265
Corrida completa,restore,stamp,4950,3296,0.1470995,0.15572621,0.008626714
Corrida completa,Benny,mar,1464,1540,-0.07041925,-0.11839995,-0.047980696
Corrida completa,inspired,scrambled,7870,7705,0.0711254,0.06805388,-0.0030715242
Corrida completa,bridge,emerged,2676,7813,0.1233168,0.11407198,-0.009244822
Corrida completa,adventur,laughs,2899,3217,0.0057774424,-0.09523736,-0.1010148
Corrida completa,backed,whistling,6505,5128,0.08376855,-0.06540156,-0.1491701
Corrida completa,mother,muff,1542,4010,-0.1093994,-0.04773747,0.06166193
Corrida completa,admired,can,3284,480,-0.019942697,-0.00544779,0.014494907
Corrida completa,careful,secrets,853,5413,0.035648413,0.18254453,0.14689612
Corrida completa,Judy,oatmeal,6963,7448,-0.016004875,0.0510329,0.067037776
Corrida completa,contin,shr,1440,2250,-0.012991309,0.292189,0.3051803
Corrida completa,Mittens,giraffe,2303,4368,-0.033658095,0.18372644,0.21738455
Corrida completa,found,trophy,592,3987,-0.11552924,-0.0050937347,0.1104355
Corrida completa,opera,times,4664,3207,0.029196978,0.05881246,0.029615484
Corrida completa,heartbroken,taller,7602,4957,-0.044395458,0.17943843,0.22383389
Corrida completa,hospital,pra,2625,4598,0.016663648,-0.041786645,-0.058450293
Corrida completa,Stop,die,5943,7125,0.027636115,0.083347425,0.05571131
Corrida completa,goodbye,vi,1136,4024,-0.08202058,-0.055023037,0.026997544
Corrida completa,dan,waffle,941,4970,0.0934109,0.062901,-0.030509904
Corrida completa,Bee,start,7499,530,0.034699377,-0.11513494,-0.14983432
Corrida completa,searching,squish,3337,6556,0.02032017,-0.016585726,-0.036905896
Corrida completa,purple,truly,2020,5964,0.029146474,-0.077114165,-0.10626064
Corrida completa,Jess,bookcase,4716,4703,-0.05538226,0.028670397,0.08405265
Corrida completa,Everyone,coats,1206,5062,0.07483465,-0.053345356,-0.12818001
Corrida completa,breaking,tremb,5715,5287,0.06630976,-0.03379773,-0.10010749
Corrida completa,Pin,lab,7764,3330,0.06733971,0.058374323,-0.008965388
Corrida completa,picked,staying,998,6407,0.025018988,0.010671601,-0.0143473875
Corrida completa,blankets,dip,4592,7312,0.036895223,0.036262266,-0.0006329566
Corrida completa,Just,golf,2441,3913,-0.0930336,-0.072888896,0.020144701
Corrida completa,scattered,yelling,4853,5689,0.027781641,0.05468905,0.026907409
Corrida completa,cliff,ye,4796,1118,-0.114413165,-0.14540121,-0.030988045
Corrida completa,clum,prevent,3355,4504,-0.070065856,0.11133519,0.18140104
Corrida completa,appl,fair,4203,1432,-0.07020729,-0.09261711,-0.022409819
Corrida completa,replaced,tablet,6395,7410,-0.02944957,-0.0805355,-0.05108593
Corrida completa,embarrass,sweets,6597,6037,-0.0056860223,-0.061271627,-0.055585604
Corrida completa,O,aff,2070,6389,-0.049567953,0.23823076,0.2877987
Corrida completa,jumping,oppos,2503,7916,-0.041578848,-0.015754469,0.02582438
Corrida completa,customers,hospital,8035,2625,0.011317436,0.12395215,0.11263472
Corrida completa,driveway,hills,7508,4755,-0.010341324,0.079122014,0.08946334
Corrida completa,Quick,needles,7404,6738,-0.06477957,-0.03747137,0.027308203
Corrida completa,Li,ne,6771,401,-0.0962815,0.063541435,0.15982294
Corrida completa,battle,continued,7462,1485,-0.093920596,0.040236972,0.13415757
Corrida completa,ben,lighter,1971,6717,0.030394621,0.027118042,-0.003276579
Corrida completa,enjoyed,escape,1409,3150,0.052100882,0.087789826,0.035688944
Corrida completa,challen,poured,5157,3341,-0.11268127,-0.10087214,0.011809133
Corrida completa,all,ripped,474,5614,-0.010900912,0.0032649785,0.01416589
Corrida completa,countryside,valu,5975,3146,-0.13753074,-0.057749737,0.07978101
Corrida completa,restless,stopped,3760,1032,0.027003724,0.04777118,0.020767454
Corrida completa,bricks,walls,5172,3145,-0.12932055,0.32822153,0.45754206
Corrida completa,destroyed,rag,4940,4272,-0.09190276,-0.066101484,0.025801279
Corrida completa,today,watch,1851,1099,-0.015295424,-0.043960422,-0.028664999
Corrida completa,desp,dive,6049,4127,-0.000623405,0.099965595,0.100589
Corrida completa,Zero,worker,6982,6286,0.045965225,0.2038161,0.15785088
Corrida completa,Emily,worrying,2308,7598,0.0640015,0.068039104,0.0040376037
Corrida completa,granddaughter,stack,7946,3807,-0.018253714,-0.11238034,-0.09412663
Corrida completa,col,travelled,899,6646,0.0010330379,-0.03512831,-0.03616135
Corrida completa,change,flashing,2831,8112,-0.012482832,0.20699938,0.21948221
Corrida completa,adorable,follow,3967,1128,0.008111291,0.021843087,0.013731796
Corrida completa,holiday,items,4471,5485,0.023279436,0.02586571,0.0025862735
Corrida completa,kitchen,ribb,1226,4157,-0.0065150894,-0.055735327,-0.049220238
Corrida completa,beautiful,papers,870,4261,0.027341438,0.15357643,0.126235
Corrida completa,sure,took,1117,659,0.009838685,0.016675767,0.006837081
Corrida completa,fountain,mouth,3224,1760,0.12316019,0.22094283,0.097782634
Corrida completa,boring,thoughts,2735,7594,0.053273592,0.20271406,0.14944047
Corrida completa,embarrass,prayer,6597,6066,0.02862284,0.028958399,0.00033555925
Corrida completa,Milly,ve,5365,1706,-0.08292603,-0.18153635,-0.09861032
Corrida completa,not,shut,395,3581,0.04983341,-0.18832725,-0.23816067
Corrida completa,Lizzie,spot,6406,1357,0.009675712,0.0149895325,0.00531382
Corrida completa,King,bouncing,4974,4525,-0.08210693,-0.12144639,-0.03933946
Corrida completa,belongs,slides,4544,3589,-0.11836034,0.054274354,0.17263469
Corrida completa,blackboard,lect,4751,5243,0.017435359,-0.02690148,-0.04433684
Corrida completa,teacher,thirsty,1838,3370,-0.022724047,0.020120082,0.04284413
Corrida completa,Momo,families,6228,6327,0.06452134,0.14487657,0.08035523
Corrida completa,escaped,sponge,5340,7007,0.011754194,-0.038137536,-0.049891733
Corrida completa,grap,slither,3122,7595,0.048162665,0.07032256,0.022159893
Corrida completa,stepped,stretching,1758,5662,-0.0008381959,0.07148594,0.072324134
Corrida completa,harbor,scar,4854,2561,0.08812004,0.02199409,-0.06612595
Corrida completa,Sun,strawber,6920,3080,0.091595165,0.017412907,-0.07418226
Corrida completa,concert,dod,7837,7189,-0.046367493,-0.2001274,-0.1537599
Corrida completa,astronaut,sal,6777,2309,-0.0102904625,0.049067907,0.05935837
Corrida completa,against,probably,2984,7512,-0.0023639323,0.06435301,0.06671695
Corrida completa,dro,kicking,1354,6030,0.070722386,-0.0667967,-0.13751909
Corrida completa,Tess,poison,6482,4917,-0.119202375,0.007333629,0.12653601
Corrida completa,wag,yawn,7294,3771,0.023221243,0.16079155,0.1375703
Corrida completa,Earth,mate,6283,7382,0.036461562,0.19178405,0.15532249
Corrida completa,j,sense,444,6534,-0.06990862,0.04516402,0.11507264
Corrida completa,belongs,trump,4544,3534,0.11715939,-0.06947118,-0.18663058
Corrida completa,spaceship,trophy,5568,3987,-0.10678646,0.16988578,0.27667224
Corrida completa,had,train,359,1764,0.112822644,0.0009890087,-0.11183363
Corrida completa,guessed,reindeer,5454,4171,-0.002731435,-0.010122054,-0.0073906193
Corrida completa,ambulance,wealthy,4479,3276,-0.012436343,0.1812043,0.19364065
Corrida completa,future,serious,5183,3372,-0.15152961,0.12549418,0.2770238
Corrida completa,glowed,happen,5112,1868,-0.078959,0.013896964,0.09285597
Corrida completa,flea,hurting,4461,4770,0.041459236,-0.04211981,-0.08357905
Corrida completa,countryside,months,5975,7363,0.00027740095,0.1981905,0.1979131
Corrida completa,pause,right,6348,1106,-0.049422327,-0.10223518,-0.052812856
Corrida completa,hers,mountains,5052,5352,0.0049173348,0.10737176,0.102454424
Corrida completa,Am,cowb,5615,6672,-0.066181175,0.20571013,0.2718913
Corrida completa,father,todd,2852,6454,-0.07231019,-0.09011,-0.01779981
Corrida completa,medic,whatever,2761,5561,-0.097838394,0.0076261386,0.10546453
Corrida completa,Miss,glad,5001,1229,-0.01883018,-0.0543703,-0.03554012
Corrida completa,asked,ends,511,8098,-0.04386971,-0.061322,-0.017452288
Corrida completa,exploring,travell,1915,5649,0.0025282502,-0.023277573,-0.025805824
Corrida completa,Friend,cheerful,6595,3062,0.010863451,-0.03077012,-0.04163357
Corrida completa,costum,walked,3273,927,0.073395655,0.012701957,-0.060693696
Corrida completa,delicate,whisper,3398,4554,-0.027167864,0.05389747,0.081065334
Corrida completa,cand,why,2769,1309,-0.052703153,-0.0126907425,0.04001241
Corrida completa,hugged,stays,780,6636,-0.054522876,-0.012410056,0.04211282
Corrida completa,and,our,265,1161,-0.03567838,0.031160824,0.0668392
Corrida completa,camp,sea,3756,1881,-0.09141296,0.21419865,0.3056116
Corrida completa,back,bucket,486,1936,-0.04483068,0.0004604347,0.045291115
Corrida completa,muffins,their,6017,460,0.014994217,-0.11942164,-0.13441585
Corrida completa,fountain,grocery,3224,5211,0.0137970345,0.07956761,0.065770574
Corrida completa,satis,tail,5230,1609,0.08864391,-0.034801185,-0.12344509
Corrida completa,fears,spill,6884,5456,0.03582015,0.082074106,0.046253957
Corrida completa,Els,playing,6342,607,0.053977557,0.057441678,0.0034641214
Corrida completa,helpless,quiz,3846,4784,-0.06257813,0.040469848,0.103047974
Corrida completa,cell,yelled,4685,2594,0.049804766,-0.0036620274,-0.053466793
Corrida completa,ice,navy,1423,5370,0.010154306,0.17870872,0.16855441
Corrida completa,buckets,forgave,5822,4019,0.023136588,-0.06896989,-0.09210648
Corrida completa,jump,near,862,1087,0.06871485,0.10251064,0.03379579
Corrida completa,Nemo,rained,3256,5377,0.03222789,0.007987268,-0.02424062
Corrida completa,darl,sna,8118,2619,-0.0682816,-0.0035920702,0.06468953
Corrida completa,thanked,weird,839,3057,-0.07762416,-0.15183006,-0.074205905
Corrida completa,at,head,452,1104,0.09997849,0.08186388,-0.018114612
Corrida completa,hats,stung,3176,7067,0.033883125,0.049626186,0.015743062
Corrida completa,release,slip,5982,5424,-0.08539499,0.10953489,0.19492988
Corrida completa,garden,tummy,846,3197,-0.00025042333,0.07089388,0.071144305
Corrida completa,fixing,mer,5229,6959,0.026783437,-0.15669598,-0.18347941
Corrida completa,experien,sunf,6704,3336,-0.059638735,-0.0703734,-0.010734666
Corrida completa,balloons,serious,3030,3372,-0.032753307,0.052758165,0.085511476
Corrida completa,soaring,underground,5552,5627,0.0009667557,0.045315214,0.044348456
Corrida completa,birdie,dogs,3294,2872,-0.052973904,0.18431024,0.23728415
Corrida completa,blackboard,electric,4751,7963,-0.023191627,-0.051104166,-0.027912538
Corrida completa,B,orange,371,1968,0.050779473,0.0006852392,-0.050094232
Corrida completa,hurting,revealed,4770,5374,-0.0777722,0.1157688,0.19354099
Corrida completa,Ru,footsteps,8102,7901,0.07193625,-0.06487076,-0.13680701
Corrida completa,pir,se,2690,439,0.008706,0.21075584,0.20204984
Corrida completa,chocolates,fa,7664,537,-0.13522597,-0.14824876,-0.013022795
Corrida completa,harsh,neatly,3949,6952,0.022623226,0.046101466,0.02347824
Corrida completa,picnics,wasted,8167,6390,0.05906556,0.0055213133,-0.05354425
Corrida completa,accomplish,one,6424,626,-0.010426053,-0.0765056,-0.06607955
Corrida completa,comput,first,3333,1187,0.01676422,-0.03321651,-0.04998073
Corrida completa,U,accidentally,3249,2076,0.011608794,0.06273326,0.05112447
Corrida completa,crowns,helpless,8106,3846,-0.0008976534,-0.012840778,-0.011943124
Corrida completa,feathers,plane,2823,2179,0.012067325,0.19759518,0.18552786
Corrida completa,hoo,scraped,8084,7103,-0.0072758757,-0.057567894,-0.05029202
Corrida completa,stom,swan,4181,3115,-0.06820677,-0.083340876,-0.015134104
Corrida completa,concert,des,7837,1960,-0.035146132,-0.0075617656,0.027584367
Corrida completa,move,read,1408,1375,0.0078124693,0.15983582,0.15202335
Corrida completa,rabbit,shr,1103,2250,-0.022549976,-0.13324034,-0.11069037
Corrida completa,model,unl,5049,3140,-0.05757083,-0.03983888,0.01773195
Corrida completa,instrum,measure,6601,2876,-0.013160993,0.082825586,0.09598658
Corrida completa,H,toil,308,4421,-0.11772638,0.022749491,0.14047587
Corrida completa,beat,fish,5295,1077,0.04314568,-0.0053653345,-0.048511013
Corrida completa,birdc,nodd,5145,8094,-0.05041176,-0.004700236,0.045711525
Corrida completa,Poppy,crowd,5591,5956,-0.13610813,-0.0074922014,0.12861593
Corrida completa,Luckily,moments,6392,4892,-0.07813968,0.11813575,0.19627543
Corrida completa,becoming,trumpet,5937,3628,0.01725128,-0.027993746,-0.045245025
Corrida completa,cleaning,remove,3194,4857,-0.043065816,0.19608548,0.2391513
Corrida completa,Sharing,fisher,5619,4236,0.0626536,-0.007088069,-0.06974167
Corrida completa,balance,collection,3065,5163,0.007888222,0.077429265,0.069541045
Corrida completa,behaving,belongings,7162,7662,-0.0009377673,0.007116135,0.008053903
Corrida completa,bleed,meowing,5088,8138,-0.06679421,0.20140505,0.26819927
Corrida completa,Poppy,cherry,5591,4777,0.024212983,0.1124322,0.08821921
Corrida completa,package,planting,3781,7572,-0.03714758,0.010439707,0.04758729
Corrida completa,memories,sty,4397,4987,0.047755107,-0.11851342,-0.16626853
Corrida completa,six,weren,5519,5373,0.0054055145,-0.090307906,-0.09571342
Corrida completa,Jen,notice,1610,3247,0.065190256,-0.15124483,-0.21643509
Corrida completa,boys,ranch,2893,5177,0.042078104,0.12087159,0.07879348
Corrida completa,angels,wag,7905,7294,-0.09963688,-0.05999035,0.039646532
Corrida completa,ap,within,2204,7921,0.039043166,-0.04580027,-0.084843434
Corrida completa,snowflakes,sure,7872,1117,-0.043728314,-0.046831816,-0.003103502
Corrida completa,open,wrist,1182,6367,0.0034634313,0.09459531,0.09113188
Corrida completa,cra,enemy,1350,8096,0.15617105,0.03636512,-0.11980593
Corrida completa,arr,stone,6791,2465,-0.027754983,-0.19692573,-0.16917075
Corrida completa,belonged,dust,3021,3547,-0.03068284,-0.11880036,-0.08811752
Corrida completa,environment,planning,8184,6873,-0.05272159,0.038809188,0.09153078
Corrida completa,four,wise,3104,1947,-0.031747624,0.05291185,0.08465947
Corrida completa,bowls,zipped,6543,5289,0.13142051,0.011152681,-0.12026782
Corrida completa,heads,looks,4410,1344,-0.0141122285,0.050654612,0.06476684
Corrida completa,kite,paintbrush,2052,7804,0.08392751,0.1923259,0.10839839
Corrida completa,dipped,sunset,6361,4202,0.052871495,0.0653709,0.012499407
Corrida completa,ele,weal,1735,3118,0.06121878,0.11075148,0.0495327
Corrida completa,complete,pops,4183,7531,0.05982826,0.10638147,0.04655321
Corrida completa,bother,crowd,4691,5956,0.11596148,0.30618235,0.19022088
Corrida completa,int,lear,687,4040,0.010753952,-0.015596484,-0.026350435
Corrida completa,Timmy,fetch,514,6010,0.05029536,0.09751638,0.04722102
Corrida completa,bit,squished,1197,7962,-0.0037012734,0.048156295,0.05185757
Corrida completa,disob,twinkling,7505,5799,0.0458273,0.0046335757,-0.041193724
Corrida completa,Thanks,ride,7057,1608,0.0120372735,-0.10790012,-0.11993739
Corrida completa,fut,memory,5174,5267,0.021415878,0.05567557,0.03425969
Corrida completa,scissors,stadium,2740,4976,0.12829477,0.11449236,-0.013802409
Corrida completa,cous,somebody,6663,6295,-0.10088746,0.029457524,0.13034499
Corrida completa,grateful,proud,1716,738,0.14765802,0.34263664,0.19497862
Corrida completa,conn,libr,6522,3148,0.009647705,0.16643451,0.1567868
Corrida completa,Happy,dist,6535,1918,-0.024540903,0.07696632,0.101507224
Corrida completa,comput,neat,3333,3673,-0.1396761,0.033966683,0.17364278
Corrida completa,entire,went,5824,467,-0.099872276,-0.10765186,-0.0077795833
Corrida completa,anymore,cookies,1173,1585,0.0065944763,0.08468087,0.07808639
Corrida completa,Squ,lea,6485,1198,0.07326169,0.21762125,0.14435956
Corrida completa,destro,whispered,3570,3416,-0.015499696,-0.14267002,-0.12717032
Corrida completa,fig,spring,2615,3638,0.13769968,0.045739558,-0.09196012
Corrida completa,Can,chopped,1347,7257,0.0654687,-0.06370051,-0.12916921
Corrida completa,app,squealed,1078,6213,0.0722555,0.04305453,-0.029200971
Corrida completa,cookies,flipped,1585,8051,-0.009057915,-0.028652359,-0.019594444
Corrida completa,dull,seems,3363,6189,-0.06827056,0.05166508,0.11993563
Corrida completa,marshmallows,reun,7244,7275,0.011076743,-0.057161428,-0.06823817
Corrida completa,ex,snuggle,463,7006,0.0057930322,0.11676582,0.110972784
Corrida completa,focus,lun,8139,6553,-0.03136426,-0.014020324,0.017343935
Corrida completa,changed,spade,3292,4815,-0.11630061,-0.09548854,0.020812072
Corrida completa,reading,x,3663,5487,0.07762594,-0.028252855,-0.10587879
Corrida completa,corners,creation,7211,5498,-0.0811809,0.087710775,0.16889167
Corrida completa,higher,wood,1816,1376,0.005027298,0.24116434,0.23613705
Corrida completa,Lilly,vacation,4386,4905,0.021721326,0.02155225,-0.00016907603
Corrida completa,grate,slides,1699,3589,-0.028578108,-0.0007081013,0.027870007
Corrida completa,Je,discovered,5488,2838,-0.042855628,-0.17042527,-0.12756965
Corrida completa,cobwebs,weeke,7579,6619,0.036434412,-0.06727821,-0.10371262
Corrida completa,mother,pen,1542,1693,-0.046486955,0.103799224,0.15028618
Corrida completa,half,kitten,3463,2412,0.005639158,0.018387131,0.012747973
Corrida completa,cow,realised,2007,2886,0.083294824,-0.07462436,-0.15791918
Corrida completa,melted,miles,4969,6370,-0.0152615495,0.17449634,0.18975788
Corrida completa,Lily,finishing,364,7231,-0.037496004,-0.07883732,-0.041341316
Corrida completa,Nick,holds,6669,3671,0.038517866,-0.039849207,-0.07836707
Corrida completa,lesson,response,1364,7347,0.04589287,0.24158205,0.19568919
Corrida completa,carrot,reason,1763,7205,-0.13445549,-0.009027503,0.12542799
Corrida completa,magnif,sailed,8066,2774,-0.029643342,0.14703271,0.17667605
Corrida completa,potatoes,stern,5468,6364,-0.028275928,-0.0054177456,0.022858182
Corrida completa,dam,everyone,5818,1072,0.04934975,-0.038387977,-0.087737724
Corrida completa,glasses,separate,6460,4507,0.070269585,0.08350718,0.013237596
Corrida completa,jud,test,7897,2597,0.10630523,0.039289955,-0.067015275
Corrida completa,boy,suits,524,7374,0.020208947,0.067880824,0.047671877
Corrida completa,echoed,fing,7329,2108,-0.00995123,-0.011147825,-0.0011965949
Corrida completa,differe,shovel,1115,4215,0.024866354,0.044131473,0.019265119
Corrida completa,hardly,wires,4816,6325,-0.013163817,-0.14506832,-0.1319045
Corrida completa,forward,wolf,2419,2609,-0.052486394,-0.036638856,0.015847538
Corrida completa,as,decorated,417,5642,0.038936496,-0.07245471,-0.11139121
Corrida completa,ag,bak,539,5213,-0.051692054,0.17432702,0.22601907
Corrida completa,Everything,true,3765,2720,-0.013734853,-0.14963135,-0.1358965
Corrida completa,Cla,message,5548,3968,-0.105955444,-0.22930418,-0.123348735
Corrida completa,scarecrow,tornado,7907,5119,-0.020599391,0.28516993,0.30576932
Corrida completa,Rock,humble,7175,3594,0.019304723,-0.012556452,-0.031861175
Corrida completa,breeze,sweep,4448,8030,0.11897561,0.112197824,-0.0067777857
Corrida completa,cracked,vehic,6324,4629,0.006671801,0.059046496,0.052374694
Corrida completa,math,way,3679,869,-0.043276183,-0.025778614,0.01749757
Corrida completa,cuts,stuffed,6252,4170,0.065293744,0.024571195,-0.04072255
Corrida completa,eventually,forgave,2331,4019,-0.057684608,-0.007230336,0.050454274
Corrida completa,fridge,min,2992,1848,-0.049081318,-0.11456341,-0.065482095
Corrida completa,drifted,pirates,6477,4521,-0.114895746,-0.08219794,0.032697804
Corrida completa,Nina,onward,6968,7249,-0.103839286,-0.1318996,-0.02806031
Corrida completa,dangers,pond,7801,1296,0.06084246,0.012063216,-0.04877924
Corrida completa,material,soaking,7509,7589,-0.07976805,-0.15017644,-0.07040839
Corrida completa,Beth,bir,5632,527,-0.093412295,-0.14787027,-0.054457977
Corrida completa,clearing,tip,5282,5586,0.0407009,-0.0009327233,-0.041633625
Corrida completa,cooking,inviting,3569,6232,0.051186882,0.067932874,0.016745992
Corrida completa,fl,unicorn,599,5588,0.013607319,-0.06152565,-0.075132966
Corrida completa,simply,vac,7966,4724,0.0733177,-0.029836033,-0.103153735
Corrida completa,George,speaking,4001,6449,0.053865165,-0.03582629,-0.08969145
Corrida completa,cho,doorbell,1728,8162,-0.1148978,-0.073873356,0.041024446
Corrida completa,closer,saf,1143,2186,0.08593457,-0.048001338,-0.13393591
Corrida completa,bricks,gust,5172,5090,0.029063236,0.063370444,0.034307208
Corrida completa,Jack,vehicles,803,7698,0.09970628,0.09544326,-0.0042630136
Corrida completa,leaned,pretends,4190,6343,-0.079264954,-0.010164966,0.069099985
Corrida completa,Snow,calmed,4217,6476,0.09108436,0.05585142,-0.035232943
Corrida completa,allig,settle,4199,5427,-0.19347396,-0.15993991,0.03353405
Corrida completa,counter,flood,4336,5207,-0.008757105,0.006577261,0.015334366
Corrida completa,playtime,warmer,7300,7458,-0.07519458,0.10168901,0.1768836
Corrida completa,freed,rustling,6133,7076,0.09856582,0.10957902,0.011013202
Corrida completa,encouraging,sweep,7307,8030,0.05640338,0.0112021975,-0.045201182
Corrida completa,jour,named,1869,494,0.1115856,0.062001154,-0.04958445
Corrida completa,triang,trop,4043,3950,0.06482218,0.076861955,0.012039773
Corrida completa,discoveries,watching,7808,2130,-0.01765079,-0.06937019,-0.051719397
Corrida completa,Lisa,ang,2485,2946,-0.015753942,-0.10238274,-0.0866288
Corrida completa,battery,father,4789,2852,-0.09980147,0.10217331,0.20197478
Corrida completa,clapped,responsib,1829,7640,-0.04028102,0.004643224,0.044924244
Corrida completa,cheap,safer,3350,6208,0.05026803,0.25477445,0.20450643
Corrida completa,wherever,woman,5223,2154,0.006336583,-0.098606996,-0.10494358
Corrida completa,minutes,nice,2660,787,-0.10409024,-0.05261945,0.051470794
Corrida completa,became,saus,1134,4241,0.13016425,0.101274095,-0.028890155
Corrida completa,decided,lonely,616,1887,-0.025869647,-0.09028215,-0.064412504
Corrida completa,complet,earth,3525,3475,0.0059904307,0.083690315,0.077699885
Corrida completa,leaving,shock,3429,5921,-0.097449616,0.013972655,0.11142227
Corrida completa,I,clicked,339,8176,0.07096468,0.02110533,-0.04985935
Corrida completa,dest,squished,2779,7962,0.019455474,-0.100140005,-0.11959548
Corrida completa,herself,obeyed,1430,8174,-0.08432552,-0.09833729,-0.0140117705
Corrida completa,concert,rhinoceros,7837,4315,0.046529796,0.15295097,0.10642117
Corrida completa,dirty,someone,1797,1498,0.0041486807,-0.14320265,-0.14735132
Corrida completa,Stitch,neighbor,7463,2254,0.08849241,0.23047659,0.14198418
Corrida completa,circles,rolled,3054,2209,0.058962286,0.20995092,0.15098864
Corrida completa,aisle,pupil,7874,5407,-0.0361616,0.020597175,0.056758776
Corrida completa,grin,slices,4575,6539,-0.036843054,0.0485252,0.08536825
Corrida completa,fast,prun,850,6117,0.0009641722,-0.012085834,-0.013050006
Corrida completa,Billy,ang,1536,2946,-0.0637423,-0.032388628,0.031353675
Corrida completa,Joanne,alarm,8142,4609,-0.04052025,-0.0048624594,0.035657793
Corrida completa,camera,rever,3271,4294,-0.043621063,-0.1487338,-0.10511273
Corrida completa,storm,touch,2138,1331,-0.0042380206,0.043032885,0.047270905
Corrida completa,enorm,seagull,3198,6113,-0.07839224,-0.066765,0.0116272345
Corrida completa,examined,million,5539,8069,0.014391061,0.061550796,0.047159735
Corrida completa,delayed,muscles,7910,5727,-0.0032068212,-0.020777475,-0.017570654
Corrida completa,Well,provide,7394,5096,0.008182098,-0.107652634,-0.115834735
Corrida completa,inviting,ways,6232,3288,0.06687109,-0.07364951,-0.1405206
Corrida completa,captain,delay,4980,4745,-0.009298626,0.14473796,0.15403658
Corrida completa,For,cook,6094,1174,0.04674374,0.059491687,0.012747947
Corrida completa,deser,tid,5950,2334,0.027240835,0.20594287,0.17870203
Corrida completa,near,season,1087,5812,0.10111648,-0.013348751,-0.11446523
Corrida completa,incre,sadly,4699,3681,0.073584445,0.019669412,-0.05391503
Corrida completa,Anna,turns,792,1921,-0.013380609,0.03855618,0.05193679
Corrida completa,Jessie,raced,6413,3254,-0.016647443,-0.066317685,-0.04967024
Corrida completa,gazed,intelligent,6127,3701,0.042636275,-0.062110387,-0.10474666
Corrida completa,camping,storm,6033,2138,-0.07869038,0.14683458,0.22552496
Corrida completa,ang,toddler,2946,6879,0.03808441,-0.05564572,-0.09373013
Corrida completa,slower,voices,6947,5658,0.009950928,0.14436379,0.13441285
Corrida completa,emb,roots,2284,6262,0.0754609,-0.07058887,-0.14604977
Corrida completa,bumps,gazing,6545,7755,-0.025014684,0.0116511565,0.036665842
Corrida completa,bird,results,535,7377,0.041563585,-0.0071212538,-0.04868484
Corrida completa,separ,silly,3840,1645,-0.08402544,-0.04189343,0.042132013
Corrida completa,Its,mill,4872,3643,-0.013236739,-0.05317205,-0.03993531
Corrida completa,great,placed,1055,3575,0.0155589115,0.03184855,0.016289638
Corrida completa,Brown,rushing,3011,7164,0.02297398,-0.013010502,-0.035984483
Corrida completa,sister,windows,1688,3690,-0.0313678,-0.013791053,0.017576749
Corrida completa,control,printer,5891,5659,0.011630404,0.16749352,0.15586312
Corrida completa,prepared,races,5386,7304,-0.023694973,0.0007224493,0.024417423
Corrida completa,ce,changing,2113,7395,0.044863187,0.009524655,-0.035338532
Corrida completa,ladyb,scrat,5690,3360,-0.11608272,0.1594981,0.27558082
Corrida completa,bel,efforts,1160,7352,-0.011210737,0.011377001,0.022587739
Corrida completa,steak,thermomet,4334,4741,0.06934836,0.06908391,-0.0002644509
Corrida completa,other,tempt,572,6859,-0.13584173,0.062888786,0.19873051
Corrida completa,nut,shout,2532,1102,-0.00035771728,0.105041,0.105398715
Corrida completa,nodd,secret,8094,1892,-0.05147212,0.024590144,0.07606226
Corrida completa,appreciation,mar,7120,1540,0.028179806,0.058546055,0.03036625
Corrida completa,mor,outside,1125,674,0.037573338,-0.0900207,-0.12759404
Corrida completa,bedtime,unhappy,6429,4188,-0.053422958,0.3236112,0.37703416
Corrida completa,breathing,car,7668,569,0.060548358,0.045175493,-0.015372865
Corrida completa,pain,presses,1194,7288,0.001640954,-0.0372475,-0.038888454
Corrida completa,eaten,soldiers,4618,5171,0.023554303,0.09001565,0.06646135
Corrida completa,flapped,toward,4574,7479,0.12774725,0.13172664,0.003979385
Corrida completa,darlings,promises,8144,7000,-0.0029473808,0.04451397,0.047461353
Corrida completa,onion,squishy,4033,6973,0.14319992,0.23291993,0.08972001
Corrida completa,behaved,burying,6661,7326,-0.048240755,0.017218154,0.06545891
Corrida completa,Who,spirit,4890,4125,-0.051418964,-0.027830988,0.023587976
Corrida completa,digging,hor,4984,2114,-0.039249837,-0.079997346,-0.04074751
Corrida completa,boy,butterfly,524,1412,0.07232925,0.21905228,0.14672303
Corrida completa,exch,fountain,7982,3224,0.0043016374,-0.11322908,-0.11753072
Corrida completa,fears,swe,6884,3210,0.10833144,0.002096794,-0.10623465
Corrida completa,close,skipping,1443,5298,-0.004742209,0.02530265,0.03004486
Corrida completa,Daddy,hanging,1798,4549,-0.03255804,-0.11891621,-0.086358175
Corrida completa,cone,usual,3339,6194,-0.11774948,-0.12671742,-0.008967936
Corrida completa,li,suff,378,4708,-0.00095837936,0.19213697,0.19309536
Corrida completa,petted,unite,5425,5091,0.012698064,0.027571458,0.014873395
Corrida completa,blackboard,peppers,4751,6823,0.12838386,0.20296451,0.074580655
Corrida completa,cones,lions,5802,4155,-0.011112334,0.20646593,0.21757826
Corrida completa,glue,shrinking,2874,6693,-0.100111656,0.10598579,0.20609745
Corrida completa,Su,sway,4562,5980,-0.12361506,-0.11972456,0.0038904995
Corrida completa,burst,weap,6705,4866,-0.0024364311,0.03997529,0.042411722
Corrida completa,afford,dive,6786,4127,-0.030783191,0.019403925,0.05018712
Corrida completa,crying,picture,1785,1037,-0.036803212,0.0976361,0.13443932
Corrida completa,cry,lions,987,4155,-0.007492871,0.102529556,0.110022426
Corrida completa,Jeff,rolls,6052,6186,-0.004826024,-0.088327445,-0.08350142
Corrida completa,conversation,fine,7582,2935,-0.0055695027,0.017709713,0.023279216
Corrida completa,slices,wild,6539,2276,-0.006441451,-0.11193709,-0.10549564
Corrida completa,looked,meet,516,2211,0.018341769,0.09640346,0.078061685
Corrida completa,racing,tries,5270,2371,0.05227803,0.06495483,0.0126768015
Corrida completa,away,beloved,549,6730,0.05263131,0.041938677,-0.010692634
Corrida completa,bounce,pitch,3282,5356,-0.010022582,0.16941255,0.17943513
Corrida completa,Bun,beetle,4583,3361,-0.014219396,0.13724698,0.15146637
Corrida completa,al,baseball,501,4478,-0.07698968,-0.0740461,0.0029435828
Corrida completa,low,sink,3268,3546,0.002606241,0.077614516,0.07500827
Corrida completa,caulif,reef,3989,4162,0.029380769,-0.02563408,-0.05501485
Corrida completa,Jim,mix,1709,1787,-0.110346094,-0.040684182,0.069661915
Corrida completa,hundred,well,7918,1963,0.034747787,0.04799273,0.013244942
Corrida completa,towards,welcome,1653,1895,-0.055594757,0.02140895,0.07700371
Corrida completa,enormous,need,3204,785,-0.1203322,-0.11932251,0.0010096878
Corrida completa,applaud,instrum,4508,6601,0.0029435456,0.05285528,0.049911734
Corrida completa,handing,puppy,7763,1546,0.15208334,-0.059170015,-0.21125335
Corrida completa,Prin,germs,6491,8113,-0.0069763865,0.019777436,0.026753822
Corrida completa,from,hur,573,2641,-0.014276665,-0.05217079,-0.037894126
Corrida completa,U,angel,3249,3285,0.06229379,-0.017848186,-0.08014198
Corrida completa,exercise,toes,4919,4819,0.06443481,0.20939636,0.14496155
Corrida completa,Pip,crashed,5708,5247,0.14841706,-0.07479081,-0.22320786
Corrida completa,forgets,shoulder,7259,4379,0.041656934,-0.0038144235,-0.045471355
Corrida completa,included,tun,5797,2251,-0.049328126,-0.16224153,-0.11291341
Corrida completa,eng,vict,3600,5687,-0.017537817,0.09607917,0.11361699
Corrida completa,bead,squ,6184,1116,-0.032807536,-0.034944102,-0.0021365657
Corrida completa,angry,sit,949,1622,0.0952941,-0.029920844,-0.12521495
Corrida completa,hats,puzzle,3176,2603,-0.046282787,0.0018862206,0.04816901
Corrida completa,For,key,6094,1977,0.0016451329,-0.090121515,-0.09176665
Corrida completa,stare,wonderful,6083,1459,-0.08215101,-0.02093216,0.06121885
Corrida completa,Their,show,2567,715,0.09216872,-0.06788237,-0.16005108
Corrida completa,encourag,g,7138,290,0.06533609,0.14940512,0.08406903
Corrida completa,boats,leap,3431,6227,-0.0005604131,0.055949986,0.0565104
Corrida completa,Rover,picture,6860,1037,-0.024138685,0.042606212,0.066744894
Corrida completa,blast,pirate,7052,3474,-0.07299175,-0.002725372,0.07026638
Corrida completa,deal,revealed,6506,5374,-0.026328266,0.070603766,0.09693203
Corrida completa,exerc,unf,4295,6394,-0.04060586,0.15275234,0.1933582
Corrida completa,best,shouted,835,1267,-0.003379278,0.015251797,0.018631075
Corrida completa,fills,four,7634,3104,0.050960183,-0.08558914,-0.13654932
Corrida completa,birds,opin,1204,5757,0.0175288,-0.08979096,-0.107319765
Corrida completa,beaut,repeating,842,7667,0.112032875,-0.0020274445,-0.11406032
Corrida completa,bits,ma,7527,1010,-0.0149732195,0.07906014,0.09403336
Corrida completa,Lizzie,automob,6406,4700,0.05243651,-0.18390201,-0.23633853
Corrida completa,Mike,fara,3636,6169,-0.010187771,0.059643004,0.069830775
Corrida completa,dist,swords,1918,7252,0.040050164,-0.028951991,-0.06900215
Corrida completa,tong,yel,4844,7718,-0.021872383,-0.027455486,-0.0055831037
Corrida completa,jacket,wallet,3468,4124,-0.025424289,0.3614819,0.3869062
Corrida completa,necklace,tangled,2578,6723,-0.015251856,0.15653986,0.17179172
Corrida completa,hats,part,3176,1306,-0.08318895,-0.075195685,0.007993266
Corrida completa,Gigi,kid,6492,1209,-0.033880584,0.08463231,0.11851289
Corrida completa,parent,probably,4603,7512,-0.04314077,-0.03429325,0.00884752
Corrida completa,explore,poems,957,6834,-0.01804854,0.01961229,0.03766083
Corrida completa,chirp,gazed,4402,6127,0.04425604,0.12577169,0.08151565
Corrida completa,Please,scampered,2536,7145,-0.05925364,-0.0472057,0.012047939
Corrida completa,reward,today,3378,1851,-0.095124885,0.2158684,0.31099328
Corrida completa,project,sweetheart,5941,4194,0.029413836,0.16596065,0.13654682
Corrida completa,pic,swings,948,1880,-0.053716168,-0.11340217,-0.059686005
Corrida completa,face,waited,1144,1615,0.05844086,-0.0011797212,-0.05962058
Corrida completa,Froggy,complain,7744,4640,-0.027667193,-0.0249377,0.0027294923
Corrida completa,page,pants,4346,3651,0.11135332,0.18626395,0.074910626
Corrida completa,leop,mind,3707,2297,-0.025651347,-0.05100534,-0.025353994
Corrida completa,compet,fallen,3111,4786,0.10110711,0.034462497,-0.06664462
Corrida completa,movies,stories,5900,1906,-0.0927932,0.18070906,0.27350226
Corrida completa,kindness,oven,2988,2306,-0.060091436,0.041663397,0.10175483
Corrida completa,straight,tummy,4466,3197,-0.095852904,0.09371172,0.18956462
Corrida completa,landsc,min,5652,1848,-0.10281595,0.11130386,0.2141198
Corrida completa,logs,suddenly,6504,1833,-0.041996963,0.09659628,0.13859324
Corrida completa,hill,sneeze,1437,5044,-0.16880018,0.015855571,0.18465574
Corrida completa,oat,vegetable,4007,2461,-0.010791646,0.2926925,0.30348417
Corrida completa,built,cons,3267,7892,-0.0005408712,-0.030457415,-0.029916544
Corrida completa,prin,rocks,1260,1924,0.01245521,-0.13677797,-0.14923318
Corrida completa,fed,worked,5242,1337,0.0098810885,0.083467826,0.07358674
Corrida completa,Being,room,6322,763,-0.0044102445,-0.06398789,-0.059577644
Corrida completa,giving,jewel,3001,3040,-0.07044795,-0.1853784,-0.11493045
Corrida completa,corners,spoke,7211,3674,-0.03164886,-0.053788476,-0.022139616
Corrida completa,figure,sausages,2932,6068,-0.007910147,0.06815895,0.076069094
Corrida completa,focus,posit,8139,7593,-0.0062438063,0.064004175,0.07024798
Corrida completa,grabbing,skunk,6900,6923,-0.021857522,-0.15324652,-0.13138899
Corrida completa,admired,mod,3284,2978,0.031291,-0.12722915,-0.15852016
Corrida completa,card,stream,2322,3094,0.06316122,0.091017246,0.02785603
Corrida completa,mister,so,5428,347,0.0310096,0.01277918,-0.01823042
Corrida completa,flav,puppy,5277,1546,-0.01663542,-0.107642345,-0.09100693
Corrida completa,flex,married,3517,4537,-0.026115464,-0.039063193,-0.012947729
Corrida completa,difficult,excitedly,3014,3264,0.034377925,0.08115305,0.046775125
Corrida completa,Abby,wipe,6634,4677,0.03597735,-0.068983436,-0.104960784
Corrida completa,almost,top,2511,1304,-0.025310509,-0.1726204,-0.1473099
Corrida completa,also,artist,1013,6529,0.05723243,-0.01865082,-0.07588325
Corrida completa,fog,tuck,4543,7222,-0.007944385,-0.03147492,-0.023530537
Corrida completa,napkin,scamp,4297,6994,-0.031022482,-0.12492134,-0.093898855
Corrida completa,Mr,Rain,1815,7827,0.036697328,-0.052555118,-0.08925244
Corrida completa,alert,mean,3862,1114,-0.014997795,0.22448629,0.23948409
Corrida completa,mermaid,wake,7745,3230,-0.071024776,-0.094458684,-0.023433909
Corrida completa,confused,en,2314,739,-0.027304359,-0.08983861,-0.06253425
Corrida completa,Jamie,middle,6027,2745,-0.04525951,0.018488523,0.06374803
Corrida completa,shed,tube,5058,4121,0.125505,0.26071173,0.13520673
Corrida completa,softly,suggested,4269,3229,0.068370536,0.07246849,0.0040979534
Corrida completa,rolls,seats,6186,5379,0.08855874,0.09122595,0.002667211
Corrida completa,huge,pointy,1997,6758,-0.030345183,0.25476032,0.2851055
Corrida completa,does,forgets,1175,7259,-0.11763713,0.066242024,0.18387915
Corrida completa,possible,simp,5334,4931,0.03754327,-0.0035605677,-0.04110384
Corrida completa,beh,warri,1247,6903,-0.026917676,0.09164326,0.11856093
Corrida completa,While,doorway,3479,7659,0.076624036,-0.08969279,-0.16631682
Corrida completa,Jenny,grew,2405,2458,-0.028455183,-0.1204768,-0.092021614
Corrida completa,emer,magic,5175,1270,-0.016799964,0.050418995,0.06721896
Corrida completa,least,sill,7086,7621,-0.0545134,-0.055536862,-0.0010234639
Corrida completa,satisfied,searching,5606,3337,0.015747065,0.05152803,0.035780966
Corrida completa,Nemo,wear,3256,1711,0.08247039,-0.083729446,-0.16619983
Corrida completa,brother,sweet,1222,1207,0.038748518,-0.02923383,-0.067982346
Corrida completa,complete,wand,4183,2976,-0.03885734,0.010208298,0.04906564
Corrida completa,jacket,pretended,3468,2367,0.033996586,0.0074986853,-0.0264979
Corrida completa,Flopsy,allig,6807,4199,-0.03419174,-0.11450491,-0.080313176
Corrida completa,min,nuts,1848,3749,0.07481307,-0.08122964,-0.15604271
Corrida completa,counter,early,4336,3560,0.06367515,0.14448272,0.08080757
Corrida completa,fan,seagulls,2082,7914,-0.07052638,0.11655262,0.187079
Corrida completa,bloom,overjoyed,2974,5553,0.09181301,0.16016726,0.06835425
Corrida completa,Polly,outdo,3951,5595,-0.017949503,-0.1361036,-0.11815409
Corrida completa,arrows,pears,6611,5756,0.037562724,0.28872657,0.25116384
Corrida completa,Who,blew,4890,2353,0.13329607,-0.010564614,-0.14386068
Corrida completa,believe,pupils,1793,7353,0.017585624,0.015990168,-0.0015954562
Corrida completa,eating,relax,1808,2714,-0.0002998747,0.06522636,0.06552623
Corrida completa,cliff,understand,4796,1465,0.020955011,-0.06232489,-0.0832799
Corrida completa,beautiful,spun,870,3000,0.06491181,-0.030156653,-0.09506847
Corrida completa,flips,hugs,7687,1957,0.06464816,0.1560359,0.09138774
Corrida completa,off,spell,781,3808,0.011442976,0.03276054,0.021317562
Corrida completa,fairies,sparkling,6523,4731,0.029611941,0.16474456,0.13513261
Corrida completa,breeze,they,4448,362,0.12802562,-0.0076343827,-0.13566001
Corrida completa,c,norm,276,3035,-0.022113023,0.26778892,0.28990194
Corrida completa,anx,licked,3558,2894,0.08248356,-0.022735719,-0.105219275
Corrida completa,roaring,scen,5847,7318,-0.12285641,-0.1176983,0.0051581115
Corrida completa,ref,swayed,3119,7913,-0.06283225,-0.15819892,-0.09536667
Corrida completa,norm,stole,3035,5772,-0.004751537,-0.1500271,-0.14527556
Corrida completa,drifted,squash,6477,3563,0.041490212,-0.04474154,-0.08623175
Corrida completa,c,fire,276,1236,0.063984916,-0.009608394,-0.07359331
Corrida completa,Everyday,nuzz,5111,7385,-0.08054961,-0.14948103,-0.068931416
Corrida completa,cracked,included,6324,5797,0.031958915,0.07764679,0.045687877
Corrida completa,foods,marshmallow,5688,7080,-0.055748645,0.011356948,0.06710559
Corrida completa,fox,released,1648,5882,-0.009604097,-0.01951763,-0.009913533
Corrida completa,maybe,n,2499,295,-0.06815352,0.0047512418,0.072904766
Corrida completa,don,fears,863,6884,0.027474089,-0.009867286,-0.037341375
Corrida completa,couldn,unicorn,736,5588,-0.003238203,-0.10445094,-0.10121274
Corrida completa,Louise,stat,7291,3484,0.023109552,0.007602643,-0.015506908
Corrida completa,east,fit,5809,2029,0.100242116,0.011685779,-0.088556334
Corrida completa,bubbles,pans,2930,6782,-0.053104036,0.22284113,0.27594516
Corrida completa,Jessica,mom,6452,365,0.039379235,0.30478805,0.2654088
Corrida completa,goodbye,pepper,1136,3670,-0.03320865,-0.09720778,-0.06399913
Corrida completa,univer,wa,4012,270,0.009051114,0.07724618,0.06819507
Corrida completa,fins,toothbrush,7725,7965,0.034719765,0.15594825,0.12122849
Corrida completa,dinosaurs,folding,5341,6526,-0.0073866984,-0.009795301,-0.0024086023
Corrida completa,invited,thick,3174,2847,0.058109764,-0.062590145,-0.12069991
Corrida completa,covering,greeted,7693,6892,-0.015178004,0.12301838,0.13819638
Corrida completa,scur,super,5206,3835,-0.027033454,0.05650973,0.08354318
Corrida completa,pow,share,3477,951,0.07995348,0.11947598,0.039522506
Corrida completa,Un,out,4460,447,-0.10064044,-0.029206868,0.071433574
Corrida completa,Without,we,6906,367,-0.014217898,-0.003865622,0.010352276
Corrida completa,O,once,2070,2906,0.02378051,-0.003784406,-0.027564917
Corrida completa,Ray,blueberry,7895,5198,-0.03874176,0.05871673,0.09745849
Corrida completa,pa,straw,1171,2942,-0.09612061,-0.08996043,0.0061601773
Corrida completa,blocks,sandwich,1417,2587,0.020673454,0.20142877,0.18075532
Corrida completa,Patty,rides,7695,5570,-0.00578098,-0.03036469,-0.02458371
Corrida completa,a,deserve,259,6893,0.06614265,0.07685092,0.010708272
Corrida completa,Spot,gone,1162,1467,-0.07143718,-0.047406368,0.024030812
Corrida completa,calend,gave,4933,743,0.033888407,-0.09657224,-0.13046065
Corrida completa,bel,wound,1160,6093,-0.0065066107,-0.009608638,-0.0031020269
Corrida completa,buckle,lonely,5336,1887,-0.053885654,-0.105707854,-0.0518222
Corrida completa,alright,slam,5030,6714,-0.1471273,-0.1701254,-0.022998095
Corrida completa,hairdress,pi,7767,1532,-0.02638587,0.00888665,0.03527252
Corrida completa,fin,modest,916,4005,0.116696075,0.10263495,-0.014061123
Corrida completa,Joe,also,1299,1013,0.07435312,0.067499585,-0.006853536
Corrida completa,chases,sea,6085,1881,-0.090205036,-0.09873575,-0.008530714
Corrida completa,lock,x,2798,5487,-0.03167377,0.057238407,0.088912174
Corrida completa,Davey,z,7576,1192,-0.058157496,-0.05977282,-0.0016153231
Corrida completa,curt,mood,3922,7680,0.015185289,-0.016251767,-0.031437054
Corrida completa,Grace,mon,4014,1220,-0.041166067,-0.100980625,-0.059814557
Corrida completa,Both,ants,6352,4139,0.0027798116,-0.013693992,-0.016473804
Corrida completa,smile,veggies,1009,7676,-0.07323843,0.04602575,0.119264185
Corrida completa,env,pretty,3513,965,-0.04288469,-0.14583594,-0.10295124
Corrida completa,clap,tutor,2809,5033,-0.005028,0.014965087,0.019993087
Corrida completa,behind,enthus,1377,3700,-0.070162386,-0.13359873,-0.063436344
Corrida completa,dragon,mixture,1747,6624,-0.0032162052,0.10887919,0.1120954
Corrida completa,Your,cartoons,3552,5307,0.08621851,-0.010085771,-0.09630428
Corrida completa,Clara,oh,4841,7225,0.06708218,-0.0005972646,-0.06767945
Corrida completa,bookshelf,planted,5152,5290,0.034600567,-0.014614642,-0.04921521
Corrida completa,brain,hardly,4910,4816,0.06373274,-0.01724708,-0.080979824
Corrida completa,Lucy,that,1007,357,-0.032952324,-0.047053315,-0.014100991
Corrida completa,embarrassed,encourag,2424,7138,0.08144722,-0.00444554,-0.08589276
Corrida completa,ow,wine,3433,4871,-0.088961944,0.013319554,0.102281496
Corrida completa,months,shop,7363,1942,-0.10603194,0.024347719,0.13037966
Corrida completa,grabbing,kids,6900,1298,0.041971095,-0.073520325,-0.11549142
Corrida completa,mention,par,5071,2236,-0.09055842,0.06557378,0.15613219
Corrida completa,Chirp,church,5218,4656,0.038058292,0.06723739,0.0291791
Corrida completa,bikes,swayed,4178,7913,-0.048081137,0.040815353,0.08889649
Corrida completa,Gr,sleeping,6203,3564,-0.07826153,-0.037149094,0.041112438
Corrida completa,drop,neat,2802,3673,-0.106240824,-0.10378094,0.0024598837
Corrida completa,earthqu,tied,5291,3516,0.008043865,-0.049623094,-0.057666957
Corrida completa,dive,welcomed,4127,4253,0.053216718,0.000707794,-0.052508924
Corrida completa,burned,fence,4548,1871,0.08222664,-0.025528952,-0.107755594
Corrida completa,half,lifting,3463,7118,0.10214163,-0.018300453,-0.120442085
Corrida completa,snowflakes,temper,7872,6451,-0.0130729955,0.05307927,0.06615227
Corrida completa,rooms,trade,4718,4884,0.039014973,-0.03406257,-0.073077545
Corrida completa,nuts,used,3749,1286,0.05513014,-0.040434163,-0.095564306
Corrida completa,few,moved,1534,1902,-0.10575971,0.045668777,0.15142849
Corrida completa,duck,stay,1307,888,-0.018047068,-0.038995124,-0.020948056
Corrida completa,head,importance,1104,6087,0.06973867,0.063167684,-0.0065709874
Corrida completa,certain,conversation,7311,7582,-0.07546161,-0.16985086,-0.094389245
Corrida completa,especially,musician,2751,4775,-0.0845093,0.057501964,0.14201126
Corrida completa,dolls,spid,1757,2175,0.0761276,-0.07128164,-0.14740925
Corrida completa,Today,fluttering,3180,6623,0.007020727,-0.088094905,-0.09511563
Corrida completa,camp,healing,3756,7134,0.06964884,0.08049799,0.010849148
Corrida completa,gained,mind,5569,2297,-0.008772425,0.053262807,0.062035233
Corrida completa,People,rabbits,5126,4956,-0.030099701,0.22315374,0.25325343
Corrida completa,teeth,tweet,2409,7987,0.041926228,0.0568578,0.014931571
Corrida completa,observed,song,6178,1493,-0.095160216,0.039080802,0.13424101
Corrida completa,passing,request,5990,4690,0.07955705,0.008105874,-0.07145117
Corrida completa,costume,shore,4044,2558,-0.09821374,0.039100282,0.13731402
Corrida completa,beneath,sp,5469,448,0.109842405,-0.07815785,-0.18800026
Corrida completa,Doggy,purse,6757,3769,-0.099434756,0.061578415,0.16101317
Corrida completa,rained,whistling,5377,5128,-0.018445883,0.17375581,0.19220169
Corrida completa,shopping,taxi,5391,4191,0.002377946,0.20330492,0.20092697
Corrida completa,bec,upset,628,1896,0.085731424,-0.11708239,-0.2028138
Corrida completa,gonna,prevented,7360,8173,0.050690427,0.05916366,0.008473232
Corrida completa,counter,dangerous,4336,1776,-0.050740384,0.041423913,0.09216429
Corrida completa,meal,moo,3489,7247,0.06655697,0.062307507,-0.004249461
Corrida completa,crawl,suits,2754,7374,0.097001195,0.09109114,-0.005910054
Corrida completa,Daisy,replaced,1488,6395,0.011179412,-0.09485741,-0.10603682
Corrida completa,calendar,pigeons,4941,7737,-0.018755548,0.15808992,0.17684546
Corrida completa,melting,soaring,6372,5552,-0.10773398,0.08071756,0.18845154
Corrida completa,garden,pouring,846,5787,0.07434068,-0.052238986,-0.12657967
Corrida completa,m,scooped,281,4898,-0.043407813,0.084174916,0.12758273
Corrida completa,edges,slid,7194,2294,-0.07692536,-0.0017785463,0.07514682
Corrida completa,completed,ordinary,5695,3622,-0.075733185,-0.032393858,0.043339327
Corrida completa,attention,germs,4298,8113,0.0029878486,0.09534906,0.09236121
Corrida completa,among,wears,6716,6684,-0.044508845,0.018767776,0.06327662
Corrida completa,Water,shoo,6488,7652,-0.03179365,0.07516652,0.10696018
Corrida completa,lucky,scooped,2120,4898,0.06907522,-0.123024605,-0.19209982
Corrida completa,caterp,scarves,2658,6608,0.02878178,-0.01665651,-0.04543829
Corrida completa,surrounded,vegetables,5308,2712,-0.03812737,-0.004571235,0.033556134
Corrida completa,Spike,struggling,4968,5038,-0.013940703,0.025070779,0.039011482
Corrida completa,bump,sank,3448,7146,-0.09461154,0.1368801,0.23149164
Corrida completa,ice,knots,1423,7685,0.0120370295,0.09788275,0.08584572
Corrida completa,coffee,immediately,3958,4838,-0.092264175,-0.041963596,0.05030058
Corrida completa,curled,teacher,5208,1838,-0.033046585,-0.08454409,-0.051497508
Corrida completa,chair,leapt,1873,7379,0.04043965,0.029600834,-0.010838816
Corrida completa,any,statue,707,3689,-0.091161005,0.035927042,0.12708804
Corrida completa,masterpiece,purse,7646,3769,0.060861185,0.19291411,0.13205293
Corrida completa,Bun,mother,4583,1542,-0.040466648,0.0112302415,0.05169689
Corrida completa,balloon,upstairs,1587,5095,0.0071919337,0.13309138,0.12589943
Corrida completa,gift,grabbed,2037,1184,-0.027884226,-0.10443254,-0.07654831
Corrida completa,competitive,journal,3739,4474,0.011843363,0.11268982,0.10084646
Corrida completa,lettuce,treasures,6825,3970,0.0017011873,0.09148003,0.08977884
Corrida completa,playtime,revealed,7300,5374,0.09643231,0.106260635,0.009828322
Corrida completa,nearly,s,7233,260,0.04253883,0.12216115,0.07962232
Corrida completa,armchair,repeated,4335,6126,0.05564735,0.0042439625,-0.05140339
Corrida completa,embarrassed,vac,2424,4724,0.08537161,-0.117059946,-0.20243156
Corrida completa,riverbank,start,8165,530,-0.08139549,0.041039962,0.12243545
Corrida completa,guess,loop,3006,4168,-0.10389295,-0.011302978,0.092589974
Corrida completa,naughty,suggested,1944,3229,-0.015334815,-0.009539855,0.00579496
Corrida completa,corners,toss,7211,7954,0.034871213,0.08942574,0.05455453
Corrida completa,raz,swung,4730,4418,-0.0044800714,-0.014974292,-0.010494221
Corrida completa,Nemo,Suddenly,3256,1044,-0.024671633,-0.041082777,-0.016411144
Corrida completa,rich,stirring,3048,5741,-0.11243248,-0.06870338,0.043729097
Corrida completa,bus,oats,1203,5387,0.03513465,0.15694343,0.121808775
Corrida completa,Abigail,whisp,5439,2576,0.058323808,-0.039848022,-0.09817183
Corrida completa,secure,strength,6440,4494,-0.050294414,0.048818365,0.09911278
Corrida completa,Jul,comm,4642,6174,-0.082386784,0.20416436,0.28655115
Corrida completa,Louise,suitcase,7291,5977,0.034085702,0.13501343,0.100927725
Corrida completa,Martha,miner,7701,4659,0.049919844,0.14242087,0.09250103
Corrida completa,cane,your,4353,638,-0.004857337,-0.09165958,-0.086802244
Corrida completa,Nemo,spade,3256,4815,-0.01716045,0.13784261,0.15500306
Corrida completa,prob,wondered,7501,2028,-0.01563019,-0.030182682,-0.014552493
Corrida completa,already,flav,3053,5277,0.028663429,0.031787284,0.0031238552
Corrida completa,apologize,hor,5466,2114,-0.01800557,-0.09859248,-0.08058691
Corrida completa,Sue,made,1167,559,-0.06421523,-0.063260086,0.0009551421
Corrida completa,Angel,grinned,7673,5273,0.0123066865,0.0815794,0.06927271
Corrida completa,beam,mysterious,6709,2566,0.055716973,0.0035045743,-0.0522124
Corrida completa,choose,pride,3102,4907,-0.07117371,-0.03192453,0.03924918
Corrida completa,Later,yogurt,5203,4540,-0.04396989,-0.08768977,-0.043719884
Corrida completa,Pam,slices,6740,6539,0.020094926,0.05823098,0.038136058
Corrida completa,Stitch,cott,7463,6338,0.0010168846,0.0067892484,0.005772364
Corrida completa,mu,opening,582,6305,0.016937207,-0.042171024,-0.05910823
Corrida completa,parts,whose,5054,7475,-0.103931226,-0.04170332,0.062227905
Corrida completa,luggage,pours,5122,7383,-0.03964577,-0.12826657,-0.088620804
Corrida completa,Abby,asking,6634,2741,-0.040900983,-0.055065263,-0.01416428
Corrida completa,pirates,speed,4521,3640,-0.08331781,0.034117833,0.11743564
Corrida completa,recorded,towel,6032,2923,-0.031022333,-0.121206,-0.09018367
Corrida completa,Ashley,find,7380,633,0.0840194,-0.0019321712,-0.085951574
Corrida completa,realize,sil,5657,2928,-0.02734562,-0.11296961,-0.08562399
Corrida completa,cr,spo,1154,2132,0.021559633,0.28350544,0.2619458
Corrida completa,learnt,melted,4050,4969,0.028561164,-0.088075854,-0.11663702
Corrida completa,hidden,trucks,2508,3097,-0.036057033,-0.080804855,-0.044747822
Corrida completa,hear,wrote,1453,2842,-0.044085376,0.13235614,0.17644152
Corrida completa,merma,veil,7537,4674,0.046848297,-0.059795506,-0.1066438
Corrida completa,learn,trump,693,3534,0.0051258,-0.12745264,-0.13257845
Corrida completa,hunter,lines,3782,5607,-0.046320543,-0.05321771,-0.0068971664
Corrida completa,dollars,seek,7054,2683,0.032478385,0.05279021,0.020311825
Corrida completa,V,confused,5068,2314,0.026293252,0.028487539,0.0021942873
Corrida completa,new,winked,575,6410,0.055119604,0.09563851,0.04051891
Corrida completa,newspap,sparkles,5129,5092,-0.03722342,-0.072203256,-0.034979835
Corrida completa,fur,hor,1576,2114,0.1336309,0.05400386,-0.07962704
Corrida completa,between,pants,4300,3651,0.08784461,-0.041889943,-0.12973455
Corrida completa,Christmas,pages,6278,4942,-0.092606634,0.045480084,0.13808672
Corrida completa,face,pin,1144,2534,-0.003936794,0.12290742,0.12684421
Corrida completa,handful,trembled,6654,7140,0.06455968,-0.00035303738,-0.06491272
Corrida completa,Sam,toss,686,7954,-0.091091335,-0.0071362266,0.08395511
Corrida completa,cat,whoever,705,7959,-0.0914071,-0.05987784,0.03152926
Corrida completa,al,edge,501,3132,0.034300905,0.021205954,-0.0130949505
Corrida completa,corn,plane,1882,2179,-0.051059354,0.19491147,0.24597082
Corrida completa,For,playtime,6094,7300,0.07764474,0.016979735,-0.060665008
Corrida completa,Elly,source,7319,6808,-0.083481684,-0.042563178,0.040918507
Corrida completa,hopped,river,1352,1717,-0.08534645,-0.051950544,0.03339591
Corrida completa,bicycle,impress,4045,3487,0.0057968143,-0.04422772,-0.05002453
Corrida completa,glob,independ,8100,3191,-0.050668467,-0.03444606,0.016222406
Corrida completa,prov,seems,4094,6189,-0.017884176,-0.030193808,-0.012309631
Corrida completa,Sally,temp,1457,4149,-0.022597251,-0.12588654,-0.10328929
Corrida completa,diving,furry,6500,2326,0.065726906,0.09204709,0.026320182
Corrida completa,inside,stad,735,4973,-0.012334121,0.04729511,0.05962923
Corrida completa,partic,seeker,6118,6939,-0.065452434,0.054544,0.119996436
Corrida completa,bru,wadd,7500,6629,0.08726607,0.31952333,0.23225726
Corrida completa,mer,otter,6959,3557,0.077056944,-0.041075848,-0.11813279
Corrida completa,beans,sill,4888,7621,0.070503876,0.1532068,0.08270292
Corrida completa,bakery,sorry,6530,742,-0.034141086,0.048936456,0.08307754
Corrida completa,gets,newspap,2817,5129,0.108955726,0.09820649,-0.010749236
Corrida completa,destination,sheet,4811,4248,0.040381853,0.08417067,0.043788817
Corrida completa,def,powerful,6397,2611,0.05741681,-0.0027668024,-0.060183614
Corrida completa,ref,scurried,3119,5743,0.05499334,0.07585449,0.020861149
Corrida completa,Fred,yach,3211,4137,0.019664833,-0.022949249,-0.04261408
Corrida completa,drifted,recognize,6477,5612,-0.008983143,-0.10961579,-0.100632645
Corrida completa,shout,words,1102,1795,-0.010780635,0.13088033,0.14166096
Corrida completa,liqu,marve,6226,7898,-0.011505274,0.062359914,0.07386519
Corrida completa,downstairs,smo,5647,1856,0.03360621,-0.14107831,-0.17468452
Corrida completa,exercises,flow,7740,826,0.057666905,0.1412788,0.0836119
Corrida completa,ang,yellow,2946,1391,-0.0034356602,0.03561922,0.03905488
Corrida completa,pi,zero,1532,5252,-0.11519921,-0.07884388,0.03635533
Corrida completa,When,sticker,933,3911,0.028676435,-0.12649125,-0.15516768
Corrida completa,creativity,rad,6905,2642,0.009528659,-0.070666194,-0.08019485
Corrida completa,gust,yellow,5090,1391,-0.046654187,-0.11814863,-0.071494445
Corrida completa,Nina,wis,6968,2760,-0.04073353,-0.18422808,-0.14349455
Corrida completa,V,permit,5068,5482,-0.08219333,-0.12989669,-0.047703356
Corrida completa,encouragement,squirrel,7942,1509,-0.07407372,0.056006465,0.13008018
Corrida completa,darkness,past,6231,1841,-0.0010441318,0.06690428,0.06794841
Corrida completa,growing,pulls,3482,4052,0.021637574,0.09829618,0.07665861
Corrida completa,owned,stroll,5640,6264,0.0030641817,0.058171418,0.055107236
Corrida completa,excitement,vibr,2668,8136,-0.06991711,-0.04351445,0.026402663
Corrida completa,exhausted,spray,6129,2384,0.008749202,0.04185751,0.03310831
Corrida completa,plates,towel,4897,2923,-0.008104425,0.2604762,0.26858062
Corrida completa,flick,phone,7759,2336,0.06571521,-0.003913112,-0.06962832
Corrida completa,cobweb,inc,4637,2104,0.023296185,-0.20688957,-0.23018575
Corrida completa,op,twinkled,728,7417,0.030412894,0.11773886,0.08732596
Corrida completa,Today,needed,3180,1383,0.11113836,0.08720508,-0.023933277
Corrida completa,backed,truck,6505,1043,-0.023817085,-0.117360875,-0.09354379
Corrida completa,clock,robber,3385,7421,-0.026021617,0.10027717,0.12629879
Corrida completa,cupboard,famil,3722,5432,-0.026116513,-0.042164467,-0.016047955
Corrida completa,pay,push,2562,2392,0.08976009,0.108099334,0.018339247
Corrida completa,focus,incredible,8139,2913,0.0074664354,-0.021267425,-0.02873386
Corrida completa,hun,sir,1441,4567,0.15153758,0.0037787743,-0.14775881
Corrida completa,glo,useful,5547,3149,-0.018725414,0.006666139,0.025391553
Corrida completa,missile,texture,4997,5840,-0.090649694,-0.0026917364,0.087957956
Corrida completa,figure,girls,2932,5132,0.06797068,0.11754194,0.04957126
Corrida completa,awoke,pumpkin,7540,3342,-0.0047581214,-0.09626819,-0.09151007
Corrida completa,piles,seas,5672,4511,-0.12605083,-0.007206178,0.11884465
Corrida completa,an,cliff,412,4796,-0.015063895,-0.08249329,-0.06742939
Corrida completa,balan,fox,4935,1648,-0.0067464663,-0.08071554,-0.07396907
Corrida completa,buckle,members,5336,7677,0.080401495,-0.020307643,-0.10070914
Corrida completa,edge,quar,3132,4115,-0.05970903,-0.047901638,0.011807393
Corrida completa,Rex,beha,2791,5648,0.0664033,0.025182234,-0.041221067
Corrida completa,Stella,waddled,7159,7121,0.079336226,0.09029028,0.010954052
Corrida completa,persist,tossed,3389,7359,0.055329286,0.03680772,-0.018521566
Corrida completa,rise,someone,4831,1498,-0.09313834,-0.044642996,0.04849534
Corrida completa,belong,drawer,1939,3704,0.008887809,-0.06749769,-0.0763855
Corrida completa,few,gl,1534,873,-0.06785034,0.22409554,0.29194587
Corrida completa,destination,embarra,4811,2329,-0.048718967,-0.0722247,-0.023505732
Corrida completa,helpful,intere,2332,2077,-0.004713899,0.049004838,0.05371874
Corrida completa,smart,sort,1775,4078,-0.003326036,-0.030734463,-0.027408427
Corrida completa,reply,swim,6412,1322,-0.009544454,0.060778026,0.07032248
Corrida completa,Whiskers,hedge,4184,3863,0.05992125,0.16820092,0.108279675
Corrida completa,lun,tug,6553,4769,-0.041387998,0.08384131,0.1252293
Corrida completa,bitten,soapy,8150,8169,-0.07461472,0.13352396,0.20813867
Corrida completa,ventured,visit,6070,1627,0.10798262,-0.025552923,-0.13353555
Corrida completa,spicy,stem,2486,6312,-0.04982339,0.019938648,0.069762036
Corrida completa,separated,terrible,6644,3441,-0.034413636,0.03501794,0.06943157
Corrida completa,Tuna,girl,7010,442,0.06398059,0.16555372,0.10157313
Corrida completa,Whenever,Zip,3173,6938,0.042248473,-0.07563059,-0.11787906
Corrida completa,bell,bother,2338,4691,-0.06682453,-0.0826436,-0.015819065
Corrida completa,discover,score,3588,5078,0.021939255,0.063030295,0.04109104
Corrida completa,Robert,painter,6953,3974,-0.040975437,0.2030666,0.24404204
Corrida completa,deserve,managed,6893,2971,0.04475616,0.2597799,0.21502374
Corrida completa,members,squ,7677,1116,0.040889323,0.0070614545,-0.033827867
Corrida completa,lemonade,toolbox,4752,7902,-0.019885939,0.15767302,0.17755896
Corrida completa,Mum,O,2518,2070,0.110102616,-0.094276585,-0.2043792
Corrida completa,despite,square,7419,3620,0.03137707,-0.18408263,-0.2154597
Corrida completa,mints,shel,7603,3438,0.06307011,0.029029611,-0.0340405
Corrida completa,caterpill,look,2659,673,0.0786968,0.14431497,0.06561817
Corrida completa,blank,spid,1682,2175,-0.06595336,-0.019707516,0.046245843
Corrida completa,bedroom,villag,2593,5465,0.07963185,-0.06753364,-0.14716549
Corrida completa,getting,mane,1510,6353,0.025790188,-0.10964793,-0.13543811
Corrida completa,objects,wider,6547,7141,0.064819075,0.09708552,0.032266445
Corrida completa,accomplish,rat,6424,3161,0.046266418,0.014671741,-0.03159468
Corrida completa,Whenever,consequ,3173,6729,0.09911567,0.10071489,0.0015992224
Corrida completa,covers,sore,6334,5227,-0.021937383,0.014504733,0.036442116
Corrida completa,bathrobe,challenge,5280,5684,0.030252177,0.088801704,0.058549527
Corrida completa,oper,soup,5162,1938,0.06649594,-0.048030432,-0.114526376
Corrida completa,boats,colder,3431,7322,-0.06349762,0.06520943,0.12870705
Corrida completa,outside,weeping,674,6315,0.040129185,0.08715534,0.047026157
Corrida completa,aer,careless,4339,3411,0.024477825,-0.038595535,-0.06307336
Corrida completa,anymore,hugs,1173,1957,0.077231824,0.1127139,0.03548208
Corrida completa,imagined,setting,3446,5026,-0.042585447,-0.05455953,-0.011974081
Corrida completa,Nina,tunn,6968,3043,-0.03690588,-0.036505155,0.00040072575
Corrida completa,chirped,juicy,5201,2845,-0.04465322,0.13280636,0.17745958
Corrida completa,Because,leaving,7850,3429,0.06912169,0.08149247,0.01237078
Corrida completa,skull,touches,4442,7183,0.039966397,-0.04268962,-0.08265602
Corrida completa,anymore,decorate,1173,3843,-0.036929905,0.07082943,0.107759334
Corrida completa,cats,mod,3825,2978,-0.111466035,-0.089992315,0.02147372
Corrida completa,coin,rin,2349,7791,-0.06532526,-0.09385155,-0.028526291
Corrida completa,collar,fridge,3728,2992,0.060182534,0.13274029,0.072557755
Corrida completa,are,reflection,456,7292,-0.08453123,-0.08850451,-0.0039732754
Corrida completa,Pl,scurrying,6655,7998,-0.01627848,0.084365405,0.10064389
Corrida completa,boss,standing,2820,2571,0.1023089,0.073406085,-0.028902814
Corrida completa,chores,inj,5059,7336,-0.08381359,0.011345093,0.09515869
Corrida completa,Smo,favour,7518,2962,0.057805337,0.27297118,0.21516585
Corrida completa,Jon,minute,6199,4358,-0.115727104,0.004880579,0.12060768
Corrida completa,Or,daughter,4545,2030,-0.05348552,-0.13763715,-0.08415163
Corrida completa,chest,ruin,2718,5783,-0.114441745,-0.1538688,-0.03942705
Corrida completa,However,wa,5564,270,-0.026800178,-0.06335758,-0.0365574
Corrida completa,nine,week,7203,2832,-0.026483923,0.030962102,0.057446025
Corrida completa,many,on,796,346,-0.057610948,0.016521074,0.074132025
Corrida completa,squishy,thanks,6973,4158,0.060296476,-0.112915434,-0.1732119
Corrida completa,hus,visitor,6817,7768,-0.09658405,-0.08482919,0.011754863
Corrida completa,fav,hesitant,1181,6889,0.041715886,0.031112054,-0.010603832
Corrida completa,fishes,tumm,7287,8188,0.023161478,0.09942408,0.0762626
Corrida completa,harmless,investigate,3595,4586,-0.036313098,0.17595269,0.21226579
Corrida completa,enormous,sniffed,3204,4559,0.05797862,0.008819314,-0.049159303
Corrida completa,closet,starfish,2729,6852,-0.031654797,0.018457185,0.050111983
Corrida completa,pray,shopping,2784,5391,0.005354494,0.1969704,0.19161591
Corrida completa,Sammy,arrows,2085,6611,0.10849508,0.11686994,0.008374862
Corrida completa,cutting,set,5464,1369,-0.010691572,0.10690057,0.11759214
Corrida completa,leaving,stitch,3429,5181,-0.022910774,-0.11224131,-0.08933054
Corrida completa,Els,flour,6342,3725,-0.03156271,0.0657688,0.09733151
Corrida completa,butt,speed,1807,3640,-0.029255042,0.027827343,0.057082385
Corrida completa,basketball,luckily,4345,7533,0.12618501,-0.0048977453,-0.13108276
Corrida completa,congratul,three,7453,1178,-0.034272034,0.07418228,0.10845432
Corrida completa,any,scram,707,7574,0.045492698,0.026813127,-0.01867957
Corrida completa,hit,spotted,1839,2207,0.049703337,0.27654338,0.22684005
Corrida completa,guessed,wakes,5454,7516,0.0732178,-0.050398953,-0.123616755
Corrida completa,ostri,todd,3853,6454,-0.029128663,0.12523541,0.15436408
Corrida completa,ser,wagging,2337,5807,0.024067545,0.080029845,0.0559623
Corrida completa,scale,web,3572,5838,0.069243416,0.13724595,0.06800254
Corrida completa,married,puddles,4537,4526,0.07893696,0.21142903,0.13249207
Corrida completa,med,parents,2277,1305,-0.028765256,-0.02586947,0.0028957855
Corrida completa,dragged,stamp,5909,3296,0.07512241,0.073780514,-0.0013418943
Corrida completa,coloured,eye,6254,2853,0.028957728,0.011052644,-0.017905084
Corrida completa,fond,taste,8018,2448,0.05166751,0.03333551,-0.018332
Corrida completa,dripping,hose,8024,3090,-0.054111034,0.024109263,0.07822029
Corrida completa,In,ne,1392,401,0.0016278103,-0.044825427,-0.046453238
Corrida completa,statues,uncle,8068,3582,0.024400745,0.113173254,0.088772506
Corrida completa,J,June,471,6883,0.04966168,0.05261589,0.0029542074
Corrida completa,Let,supported,1277,7863,0.016493302,0.17214958,0.15565628
Corrida completa,talk,tool,1601,2379,0.0049795546,0.0063505396,0.0013709851
Corrida completa,medal,tune,4299,5575,0.061270393,0.2139637,0.1526933
Corrida completa,contain,desk,5224,3400,-0.02580377,0.09798161,0.12378538
Corrida completa,front,nest,2226,2015,0.0039720144,0.02582473,0.021852715
Corrida completa,Rover,tr,6860,710,0.088171065,0.10481648,0.016645417
Corrida completa,filling,gas,6439,2607,-0.014853515,-0.042142216,-0.027288701
Corrida completa,pushed,spreading,1857,6907,-0.060361303,0.13285163,0.19321293
Corrida completa,catching,pit,5512,4617,0.06798516,0.0121879475,-0.055797216
Corrida completa,Are,charge,4016,7341,-0.110823624,-0.10599054,0.0048330873
Corrida completa,self,steel,8131,5725,0.012929384,0.07782616,0.06489678
Corrida completa,alive,nods,4200,2686,-0.102662295,0.13995111,0.2426134
Corrida completa,accepted,sandwich,4441,2587,0.04003787,-0.101511806,-0.14154968
Corrida completa,Mel,pens,6536,7272,-0.049010888,-0.08042475,-0.03141386
Corrida completa,entered,mother,4620,1542,0.08853755,-0.036411595,-0.12494914
Corrida completa,Z,feast,2650,6964,-0.047608346,-0.029231958,0.018376388
Corrida completa,did,suffering,459,7867,0.03405337,-0.04329791,-0.07735128
Corrida completa,coming,laser,1291,3841,-0.03987865,-0.040282138,-0.0004034862
Corrida completa,aeroplane,discover,4501,3588,0.030300185,-0.060228713,-0.0905289
Corrida completa,masterp,strange,7488,1565,-0.08926134,-0.047913086,0.041348252
Corrida completa,itch,skipping,4496,5298,0.06699106,0.06893202,0.0019409582
Corrida completa,green,sorted,1356,5938,-0.015375489,0.026313504,0.041688994
Corrida completa,Daisy,cubes,1488,7075,-0.00987272,0.0066008084,0.016473528
Corrida completa,bell,fil,2338,2646,-0.052725308,0.009952512,0.062677816
Corrida completa,jumping,wheel,2503,2819,-0.1020736,0.014652649,0.11672625
Corrida completa,puts,shovel,2232,4215,0.0032285843,0.016318474,0.01308989
Corrida completa,printer,tri,5659,1257,0.040335637,-0.119490266,-0.1598259
Corrida completa,Gr,ma,6203,1010,-0.1355132,0.15616478,0.29167798
Corrida completa,Martha,wake,7701,3230,0.027229942,-0.09420135,-0.12143129
Corrida completa,eventually,perched,2331,5378,0.0050125085,0.16384713,0.15883462
Corrida completa,doing,scales,1399,6116,0.0309627,-0.13491148,-0.16587418
Corrida completa,eats,ten,5874,4075,0.007050041,0.033909656,0.026859615
Corrida completa,fight,ruined,1555,2833,0.06172405,0.17975268,0.118028626
Corrida completa,Lena,closes,7657,6638,0.03126894,-0.015841287,-0.047110226
Corrida completa,beehive,kings,8037,8092,0.034676388,0.08799368,0.053317294
Corrida completa,hands,teaches,1082,6356,0.05883868,-0.0076464117,-0.06648509
Corrida completa,Sc,clown,7296,2737,-0.036684074,-0.12685476,-0.09017069
Corrida completa,urge,worry,5209,1302,0.07751478,0.006940324,-0.07057446
Corrida completa,gasp,playful,7058,3381,-0.04528495,0.08649052,0.13177547
Corrida completa,mister,stories,5428,1906,0.060201686,-0.01006295,-0.07026464
Corrida completa,ticket,valu,4804,3146,0.0013749506,-0.043517657,-0.04489261
Corrida completa,car,homes,569,4993,0.0067622345,0.14034614,0.1335839
Corrida completa,mechanic,throat,4210,6140,0.098515496,0.19620104,0.097685546
Corrida completa,creation,printing,5498,6756,0.044535115,0.07077223,0.026237115
Corrida completa,nectar,wrap,6303,3158,-0.014905054,-0.0129903685,0.0019146856
Corrida completa,Cat,Dave,5523,3384,0.07574709,0.2451005,0.16935341
Corrida completa,bounced,must,3947,1713,-0.04554891,0.050586052,0.09613496
Corrida completa,W,ban,528,2363,-0.07129762,0.17062248,0.24192011
Corrida completa,Do,valued,1318,6253,0.026580885,0.11301332,0.086432435
Corrida completa,growled,soft,4882,1262,0.043100238,0.24593012,0.20282988
Corrida completa,opera,wander,4664,2722,-0.009356922,-0.0015224377,0.007834484
Corrida completa,rock,shows,947,2959,0.012308806,-0.051305883,-0.06361469
Corrida completa,Brown,Sparky,3011,6502,0.048194796,0.21313556,0.16494076
Corrida completa,Billy,uniform,1536,4781,0.008396371,0.21680027,0.2084039
Corrida completa,carry,cleared,2027,7723,0.1530889,0.21042067,0.05733177
Corrida completa,growls,zero,7071,5252,0.10428177,0.116359025,0.012077257
Corrida completa,pill,rem,2281,898,0.0023716316,-0.041771825,-0.044143457
Corrida completa,reassured,softer,7781,7011,-0.03913854,0.060862906,0.10000145
Corrida completa,David,calmed,6065,6476,0.028820433,-0.062176354,-0.09099679
Corrida completa,sponge,throws,7007,4645,0.038632285,0.08981791,0.051185627
Corrida completa,happily,listen,1380,1069,0.13231213,0.12411374,-0.008198395
Corrida completa,Although,believed,7371,5024,0.011707416,0.20939463,0.19768722
Corrida completa,dictionary,penguins,4946,6108,0.056890495,0.19277808,0.1358876
Corrida completa,Am,pudd,5615,2137,0.032983057,0.17601946,0.1430364
Corrida completa,fruits,live,2821,2318,0.022107549,-0.034133658,-0.056241207
Corrida completa,hardest,magaz,8021,4473,0.099474534,0.10369291,0.004218377
Corrida completa,flute,goodbyes,3406,7707,-0.033388413,0.049595617,0.08298403
Corrida completa,agrees,houses,6432,3300,0.0035821944,0.17352358,0.16994138
Corrida completa,creature,curtain,2059,3929,-0.015375178,0.16848575,0.18386093
Corrida completa,caut,number,5643,2709,0.09608334,0.06909943,-0.02698391
Corrida completa,Sometimes,destroyed,2467,4940,-0.11695709,0.0042200238,0.121177115
Corrida completa,driving,hissed,3514,6437,-0.002318468,-0.014681622,-0.012363154
Corrida completa,avoc,honey,3956,2192,-0.002528625,-0.06523882,-0.062710196
Corrida completa,finds,separate,4176,4507,-0.03122823,0.03487823,0.06610646
Corrida completa,stands,teams,7367,7993,-0.01238741,-0.04171558,-0.029328171
Corrida completa,darker,tunnels,6469,6760,-0.042150646,0.1820652,0.22421585
Corrida completa,pup,worked,3388,1337,0.081262425,0.08287881,0.0016163886
Corrida completa,bro,sent,1076,3998,0.03626326,0.0018619937,-0.034401268
Corrida completa,amazed,wood,1603,1376,-0.0496876,0.05519492,0.10488252
Corrida completa,crocod,refreshing,3373,7215,-0.026544398,0.0019603,0.028504698
Corrida completa,bl,scratched,624,5467,-0.026813207,-0.03817552,-0.011362312
Corrida completa,blew,mach,2353,2245,-0.0054469854,-0.10943034,-0.10398336
Corrida completa,disgusting,ener,3786,3772,-0.059291504,-0.07141839,-0.012126885
Corrida completa,creamy,elev,6570,3896,0.022267193,-0.09910607,-0.121373266
Corrida completa,changing,sky,7395,843,-0.05855727,0.047809407,0.10636668
Corrida completa,walking,warnings,999,6862,0.041764423,-0.018315744,-0.060080167
Corrida completa,B,though,371,1958,0.02165696,-0.059488192,-0.08114515
Corrida completa,probably,understanding,7512,4809,0.059130024,-0.0041634664,-0.06329349
Corrida completa,luggage,walked,5122,927,-0.06936541,0.06715662,0.13652202
Corrida completa,fle,modest,4208,4005,-0.058840368,-0.06289771,-0.004057344
Corrida completa,blinked,disgust,4740,3654,-0.09803507,-0.036505386,0.06152968
Corrida completa,Momo,trophy,6228,3987,-0.08045972,0.006392859,0.08685258
Corrida completa,conversation,flute,7582,3406,0.0035266373,0.15026692,0.14674027
Corrida completa,cuddles,luckily,7777,7533,0.019089721,0.05929178,0.04020206
Corrida completa,octopus,suggest,3820,2878,0.06554723,-0.034531575,-0.10007881
Corrida completa,built,strawberry,3267,4189,0.099068575,0.08892372,-0.010144852
Corrida completa,sil,weeks,2928,5020,-0.00063400203,-0.030915132,-0.03028113
Corrida completa,em,steady,1687,7281,-0.033436358,-0.0710482,-0.037611842
Corrida completa,arguing,circle,6139,3156,-0.037570387,0.08854535,0.12611574
Corrida completa,Farmer,Thank,6667,2043,0.0029043732,0.11063947,0.1077351
Corrida completa,kicked,sparkle,3318,4719,-0.0049516596,-0.03392513,-0.028973471
Corrida completa,belt,uncle,4231,3582,-0.053328745,0.12287721,0.17620596
Corrida completa,Holly,rubbing,7454,5901,-0.04091741,-0.076204464,-0.035287052
Corrida completa,nodd,peach,8094,4097,0.099737085,-0.054280818,-0.1540179
Corrida completa,close,soldiers,1443,5171,0.0079917945,0.018139075,0.010147281
Corrida completa,matters,stick,7097,1131,-0.020144565,0.08310698,0.10325155
Corrida completa,different,throwing,1147,4593,0.07711434,0.02889213,-0.048222214
Corrida completa,dolls,yet,1757,3345,-0.027655704,0.018241845,0.04589755
Corrida completa,Just,brush,2441,2866,-0.0106616095,-0.06280225,-0.05214064
Corrida completa,Cle,replace,7724,5127,0.06881098,-0.056707297,-0.12551828
Corrida completa,cry,rays,987,7848,-0.055662073,0.030022584,0.08568466
Corrida completa,adding,handful,6273,6654,0.05445845,0.087770395,0.033311944
Corrida completa,grabbed,gracefully,1184,6744,0.023732249,-0.08265881,-0.10639106
Corrida completa,bars,loudly,6426,3020,0.063028246,0.12719432,0.06416607
Corrida completa,drives,manners,6096,7922,-0.008975752,-0.089991316,-0.081015565
Corrida completa,painted,surv,3305,7663,0.07910461,0.03509731,-0.0440073
Corrida completa,tickled,witch,6255,3537,0.00059287995,-0.072825246,-0.073418126
Corrida completa,Halloween,arrive,7747,6104,0.04470493,0.16659185,0.121886924
Corrida completa,green,warnings,1356,6862,0.036167517,-0.042784467,-0.078951985
Corrida completa,better,hurts,815,3073,0.007539889,0.05901487,0.05147498
Corrida completa,blocking,neare,6755,7085,0.07685871,-0.024482166,-0.101340875
Corrida completa,lot,though,662,1958,0.022203805,0.06921588,0.047012076
Corrida completa,distance,scent,2770,7851,0.07144332,0.137182,0.06573868
Corrida completa,leaving,wagged,3429,2759,-0.012270417,-0.0042750416,0.007995375
Corrida completa,ancient,expl,3196,753,0.022849942,0.009971004,-0.012878938
Corrida completa,bread,sky,2163,843,-0.07704505,0.024819016,0.10186407
Corrida completa,First,appreciated,5538,7464,0.0044318587,-0.07372314,-0.078154996
Corrida completa,notebook,seashell,4071,6475,-0.0039082207,0.23245692,0.23636514
Corrida completa,don,moves,863,4557,-0.055300727,0.0031527095,0.058453437
Corrida completa,believing,staring,7557,6064,-0.048201878,-0.03514372,0.013058156
Corrida completa,bad,eats,919,5874,-0.01780776,-0.014655206,0.003152553
Corrida completa,cho,ever,1728,1049,0.109813415,0.15174884,0.04193542
Corrida completa,beha,war,5648,990,0.125146,0.017340653,-0.10780535
Corrida completa,Din,germs,7888,8113,-0.10701807,-0.10907797,-0.0020598993
Corrida completa,aff,garden,6389,846,0.030915506,-0.107287854,-0.13820335
Corrida completa,har,worrying,4531,7598,0.042925805,0.0058204457,-0.03710536
Corrida completa,ripped,rock,5614,947,-0.05348856,0.06296052,0.11644908
Corrida completa,screen,umb,3453,3403,0.010765985,-0.035855263,-0.046621248
Corrida completa,exp,wiggle,1929,7004,0.036901366,-0.048489794,-0.085391164
Corrida completa,metal,tug,3368,4769,0.022461696,0.08428973,0.061828032
Corrida completa,sleep,sunlight,1379,5110,-0.03131001,0.037508417,0.06881843
Corrida completa,mood,ten,7680,4075,-0.0009146184,0.03308838,0.034002997
Corrida completa,spells,wond,7696,5602,0.035814635,0.013808617,-0.022006018
Corrida completa,kept,pretending,922,3775,0.103382155,0.01945332,-0.08392884
Corrida completa,friendly,towards,1446,1653,0.005840931,-0.042679742,-0.048520673
Corrida completa,bears,pigeon,4177,3762,-0.061018635,0.118759386,0.17977802
Corrida completa,mall,reward,5189,3378,0.01090621,0.15943131,0.1485251
Corrida completa,curtains,loo,6008,428,-0.10062906,-0.22910076,-0.1284717
Corrida completa,sausage,whispers,5101,7445,0.049901657,0.017503174,-0.032398485
Corrida completa,airport,mess,4134,1261,-0.035013866,0.11097579,0.14598966
Corrida completa,confidence,mama,7909,4271,0.0075253043,0.05216547,0.04464017
Corrida completa,candy,strip,1739,4232,-0.04613769,0.028195366,0.07433306
Corrida completa,bushes,thumb,3199,4697,0.06846385,0.09068416,0.022220314
Corrida completa,shade,slept,4280,4399,-0.004753709,0.060015284,0.06476899
Corrida completa,Aunt,toward,6445,7479,0.05600348,-0.06523563,-0.12123911
Corrida completa,Aunt,walk,6445,1064,-0.013431158,0.005353693,0.01878485
Corrida completa,hid,settled,1447,4827,0.09158848,0.3124912,0.22090273
Corrida completa,bri,oppos,3816,7916,0.08944668,0.18852936,0.09908268
Corrida completa,fireworks,vehic,5238,4629,0.042455986,0.049280055,0.0068240687
Corrida completa,Ch,knob,2426,4713,0.05034235,-0.15932152,-0.20966387
Corrida completa,When,lied,933,5819,0.08994593,-0.038582616,-0.12852854
Corrida completa,int,zooming,687,5530,-0.03896571,-0.010827803,0.028137907
Corrida completa,realised,release,2886,5982,-0.00354621,0.1196416,0.12318781
Corrida completa,embar,mountain,2328,2313,0.003079608,0.01974914,0.016669532
Corrida completa,Mimi,tick,5002,2662,-0.059720207,-0.1457324,-0.0860122
Corrida completa,Mrs,squares,3121,6558,-0.02595423,-0.051021643,-0.025067413
Corrida completa,coins,stuffed,3013,4170,-0.0048071835,-0.09856869,-0.09376151
Corrida completa,attractive,mar,3813,1540,0.07526425,0.0068860315,-0.068378225
Corrida completa,get,grab,604,2118,-0.014767878,0.27107835,0.28584623
Corrida completa,Mike,Slowly,3636,6241,0.015220232,-0.08701969,-0.10223992
Corrida completa,Nina,tight,6968,1463,0.046958283,-0.01912218,-0.066080466
Corrida completa,cover,honey,2879,2192,-0.047341574,-0.034282684,0.01305889
Corrida completa,blows,cotton,6609,7944,0.033847377,-0.00532829,-0.039175667
Corrida completa,area,den,5537,6339,-0.010848021,0.22800043,0.23884845
Corrida completa,Lena,rude,7657,2411,0.037772022,0.044412572,0.0066405497
Corrida completa,pill,quacked,2281,6179,-0.13600862,0.03187179,0.16788042
Corrida completa,disco,journal,2071,4474,0.038815986,0.03942568,0.0006096922
Corrida completa,lions,slowed,4155,8058,-0.023137987,-0.040062197,-0.01692421
Corrida completa,hid,watches,1447,5228,-0.007848691,0.13626814,0.14411683
Corrida completa,flute,knot,3406,4195,-0.008961424,0.2503727,0.25933415
Corrida completa,crunchy,disappear,5241,4787,0.007101791,0.084646806,0.07754502
Corrida completa,Sandy,raind,4100,6332,0.00207505,-0.12622097,-0.12829602
Corrida completa,heav,honking,6171,7771,-0.0055598356,0.020869449,0.026429284
Corrida completa,called,generous,931,2637,0.006761171,0.022864435,0.016103264
Corrida completa,bounced,course,3947,1883,0.044216637,-0.056111176,-0.10032781
Corrida completa,repairman,requested,8070,6718,0.07272188,0.09542229,0.022700407
Corrida completa,sneeze,solved,5044,5043,0.022991836,0.066441804,0.043449968
Corrida completa,lear,remembering,4040,7155,0.079910904,-0.024723161,-0.10463406
Corrida completa,branches,insects,2897,6927,0.035773166,0.3016821,0.26590896
Corrida completa,sighs,smiling,6290,2121,0.019255433,0.25072828,0.23147285
Corrida completa,May,lux,4947,5792,0.07961133,-0.0073862243,-0.08699755
Corrida completa,compet,equ,3111,4972,0.054861233,0.09202568,0.03716445
Corrida completa,clum,gears,3355,7313,-0.13541703,-0.12192501,0.013492018
Corrida completa,trusted,two,4763,904,-0.10357751,-0.057184584,0.046392925
Corrida completa,eff,petted,5140,5425,-0.0781559,-0.06156519,0.016590707
Corrida completa,firework,flood,3766,5207,-0.009274114,0.22871312,0.23798724
Corrida completa,bush,prayed,2182,5215,0.02725437,0.08198689,0.05473252
Corrida completa,noise,sick,979,2022,-0.06528258,0.21599352,0.2812761
Corrida completa,several,shining,7549,2166,-0.10816048,0.03770044,0.14586093
Corrida completa,sweeties,tong,6103,4844,0.03334234,-0.17760411,-0.21094644
Corrida completa,circle,s,3156,260,0.042053007,-0.07194776,-0.11400077
Corrida completa,giggle,mud,3888,2270,-0.04836221,0.07537621,0.12373842
Corrida completa,height,sat,7546,1385,0.01815825,-0.104353406,-0.122511655
Corrida completa,raz,scre,4730,2543,0.1608581,0.19142267,0.030564576
Corrida completa,check,mechanic,2912,4210,-0.019258235,-0.02638539,-0.0071271546
Corrida completa,created,hill,4254,1437,0.03511104,0.10739474,0.0722837
Corrida completa,adorable,bo,3967,435,0.046502694,-0.15718777,-0.20369047
Corrida completa,exam,superheroes,2680,7243,-0.08365594,0.13747351,0.22112945
Corrida completa,G,hon,1046,2218,-0.09299888,0.1791344,0.2721333
Corrida completa,Bir,Help,5839,4729,0.11959583,0.20096454,0.08136871
Corrida completa,growling,sticky,6288,4634,0.010515049,0.26251483,0.2519998
Corrida completa,fier,planes,3171,5017,-0.01088224,-0.07455498,-0.06367274
Corrida completa,encount,imagine,8067,4388,-0.015103651,-0.031803332,-0.016699681
Corrida completa,chasing,worker,3567,6286,-0.013530424,-0.15544234,-0.14191192
Corrida completa,Pip,beads,5708,6316,-0.0033561364,0.031461287,0.034817424
Corrida completa,Remember,stall,6904,8048,0.01587281,-0.02563786,-0.04151067
Corrida completa,Lena,fut,7657,5174,-0.020489197,-0.057475068,-0.03698587
Corrida completa,add,tried,2803,733,0.039814804,0.063371114,0.02355631
Corrida completa,Jane,station,1219,3696,0.019090295,0.066592626,0.04750233
Corrida completa,along,spinning,1878,3343,0.12603118,0.17041838,0.044387206
Corrida completa,These,shiver,5745,3485,-0.111817054,-0.054212388,0.057604667
Corrida completa,ext,wasted,2807,6390,-0.04264,-0.09323177,-0.050591767
Corrida completa,eng,finishing,3600,7231,0.026463896,0.017305866,-0.00915803
Corrida completa,bat,her,1987,309,-0.03489081,-0.062045243,-0.027154434
Corrida completa,Pete,Someone,3095,5470,-0.0036408836,0.077705674,0.08134656
Corrida completa,buy,jelly,1410,2728,-0.05340211,0.081814885,0.135217
Corrida completa,fireworks,meet,5238,2211,0.07302706,-0.03642831,-0.10945537
Corrida completa,Mabel,click,7433,5885,0.030704338,-0.048269153,-0.07897349
Corrida completa,kangaroo,put,3894,574,0.03983976,-0.13698806,-0.17682782
Corrida completa,mill,peeking,3643,6162,-0.01916745,0.046239123,0.065406576
Corrida completa,rocks,silent,1924,6886,-0.05768968,0.10546474,0.16315442
Corrida completa,neighb,size,1830,3908,-0.00785009,-0.049984023,-0.042133935
Corrida completa,pretti,tummy,5626,3197,-0.0777434,-0.12307982,-0.045336418
Corrida completa,objects,yawned,6547,4951,0.029697653,0.04793653,0.018238876
Corrida completa,G,Granny,1046,7487,-0.10775046,-0.03484443,0.07290603
Corrida completa,disturbed,story,5580,1234,0.008613728,0.008475754,-0.00013797358
Corrida completa,bul,neigh,4252,1823,0.1262792,0.0759227,-0.050356507
Corrida completa,snugg,spook,6123,7550,-0.036352236,0.012718944,0.049071178
Corrida completa,Stop,trump,5943,3534,-0.03384018,0.016819203,0.05065938
Corrida completa,Ang,po,7013,670,-0.10128443,0.06729431,0.16857874
Corrida completa,Under,belong,7400,1939,0.068231806,-0.044020362,-0.11225217
Corrida completa,flying,using,1649,3136,0.011364527,0.029361024,0.017996497
Corrida completa,spark,tallest,1586,6299,0.014905335,-0.07146083,-0.08636616
Corrida completa,dreaming,milk,3357,2133,-0.023308136,-0.14860222,-0.12529409
Corrida completa,kicking,rhy,6030,5214,0.06575283,0.0009686835,-0.06478414
Corrida completa,including,pra,6776,4598,0.03323233,0.015695237,-0.017537095
Corrida completa,needle,realize,3966,5657,-0.023086168,-0.031405605,-0.0083194375
Corrida completa,sadness,tremble,5579,5462,-0.05718739,0.1828875,0.24007489
Corrida completa,inch,mug,5836,3941,-0.06695048,-0.018902747,0.04804773
Corrida completa,forward,monster,2419,1743,0.067496315,-0.017638713,-0.08513503
Corrida completa,boots,curled,4174,5208,-0.1529125,-0.008082267,0.14483023
Corrida completa,ordinary,settled,3622,4827,-0.0017212145,0.015831387,0.017552601
Corrida completa,fog,tree,4543,676,0.08465362,0.2750908,0.1904372
Corrida completa,mane,twirl,6353,2602,-0.10241916,0.11871062,0.22112978
Corrida completa,rob,summer,2370,4082,0.032795507,0.044492617,0.01169711
Corrida completa,Dr,zoom,7476,2171,-0.077062786,-0.12743387,-0.05037108
Corrida completa,blanket,weeds,1700,7849,0.10991814,0.24380171,0.13388357
Corrida completa,box,resisted,783,6941,0.036551997,-0.009066001,-0.045617998
Corrida completa,castles,taught,4823,2600,-0.0041863862,-0.021318758,-0.017132372
Corrida completa,goodbye,willing,1136,6753,0.027075257,0.23798633,0.21091107
Corrida completa,belongings,flames,7662,6319,0.15374811,0.23218307,0.07843496
Corrida completa,holding,touc,2086,6991,0.08525779,-0.05253357,-0.13779137
Corrida completa,Po,sh,6637,381,0.041187234,0.2429583,0.20177108
Corrida completa,steak,tri,4334,1257,0.07960923,-0.03602965,-0.11563888
Corrida completa,grey,pick,5193,766,-0.034117587,-0.021356354,0.012761233
Corrida completa,Two,chance,6929,3658,-0.024845544,-0.053845026,-0.028999481
Corrida completa,Maggie,sniffed,5143,4559,0.013435475,0.011256746,-0.0021787286
Corrida completa,laund,stopped,4242,1032,0.02445018,0.027423035,0.0029728562
Corrida completa,collap,rides,7481,5570,-0.049162302,-0.121342435,-0.07218014
Corrida completa,decor,pare,2514,1258,-0.0069299284,-0.030220116,-0.023290187
Corrida completa,allig,difficult,4199,3014,0.059627406,-0.043302972,-0.10293038
Corrida completa,Flopsy,stung,6807,7067,-0.08264406,-0.05311477,0.029529288
Corrida completa,Mommy,obe,1165,5382,-0.026822189,0.021550342,0.04837253
Corrida completa,bracelet,feels,3837,1864,-0.13668433,-0.04601169,0.09067264
Corrida completa,valuable,whisp,3238,2576,0.033168584,0.09048453,0.057315946
Corrida completa,hopeful,peppers,7096,6823,-0.050330244,-0.005047369,0.045282874
Corrida completa,creat,understands,1475,7568,0.030360848,-0.052478343,-0.08283919
Corrida completa,pair,uns,4116,6871,-0.016323155,0.005708687,0.022031842
Corrida completa,long,resc,789,3340,-0.07240331,-0.065301016,0.0071022958
Corrida completa,Flo,van,7927,2595,-0.0023324843,0.054309744,0.056642227
Corrida completa,Ryan,unusual,7728,2868,-0.011258531,-0.03450203,-0.023243498
Corrida completa,comfortable,por,2627,4076,-0.10837321,-0.14404988,-0.035676673
Corrida completa,bus,poked,1203,4837,-0.01716942,-0.16270262,-0.1455332
Corrida completa,bit,saf,1197,2186,0.011119317,0.0018403513,-0.009278966
Corrida completa,scaring,slipping,6583,7762,-0.09017439,0.013198653,0.10337304
Corrida completa,eye,leave,2853,1639,0.059793122,0.05848939,-0.0013037324
Corrida completa,poison,sleep,4917,1379,-0.05702871,0.13196424,0.18899295
Corrida completa,visited,we,4037,367,-0.124603465,-0.07365616,0.05094731
Corrida completa,comfortable,glass,2627,2719,0.014862902,0.021209646,0.0063467436
Corrida completa,Maybe,gobbled,1606,6665,0.0837248,0.04530952,-0.038415276
Corrida completa,cell,laughter,4685,4790,0.053129274,0.08256265,0.029433373
Corrida completa,belongs,bookshelf,4544,5152,0.015924303,0.011345869,-0.004578434
Corrida completa,adults,sidewalk,7229,5279,0.02952032,0.10046899,0.070948675
Corrida completa,Everything,tri,3765,1257,0.027075388,0.10977803,0.082702644
Corrida completa,packing,squee,6368,3005,0.018999748,-0.03116053,-0.050160278
Corrida completa,target,vol,7784,3629,0.0017921999,-0.050118428,-0.051910628
Corrida completa,limes,swe,6840,3210,0.04141202,-0.004170891,-0.04558291
Corrida completa,color,quack,993,4627,-0.016565222,0.029805996,0.046371218
Corrida completa,bracelets,elderly,7832,2904,-0.005603308,0.056405775,0.06200908
Corrida completa,smiles,whisp,1604,2576,-0.059324574,-0.0993377,-0.040013123
Corrida completa,breaking,chuck,5715,6270,0.052633982,0.015793312,-0.03684067
Corrida completa,happy,polished,402,6196,-0.09095601,0.04512165,0.13607766
Corrida completa,share,spell,951,3808,0.111210726,0.036210008,-0.07500072
Corrida completa,competition,hor,5931,2114,0.037033565,-0.029877955,-0.06691152
Corrida completa,There,throughout,1500,7016,-0.013787702,-0.013672117,0.00011558458
Corrida completa,asking,wins,2741,6933,-0.033879828,0.05414467,0.0880245
Corrida completa,polar,whatever,7440,5561,0.10796155,0.17997631,0.072014764
Corrida completa,Without,dreaming,6906,3357,-0.11489369,-0.082635134,0.032258555
Corrida completa,museum,well,4324,1963,0.03818183,0.27069032,0.2325085
Corrida completa,Mel,early,6536,3560,0.01942712,-0.021716038,-0.041143157
Corrida completa,Mandy,neckl,3631,2491,0.02631713,-0.024803396,-0.051120527
Corrida completa,delicious,kites,1426,6749,0.053047523,0.032073382,-0.02097414
Corrida completa,St,admir,2358,4893,0.017181713,0.030022614,0.012840901
Corrida completa,fairy,growling,1827,6288,0.066558704,0.13120343,0.064644724
Corrida completa,mysterious,refrigerator,2566,5008,-0.08560753,0.11054006,0.19614759
Corrida completa,butterf,scoop,1295,5527,0.18613338,0.0031017847,-0.1830316
Corrida completa,talking,writing,2344,4551,0.019348016,0.15697344,0.13762543
Corrida completa,miss,wagging,1981,5807,0.15679672,0.23453195,0.07773523
Corrida completa,Sn,unicorn,3645,5588,-0.08879294,-0.056222774,0.03257017
Corrida completa,Meg,campfire,7580,7416,0.025679385,0.20265856,0.17697918
Corrida completa,rivers,spoonful,6542,6829,-0.122449584,0.042932257,0.16538185
Corrida completa,bar,reason,1753,7205,0.023655023,0.022396572,-0.0012584515
Corrida completa,begged,shops,5013,7095,-0.017325416,-0.014502268,0.002823148
Corrida completa,lovely,val,2184,2285,-0.07077302,-0.1291705,-0.058397487
Corrida completa,Teddy,move,2581,1408,-0.049796544,-0.050318897,-0.00052235276
Corrida completa,belong,bubbles,1939,2930,0.055157058,0.051897995,-0.0032590628
Corrida completa,flash,point,3070,4107,-0.043277774,0.14018333,0.1834611
Corrida completa,flight,mushroom,7087,3920,-0.0195261,0.04217755,0.061703652
Corrida completa,Snowy,clown,4879,2737,-0.067230836,0.3254126,0.39264345
Corrida completa,joke,throat,2859,6140,0.061515007,0.14995754,0.088442534
Corrida completa,onward,post,7249,3328,-0.02040678,-0.111092314,-0.09068553
Corrida completa,mat,row,1478,4927,-0.059203774,0.12142116,0.18062493
Corrida completa,bank,stumble,5696,7719,0.0031579938,0.11744067,0.114282675
Corrida completa,bru,too,7500,436,-0.015072928,0.16976374,0.18483667
Corrida completa,Kim,cousin,3649,7144,-0.054160386,0.060961995,0.11512238
Corrida completa,dangerous,veggies,1776,7676,-0.1375338,-0.058693785,0.07884002
Corrida completa,bet,fuel,3845,5037,-0.052473936,0.0063885115,0.058862448
Corrida completa,Jeff,each,6052,767,0.0049612606,0.032366335,0.027405076
Corrida completa,balloon,cheese,1587,2146,0.03779172,0.17478219,0.13699046
Corrida completa,suits,wife,7374,4372,0.008144734,0.1753647,0.16721997
Corrida completa,Matt,foolish,6051,3063,0.073036924,0.041776273,-0.03126065
Corrida completa,fisherman,puts,4348,2232,0.023342915,-0.029604934,-0.05294785
Corrida completa,activ,differe,5513,1115,-0.0829767,-0.027924089,0.05505261
Corrida completa,ech,invitation,6735,5258,0.051233277,0.026293673,-0.024939604
Corrida completa,board,hook,2892,3930,0.049029086,0.2669556,0.21792653
Corrida completa,anything,stars,1420,1912,0.026561536,0.056518897,0.029957362
Corrida completa,remote,touch,6869,1331,-0.10940675,-0.04624679,0.06315996
Corrida completa,confl,realised,7042,2886,-0.14771318,-0.085623965,0.06208922
Corrida completa,cur,discussed,3501,6600,0.004446702,0.050199237,0.045752533
Corrida completa,Lily,forks,364,6855,0.12299667,0.11380935,-0.009187326
Corrida completa,awake,resp,6335,2035,-0.05203192,-0.03934039,0.012691528
Corrida completa,surprising,throwing,7478,4593,0.042057395,0.012687352,-0.029370043
Corrida completa,convin,tooth,7825,3325,0.09775159,-0.20076519,-0.29851678
Corrida completa,inse,that,4352,357,-0.019548055,-0.06018556,-0.040637504
Corrida completa,discoveries,mass,7808,4929,-0.013453741,-0.064460255,-0.051006515
Corrida completa,comet,spark,4098,1586,0.031770684,0.3264049,0.29463422
Corrida completa,math,ripe,3679,6351,-0.003310958,0.09702433,0.100335285
Corrida completa,doing,ordinary,1399,3622,0.007835865,-0.00038527325,-0.008221138
Corrida completa,Betsy,confident,5474,5860,-0.077858336,-0.045726426,0.03213191
Corrida completa,dream,necklaces,1421,7349,0.06046024,0.074101806,0.013641566
Corrida completa,fascin,magic,5200,1270,-0.05485358,0.007503107,0.062356688
Corrida completa,paints,river,5412,1717,0.080255195,0.11799299,0.037737794
Corrida completa,locked,weeke,3405,6619,0.012829319,-0.07319335,-0.08602267
Corrida completa,Smith,seed,3994,2586,0.05290995,0.09777258,0.04486263
Corrida completa,Did,Sparky,5849,6502,0.028621469,-0.10996537,-0.13858683
Corrida completa,Ash,wasn,6640,1556,-0.026838614,-0.030051218,-0.0032126047
Corrida completa,park,pig,566,1975,-0.07328843,0.024181973,0.0974704
Corrida completa,appro,window,4628,1384,0.09027706,-0.14321929,-0.23349635
Corrida completa,called,fishing,931,4350,0.077600844,-0.042964745,-0.12056559
Corrida completa,Jacob,cla,6750,1394,-0.0033972375,-0.07571224,-0.07231501
Corrida completa,bringing,organized,5406,2968,-0.08718965,0.013516795,0.10070644
Corrida completa,practice,wipe,3319,4677,0.022773553,0.042143136,0.019369584
Corrida completa,need,stirring,785,5741,-0.0048471354,0.050206512,0.055053648
Corrida completa,Their,hunter,2567,3782,0.06863652,-0.119574934,-0.18821146
Corrida completa,toward,turning,7479,5305,-0.06287354,0.1279052,0.19077875
Corrida completa,mouths,permitted,5392,7637,-0.0501608,-0.15289915,-0.10273835
Corrida completa,gr,list,654,887,-0.06696346,-0.064822234,0.0021412224
Corrida completa,ending,piano,3386,3718,-0.107068256,0.08882758,0.19589584
Corrida completa,fox,starts,1648,3868,0.11027272,-0.13297947,-0.24325219
Corrida completa,expensive,trump,2649,3534,-0.02304159,-0.0423336,-0.01929201
Corrida completa,hardest,passengers,8021,7104,-0.019361109,-0.12653857,-0.107177466
Corrida completa,searching,sub,3337,5018,-0.021931777,-0.2109409,-0.18900912
Corrida completa,accident,fasc,1847,5146,0.026847463,-0.07878041,-0.10562788
Corrida completa,cartoons,purp,5307,1988,0.052492496,-0.13254935,-0.18504184
Corrida completa,amount,snuggle,7094,7006,-0.044287786,0.00458985,0.048877634
Corrida completa,braver,carrot,7362,1763,-0.05019753,0.09376934,0.14396687
Corrida completa,Fro,boot,5431,4687,0.10050974,0.0049458817,-0.09556386
Corrida completa,drain,within,4939,7921,0.08534139,0.023195125,-0.06214626
Corrida completa,flipped,sighed,8051,2700,-0.026766064,0.023970786,0.050736852
Corrida completa,club,her,3876,309,0.025173113,-0.03393783,-0.059110943
Corrida completa,cautiously,seven,6425,6456,0.07997182,-0.023674313,-0.10364613
Corrida completa,bug,ed,1470,2925,-0.022501733,-0.10137425,-0.07887252
Corrida completa,grandpa,weight,3186,5398,0.005755632,0.01100557,0.005249938
Corrida completa,put,stable,574,4382,0.014467545,-0.12182771,-0.13629526
Corrida completa,mud,whistling,2270,5128,-0.05845411,0.093946606,0.15240072
Corrida completa,attempt,fancy,8062,2568,-0.0062691765,-0.019024603,-0.012755427
Corrida completa,lily,pack,5070,1831,-0.02358004,-0.14028516,-0.11670512
Corrida completa,cashier,success,6379,2583,0.058730863,0.15304221,0.09431135
Corrida completa,helper,spoke,4750,3674,0.0162711,-0.049375948,-0.06564705
Corrida completa,chuckled,stirred,6479,3971,-0.03705713,0.11820217,0.15525931
Corrida completa,laser,patted,3841,6148,0.0044376217,-0.017279834,-0.021717455
Corrida completa,fallen,puts,4786,2232,0.071938,0.06087342,-0.011064582
Corrida completa,Daisy,tires,1488,7605,0.06594835,0.0075186826,-0.05842967
Corrida completa,expert,prop,8130,4800,-0.087026134,-0.06629671,0.020729423
Corrida completa,babies,simply,5868,7966,-0.032194074,-0.0209436,0.011250474
Corrida completa,Enjoy,against,6605,2984,-0.068698525,0.113200575,0.1818991
Corrida completa,buzzed,yell,7040,1142,-0.04266083,0.1988834,0.24154423
Corrida completa,frowns,weeds,7932,7849,0.03844689,0.15594788,0.11750099
Corrida completa,fright,leaves,2999,1499,-0.026947385,0.08747447,0.11442186
Corrida completa,To,sew,1598,5097,-0.0002725143,-0.08108041,-0.080807894
Corrida completa,cloud,crabs,1646,6210,-0.045725625,0.17348944,0.21921507
Corrida completa,circus,cups,5414,4387,-0.03133293,0.13600552,0.16733845
Corrida completa,belongings,whoever,7662,7959,-0.066759154,-0.16542426,-0.0986651
Corrida completa,decorating,passen,6951,6759,-0.0557632,-0.07972637,-0.023963168
Corrida completa,cir,examine,2042,5036,0.0805558,0.08591639,0.005360596
Corrida completa,bleeding,however,5622,6201,-0.076405846,-0.08079445,-0.004388608
Corrida completa,Rabbit,she,6414,335,-0.02500246,0.14633188,0.17133434
Corrida completa,muscle,points,6587,4608,-0.0694633,-0.09199123,-0.022527933
Corrida completa,Joy,fought,4995,4684,0.04605612,-0.08893656,-0.13499269
Corrida completa,giggling,wisdom,5785,5415,0.015590336,0.16971621,0.15412587
Corrida completa,Joey,dresses,3799,4869,0.10622815,0.08677508,-0.019453071
Corrida completa,boys,twice,2893,6901,-0.0016533388,-0.112574965,-0.11092163
Corrida completa,spirit,spots,4125,4874,-0.07193861,0.07134098,0.14327958
Corrida completa,fuzzy,ke,6309,647,-0.081932336,0.045641303,0.12757364
Corrida completa,environment,tramp,8184,6867,-0.016371164,-0.042612873,-0.026241709
Corrida completa,boun,snuggled,2036,3615,0.06292524,0.019698547,-0.043226697
Corrida completa,hole,pull,1404,1200,-0.058764525,0.056783475,0.115548
Corrida completa,screwd,tur,7180,3801,-0.0104393745,0.1734209,0.18386029
Corrida completa,drops,tomato,4390,3458,-0.03774456,-0.048043106,-0.010298546
Corrida completa,grand,neighbourhood,3346,5531,0.115170605,0.07193981,-0.043230794
Corrida completa,bru,prov,7500,4094,0.02301072,0.19002965,0.16701894
Corrida completa,creat,swimsuit,1475,6863,-0.015631706,-0.039790146,-0.02415844
Corrida completa,Smith,finished,3994,1398,-0.010441396,-0.05933671,-0.048895314
Corrida completa,exch,nut,7982,2532,-0.010533199,-0.15402848,-0.14349528
Corrida completa,They,part,322,1306,-0.058364883,-0.02686963,0.03149525
Corrida completa,goodnight,untie,5988,7596,0.0874946,0.054159917,-0.03333468
Corrida completa,onto,tempt,2062,6859,0.03848768,-0.021379557,-0.059867237
Corrida completa,Mama,ent,2100,2160,-0.031824354,-0.15391232,-0.12208797
Corrida completa,munching,slap,8180,6145,0.14249112,0.15191044,0.009419322
Corrida completa,cross,poems,2830,6834,-0.040999074,-0.014804916,0.026194157
Corrida completa,Be,swe,2705,3210,0.019500727,0.18762568,0.16812494
Corrida completa,pic,triang,948,4043,-0.06866872,-0.03314096,0.035527762
Corrida completa,fright,mosquitoes,2999,8137,0.08215149,0.13464007,0.05248858
Corrida completa,earth,when,3475,583,0.12736014,-0.119319156,-0.24667929
Corrida completa,my,spoil,672,2608,0.0008796863,-0.02401954,-0.024899226
Corrida completa,videos,waist,6695,5559,-0.03130624,0.022592848,0.053899087
Corrida completa,fruit,uncomfortable,1804,3500,-0.09593634,2.2873282e-06,0.09593863
Corrida completa,argum,helpers,7861,6843,0.043451782,-0.053238295,-0.09669007
Corrida completa,meeting,sisters,4538,5913,-0.0125594605,0.05525116,0.06781062
Corrida completa,eyes,growls,1047,7071,0.03945918,0.17508733,0.13562815
Corrida completa,otters,successful,7484,3280,0.049750555,0.004637558,-0.045112997
Corrida completa,cone,tempt,3339,6859,-0.028010577,-0.097475074,-0.0694645
Corrida completa,tracks,youth,5318,5810,-0.060782246,0.017186537,0.07796878
Corrida completa,stri,think,3302,1066,-0.042038348,-0.052938726,-0.010900378
Corrida completa,four,mos,3104,4415,0.11819137,0.08902322,-0.029168151
Corrida completa,bandages,nearly,7805,7233,-0.09257075,-0.14231138,-0.049740627
Corrida completa,Their,alligator,2567,4362,-0.032806754,-0.09847036,-0.065663606
Corrida completa,Ralph,oxygen,7114,5608,0.0851809,-0.01723953,-0.102420434
Corrida completa,Bob,pets,1132,5562,0.046281982,-0.01514525,-0.061427232
Corrida completa,One,ground,505,975,0.015333823,0.018749408,0.0034155855
Corrida completa,knee,ripped,2425,5614,-0.09193145,0.07336898,0.16530043
Corrida completa,hel,pol,2654,1611,-0.05318472,0.23829815,0.29148287
Corrida completa,dependable,secrets,3178,5413,-0.014644079,0.114504576,0.12914866
Corrida completa,released,saf,5882,2186,0.0419994,0.0014075693,-0.04059183
Corrida completa,noon,whisper,6651,4554,0.02066227,-0.018253159,-0.03891543
Corrida completa,adult,efforts,6847,7352,-0.014037181,0.090941995,0.10497917
Corrida completa,argum,luckily,7861,7533,-0.016320493,-0.003947176,0.012373317
Corrida completa,rich,sandcastle,3048,5011,-0.014053429,0.12670451,0.14075795
Corrida completa,pony,trapped,3792,5457,0.041301593,-0.04908563,-0.090387225
Corrida completa,crumbs,stealing,6215,5664,0.014971431,0.031045305,0.016073873
Corrida completa,Spark,saus,5641,4241,0.01681011,-0.009147478,-0.025957588
Corrida completa,froze,move,6569,1408,0.023688592,0.1343568,0.110668205
Corrida completa,Cindy,woof,6102,7472,0.032584246,-0.024725676,-0.05730992
Corrida completa,oak,reindeer,4693,4171,-0.0021796878,0.17158987,0.17376955
Corrida completa,Be,nods,2705,2686,0.008905387,-0.11451042,-0.123415805
Corrida completa,elephants,swaying,5178,8033,-0.037875608,-0.055206705,-0.017331097
Corrida completa,Nina,triangle,6968,4467,0.00059940666,0.09874529,0.09814588
Corrida completa,Milly,hotel,5365,4326,-0.028366309,0.114132755,0.14249906
Corrida completa,pouring,risks,5787,7559,0.018037999,-0.077359654,-0.09539765
Corrida completa,Jo,of,825,344,0.039559346,-0.100577876,-0.14013723
Corrida completa,cane,norm,4353,3035,0.07291652,-0.03947816,-0.11239468
Corrida completa,leads,policeman,7483,5915,-0.011019971,0.025447676,0.03646765
Corrida completa,sunrise,tear,5251,4384,-0.08516356,0.013546398,0.09870996
Corrida completa,OK,taken,2796,2672,-0.0084689725,-0.096829,-0.08836003
Corrida completa,fields,sib,4229,6590,0.011990696,-0.15547141,-0.16746211
Corrida completa,deaf,dress,3794,1130,0.023555662,0.07558569,0.05203003
Corrida completa,honest,stomped,2516,6775,0.08524656,-0.03134563,-0.11659219
Corrida completa,love,ped,830,4150,-0.09745691,-0.08942027,0.008036643
Corrida completa,gonna,woods,7360,1605,0.08474442,0.060159653,-0.02458477
Corrida completa,business,oven,7633,2306,-0.049749836,-0.0046722256,0.04507761
Corrida completa,When,bran,933,1676,0.054871403,0.014605179,-0.040266223
Corrida completa,dep,yummy,8085,1246,-0.038691662,0.010425787,0.04911745
Corrida completa,sky,tun,843,2251,0.039549775,0.031154126,-0.0083956495
Corrida completa,disappo,yell,2478,1142,0.0004819408,0.0052067563,0.0047248155
Corrida completa,bathe,cushion,5085,3993,-0.025477152,0.14940938,0.17488654
Corrida completa,Meg,helm,7580,3539,-0.045958027,-0.0010556094,0.044902418
Corrida completa,envelope,wadd,3462,6629,-0.08732711,-0.15185118,-0.06452407
Corrida completa,lands,sor,5351,713,-0.026838124,0.006640479,0.033478603
Corrida completa,connected,couldn,7422,736,-0.024842657,-0.06221807,-0.037375413
Corrida completa,friendly,stealing,1446,5664,0.02306009,-0.042352937,-0.06541303
Corrida completa,destroy,noise,3750,979,-0.008596547,0.042288154,0.0508847
Corrida completa,flavor,scr,6495,2699,-0.012090158,-0.078027904,-0.06593774
Corrida completa,accomplishment,Ċ,6972,406,0.07564092,0.09274264,0.01710172
Corrida completa,reassured,sadness,7781,5579,-0.15329775,-0.064142875,0.08915488
Corrida completa,Zoom,wor,6211,538,-0.06165933,-0.028670534,0.032988794
Corrida completa,Curious,concert,8160,7837,-0.012326077,0.06895865,0.081284724
Corrida completa,problems,whistled,5232,5265,-0.037507016,0.08102448,0.118531495
Corrida completa,vegg,worse,7601,5244,0.16727081,0.11141862,-0.05585219
Corrida completa,Johnson,paws,5961,3907,-0.05121263,-0.017252788,0.033959843
Corrida completa,Snuggles,stretched,7073,3693,0.07089962,-0.0788052,-0.14970481
Corrida completa,as,colour,417,2365,-0.100610964,0.0012999177,0.10191088
Corrida completa,action,case,7412,4062,-0.022983102,0.062343735,0.085326836
Corrida completa,happiest,inch,5357,5836,-0.0341482,0.16698617,0.20113437
Corrida completa,Betsy,hoped,5474,1853,0.0046626665,-0.12317819,-0.12784086
Corrida completa,ice,organ,1423,2225,-0.0757605,0.037669905,0.1134304
Corrida completa,protect,reads,2228,6398,-0.0014227554,0.13560541,0.13702816
Corrida completa,drawing,robb,2776,6521,-0.013631312,-0.012733013,0.0008982988
Corrida completa,lessons,scurry,7364,7534,0.033690948,0.011279436,-0.022411512
Corrida completa,el,panda,1474,4347,-0.019558508,-0.042114515,-0.022556007
Corrida completa,Rose,just,3289,774,0.04002839,0.09718673,0.05715834
Corrida completa,exch,sun,7982,730,0.03033432,-0.12336644,-0.15370075
Corrida completa,longer,sort,1840,4078,0.06252065,-0.040616773,-0.103137426
Corrida completa,Hoot,courage,6681,3688,0.08489675,0.1015179,0.01662115
Corrida completa,backwards,bl,6943,624,0.0023342476,-0.025680048,-0.028014297
Corrida completa,breaks,changing,4365,7395,0.122568265,0.17547512,0.052906856
Corrida completa,statues,table,8068,1469,0.0174593,0.14225414,0.12479484
Corrida completa,placed,ter,3575,3109,-0.1372947,-0.17576627,-0.03847158
Corrida completa,mama,pencils,4271,6289,0.05104427,0.044768646,-0.006275624
Corrida completa,gifts,surprise,5147,1341,0.03369555,0.21209179,0.17839624
Corrida completa,Po,shown,6637,7317,0.029266093,0.017401865,-0.011864228
Corrida completa,emer,obser,5175,4058,0.021647654,0.097136825,0.07548917
Corrida completa,bra,dog,844,643,-0.009524938,-0.0648275,-0.055302564
Corrida completa,expected,licks,5914,4982,-0.091591254,-0.05951123,0.032080024
Corrida completa,beam,sy,6709,7223,-0.06463097,0.015833933,0.0804649
Corrida completa,plates,said,4897,328,-0.053473756,-0.06786947,-0.014395714
Corrida completa,dishwasher,trou,4539,1909,0.0128583545,-0.047253095,-0.06011145
Corrida completa,concer,fancy,6870,2568,-0.0049767606,-0.04232263,-0.037345868
Corrida completa,bookshelf,rides,5152,5570,-0.0050343145,0.15177052,0.15680483
Corrida completa,miles,mixture,6370,6624,0.035510235,0.055064067,0.019553833
Corrida completa,costume,kings,4044,8092,-0.063206494,0.04807245,0.11127894
Corrida completa,rug,scram,3596,7574,0.03705868,-0.0053715706,-0.04243025
Corrida completa,Jan,wizard,5923,5009,-0.023654584,0.10252355,0.12617813
Corrida completa,Always,nearly,5984,7233,0.039153013,0.15085238,0.11169937
Corrida completa,sweeties,yours,6103,2949,-0.04759068,0.061401412,0.10899209
Corrida completa,humble,museum,3594,4324,-0.006257266,0.05234398,0.058601245
Corrida completa,square,tallest,3620,6299,0.054303464,0.08705196,0.032748494
Corrida completa,Mart,zipping,6261,6849,-0.047960058,0.055129975,0.10309003
Corrida completa,gentle,ign,1859,2327,0.048087526,-0.025370331,-0.07345786
Corrida completa,amount,forward,7094,2419,-0.077904955,0.037376486,0.11528144
Corrida completa,chuck,crunch,6270,5022,-0.014431123,0.071081676,0.0855128
Corrida completa,bites,final,5225,7230,-0.014856264,-0.0355864,-0.020730138
Corrida completa,pol,wo,1611,883,-0.05567839,0.27598712,0.33166552
Corrida completa,borrow,goodby,2936,7658,0.010567762,0.026135549,0.015567787
Corrida completa,Cl,nails,3836,5618,0.046910472,-0.1341793,-0.18108976
Corrida completa,Everyday,wa,5111,270,-0.01258691,-0.09166509,-0.07907818
Corrida completa,blackboard,kay,4751,4067,-0.07643249,-0.12623826,-0.049805768
Corrida completa,sausages,second,6068,3975,0.01050847,0.0121691525,0.0016606823
Corrida completa,boot,manners,4687,7922,0.046326652,0.09162389,0.045297235
Corrida completa,dipped,incl,6361,4169,-0.052268192,-0.011362135,0.040906057
Corrida completa,separ,whisper,3840,4554,0.037565075,-0.017068036,-0.05463311
Corrida completa,roots,snacks,6262,2549,0.04815656,0.25844067,0.21028411
Corrida completa,allig,cons,4199,7892,-0.024465773,0.113752946,0.13821872
Corrida completa,pile,radio,2230,4015,-0.0006627776,0.054502025,0.055164803
Corrida completa,Tim,lonely,440,1887,-0.09030028,-0.016039263,0.07426101
Corrida completa,cane,treehouse,4353,6457,-0.047959413,0.16193014,0.20988956
Corrida completa,chop,presents,6594,4385,0.03114103,-0.07473786,-0.10587889
Corrida completa,peanuts,sneak,5271,4296,0.1624433,0.043016925,-0.11942637
Corrida completa,Everybody,rolling,6688,3910,0.054513972,0.042701837,-0.011812136
Corrida completa,characters,flow,7996,826,-0.101643234,-0.046024553,0.05561868
Corrida completa,fabric,work,5794,1091,0.13693699,0.22901042,0.092073426
Corrida completa,ash,self,2387,8131,-0.09202953,0.0334215,0.12545103
Corrida completa,excitement,track,2668,3163,-0.12418217,0.04042411,0.16460627
Corrida completa,leave,trave,1639,4427,-0.089456275,-0.15142806,-0.061971784
Corrida completa,beloved,sighs,6730,6290,-0.098317534,-0.030187339,0.068130195
Corrida completa,costum,tumbled,3273,7817,-0.05216755,-0.041269027,0.010898523
Corrida completa,Looking,saving,8158,4794,-0.026516005,0.005418569,0.031934574
Corrida completa,licking,turning,7403,5305,0.016570609,0.15511805,0.13854744
Corrida completa,scen,won,7318,1632,-0.01617768,-0.08838162,-0.072203934
Corrida completa,comfy,val,5164,2285,0.09848727,-0.02277681,-0.121264085
Corrida completa,arg,fingers,3012,3283,-0.023599047,-0.028069133,-0.0044700857
Corrida completa,Amy,burn,1661,2613,-0.0073123425,-0.032034755,-0.024722412
Corrida completa,Billy,giggling,1536,5785,0.020764116,0.07541722,0.054653104
Corrida completa,jars,meow,7957,5490,-0.06070413,0.052153923,0.11285806
Corrida completa,encouraging,miserable,7307,3826,0.0037386827,0.1993984,0.19565971
Corrida completa,Spike,revealed,4968,5374,-0.12745064,-0.109407745,0.0180429
Corrida completa,branch,here,2003,1223,0.018971378,0.106160656,0.08718928
Corrida completa,bak,exit,5213,5699,-0.11073007,-0.07698487,0.0337452
Corrida completa,girl,knot,442,4195,-0.02459067,-0.01160462,0.012986049
Corrida completa,fountain,worth,3224,4512,-0.032928742,-0.17057264,-0.1376439
Corrida completa,grass,wh,1216,394,0.10346148,0.0916131,-0.011848383
Corrida completa,Bunny,wheels,4223,3686,0.0071418686,0.03089273,0.02375086
Corrida completa,rule,son,6827,3272,0.024456779,0.073475786,0.04901901
Corrida completa,died,marriage,5666,5853,0.010329366,0.07101911,0.060689747
Corrida completa,selfish,wet,2454,1557,-0.08489666,0.31782874,0.4027254
Corrida completa,Fred,bleeding,3211,5622,0.034242116,0.04532243,0.0110803135
Corrida completa,inch,mission,5836,5669,-0.019457376,-0.01138271,0.008074665
Corrida completa,remember,urged,1063,5827,-0.091965646,0.0827526,0.17471825
Corrida completa,drank,have,2896,466,-0.06285399,0.13111375,0.19396774
Corrida completa,imp,mu,912,582,-0.005581217,0.25367388,0.2592551
Corrida completa,Goodbye,missing,6890,3506,-0.051205475,0.05804287,0.10924834
Corrida completa,mittens,protected,5706,5653,0.031685412,0.015264292,-0.01642112
Corrida completa,While,horns,3479,5916,0.001763992,-0.12888691,-0.13065091
Corrida completa,ap,prin,2204,1260,0.08254276,0.21552943,0.13298666
Corrida completa,Daniel,tickled,8032,6255,-0.039393213,-0.035463687,0.0039295256
Corrida completa,eat,seller,756,7575,-0.046248138,-0.028355056,0.017893082
Corrida completa,Grace,spid,4014,2175,-0.06627932,-0.079729035,-0.013449714
Corrida completa,beating,recommended,8009,6434,0.07975808,0.02117201,-0.05858607
Corrida completa,eggs,rake,2775,4663,0.024243232,0.25907534,0.23483211
Corrida completa,bucket,cous,1936,6663,0.023484163,-0.11949514,-0.1429793
Corrida completa,pipe,shut,4112,3581,0.104972035,0.079040274,-0.02593176
Corrida completa,bully,en,6846,739,-0.0195323,-0.026896454,-0.007364154
Corrida completa,scampered,shout,7145,1102,0.0024105161,-0.014159558,-0.016570074
Corrida completa,blue,get,1073,604,-0.058527038,-0.15134671,-0.092819676
Corrida completa,breaking,copy,5715,6761,0.0046467856,0.10634255,0.10169576
Corrida completa,organize,stairs,3977,3404,-0.061498694,-0.018902183,0.04259651
Corrida completa,pedal,scru,5473,6106,-0.048018686,-0.047166508,0.0008521788
Corrida completa,forever,more,2000,692,-0.06217276,0.17009582,0.23226857
Corrida completa,admir,spoonful,4893,6829,-0.094645426,-0.0039465055,0.09069892
Corrida completa,reg,slippery,2673,4472,0.03151571,-0.09039359,-0.1219093
Corrida completa,prune,vegetable,5646,2461,0.06820784,0.2967191,0.22851127
Corrida completa,dec,teach,587,2350,0.00011525303,0.18161343,0.18149817
Corrida completa,appear,limes,5299,6840,0.0013558287,0.033290975,0.031935148
Corrida completa,E,coug,600,7790,-0.069899596,0.15707466,0.22697425
Corrida completa,row,smooth,4927,2356,0.08715947,0.05497151,-0.03218796
Corrida completa,feeding,several,7178,7549,-0.07355121,0.055924624,0.12947583
Corrida completa,princess,tools,1770,3167,-0.058903396,0.026459351,0.08536275
Corrida completa,Granny,bark,7487,2316,0.064961694,0.01909338,-0.045868315
Corrida completa,chef,experienced,5767,7815,-0.01612464,0.106700584,0.12282522
Corrida completa,Always,cleared,5984,7723,0.018493505,-0.04311754,-0.06161105
Corrida completa,members,offer,7677,4426,-0.016184963,0.037508838,0.0536938
Corrida completa,Up,unlocked,7446,5671,0.024598472,-0.011347216,-0.035945687
Corrida completa,wagging,watered,5807,5192,0.011053113,0.08650932,0.0754562
Corrida completa,just,lamp,774,2994,0.0136274,-0.06654988,-0.080177285
Corrida completa,bored,climbs,2704,5106,-0.07457698,-0.1003411,-0.025764115
Corrida completa,hesitated,trips,6659,6149,-0.012404431,0.026399504,0.038803935
Corrida completa,polar,squ,7440,1116,0.09613308,0.06981802,-0.026315063
Corrida completa,comforting,fre,8103,3179,0.029524878,0.08551021,0.05598533
Corrida completa,leaned,won,4190,1632,0.02284272,0.021550953,-0.0012917668
Corrida completa,broom,trans,6075,7889,-0.034894533,0.0006816536,0.035576187
Corrida completa,Zara,mask,7830,3605,-0.01786302,-0.0056651067,0.012197914
Corrida completa,pretend,towards,1321,1653,-0.10837966,-0.035036452,0.07334321
Corrida completa,Z,resting,2650,6271,-0.042870916,-0.09946045,-0.056589536
Corrida completa,grip,ties,8045,7846,0.03937411,0.15373796,0.11436385
Corrida completa,ast,octopus,6155,3820,0.0040005352,-0.074471086,-0.07847162
Corrida completa,rest,star,1242,1991,-0.054245435,0.12685819,0.18110362
Corrida completa,environment,gar,8184,2742,-0.07941148,-0.11612697,-0.036715493
Corrida completa,rhy,shrinking,5214,6693,-0.025494391,-0.04559291,-0.02009852
Corrida completa,heading,quilt,6872,7961,0.053390704,0.06888117,0.015490465
Corrida completa,See,broken,4588,1497,0.064126275,0.010904562,-0.053221714
Corrida completa,splash,ve,2555,1706,0.027938766,0.01177945,-0.016159317
Corrida completa,promises,velvet,7000,5260,0.10861646,-0.023128016,-0.13174447
Corrida completa,fearful,minute,3715,4358,-0.038118877,0.14669374,0.1848126
Corrida completa,Y,teasing,6415,5851,0.022189911,-0.04415618,-0.066346094
Corrida completa,grap,pennies,3122,7442,0.04524249,-0.07147753,-0.11672002
Corrida completa,petted,shone,5425,3261,-0.05778993,0.098977745,0.15676767
Corrida completa,costumes,during,5516,5263,-0.09314117,-0.101156525,-0.008015357
Corrida completa,brushed,wool,5578,4546,-0.009356722,0.07208801,0.08144473
Corrida completa,joined,unfortunately,3166,7893,0.050135642,-0.07804905,-0.12818469
Corrida completa,Tweet,super,2185,3835,0.036614247,-0.08594971,-0.12256396
Corrida completa,Nick,true,6669,2720,0.0018064305,-0.09354119,-0.09534762
Corrida completa,anxious,sil,3585,2928,0.004942462,0.061166815,0.056224354
Corrida completa,arranged,bars,7423,6426,-0.11427523,-0.016084567,0.098190665
Corrida completa,belt,mighty,4231,2917,-0.04177562,-0.012347722,0.029427899
Corrida completa,anxious,stupid,3585,3383,-0.013551566,0.26107025,0.2746218
Corrida completa,day,meowing,356,8138,0.035790063,0.0056091007,-0.030180963
Corrida completa,sent,woof,3998,7472,0.010365576,-0.12660779,-0.13697337
Corrida completa,Yes,biggest,6279,3316,-0.002834633,0.13840356,0.1412382
Corrida completa,knowing,thre,2519,1612,0.028198665,-0.025198575,-0.05339724
Corrida completa,raising,reading,8020,3663,-0.034743145,0.120765895,0.15550904
Corrida completa,didn,needs,649,3047,0.050825965,0.06766071,0.016834747
Corrida completa,investigate,und,4586,7338,0.09979144,-0.071404226,-0.17119566
Corrida completa,spoiled,tweet,3188,7987,0.06647857,0.032836396,-0.033642177
Corrida completa,happen,tongue,1868,5032,-0.121787325,0.041713715,0.16350104
Corrida completa,Rose,Where,3289,3973,-0.03080602,-0.10894212,-0.0781361
Corrida completa,celery,easier,4111,5248,0.04876098,0.098550625,0.049789645
Corrida completa,rise,shoe,4831,3713,-0.031643286,0.035979625,0.067622915
Corrida completa,chase,forgiveness,3069,7871,-0.058890633,-0.01934981,0.039540824
Corrida completa,broken,drinking,1497,5168,-0.018272657,0.20686534,0.225138
Corrida completa,We,gathered,777,2601,-0.072322085,0.019854143,0.09217623
Corrida completa,ignored,rough,4492,3087,-0.049486965,0.050634183,0.10012115
Corrida completa,known,zoom,4606,2171,0.13631588,-0.03379044,-0.17010632
Corrida completa,scooter,shimmering,3954,8091,-0.032603126,-0.06904671,-0.036443587
Corrida completa,going,wiggle,950,7004,-0.02231576,-0.026701733,-0.0043859743
Corrida completa,hosp,sweet,2620,1207,-0.15050124,-0.13348404,0.0170172
Corrida completa,cloth,jail,2407,5104,-0.055092465,0.052373633,0.1074661
Corrida completa,Lizzie,grassy,6406,6606,0.06253472,0.06713399,0.004599273
Corrida completa,Mike,pastels,3636,6076,0.026017342,0.022939313,-0.0030780286
Corrida completa,hippo,surv,3898,7663,0.028043319,-0.005744517,-0.033787835
Corrida completa,mouths,protecting,5392,6411,-0.11735648,-0.09699138,0.020365097
Corrida completa,darkness,moo,6231,7247,-0.008931881,0.17518365,0.18411553
Corrida completa,Bet,policeman,4672,5915,-0.10811849,-0.02319312,0.08492537
Corrida completa,chewed,empty,5306,2430,-0.061135598,0.014058109,0.0751937
Corrida completa,Buddy,ing,3964,3435,0.051971726,0.010030638,-0.041941088
Corrida completa,drawings,lad,4144,2302,-0.06691243,-0.087149814,-0.020237386
Corrida completa,Nina,cookie,6968,2335,0.053241156,0.049193073,-0.004048083
Corrida completa,cir,ele,2042,1735,0.040752556,0.06853074,0.027778182
Corrida completa,leading,match,6371,2750,0.03302769,0.038960207,0.0059325173
Corrida completa,cous,known,6663,4606,-0.024772864,-0.00083008036,0.023942783
Corrida completa,glee,swing,6363,1425,-0.06880721,0.01740814,0.08621535
Corrida completa,behavi,trust,6585,2471,0.07693522,0.03821284,-0.038722377
Corrida completa,Mama,famil,2100,5432,0.039015464,-0.0074067153,-0.04642218
Corrida completa,Betsy,built,5474,3267,-0.02708025,0.006287298,0.03336755
Corrida completa,balanced,powerful,6378,2611,0.052819513,0.19005859,0.13723907
Corrida completa,learnt,rubbing,4050,5901,-0.020840134,-0.03756845,-0.016728316
Corrida completa,contin,falling,1440,4314,-0.011862766,0.014865577,0.026728343
Corrida completa,roses,why,6666,1309,0.06445302,0.014223533,-0.05022949
Corrida completa,display,torn,4313,3834,-0.0597179,-0.0034960192,0.05622188
Corrida completa,Susan,cra,6157,1350,0.11217715,-0.02116603,-0.13334318
Corrida completa,rub,tree,3555,676,-0.05430612,-0.086198196,-0.031892076
Corrida completa,Wendy,scrubbed,7720,6510,-0.041597042,-0.06144293,-0.019845888
Corrida completa,radishes,spun,6430,3000,0.049100876,-0.023752011,-0.07285289
Corrida completa,My,respectful,3250,4108,0.008269731,-0.09304616,-0.101315886
Corrida completa,floated,hum,5004,2408,-0.017423376,0.111756414,0.12917979
Corrida completa,glass,two,2719,904,0.07577975,0.07858287,0.002803117
Corrida completa,Hoppy,falls,5503,3177,0.0050213058,0.03725912,0.032237813
Corrida completa,creations,ordered,6826,5346,-0.039711215,-0.048452824,-0.00874161
Corrida completa,Welcome,barely,8013,5656,-0.07325539,-0.13973783,-0.06648244
Corrida completa,first,marshmallows,1187,7244,-0.06930061,0.0442734,0.113574006
Corrida completa,O,seat,2070,2267,0.08472201,0.05425691,-0.030465104
Corrida completa,disappointed,thrilled,2521,5060,0.0008694697,0.21602091,0.21515144
Corrida completa,alive,whispered,4200,3416,-0.044859733,0.01942996,0.06428969
Corrida completa,ca,spread,1949,2383,0.02766012,-0.0049351826,-0.032595303
Corrida completa,forever,toys,2000,684,0.10730572,0.01581931,-0.09148641
Corrida completa,orange,taxi,1968,4191,-0.057242263,0.10926941,0.16651167
Corrida completa,Ann,study,2612,3290,0.052005995,0.04125243,-0.010753565
Corrida completa,safer,welc,6208,1744,0.017957889,-0.03577038,-0.053728268
Corrida completa,One,belts,505,7409,-0.0015075356,0.020330321,0.021837857
Corrida completa,cous,rem,6663,898,-0.0742969,0.19313586,0.26743275
Corrida completa,Lee,blocking,4238,6755,-0.017312814,-0.1370393,-0.119726494
Corrida completa,fav,wrink,1181,7174,-0.0592642,-0.072746165,-0.013481963
Corrida completa,glittering,space,8175,3232,0.065315254,0.15693723,0.09162197
Corrida completa,father,saving,2852,4794,-0.066645026,-0.034142118,0.03250291
Corrida completa,lifted,reunited,3116,7468,-0.037948776,-0.12592234,-0.087973565
Corrida completa,Fighting,line,7986,2529,0.051060285,0.018753946,-0.03230634
Corrida completa,helper,peaches,4750,5905,0.09787465,0.22828096,0.13040632
Corrida completa,celebration,flav,6345,5277,0.023587268,-0.0056893174,-0.029276585
Corrida completa,Poppy,sugar,5591,2920,-0.026684592,0.014478279,0.04116287
Corrida completa,birdc,light,5145,1339,0.07139951,-0.02997217,-0.101371676
Corrida completa,le,refriger,492,5006,-0.005806651,0.040012415,0.045819066
Corrida completa,Elsie,lifts,7869,7369,0.14366479,-0.0073562246,-0.15102102
Corrida completa,thread,tighter,3886,7635,-0.034496058,0.06778095,0.10227701
Corrida completa,final,wishing,7230,6874,0.07661259,0.07893389,0.0023212954
Corrida completa,bead,hurricane,6184,5349,0.009646443,0.04432422,0.034677777
Corrida completa,bubbles,dir,2930,1456,-0.035778254,0.08410968,0.11988793
Corrida completa,friends,swe,477,3210,0.03308176,-0.070447415,-0.10352917
Corrida completa,customers,mush,8035,3811,-0.05676856,-0.049879283,0.006889276
Corrida completa,Rose,seek,3289,2683,-0.014642008,0.05898229,0.0736243
Corrida completa,True,wisdom,4760,5415,0.0069346502,0.073538676,0.066604026
Corrida completa,either,wag,4136,7294,-0.04947576,0.07774673,0.12722248
Corrida completa,Before,manag,5019,7206,0.07186533,0.12123968,0.04937435
Corrida completa,firemen,painting,5761,3076,-0.026093898,0.035240557,0.061334454
Corrida completa,lollipops,trouble,6546,2169,-0.08664274,0.08749372,0.17413646
Corrida completa,alligator,turns,4362,1921,0.0127379745,-0.025341507,-0.03807948
Corrida completa,Max,fabric,704,5794,-0.0367126,0.0439506,0.080663204
Corrida completa,Pat,pancakes,3752,5598,0.03399116,-0.0634958,-0.09748696
Corrida completa,pra,welcome,4598,1895,0.030561343,0.023205733,-0.00735561
Corrida completa,dinosaurs,nowhere,5341,3753,-0.0853695,-0.044615783,0.040753715
Corrida completa,dogs,printing,2872,6756,-0.019070305,-0.0900115,-0.070941195
Corrida completa,loud,mall,867,5189,0.07612924,0.07994409,0.0038148463
Corrida completa,cheap,sauce,3350,3329,0.10439966,0.11235479,0.007955134
Corrida completa,smiled,symbol,506,3928,-0.033554964,-0.03342274,0.00013222545
Corrida completa,prick,taken,8027,2672,-0.009064128,0.024198476,0.033262603
Corrida completa,fur,superhero,1576,4623,0.01643035,0.044653688,0.028223338
Corrida completa,blooming,lots,5993,855,0.0006572725,-0.019306283,-0.019963555
Corrida completa,remembers,sense,5319,6534,0.061617464,0.21381798,0.15220052
Corrida completa,comple,struggled,5458,5480,-0.05689579,-0.026933353,0.029962435
Corrida completa,amount,teles,7094,7523,0.032271765,0.003600128,-0.028671637
Corrida completa,bell,tools,2338,3167,-0.00911645,0.09104745,0.1001639
Corrida completa,accompl,wrinkled,5674,7876,0.06611166,0.055631354,-0.010480307
Corrida completa,searching,swinging,3337,4079,0.028582174,0.17092654,0.14234437
Corrida completa,shapes,yumm,2002,8087,-0.05130236,0.026241953,0.07754431
Corrida completa,In,satisfied,1392,5606,0.10773446,-0.042086013,-0.14982048
Corrida completa,Their,peaceful,2567,2440,0.07324387,-0.019534264,-0.09277813
Corrida completa,Fo,dead,5134,3424,0.018293323,0.006266201,-0.012027122
Corrida completa,faded,set,7270,1369,0.11342318,0.0814962,-0.031926982
Corrida completa,Bo,That,6519,1329,-0.017744198,-0.017704114,4.0084124e-05
Corrida completa,far,offered,982,2941,0.08810871,-0.14559919,-0.2337079
Corrida completa,grin,humming,4575,7931,-0.004521856,0.040578716,0.04510057
Corrida completa,beeh,joins,7900,7988,-0.008756423,0.061919745,0.07067617
Corrida completa,Ralph,patience,7114,6177,-0.010113094,0.043603525,0.05371662
Corrida completa,belly,flut,6382,2724,0.09694533,0.055910576,-0.041034754
Corrida completa,Christmas,creative,6278,2459,-0.060892515,0.11499416,0.17588668
Corrida completa,buck,snakes,1814,6150,-0.054460753,-0.07131826,-0.016857509
Corrida completa,bloom,saf,2974,2186,0.049400225,0.05504822,0.0056479946
Corrida completa,swamp,underneath,4698,5634,0.074975,0.06685205,-0.008122951
Corrida completa,bitten,picnics,8150,8167,0.020655414,0.015274184,-0.0053812303
Corrida completa,Sally,flas,1457,6899,0.03997815,-0.095844865,-0.13582301
Corrida completa,sad,shot,571,5014,-0.039535593,-0.0025983825,0.03693721
Corrida completa,bar,parties,1753,6468,0.064664714,-0.00514704,-0.069811754
Corrida completa,Looking,ambulance,8158,4479,-0.05729184,-0.12522629,-0.06793445
Corrida completa,gloves,shows,5623,2959,0.015258979,0.041085593,0.025826614
Corrida completa,diving,since,6500,4510,-0.055698507,-0.13099962,-0.07530112
Corrida completa,lived,tasty,903,2143,-0.06546291,-0.067839175,-0.0023762658
Corrida completa,hanging,recognized,4549,5292,0.07940691,0.08988677,0.01047986
Corrida completa,materi,worked,5709,1337,-0.05956485,0.034117226,0.09368208
Corrida completa,messy,rag,2575,4272,0.023793995,0.13106036,0.10726637
Corrida completa,cl,reaching,489,6187,0.012055294,0.09136017,0.079304874
Corrida completa,pl,tur,352,3801,0.05116138,0.18250543,0.13134405
Corrida completa,marshmallows,universe,7244,5347,0.021749496,0.25473943,0.23298994
Corrida completa,fool,loyal,3002,2947,0.059166946,0.107397795,0.04823085
Corrida completa,bathe,punished,5085,5763,-0.034173135,0.13086161,0.16503474
Corrida completa,compassionate,resist,3735,3606,-0.0145300925,-0.027221732,-0.012691639
Corrida completa,Lucky,arrived,5733,1454,0.03021315,-0.007359571,-0.03757272
Corrida completa,anger,awoke,7627,7540,-0.04433404,-0.032828864,0.011505175
Corrida completa,Try,foxes,7622,7899,0.026484475,-0.13584776,-0.16233224
Corrida completa,angry,rained,949,5377,0.10362081,0.18115598,0.07753517
Corrida completa,fool,rope,3002,2180,0.012956865,0.104638636,0.09168177
Corrida completa,joking,wa,6621,270,0.03470792,-0.04651835,-0.08122627
Corrida completa,hour,like,6818,518,-0.006857423,-0.07333268,-0.06647526
Corrida completa,kayak,mighty,4278,2917,-0.11241228,-0.014176089,0.09823619
Corrida completa,gross,moms,6977,3124,0.055779062,0.050939415,-0.0048396476
Corrida completa,clean,waff,952,3847,0.010513503,-0.095701545,-0.106215045
Corrida completa,A,sewing,458,7699,0.03958378,-0.067089915,-0.106673695
Corrida completa,ar,singer,468,5940,-0.0055747144,-0.07143531,-0.0658606
Corrida completa,fara,heavy,6169,1784,-0.053953025,0.05858071,0.11253373
Corrida completa,acc,gardens,1782,8019,0.06918726,-0.0785555,-0.14774276
Corrida completa,there,wine,397,4871,0.057110637,0.06417918,0.0070685446
Corrida completa,beehive,curtain,8037,3929,0.043483384,0.32470864,0.28122526
Corrida completa,forgot,road,1449,2161,-0.040324047,-0.13365597,-0.09333192
Corrida completa,girl,hello,442,2067,0.05355995,-0.040256973,-0.09381692
Corrida completa,Tr,masterp,4175,7488,-0.025235265,0.19053899,0.21577425
Corrida completa,Mum,suitc,2518,5668,-0.0208959,-0.063920826,-0.043024927
Corrida completa,castles,lines,4823,5607,0.1006404,0.2482712,0.1476308
Corrida completa,Welcome,wealthy,8013,3276,-0.019988136,0.03001287,0.050001007
Corrida completa,ruin,teasing,5783,5851,0.03535303,0.109873086,0.07452005
Corrida completa,officers,thermometer,7877,4780,0.046581093,0.114127256,0.06754616
Corrida completa,Ellie,stream,3503,3094,0.099370524,0.12668559,0.027315065
Corrida completa,anything,yield,1420,4563,0.057112724,0.041290313,-0.01582241
Corrida completa,Lilly,we,4386,367,-0.00900994,0.005465161,0.014475101
Corrida completa,pleaded,supported,7733,7863,0.1015334,0.08910996,-0.012423441
Corrida completa,stu,v,2016,632,-0.027091466,0.19738959,0.22448105
Corrida completa,gentle,top,1859,1304,0.040388856,-0.095094875,-0.13548373
Corrida completa,die,tumm,7125,8188,-0.053788412,0.0652013,0.118989706
Corrida completa,argued,wings,5514,1854,-0.042280458,0.083259046,0.12553951
Corrida completa,cheek,pebble,4493,3738,0.02838935,0.05376213,0.02537278
Corrida completa,red,stay,938,888,0.009391602,-0.063647576,-0.073039174
Corrida completa,They,loc,322,8093,0.03296566,0.036123928,0.0031582676
Corrida completa,ent,leash,2160,3914,-0.055567645,-0.095234655,-0.03966701
Corrida completa,easily,pretti,4732,5626,0.097462624,0.06944531,-0.028017312
Corrida completa,curious,tape,1170,2921,-0.06158712,0.0485054,0.11009252
Corrida completa,stepped,writing,1758,4551,0.08274534,0.12719072,0.04444538
Corrida completa,broke,heav,1767,6171,-0.013954679,-0.06264357,-0.048688896
Corrida completa,Adam,curiously,6026,7115,-0.073315956,0.10802672,0.18134268
Corrida completa,dads,sniffed,7169,4559,0.006861098,-0.028534126,-0.035395224
Corrida completa,Rob,bare,6095,5461,0.07984628,0.092034,0.012187719
Corrida completa,Happy,drift,6535,5597,-0.024227634,-0.037156906,-0.012929272
Corrida completa,beginning,comb,6423,3683,0.09635708,0.058071245,-0.038285833
Corrida completa,sl,surpr,720,930,0.062255748,0.03378004,-0.02847571
Corrida completa,awoke,teacher,7540,1838,0.08902475,-0.048782386,-0.13780713
Corrida completa,embarrassed,playground,2424,2758,-0.025297191,0.09650304,0.12180023
Corrida completa,third,thu,6650,3209,0.11532334,0.069269046,-0.046054296
Corrida completa,diffic,neighbour,2996,3976,-0.0033118688,-0.07188434,-0.06857248
Corrida completa,Sally,praised,1457,4880,0.009327239,0.0057349987,-0.0035922406
Corrida completa,art,duck,4029,1307,0.05781564,0.033289693,-0.024525948
Corrida completa,bath,touch,1813,1331,0.031654134,0.035092648,0.0034385137
Corrida completa,had,settle,359,5427,-0.08898624,-0.11343184,-0.0244456
Corrida completa,envelope,struggled,3462,5480,0.11638512,0.05549793,-0.060887188
Corrida completa,swamp,uncle,4698,3582,0.06624563,-0.06000657,-0.1262522
Corrida completa,basement,touching,7003,5869,0.070516676,0.039182186,-0.03133449
Corrida completa,Cat,juicy,5523,2845,0.049940325,0.17696287,0.12702253
Corrida completa,family,fool,910,3002,0.028007066,0.053024046,0.02501698
Corrida completa,Sm,ventured,3779,6070,-0.11164984,0.17932814,0.29097798
Corrida completa,dri,regular,1382,3454,-0.052409764,0.039343555,0.09175332
Corrida completa,ga,thunder,4955,3432,0.056850255,-0.07193944,-0.1287897
Corrida completa,promises,sewing,7000,7699,0.0012350045,0.01263158,0.011396576
Corrida completa,ball,sour,683,2494,-0.007410623,0.016097017,0.02350764
Corrida completa,lights,robot,3313,2415,0.032622173,0.043763064,0.01114089
Corrida completa,rescue,true,4142,2720,0.105743855,0.19315182,0.08740796
Corrida completa,de,rot,1092,4332,0.035701957,0.059397515,0.023695558
Corrida completa,Friend,begin,6595,5558,-0.062020123,0.03666622,0.09868634
Corrida completa,kites,tail,6749,1609,-0.04760169,0.16624185,0.21384354
Corrida completa,message,steady,3968,7281,-0.05942785,-0.030814845,0.028613005
Corrida completa,beamed,warm,4889,1148,-0.057001736,0.020270783,0.07727252
Corrida completa,embarra,gobbled,2329,6665,-0.10670327,-0.12562373,-0.018920466
Corrida completa,dr,noon,1239,6651,-0.03903865,-0.05911748,-0.02007883
Corrida completa,equipment,valued,5233,6253,0.09890379,-0.0007857308,-0.09968952
Corrida completa,drives,peel,6096,5546,0.027857846,0.087029226,0.05917138
Corrida completa,Jake,prom,2468,1315,0.036292866,-0.024425898,-0.060718764
Corrida completa,having,tiger,1243,2918,0.011764571,-0.08262563,-0.0943902
Corrida completa,bleed,otters,5088,7484,0.01401655,0.002071701,-0.011944849
Corrida completa,quiz,seas,4784,4511,0.019663092,0.05923284,0.039569747
Corrida completa,file,trouble,4676,2169,0.048088912,0.036639687,-0.011449225
Corrida completa,Remember,stro,6904,4658,-0.061419833,-0.008429786,0.05299005
Corrida completa,mention,neighbors,5071,5610,0.14171977,0.01702673,-0.12469304
Corrida completa,courage,then,3688,586,-0.047320742,0.044619903,0.09194064
Corrida completa,doctor,duck,1796,1307,0.03841112,0.14025885,0.10184772
Corrida completa,roar,work,2871,1091,0.010731426,0.15663484,0.14590341
Corrida completa,cloud,refle,1646,6598,-0.0072463504,-0.16185644,-0.1546101
Corrida completa,explo,warm,7069,1148,-0.009172577,0.0051426487,0.014315226
Corrida completa,small,wonders,788,5751,0.015588657,0.003627438,-0.011961219
Corrida completa,Pe,knowing,3855,2519,-0.020535275,-0.051129587,-0.030594312
Corrida completa,escape,plate,3150,2475,0.05732174,0.07318368,0.01586194
Corrida completa,exercise,heart,4919,1817,-0.10342193,0.116745785,0.22016771
Corrida completa,ran,wobble,555,7438,0.0521388,0.06306729,0.010928486
Corrida completa,marble,tough,3240,3022,0.000105820596,0.09005059,0.08994477
Corrida completa,beehive,tell,8037,1168,0.042475373,0.018048234,-0.024427138
Corrida completa,improve,lawn,4584,4518,-0.16268516,-0.0020891633,0.160596
Corrida completa,Sh,melon,4008,3720,0.08594851,-0.06455459,-0.1505031
Corrida completa,intelligent,toys,3701,684,0.0345938,0.073789015,0.039195217
Corrida completa,remembered,tasting,1359,7991,-0.07050702,0.10812906,0.17863607
Corrida completa,Fro,bed,5431,1015,-0.06766318,-0.19864476,-0.13098158
Corrida completa,ar,perfectly,468,4255,0.14876106,0.10874133,-0.040019736
Corrida completa,exciting,fireworks,2040,5238,-0.0633547,0.1289812,0.1923359
Corrida completa,help,tag,482,2902,-0.03487946,0.04148077,0.076360226
Corrida completa,cap,sorted,2846,5938,0.038076058,-0.053411048,-0.09148711
Corrida completa,The,crack,299,2826,-0.06295135,-0.08174604,-0.018794693
Corrida completa,beep,shared,3917,1663,-0.1030301,-0.060387768,0.042642333
Corrida completa,happening,saying,2910,3127,0.015865866,-0.0694298,-0.08529566
Corrida completa,sink,ta,3546,691,-0.021549579,-0.059156645,-0.037607066
Corrida completa,list,paint,887,1732,0.022465907,0.050483774,0.028017867
Corrida completa,Joanne,froze,8142,6569,-0.029788896,-0.006374469,0.023414427
Corrida completa,Paula,miserable,8127,3826,0.007913768,-0.079738975,-0.08765274
Corrida completa,gigg,style,2094,5375,-0.014703954,0.045060486,0.059764437
Corrida completa,teeth,towels,2409,6159,0.028438486,0.27265605,0.24421757
Corrida completa,In,winked,1392,6410,-0.030073646,-0.15863553,-0.12856188
Corrida completa,opens,second,3678,3975,0.025606018,-0.0011184886,-0.026724506
Corrida completa,lived,loudly,903,3020,-0.029350005,0.00773267,0.037082676
Corrida completa,Beth,collecting,5632,5086,0.02401017,-0.16123937,-0.18524954
Corrida completa,investigate,points,4586,4608,0.021407643,0.053020857,0.031613216
Corrida completa,fur,parade,1576,3902,-0.032442044,0.07411355,0.106555596
Corrida completa,boring,piano,2735,3718,-0.0144042,0.1328332,0.14723739
Corrida completa,enter,slow,4878,1374,-0.07178533,0.014509311,0.08629464
Corrida completa,mine,ones,2045,2805,0.09757275,0.14757615,0.050003402
Corrida completa,banana,veil,2924,4674,-0.008047238,0.27548927,0.2835365
Corrida completa,manag,six,7206,5519,-0.069107786,0.0028482797,0.07195607
Corrida completa,cryst,seesaw,3850,6176,0.051906295,0.071070276,0.019163981
Corrida completa,flames,under,6319,896,0.084004015,0.022647232,-0.061356783
Corrida completa,Wendy,band,7720,2095,0.08015522,0.104741566,0.024586342
Corrida completa,giggled,its,2757,914,-0.15822238,-0.098441675,0.059780702
Corrida completa,fear,project,2533,5941,-0.09462004,0.04701245,0.1416325
Corrida completa,fart,heat,5907,5339,-0.009179907,-0.052526336,-0.043346427
Corrida completa,proudly,purp,3139,1988,-0.0044641886,-0.067661755,-0.06319757
Corrida completa,Amelia,Spike,6719,4968,0.038961172,0.4213776,0.38241643
Corrida completa,backed,scar,6505,2561,0.115230694,0.12033992,0.005109228
Corrida completa,bite,pots,1809,6308,-0.014037175,0.11136442,0.12540159
Corrida completa,librarian,seemed,6061,1926,-0.0099010905,-0.13047862,-0.12057753
Corrida completa,scaring,soaked,6583,5867,-0.0038405675,0.1666041,0.17044467
Corrida completa,fan,like,2082,518,0.06164534,-0.05290734,-0.11455268
Corrida completa,pond,shoulder,1296,4379,0.0036729462,0.17408718,0.17041424
Corrida completa,Zoom,purpose,6211,8026,-0.051865913,-0.015872076,0.035993837
Corrida completa,funny,good,1308,597,0.001472462,0.24385104,0.24237858
Corrida completa,fur,ruined,1576,2833,0.091010794,-0.01407253,-0.105083324
Corrida completa,gather,gorilla,2124,3995,-0.037314747,-0.026168648,0.011146098
Corrida completa,Squeaky,ro,7539,522,-0.071987495,-0.09188183,-0.019894332
Corrida completa,dra,nuts,978,3749,-0.08019917,-0.060979374,0.019219793
Corrida completa,hang,leaving,2746,3429,0.05137469,0.10378996,0.052415274
Corrida completa,gets,he,2817,279,-0.12875357,-0.06920434,0.059549235
Corrida completa,and,learnt,265,4050,-0.026880305,-0.049052957,-0.022172652
Corrida completa,squealed,toolbox,6213,7902,-0.08910835,0.10981321,0.19892156
Corrida completa,ble,punish,4517,5100,-0.0999531,-0.1465456,-0.046592504
Corrida completa,boss,crabs,2820,6210,-0.0432518,0.047522463,0.09077427
Corrida completa,Green,Lou,6967,6173,-0.08280622,0.16795915,0.25076538
Corrida completa,explain,growing,3883,3482,-0.009557333,-0.018549267,-0.008991934
Corrida completa,Le,accom,2548,5616,0.02892553,0.2759183,0.24699277
Corrida completa,Al,Laura,2413,7592,-0.04701999,-0.044770762,0.002249226
Corrida completa,com,hopes,778,4601,0.050505385,-0.0074941684,-0.05799955
Corrida completa,shore,vegg,2558,7601,0.08261759,0.08146238,-0.0011552051
Corrida completa,climbed,sausages,1567,6068,-0.048816837,-0.05891414,-0.0100973025
Corrida completa,en,vet,739,4383,-0.0134577155,-0.016886842,-0.003429126
Corrida completa,chalk,different,4201,1147,-8.354103e-05,0.02457588,0.024659421
Corrida completa,spoonful,sunf,6829,3336,0.12020029,0.06290592,-0.05729437
Corrida completa,avocado,rainbow,4453,1986,0.06919107,0.25187677,0.1826857
Corrida completa,shouldn,worker,4325,6286,-0.03201565,-0.0032980703,0.028717581
Corrida completa,airplane,breeze,4966,4448,0.079993,0.13494769,0.054954685
Corrida completa,heartbroken,visitor,7602,7768,0.056151398,0.11537835,0.059226952
Corrida completa,gre,serve,769,4825,-0.01280323,-0.021320313,-0.008517083
Corrida completa,Do,inf,1318,4523,-0.048817262,0.11048232,0.15929958
Corrida completa,Mel,its,6536,914,-0.062119603,-0.007484435,0.054635167
Corrida completa,rin,stomach,7791,5093,-0.028622985,0.008386549,0.037009533
Corrida completa,beauty,track,3601,3163,-0.009514432,0.10574311,0.11525755
Corrida completa,ret,twisted,2047,5151,0.07469934,0.02027458,-0.054424763
Corrida completa,jars,ropes,7957,6841,-0.063571155,0.19158371,0.25515485
Corrida completa,air,custom,1413,6764,0.058580738,-0.0629568,-0.12153754
Corrida completa,cookies,steer,1585,6507,-0.095970176,-0.11890128,-0.022931106
Corrida completa,Holly,grocer,7454,4361,-0.03473057,-0.016731665,0.017998904
Corrida completa,Uncle,twinkle,5683,6377,-0.07044983,-0.0546458,0.01580403
Corrida completa,O,six,2070,5519,-0.06699249,-0.036036056,0.030956436
Corrida completa,Aunt,ghost,6445,3680,0.013288574,-0.05632524,-0.069613814
Corrida completa,pointy,quieter,6758,7746,-0.013825387,0.1277989,0.14162429
Corrida completa,mud,trapped,2270,5457,0.080339536,0.016057197,-0.06428234
Corrida completa,m,quarrel,281,4351,-0.073663026,-0.031882126,0.0417809
Corrida completa,fant,hugged,7332,780,0.07768457,-0.055776957,-0.13346152
Corrida completa,candles,throwing,4959,4593,0.05955756,-0.066795915,-0.12635347
Corrida completa,d,giving,278,3001,-0.027019292,0.08335597,0.11037526
Corrida completa,She,paint,313,1732,-0.08356605,-0.06663035,0.016935699
Corrida completa,purpose,thud,8026,7214,0.0026688874,0.11074631,0.10807742
Corrida completa,fence,fishing,1871,4350,-2.592057e-05,0.14444964,0.14447555
Corrida completa,ant,petted,2400,5425,-0.0016143993,-0.01228066,-0.0106662605
Corrida completa,broken,cane,1497,4353,0.006066762,0.021481814,0.015415052
Corrida completa,annoyed,dressed,7780,4465,-0.02249312,0.10361571,0.12610883
Corrida completa,colored,genie,6428,6950,-0.10727051,-0.07173744,0.03553307
Corrida completa,cupboard,tidied,3722,7443,0.06378552,-0.001994092,-0.06577961
Corrida completa,chew,evil,2739,7511,0.026142087,0.001957052,-0.024185035
Corrida completa,sew,spade,5097,4815,0.11231275,0.17927828,0.066965535
Corrida completa,area,backyard,5537,1911,0.00062381104,0.30109543,0.3004716
Corrida completa,Freddy,line,5025,2529,0.15722775,0.0744987,-0.08272906
Corrida completa,eag,truly,2253,5964,0.06783496,0.058962654,-0.008872304
Corrida completa,blackboard,come,4751,880,-0.0075033326,-0.04745903,-0.039955698
Corrida completa,beeh,pumpkins,7900,6909,0.09506058,-0.13214056,-0.22720113
Corrida completa,boss,circles,2820,3054,0.038060226,-0.02632239,-0.06438261
Corrida completa,bes,nights,5294,8101,0.03558612,0.008327039,-0.02725908
Corrida completa,changes,tearing,8095,8159,-0.045228384,0.0036355583,0.048863944
Corrida completa,Luckily,achieve,6392,5995,0.11510287,5.8563426e-05,-0.11504431
Corrida completa,by,tricycle,857,7597,-0.042872585,0.04124766,0.084120244
Corrida completa,jour,opport,1869,7915,0.09213787,0.035819735,-0.056318138
Corrida completa,Later,grocery,5203,5211,-0.110353895,-0.04122372,0.069130175
Corrida completa,clapped,thorns,1829,8141,0.050548363,0.05431585,0.0037674867
Corrida completa,scre,sweaty,2543,8031,-0.017569674,-0.054966748,-0.03739707
Corrida completa,Henry,sending,4896,7305,-0.07622209,0.0037861224,0.080008216
Corrida completa,bleeding,magnet,5622,3699,-0.11486247,0.013455646,0.12831812
Corrida completa,You,modest,570,4005,-0.06421715,-0.17640133,-0.11218418
Corrida completa,raising,staring,8020,6064,-0.08821592,0.04567703,0.13389295
Corrida completa,bushes,neighbors,3199,5610,-0.04741622,0.12576577,0.173182
Corrida completa,risk,searching,6340,3337,-0.078973874,-0.04752902,0.031444855
Corrida completa,Maria,inse,4256,4352,-0.030562237,-0.14290568,-0.112343445
Corrida completa,hear,mer,1453,6959,-0.010727942,-0.16896375,-0.1582358
Corrida completa,clapping,need,3900,785,0.0630694,-0.02325547,-0.08632487
Corrida completa,cloth,spicy,2407,2486,-0.068023294,0.09290947,0.16093276
Corrida completa,petals,thankful,4337,2565,0.15604427,0.06161122,-0.094433054
Corrida completa,Lila,beard,1538,5837,-0.081456006,0.11270195,0.19415796
Corrida completa,caterpill,dot,2659,7712,0.025552534,0.08098993,0.055437393
Corrida completa,above,din,3153,1362,0.038844116,0.01211758,-0.026726536
Corrida completa,removed,settled,6220,4827,-0.009870186,0.051774647,0.061644834
Corrida completa,intelligent,pie,3701,1625,0.02070635,-0.0016668439,-0.022373194
Corrida completa,bread,pastels,2163,6076,-0.015876759,0.21598041,0.23185717
Corrida completa,Emma,race,1916,1694,-0.054608684,-0.02953754,0.025071144
Corrida completa,dollhouse,pours,6945,7383,-0.09676528,-0.10856722,-0.011801943
Corrida completa,thing,tur,1278,3801,-0.045714267,-0.08213979,-0.036425523
Corrida completa,drinks,veil,5426,4674,0.11964578,0.16058896,0.040943183
Corrida completa,Ginger,symbols,8056,7161,-0.020599704,0.020885274,0.041484978
Corrida completa,Together,model,2584,5049,0.0030083265,0.010492401,0.0074840747
Corrida completa,prettier,squished,6980,7962,-0.059591953,-0.0042361356,0.055355817
Corrida completa,des,sna,1960,2619,0.104318164,0.39241636,0.2880982
Corrida completa,stall,struc,8048,4988,-0.04010897,-0.047576606,-0.007467635
Corrida completa,taller,tast,4957,1297,0.016086884,0.014061987,-0.0020248964
Corrida completa,pump,wouldn,2991,1771,0.05674298,-0.10690164,-0.16364461
Corrida completa,curiously,doors,7115,4570,0.1549347,0.12778252,-0.02715218
Corrida completa,cra,electric,1350,7963,-0.09646346,0.0021685865,0.098632045
Corrida completa,artwork,happen,7578,1868,-0.061043955,0.0015308838,0.06257484
Corrida completa,Spring,recipe,8163,6949,-0.029079445,0.024158973,0.053238418
Corrida completa,colorful,inside,1707,735,0.09597331,0.028215159,-0.06775816
Corrida completa,Sharing,grocer,5619,4361,-0.082838126,0.027459243,0.11029737
Corrida completa,ache,miss,7092,1981,0.06770771,0.05476309,-0.01294462
Corrida completa,fox,meowed,1648,5156,-0.063690156,0.07803558,0.14172573
Corrida completa,dragons,supply,5927,4737,0.044941902,-0.15603715,-0.20097905
Corrida completa,mush,squealed,3811,6213,0.05648503,-0.06825519,-0.12474023
Corrida completa,beans,closer,4888,1143,-0.02197522,0.06663008,0.0886053
Corrida completa,Eventually,purr,3805,7638,-0.0760237,-0.14291129,-0.06688759
Corrida completa,scooter,sing,3954,1228,0.032694615,0.19986948,0.16717488
Corrida completa,tweet,uniform,7987,4781,0.083947726,0.0582463,-0.025701426
Corrida completa,meant,shield,2496,3626,0.06175831,-0.07739921,-0.13915752
Corrida completa,managed,wal,2971,602,-0.049216766,0.035346612,0.084563375
Corrida completa,bars,now,6426,962,-0.07050947,0.08932014,0.15982962
Corrida completa,Ch,lock,2426,2798,-0.047631588,-0.22076674,-0.17313515
Corrida completa,ago,yelling,5732,5689,0.018392578,0.021697927,0.0033053495
Corrida completa,Momo,twirl,6228,2602,0.07906725,0.17679822,0.09773097
Corrida completa,playful,spoonful,3381,6829,0.07863575,-0.03628799,-0.114923745
Corrida completa,check,winding,2912,7989,0.081153415,0.03770491,-0.043448504
Corrida completa,cann,glass,2422,2719,0.029095735,0.031249875,0.0021541398
Corrida completa,handing,marshmallow,7763,7080,0.045676436,-0.033757623,-0.07943406
Corrida completa,Someone,mic,5470,2773,0.022180388,0.03573185,0.013551461
Corrida completa,enjoying,important,2972,1096,0.009633055,-0.08249542,-0.09212848
Corrida completa,pit,stone,4617,2465,0.03813228,0.28280264,0.24467036
Corrida completa,cow,meadow,2007,2462,-0.010452947,0.17161302,0.18206596
Corrida completa,curtain,horns,3929,5916,0.013037637,0.161912,0.14887436
Corrida completa,creativity,teacher,6905,1838,0.04891416,0.15555447,0.10664031
Corrida completa,mighty,younger,2917,6518,-0.009531284,0.20775132,0.21728261
Corrida completa,qu,robots,740,7903,0.013051929,0.022296978,0.009245049
Corrida completa,relaxed,spir,4506,4035,0.070236824,-0.06966483,-0.13990165
Corrida completa,children,unlock,1439,4145,0.067127705,-0.06726461,-0.13439232
Corrida completa,brighter,tent,3648,2715,-0.063613854,0.10239656,0.16601041
Corrida completa,eas,shrimp,2127,4087,-0.12157142,-0.048168518,0.073402904
Corrida completa,none,shrimp,5035,4087,0.054492928,0.037815824,-0.016677104
Corrida completa,animal,feather,807,2242,0.029653374,0.228894,0.19924062
Corrida completa,Your,clearing,3552,5282,0.02713447,-0.17640257,-0.20353705
Corrida completa,magical,trusted,1692,4763,0.027487533,0.016824063,-0.01066347
Corrida completa,powder,shivering,4338,5944,-0.039677724,0.14020105,0.17987877
Corrida completa,Bye,batteries,6248,7119,0.04591857,-0.02291981,-0.06883838
Corrida completa,heartbroken,rescued,7602,6125,0.015918918,0.10229627,0.08637735
Corrida completa,backpack,met,3875,1564,-0.055530533,0.0183678,0.07389833
Corrida completa,liked,steering,619,7995,0.08407083,-0.023711931,-0.107782766
Corrida completa,among,newspap,6716,5129,0.0041034184,0.075279996,0.07117657
Corrida completa,knight,prints,2685,5971,-0.0042877756,-0.04537486,-0.041087084
Corrida completa,leads,mon,7483,1220,0.0017654095,0.0020001512,0.00023474172
Corrida completa,heard,touched,754,2065,0.005333742,0.19285986,0.18752612
Corrida completa,ar,shrugged,468,4675,0.08868007,-0.072929956,-0.16161004
Corrida completa,sadder,than,8181,634,0.1193431,0.035737947,-0.083605155
Corrida completa,careful,they,853,362,0.08072254,-0.0054475795,-0.08617012
Corrida completa,See,appreciate,4588,5065,-0.05074954,0.15978864,0.21053818
Corrida completa,Bob,miner,1132,4659,-0.051581524,0.15864563,0.21022716
Corrida completa,bone,pants,2698,3651,-0.07948303,0.21221149,0.29169452
Corrida completa,bones,safe,5520,895,0.0021130834,0.13501064,0.13289756
Corrida completa,emb,intere,2284,2077,-0.08323995,0.009365812,0.09260576
Corrida completa,lent,stole,7563,5772,-0.0407352,0.13838631,0.17912151
Corrida completa,interested,sharks,6277,7933,-0.16339189,0.016853536,0.18024543
Corrida completa,saved,wag,2708,7294,-0.0014100857,0.1463903,0.14780039
Corrida completa,Farmer,belts,6667,7409,-0.037277635,-0.0016236184,0.035654016
Corrida completa,pie,unlock,1625,4145,0.15169668,0.051174447,-0.100522235
Corrida completa,Julie,structure,5694,4991,0.011007354,0.0409435,0.029936146
Corrida completa,draw,witch,1263,3537,0.06925228,0.053565703,-0.015686579
Corrida completa,spend,tighter,2679,7635,0.026039828,-0.0863786,-0.11241843
Corrida completa,fam,shrunk,865,7772,0.031986736,0.050311606,0.01832487
Corrida completa,include,slammed,6153,7328,0.16507567,0.10985634,-0.055219337
Corrida completa,coug,roll,7790,1569,0.0075334525,-0.071500055,-0.07903351
Corrida completa,sale,smiled,6992,506,0.0028531328,0.008345356,0.0054922234
Corrida completa,forests,washing,7480,4981,0.022143494,0.053496167,0.031352673
Corrida completa,available,beautiful,3934,870,-0.060935285,0.25499693,0.3159322
Corrida completa,neare,restless,7085,3760,-0.086657204,-0.07621583,0.01044137
Corrida completa,Mary,twinkle,1931,6377,-0.036090158,0.03378363,0.06987379
Corrida completa,knock,spring,3619,3638,0.053715155,0.19739074,0.14367558
Corrida completa,invitation,pants,5258,3651,0.08130209,0.16752519,0.086223096
Corrida completa,conn,somewhere,6522,3983,-0.04353821,-0.088420704,-0.044882495
Corrida completa,custom,fest,6764,4994,-0.009335842,0.21457677,0.22391261
Corrida completa,Sharing,slower,5619,6947,-0.13308533,0.008001968,0.1410873
Corrida completa,Despite,pennies,8016,7442,-0.03497481,-0.17269921,-0.1377244
Corrida completa,dishwasher,sights,4539,5717,-0.122614995,-0.03702752,0.08558747
Corrida completa,N,zipping,1141,6849,0.0057562366,0.06363414,0.057877906
Corrida completa,arms,needles,2009,6738,0.106663994,0.2936845,0.18702051
Corrida completa,draw,trap,1263,3420,0.0064331777,0.020940136,0.014506958
Corrida completa,By,performing,6112,7240,-0.052219324,-0.18517551,-0.13295618
Corrida completa,sill,yelped,7621,7785,-0.06272523,0.030219812,0.09294504
Corrida completa,glass,windowsill,2719,8135,-0.17309341,-0.040515903,0.13257751
Corrida completa,laundry,though,4251,1958,0.064343296,-0.052587055,-0.11693035
Corrida completa,Did,curled,5849,5208,-0.059309058,-0.07838351,-0.019074455
Corrida completa,promise,west,2123,5816,-0.015471835,0.06375958,0.07923141
Corrida completa,accomplishment,fing,6972,2108,0.029831383,-0.121175766,-0.15100715
Corrida completa,Frank,discussed,5729,6600,0.020874199,-0.011457708,-0.032331906
Corrida completa,at,tentacles,452,8028,-0.03923915,-0.10994128,-0.070702136
Corrida completa,cle,sew,833,5097,-0.054127656,-0.13797958,-0.083851926
Corrida completa,investigate,sees,4586,1252,0.14077485,0.12521279,-0.0155620575
Corrida completa,months,thr,7363,1008,-0.14177656,-0.053161144,0.08861542
Corrida completa,on,tape,346,2921,0.023684192,-0.00010115653,-0.023785349
Corrida completa,Doggy,valley,6757,4948,0.0618563,0.103598274,0.041741975
Corrida completa,cl,copy,489,6761,0.041079253,0.19019866,0.1491194
Corrida completa,pastries,tricks,6047,4153,-0.1301327,0.1610043,0.291137
Corrida completa,dress,stacked,1130,7376,-0.05694993,0.16044113,0.21739106
Corrida completa,pointy,seems,6758,6189,0.024169216,-0.012744207,-0.036913425
Corrida completa,leaves,spike,1499,6072,0.075451046,0.19771358,0.12226254
Corrida completa,split,winning,3727,5703,0.040182345,0.113252275,0.07306993
Corrida completa,gir,lose,3770,2863,-0.051940314,-0.060321353,-0.008381039
Corrida completa,language,wre,4462,5302,0.029983483,-0.09739491,-0.1273784
Corrida completa,intelligent,mall,3701,5189,0.04660814,0.13011065,0.083502516
Corrida completa,bedtime,cars,6429,1346,0.024628831,-0.00095647015,-0.025585301
Corrida completa,flap,struck,5491,5590,0.055016108,0.05237285,-0.0026432574
Corrida completa,fascinated,flexible,5532,3576,0.018544715,0.16726923,0.14872451
Corrida completa,swooped,tomatoes,6284,5353,0.07187352,0.002886624,-0.0689869
Corrida completa,create,tracks,3566,5318,-0.13042662,-0.041024283,0.08940233
Corrida completa,bin,windowsill,3999,8135,0.028228275,0.100807294,0.07257902
Corrida completa,laughed,machines,854,5955,-0.07521829,0.048895143,0.12411343
Corrida completa,crawl,driving,2754,3514,-0.05585564,0.11824536,0.174101
Corrida completa,gain,weren,5190,5373,0.027207501,0.006611066,-0.020596435
Corrida completa,fre,turning,3179,5305,0.014426356,0.08860987,0.07418351
Corrida completa,marry,number,4235,2709,0.011408622,0.111813225,0.100404605
Corrida completa,Jen,Under,1610,7400,-0.021559456,-0.122808054,-0.1012486
Corrida completa,igloo,neighbors,4654,5610,0.0057014953,0.1414759,0.1357744
Corrida completa,hid,voice,1447,1151,0.0021911738,0.067936115,0.065744944
Corrida completa,cast,reaches,1451,4783,0.06627446,0.20686951,0.14059505
Corrida completa,cal,pigeons,5496,7737,-0.01796228,-0.08484628,-0.066883996
Corrida completa,farm,sweep,2006,8030,-0.06027453,-0.049894962,0.010379568
Corrida completa,artist,kingdom,6529,4323,-0.12693313,0.12703668,0.2539698
Corrida completa,stamps,wrapped,5742,2997,0.030053232,0.122611985,0.09255876
Corrida completa,face,gobbled,1144,6665,0.048554793,0.086619094,0.0380643
Corrida completa,laughs,tem,3217,3702,0.0037238896,-0.023044493,-0.026768383
Corrida completa,interesting,onions,2178,6701,-0.015406404,-0.018605724,-0.0031993203
Corrida completa,Judy,cone,6963,3339,-0.006047167,0.010269006,0.016316172
Corrida completa,A,tidied,458,7443,0.020278107,-0.038150672,-0.05842878
Corrida completa,Susan,recogn,6157,3985,-0.09343901,-0.010240579,0.083198436
Corrida completa,adventurous,scoop,2919,5527,-0.09393531,-0.06137536,0.03255995
Corrida completa,other,shore,572,2558,-0.09420818,-0.046164036,0.048044145
Corrida completa,food,steep,1041,5887,-0.0568048,0.025657136,0.08246194
Corrida completa,fierce,l,3202,275,-0.1081741,-0.05473397,0.05344013
Corrida completa,blink,buildings,6012,5231,-0.056162514,0.02373489,0.0798974
Corrida completa,every,own,618,1052,0.042702112,0.12720972,0.084507614
Corrida completa,nests,score,8063,5078,-0.014260933,0.087907605,0.10216854
Corrida completa,sunglasses,written,4653,5970,0.07413648,0.09100684,0.016870357
Corrida completa,claps,dusty,5890,6040,0.0139643345,0.07542519,0.06146086
Corrida completa,bedtime,large,6429,2376,-0.041160006,0.10479634,0.14595635
Corrida completa,enjoyed,haircut,1409,4228,-0.053437036,-0.15949066,-0.10605362
Corrida completa,body,younger,2848,6518,-0.06644711,-0.0696295,-0.0031823888
Corrida completa,examine,stretching,5036,5662,-0.00026065484,0.0692807,0.06954135
Corrida completa,ph,pil,1969,3151,-0.007192772,0.14238556,0.14957833
Corrida completa,pony,troubled,3792,4073,0.1592119,-0.016331883,-0.17554379
Corrida completa,stri,teac,3302,1800,-0.026316391,0.08455648,0.11087287
Corrida completa,mes,stage,6630,3591,0.06369974,-0.02153157,-0.085231304
Corrida completa,opin,sorted,5757,5938,-0.03768027,-0.046385832,-0.008705564
Corrida completa,air,spit,1413,5324,0.0615358,-0.023109246,-0.08464505
Corrida completa,save,took,2463,659,0.0030417666,0.1642082,0.16116643
Corrida completa,finishing,nuzzled,7231,7997,-0.058492042,0.13067107,0.18916312
Corrida completa,di,tele,2261,3312,-0.069530055,0.006289294,0.07581935
Corrida completa,blank,rus,1682,6922,0.073815085,0.012405448,-0.061409637
Corrida completa,disgust,sniffed,3654,4559,0.0071571227,0.15787086,0.15071374
Corrida completa,closer,forgets,1143,7259,0.04412794,0.052839153,0.008711211
Corrida completa,Q,swo,6932,7985,-0.10507229,-0.1562787,-0.05120641
Corrida completa,ais,increase,7124,5719,0.055609655,0.006928917,-0.048680738
Corrida completa,ruler,seen,5954,1283,0.0887824,0.05198177,-0.03680063
Corrida completa,contin,wing,1440,3529,0.05476426,-0.14221935,-0.1969836
Corrida completa,Al,returned,2413,2560,-0.08675477,-0.15563437,-0.068879604
Corrida completa,carrying,earthquake,3421,5395,-0.020906892,-0.06944149,-0.0485346
Corrida completa,horns,mechanic,5916,4210,0.07810733,0.13723284,0.059125513
Corrida completa,memories,short,4397,4051,0.030067494,-0.023952108,-0.0540196
Corrida completa,Everything,shop,3765,1942,0.019743685,-0.03619423,-0.055937916
Corrida completa,all,window,474,1384,-0.023288157,-0.07941985,-0.056131694
Corrida completa,celebrated,step,4310,2444,0.053878024,-0.032804266,-0.08668229
Corrida completa,rem,sunflower,898,3598,0.05151228,-0.09940821,-0.15092048
Corrida completa,calendar,squished,4941,7962,-0.062464453,-0.017599713,0.04486474
Corrida completa,bell,folding,2338,6526,-0.05061698,0.018123597,0.06874058
Corrida completa,drifted,repair,6477,4119,0.021171719,0.06447184,0.043300122
Corrida completa,miserable,moon,3826,2505,-0.07849772,-0.029368537,0.049129188
Corrida completa,delight,efforts,2319,7352,0.02549863,0.10465403,0.0791554
Corrida completa,discover,tallest,3588,6299,-0.049545728,-0.03920704,0.010338686
Corrida completa,surv,ye,7663,1118,0.06120222,0.09207958,0.03087736
Corrida completa,cart,flies,2321,4395,-0.017288903,0.09785531,0.11514421
Corrida completa,lumber,paint,4920,1732,-0.054918792,0.019200109,0.0741189
Corrida completa,Before,teeth,5019,2409,0.043061394,-0.08120847,-0.12426986
Corrida completa,diary,outdoors,4276,5764,-0.13825412,0.05490727,0.1931614
Corrida completa,field,wrink,1650,7174,-0.07333524,-0.15864216,-0.08530692
Corrida completa,patted,yacht,6148,4172,-0.1500637,-0.043993082,0.10607061
Corrida completa,patiently,sunflower,4998,3598,-0.07941769,0.02530663,0.10472432
Corrida completa,pine,pizzas,4502,8132,0.05904944,0.13181604,0.0727666
Corrida completa,bat,real,1987,976,-0.07347145,0.013506836,0.08697829
Corrida completa,beads,tie,6316,2797,-0.07471064,0.083462894,0.15817353
Corrida completa,raise,yell,4802,1142,0.02674195,0.030132737,0.0033907872
Corrida completa,restore,umb,4950,3403,0.14573008,0.11387156,-0.03185852
Corrida completa,country,mole,3953,3304,0.08300564,0.1815954,0.09858976
Corrida completa,These,stands,5745,7367,-0.07113276,-0.038495243,0.032637514
Corrida completa,bracelet,ignorant,3837,3692,-0.06194962,-0.043020472,0.018929146
Corrida completa,El,carrot,6736,1763,-0.086748734,-0.11695509,-0.030206352
Corrida completa,bathrobe,mailbox,5280,3472,-0.04865624,0.2444182,0.29307443
Corrida completa,high,windows,1146,3690,0.0673224,0.16284123,0.09551883
Corrida completa,ch,torn,596,3834,-0.103995025,-0.083944395,0.02005063
Corrida completa,inch,judge,5836,4303,0.03362706,-0.033675797,-0.06730285
Corrida completa,junk,planting,4778,7572,-0.077994645,-0.0029944242,0.07500022
Corrida completa,buckle,remembers,5336,5319,0.10081136,-0.041322768,-0.14213413
Corrida completa,aunt,how,3497,709,-0.06318615,-0.18913792,-0.12595177
Corrida completa,golden,loving,4355,5645,-0.068124585,0.08048098,0.14860556
Corrida completa,adding,pigs,6273,5264,-0.023918081,-0.050459992,-0.026541911
Corrida completa,air,sib,1413,6590,0.0065094447,-0.028929792,-0.035439238
Corrida completa,caterpill,lead,2659,2783,0.05698695,0.054802567,-0.0021843836
Corrida completa,impressive,tom,3612,1992,-0.005510729,0.011483798,0.016994527
Corrida completa,Her,yard,852,1858,-0.022561044,-0.1589273,-0.13636626
Corrida completa,jog,walls,3253,3145,0.011453833,0.031181287,0.019727454
Corrida completa,giraffes,wag,6496,7294,0.048370972,0.0414129,-0.006958071
Corrida completa,examining,material,7260,7509,-0.0016995445,0.09032369,0.09202323
Corrida completa,snuggled,sold,3615,2695,0.07604518,0.11029738,0.034252204
Corrida completa,costumes,faucet,5516,4447,0.02586554,0.15439735,0.12853181
Corrida completa,child,grate,1137,1699,-0.07255025,-0.108826816,-0.036276564
Corrida completa,direction,return,6019,2069,-0.008507719,0.12533829,0.133846
Corrida completa,brand,guide,5400,8129,0.043874905,-0.048365813,-0.09224072
Corrida completa,easily,friends,4732,477,0.13926288,0.1511803,0.011917412
Corrida completa,knowledge,swims,5857,5445,0.13412076,0.11159938,-0.022521384
Corrida completa,mist,oak,2117,4693,-0.023199687,0.09948091,0.1226806
Corrida completa,here,massage,1223,5199,-0.07980485,0.034995634,0.11480048
Corrida completa,happiest,properly,5357,5730,-0.108412914,-0.12253074,-0.0141178295
Corrida completa,dangers,weeke,7801,6619,0.10480715,0.12879711,0.02398996
Corrida completa,destroy,morning,3750,1508,0.041598864,-0.026362134,-0.067961
Corrida completa,Together,rem,2584,898,0.044499494,0.048102096,0.0036026016
Corrida completa,wand,yelped,2976,7785,-0.018230774,0.10384133,0.1220721
Corrida completa,competit,shared,3168,1663,0.0021840036,0.101455495,0.09927149
Corrida completa,compassion,cute,3447,2081,0.12632154,0.11975164,-0.0065698996
Corrida completa,grumpy,loose,2738,5667,0.043381795,0.27777073,0.23438893
Corrida completa,curtain,treehouse,3929,6457,0.059168767,0.23039976,0.17123099
Corrida completa,challenge,safari,5684,5169,0.052068267,0.17925873,0.12719047
Corrida completa,glasses,row,6460,4927,-0.008188434,0.079658546,0.08784698
Corrida completa,ac,countryside,1090,5975,-0.11397925,0.00031386875,0.11429312
Corrida completa,beamed,necklace,4889,2578,-0.03561595,0.13357283,0.16918878
Corrida completa,jelly,marks,2728,6221,0.018556118,0.12050533,0.101949215
Corrida completa,intellig,tying,3542,7494,-0.0768561,-0.08074919,-0.0038930923
Corrida completa,hats,sticky,3176,4634,0.076576896,0.13822936,0.06165246
Corrida completa,drain,improved,4939,6346,0.009426154,0.03245588,0.023029726
Corrida completa,Pete,dull,3095,3363,-0.03315864,-0.10855242,-0.07539378
Corrida completa,perfectly,pra,4255,4598,0.12472295,0.061230347,-0.0634926
Corrida completa,Christmas,chase,6278,3069,-0.13580865,-0.014843095,0.120965555
Corrida completa,freezer,hits,4577,5073,0.016119385,-0.120492734,-0.13661212
Corrida completa,Kiki,swimmer,7569,7925,-0.072290145,-0.05166516,0.020624984
Corrida completa,herself,invited,1430,3174,0.010150807,-0.11125442,-0.12140522
Corrida completa,are,ye,456,1118,-0.016891357,0.0815406,0.09843196
Corrida completa,grocer,manage,4361,5133,0.08163571,0.08541915,0.0037834346
Corrida completa,care,rece,636,3632,0.01953435,0.09083294,0.07129859
Corrida completa,chasing,loyal,3567,2947,0.06090513,-0.015633412,-0.07653854
Corrida completa,Christmas,gave,6278,743,-0.017727714,-0.05872022,-0.040992506
Corrida completa,actually,warning,5179,5137,0.105758734,0.004337415,-0.10142132
Corrida completa,firefly,soared,7290,5257,-0.04872037,0.0036272015,0.05234757
Corrida completa,became,pony,1134,3792,-0.08498042,-0.053791232,0.031189188
Corrida completa,by,cross,857,2830,0.05794272,0.17681572,0.118873
Corrida completa,That,seems,1329,6189,0.063474186,0.0007339362,-0.06274025
Corrida completa,Happy,minute,6535,4358,-0.106817566,-0.0726832,0.034134366
Corrida completa,heel,holiday,6142,4471,-0.06288844,0.03668429,0.09957273
Corrida completa,Fin,ener,3347,3772,0.09836108,-0.07394019,-0.17230126
Corrida completa,elephants,pretti,5178,5626,-0.08912237,0.016184319,0.105306685
Corrida completa,Princess,phone,6615,2336,0.012625888,0.04906772,0.036441833
Corrida completa,Jim,trampoline,1709,6915,0.04426431,0.11913003,0.07486572
Corrida completa,earthquake,spider,5395,2315,0.052668028,0.25068346,0.19801542
Corrida completa,deter,fis,2480,2792,0.004000224,-0.013368981,-0.017369205
Corrida completa,mixing,reward,5929,3378,0.0056307577,0.027083892,0.021453135
Corrida completa,hose,tim,3090,6092,0.03454751,-0.055976577,-0.09052409
Corrida completa,Princess,pressed,6615,3895,-0.037807267,-0.15123937,-0.113432094
Corrida completa,seashell,smallest,6475,7113,0.0528013,0.11244509,0.059643794
Corrida completa,Rabbit,inst,6414,1890,-0.0037821755,-0.0313115,-0.027529325
Corrida completa,breathing,surv,7668,7663,0.052046865,0.0376601,-0.014386766
Corrida completa,duck,faucet,1307,4447,0.012984436,0.24915485,0.23617041
Corrida completa,Bye,chose,6248,3212,-0.14257917,-0.08218804,0.060391128
Corrida completa,calmly,sug,7507,2900,0.051695034,-0.10493814,-0.15663317
Corrida completa,advent,unhappy,954,4188,0.06306917,-0.040600307,-0.10366948
Corrida completa,How,squ,2402,1116,-0.099213265,0.07850803,0.17772129
Corrida completa,er,tying,3528,7494,-0.1144982,-0.12795511,-0.013456911
Corrida completa,Mat,seeds,5323,3493,0.0532445,-0.11231102,-0.16555552
Corrida completa,repair,us,4119,1113,-0.07648802,-0.082276724,-0.0057887062
Corrida completa,bubble,laying,4164,7532,0.12412753,0.12297502,-0.001152508
Corrida completa,appl,forgiveness,4203,7871,-0.07563462,-0.13576639,-0.060131766
Corrida completa,recognize,salad,5612,3348,-0.09583029,-0.05374628,0.042084012
Corrida completa,ch,cur,596,3501,0.11882744,0.25945807,0.14063063
Corrida completa,park,rocks,566,1924,-0.024944553,0.11085387,0.13579842
Corrida completa,dark,permitted,1378,7637,-0.018976316,-0.0342069,-0.015230585
Corrida completa,singing,would,1891,523,-0.0033876821,-0.041142814,-0.03775513
Corrida completa,note,swooped,3443,6284,-0.018316582,0.014937108,0.033253692
Corrida completa,lawyer,sisters,4483,5913,0.052309323,0.21346685,0.16115753
Corrida completa,Joey,smooth,3799,2356,0.08085056,0.007814279,-0.073036276
Corrida completa,calmly,lily,7507,5070,-0.092868455,0.022579355,0.11544781
Corrida completa,pass,yelling,2324,5689,0.05390542,-0.036200613,-0.09010603
Corrida completa,discoveries,war,7808,990,0.061165724,0.20344776,0.14228204
Corrida completa,game,zip,1256,3510,0.03414011,0.04531397,0.011173859
Corrida completa,Big,lost,5707,1415,0.045654394,-0.03734956,-0.08300395
Corrida completa,fart,remained,5907,5182,-0.0118023995,-0.014929339,-0.0031269398
Corrida completa,Bill,pol,3972,1611,-0.112308115,-0.15519425,-0.042886138
Corrida completa,determination,understanding,6422,4809,0.051202532,0.13367023,0.08246769
Corrida completa,dif,hoo,1036,8084,0.001853276,0.08048191,0.07862863
Corrida completa,competition,uses,5931,6409,-0.040489845,-0.05325199,-0.012762144
Corrida completa,soccer,wandered,4226,4764,0.05247049,-0.036689546,-0.08916004
Corrida completa,necklaces,strength,7349,4494,-0.023986809,0.16952431,0.19351113
Corrida completa,Meg,actually,7580,5179,0.008195695,0.02248761,0.014291916
Corrida completa,mixing,mov,5929,2780,-0.070016816,-0.09087768,-0.020860866
Corrida completa,admir,nicely,4893,3418,0.04947322,-0.023878526,-0.07335174
Corrida completa,opposite,pond,7972,1296,-0.0014950857,-0.080570005,-0.07907492
Corrida completa,medic,performing,2761,7240,0.03789568,0.011923162,-0.025972517
Corrida completa,instr,passed,4852,2648,-0.009518469,-0.10625622,-0.09673775
Corrida completa,cosy,me,7277,529,-0.041888725,-0.015693456,0.02619527
Corrida completa,Wednesday,received,5848,5028,-0.096055314,-0.035837643,0.06021767
Corrida completa,print,snakes,3471,6150,0.0787013,0.059427366,-0.019273937
Corrida completa,She,dreams,313,3107,-0.13251834,-0.16503441,-0.032516077
Corrida completa,chest,plan,2718,1637,0.019868936,0.09325777,0.07338883
Corrida completa,bark,peppers,2316,6823,0.008938219,0.100384474,0.09144625
Corrida completa,focused,kids,7077,1298,0.044821933,0.025751851,-0.019070081
Corrida completa,colder,lazy,7322,2764,-0.014422681,0.31297216,0.32739484
Corrida completa,marriage,pa,5853,1171,-0.034377024,-0.14644572,-0.1120687
Corrida completa,blueberry,faster,5198,1704,0.12118305,0.012170686,-0.109012365
Corrida completa,Jenna,energy,6314,4109,0.046718173,0.11667148,0.06995331
Corrida completa,heavy,island,1784,3085,-0.059919473,-0.0055994615,0.05432001
Corrida completa,drum,remind,2756,2325,0.037062638,-0.088270634,-0.12533328
Corrida completa,exhausted,smart,6129,1775,0.049181886,0.1949924,0.14581051
Corrida completa,baskets,hers,7368,5052,-0.025290992,0.053128105,0.0784191
Corrida completa,himself,rise,1259,4831,0.0029706582,0.08027646,0.0773058
Corrida completa,Penny,stove,5079,3351,-0.057408534,0.08685863,0.14426717
Corrida completa,bathrobe,under,5280,896,-0.05012003,-0.1517207,-0.10160068
Corrida completa,quack,terrible,4627,3441,0.11439702,0.05901333,-0.05538369
Corrida completa,equ,grandson,4972,7936,-0.14840426,-0.14399645,0.004407808
Corrida completa,press,weigh,4270,4734,0.03781186,0.23778404,0.19997218
Corrida completa,Luckily,unpack,6392,3832,-0.0042749736,-0.085923195,-0.08164822
Corrida completa,grap,mysterious,3122,2566,-0.071509786,0.021365348,0.09287514
Corrida completa,feelings,more,4356,692,-0.10334292,0.048766203,0.15210912
Corrida completa,Green,less,6967,1265,0.079164654,0.06316719,-0.015997462
Corrida completa,sunf,vet,3336,4383,0.12460324,0.057366457,-0.06723678
Corrida completa,despite,objects,7419,6547,0.0045208037,-0.04989061,-0.054411415
Corrida completa,argued,intere,5514,2077,-0.042716697,-0.061045416,-0.018328719
Corrida completa,snowman,storm,2241,2138,0.05551622,0.21359733,0.15808111
Corrida completa,minute,screwd,4358,7180,-0.1331827,-0.21774027,-0.08455756
Corrida completa,com,licked,778,2894,-0.05724206,0.05681396,0.11405602
Corrida completa,bunch,rocked,5918,5635,0.07909026,-0.07637087,-0.15546113
Corrida completa,approached,invest,4975,4495,0.019088771,-0.029862428,-0.0489512
Corrida completa,radio,thorns,4015,8141,-0.03130592,0.110517964,0.14182389
Corrida completa,Remember,turned,6904,1544,0.004903557,0.010931924,0.006028367
Corrida completa,pillow,roar,2628,2871,-0.10670482,0.15588436,0.2625892
Corrida completa,sky,uses,843,6409,-0.020380192,-0.07992816,-0.05954797
Corrida completa,Gina,free,7802,1849,0.10771237,0.0013637133,-0.10634866
Corrida completa,itchy,potatoes,6302,5468,0.061689828,0.13685146,0.075161636
Corrida completa,game,stick,1256,1131,0.06934004,0.20362185,0.13428181
Corrida completa,brushing,insisting,7612,7609,-0.0035504512,-0.056602336,-0.053051885
Corrida completa,Soon,trucks,2073,3097,0.014071066,-0.059690356,-0.07376142
Corrida completa,cleared,yoga,7723,4733,-0.024455052,-0.0011724043,0.023282647
Corrida completa,pile,slices,2230,6539,-0.04652726,0.35327208,0.39979935
Corrida completa,opport,wor,7915,538,-0.073469564,0.02603753,0.09950709
Corrida completa,apologized,peered,4250,5288,0.007259365,-0.05057384,-0.057833206
Corrida completa,shoo,sweater,7652,3844,-0.0523763,-0.088396,-0.036019698
Corrida completa,help,measure,482,2876,0.015112469,0.0799447,0.06483223
Corrida completa,cold,showed,1402,1085,-0.07107303,-0.09920523,-0.0281322
Corrida completa,skipping,winding,5298,7989,0.051342554,0.16102165,0.109679095
Corrida completa,cocoa,neighbour,3721,3976,0.06354764,0.030471181,-0.033076458
Corrida completa,grace,separated,3028,6644,0.020611897,0.04680922,0.026197322
Corrida completa,maybe,otters,2499,7484,-0.020268867,-0.19082141,-0.17055254
Corrida completa,K,cupcake,1559,7926,0.102410264,-0.07549277,-0.17790303
Corrida completa,Slowly,arri,6241,1424,-0.02083049,-0.05929324,-0.03846275
Corrida completa,U,tracks,3249,5318,0.03330161,-0.08345298,-0.11675459
Corrida completa,Earth,bre,6283,1062,0.0072955433,-0.058492467,-0.06578801
Corrida completa,mat,squee,1478,3005,0.041356243,0.012662705,-0.028693538
Corrida completa,pans,swaying,6782,8033,0.03716737,0.058769897,0.021602526
Corrida completa,accept,butterfly,3049,1412,0.059636634,-0.07924427,-0.13888091
Corrida completa,These,throat,5745,6140,0.11035133,-0.09644371,-0.20679504
Corrida completa,respected,ruler,7135,5954,-0.1130821,-0.06174749,0.051334612
Corrida completa,mama,sandwiches,4271,3705,0.008192211,0.017772157,0.009579945
Corrida completa,lent,makeup,7563,4754,-0.04843679,-0.17484534,-0.12640855
Corrida completa,Okay,mast,8043,6819,-0.066006616,-0.010272424,0.05573419
Corrida completa,beans,chosen,4888,7078,0.022031955,-0.032585874,-0.05461783
Corrida completa,lets,noon,5544,6651,0.004622495,-0.119333714,-0.12395621
Corrida completa,ad,marry,821,4235,-0.0032621734,-0.08627779,-0.08301562
Corrida completa,adult,mind,6847,2297,0.07149482,0.1241604,0.052665584
Corrida completa,a,necklace,259,2578,0.05764512,-0.03789361,-0.09553873
Corrida completa,r,surprise,329,1341,0.019093614,-0.02600432,-0.045097932
Corrida completa,ty,victory,6337,5997,0.034691755,-0.029148944,-0.0638407
Corrida completa,correct,fan,7449,2082,0.10292806,0.088392764,-0.014535293
Corrida completa,brushed,toolbox,5578,7902,0.0021735132,0.025560904,0.023387391
Corrida completa,billboard,yelling,5314,5689,0.070435345,0.0928232,0.022387855
Corrida completa,birdcage,whist,5153,2033,0.13445076,-0.09774431,-0.23219508
Corrida completa,pl,roses,352,6666,0.008849466,-0.102086216,-0.11093568
Corrida completa,new,vanished,575,4776,0.02796042,0.09164692,0.0636865
Corrida completa,problem,wool,2157,4546,-0.03756628,0.031612866,0.06917915
Corrida completa,animal,hedgehog,807,6474,0.016624322,0.26403195,0.24740763
Corrida completa,respond,sal,7117,2309,-0.030194135,0.12641402,0.15660815
Corrida completa,dirty,looking,1797,1031,0.074147895,0.051297225,-0.02285067
Corrida completa,butt,search,1807,3079,0.07984455,-0.021482566,-0.101327114
Corrida completa,accident,pocket,1847,1865,-0.09314986,-0.047438733,0.04571113
Corrida completa,gent,napping,1482,7384,0.01917324,-0.027786262,-0.046959504
Corrida completa,bye,shield,5678,3626,-0.043825485,-0.049212836,-0.005387351
Corrida completa,Green,scurried,6967,5743,-0.013809104,-0.019573458,-0.005764353
Corrida completa,Coco,Dad,5621,1042,0.03558168,0.19497643,0.15939476
Corrida completa,boat,bounced,1123,3947,-0.079294674,0.023305133,0.10259981
Corrida completa,blocking,milk,6755,2133,-0.18700741,-0.21297108,-0.025963664
Corrida completa,pol,square,1611,3620,-0.029594406,-0.03079583,-0.0012014229
Corrida completa,first,pulling,1187,5081,-0.017710214,-0.0019358229,0.015774392
Corrida completa,Inside,mule,2001,4302,-0.04768371,-0.0890935,-0.04140979
Corrida completa,horizon,leash,6560,3914,-0.042681903,0.09579834,0.13848025
Corrida completa,rec,rich,2343,3048,-0.01800733,0.07047746,0.088484794
Corrida completa,guy,peeled,5165,7968,0.05518172,-0.09120345,-0.14638516
Corrida completa,run,tent,726,2715,0.009408056,0.08633529,0.07692723
Corrida completa,moments,unus,4892,2858,-0.02999515,-0.10843393,-0.07843878
Corrida completa,movie,pebble,3098,3738,0.09006322,0.14238621,0.05232299
Corrida completa,Ralph,bear,7114,801,-0.08091563,0.06968883,0.15060446
Corrida completa,pad,quick,4128,1053,-0.06380968,0.030114152,0.09392383
Corrida completa,chocolate,lesson,2466,1364,-0.035792112,0.06694236,0.10273447
Corrida completa,Bet,belongings,4672,7662,-0.08366323,-0.09074709,-0.0070838556
Corrida completa,cuddled,prayed,4936,5215,0.019667339,0.19173463,0.17206728
Corrida completa,massage,outside,5199,674,0.024112798,0.060024574,0.035911776
Corrida completa,exit,ne,5699,401,-0.12664756,-0.18983695,-0.06318939
Corrida completa,finish,knot,2386,4195,0.051242113,-0.008562904,-0.059805017
Corrida completa,pal,trying,4322,1533,0.040187452,-0.082161725,-0.12234917
Corrida completa,head,tun,1104,2251,-0.04703831,-0.029245742,0.017792568
Corrida completa,plenty,spending,5936,4759,-0.057346914,0.06776775,0.12511466
Corrida completa,Up,understands,7446,7568,-0.031361856,-0.13294077,-0.10157891
Corrida completa,clock,river,3385,1717,-0.07272408,0.14261201,0.21533608
Corrida completa,baskets,may,7368,3741,0.047838427,0.018148834,-0.029689593
Corrida completa,jealous,original,2808,3349,0.12599221,0.1795347,0.053542495
Corrida completa,perm,tickled,3545,6255,-0.10381813,-0.035591885,0.06822625
Corrida completa,mist,nowhere,2117,3753,0.065246105,0.120405346,0.05515924
Corrida completa,Libby,One,8074,505,0.09039789,0.13656782,0.04616993
Corrida completa,Be,Dave,2705,3384,-0.028744295,-0.0796515,-0.050907202
Corrida completa,caterpillar,stories,2721,1906,-0.05534992,0.014057096,0.069407016
Corrida completa,drop,mer,2802,6959,0.010505144,-0.13488403,-0.14538917
Corrida completa,pe,sw,702,610,-0.016800217,0.2737276,0.29052782
Corrida completa,activity,nearby,7941,1954,-0.007318698,-0.04075764,-0.033438943
Corrida completa,pale,vine,3625,3936,-0.006195482,-0.018625459,-0.012429977
Corrida completa,placed,stitch,3575,5181,-0.000161618,0.06797009,0.06813171
Corrida completa,fancy,right,2568,1106,0.047925394,0.20673841,0.15881301
Corrida completa,G,study,1046,3290,-0.022441342,-0.16766545,-0.14522411
Corrida completa,magnif,wheat,8066,3819,0.08152537,-0.028355017,-0.10988039
Corrida completa,sneezing,x,7262,5487,0.0625738,0.07514006,0.012566261
Corrida completa,promises,scent,7000,7851,-0.06815426,0.095721275,0.16387554
Corrida completa,complet,guide,3525,8129,0.028558446,0.04916243,0.020603983
Corrida completa,gent,washed,1482,3456,-0.036536183,-0.13492733,-0.098391145
Corrida completa,care,nap,636,1695,-0.032252036,0.02852815,0.060780186
Corrida completa,Sandy,toothbrush,4100,7965,0.003546875,0.058151726,0.05460485
Corrida completa,You,breathed,570,7020,-0.1519368,-0.060148373,0.091788426
Corrida completa,glasses,suff,6460,4708,0.047798067,0.017543776,-0.030254291
Corrida completa,sorting,worries,5873,6099,-0.008586794,0.04400179,0.052588586
Corrida completa,shovel,unl,4215,3140,0.08639897,-0.04680318,-0.13320215
Corrida completa,kitty,mud,4268,2270,0.066230446,0.22462939,0.15839894
Corrida completa,items,soldiers,5485,5171,-0.07945637,0.20152338,0.28097975
Corrida completa,inch,until,5836,802,0.08268002,-0.0103726685,-0.093052685
Corrida completa,Alan,pockets,8168,5906,0.018079525,-0.00036644563,-0.01844597
Corrida completa,fork,impressed,3417,2989,-0.03552925,-0.015046775,0.020482473
Corrida completa,motorcycle,saf,4277,2186,0.012877598,-0.03381954,-0.04669714
Corrida completa,feed,overjoyed,2692,5553,0.010208592,-0.057230655,-0.06743924
Corrida completa,Ro,tickled,4287,6255,0.023317251,-0.017176934,-0.040494185
Corrida completa,dolp,princesses,3157,6320,-0.03879887,-0.03089423,0.0079046395
Corrida completa,Betty,St,6433,2358,0.0022830665,-0.052587256,-0.054870322
Corrida completa,blowing,onion,4292,4033,0.06708342,0.07056619,0.003482774
Corrida completa,colored,ignore,6428,4934,0.029320862,0.06050687,0.031186007
Corrida completa,carefully,penguins,1387,6108,-0.03219352,-0.0376803,-0.0054867826
Corrida completa,bouncing,giggling,4525,5785,-0.0690459,0.10779828,0.17684418
Corrida completa,leader,needle,6152,3966,-0.028933778,0.042266034,0.07119981
Corrida completa,breat,scooters,4072,7862,-0.024269138,-0.07580972,-0.05154058
Corrida completa,Tess,toil,6482,4421,0.0092172,0.002933776,-0.006283424
Corrida completa,foot,gears,2291,7313,-0.121517,0.06396746,0.18548447
Corrida completa,believed,fountain,5024,3224,0.015331607,-0.05915168,-0.07448329
Corrida completa,truly,vo,5964,1075,-0.11385234,0.019842597,0.13369493
Corrida completa,cir,grant,2042,5830,-0.07340016,0.013604576,0.087004736
Corrida completa,answers,true,5420,2720,-0.04097555,0.11288414,0.15385969
Corrida completa,bin,bits,3999,7527,-0.056965314,0.0884577,0.14542302
Corrida completa,melting,surprises,6372,4744,0.02205614,0.025544295,0.003488155
Corrida completa,die,obeyed,7125,8174,-0.039855376,-0.00052408315,0.039331295
Corrida completa,rocket,wra,2431,2106,-0.024367929,-0.05293735,-0.028569423
Corrida completa,giraff,might,6473,1466,0.10594336,-0.021228347,-0.12717171
Corrida completa,Mart,travel,6261,3544,-0.022367008,0.12616515,0.14853215
Corrida completa,avocados,ple,6833,2401,0.033527166,-0.006835766,-0.04036293
Corrida completa,Fr,clot,3662,1588,0.0131151825,0.14059803,0.12748285
Corrida completa,looked,unlocked,516,5671,-0.04576924,0.04133471,0.08710395
Corrida completa,B,earlier,371,4779,0.044489913,-0.030047622,-0.07453753
Corrida completa,Andy,Grandpa,3890,3818,0.0019364865,0.28972682,0.28779033
Corrida completa,appreci,insisted,4132,4971,0.13622592,0.05729662,-0.078929305
Corrida completa,Get,meal,6656,3489,0.04689965,-0.08401634,-0.13091598
Corrida completa,def,ordinary,6397,3622,0.004017066,-0.029448703,-0.03346577
Corrida completa,catch,kitchen,1313,1226,0.11138312,-0.024580035,-0.13596316
Corrida completa,mon,shirts,1220,6702,-0.0016940087,-0.015849598,-0.014155589
Corrida completa,earthquake,squeezed,5395,4660,-0.12755886,-0.08876899,0.03878987
Corrida completa,Wh,remind,3784,2325,-0.055663005,-0.06511066,-0.009447657
Corrida completa,Owl,phone,6853,2336,-0.008402433,0.12925564,0.13765807
Corrida completa,everyday,shorts,5423,7908,0.014953598,0.10024671,0.085293114
Corrida completa,oasis,soapy,4550,8169,-0.04456376,-0.003806997,0.040756762
Corrida completa,aren,bleed,6620,5088,-0.03895854,-0.019220252,0.019738287
Corrida completa,We,joking,777,6621,0.0095248595,0.054377787,0.044852927
Corrida completa,Flopsy,sprayed,6807,4444,0.028258186,-0.09592453,-0.124182716
Corrida completa,going,smo,950,1856,0.045928825,0.099409014,0.05348019
Corrida completa,lean,sled,3170,7303,-0.0029276665,0.13612112,0.13904878
Corrida completa,helpless,ladyb,3846,5690,0.039984092,-0.02437403,-0.06435812
Corrida completa,envelope,refre,3462,4748,0.1864292,0.09909823,-0.087330975
Corrida completa,conduct,sparkles,7644,5092,-0.052323177,0.014624093,0.06694727
Corrida completa,chocolates,situation,7664,5952,0.008043041,0.14048466,0.13244162
Corrida completa,peach,sym,4097,3880,0.008328967,-0.053437352,-0.06176632
Corrida completa,rained,ward,5377,4590,-0.10520059,-0.13463569,-0.029435098
Corrida completa,Clara,sway,4841,5980,-0.0056281574,-0.090078935,-0.08445078
Corrida completa,skip,spell,3965,3808,0.032646157,0.116930395,0.08428424
Corrida completa,shelves,swan,5973,3115,0.12215325,0.04108735,-0.0810659
Corrida completa,Jenny,Tuna,2405,7010,-0.009487022,0.2812081,0.29069513
Corrida completa,holds,used,3671,1286,0.012980264,0.21083607,0.1978558
Corrida completa,aim,sudden,7620,3442,0.09472288,0.122709304,0.027986422
Corrida completa,So,reminds,829,8065,-0.010500621,0.012732808,0.023233429
Corrida completa,loudly,skip,3020,3965,-0.02427559,0.04895883,0.073234424
Corrida completa,colder,yummy,7322,1246,0.014076972,0.21777284,0.20369586
Corrida completa,expression,reach,8178,1712,0.104243904,-0.0055384235,-0.10978233
Corrida completa,Nick,decisions,6669,7721,0.10879487,0.0793783,-0.029416569
Corrida completa,frustr,stood,2557,2523,-0.02767538,0.011567523,0.039242905
Corrida completa,Sarah,attack,1244,6470,0.025100386,-0.0027318965,-0.027832283
Corrida completa,cloud,hopes,1646,4601,-0.049169365,0.0003087148,0.04947808
Corrida completa,Car,closer,5831,1143,0.051941134,-0.04626117,-0.0982023
Corrida completa,burning,properly,5099,5730,0.0425233,0.15524009,0.112716794
Corrida completa,Come,relaxing,2188,8105,-0.08415069,0.013714394,0.09786508
Corrida completa,cook,dif,1174,1036,-0.14304167,-0.011201888,0.13183978
Corrida completa,awesome,basketball,6197,4345,-0.023646854,0.14250696,0.16615382
Corrida completa,No,pump,3044,2991,0.029689377,-0.029452872,-0.059142247
Corrida completa,valley,wobbled,4948,6999,-0.012624862,-0.021062814,-0.008437952
Corrida completa,cabinet,standing,4859,2571,-0.017069027,0.02693814,0.044007167
Corrida completa,pe,solving,702,7773,-0.05287028,-0.13976073,-0.08689045
Corrida completa,colors,impressive,1484,3612,0.102854475,-0.0017567091,-0.10461119
Corrida completa,furry,threat,2326,6119,-0.02622052,0.15297061,0.17919113
Corrida completa,buck,so,1814,347,-0.034453824,-0.03407068,0.00038314238
Corrida completa,Tom,belong,496,1939,-0.057736356,-0.13638206,-0.078645706
Corrida completa,maze,supposed,4423,5098,-0.09034412,-0.0325405,0.057803623
Corrida completa,peaches,thirst,5905,3298,-0.0012090784,0.09920043,0.10040951
Corrida completa,it,tar,304,7619,-0.052435696,-0.011813909,0.040621787
Corrida completa,explore,sack,957,2264,0.06593092,0.09187708,0.025946163
Corrida completa,decided,sunset,616,4202,-0.16979596,-0.07190412,0.09789184
Corrida completa,Jerry,prevent,4068,4504,-0.057618394,-0.058896422,-0.0012780279
Corrida completa,mailed,overcome,7461,7477,0.02256499,0.19622877,0.17366378
Corrida completa,needle,wool,3966,4546,0.0013795123,0.29326892,0.2918894
Corrida completa,decor,sna,2514,2619,0.069787085,0.2901835,0.22039643
Corrida completa,Henry,risk,4896,6340,-0.0075109843,0.03260555,0.040116534
Corrida completa,Tilly,quite,6120,3942,0.1560819,0.1130528,-0.0430291
Corrida completa,comet,dress,4098,1130,-0.0015121484,0.03108889,0.03260104
Corrida completa,elephants,old,5178,690,-0.014779912,0.008434836,0.023214748
Corrida completa,caterp,confident,2658,5860,0.081419334,0.032778483,-0.04864085
Corrida completa,changes,discussing,8095,7639,-0.014504667,0.0827446,0.09724927
Corrida completa,created,forgiving,4254,7642,0.03481093,0.072163165,0.037352234
Corrida completa,Eventually,buzz,3805,4130,0.04870874,-0.056808017,-0.10551676
Corrida completa,fright,search,2999,3079,-0.033480223,-0.09701291,-0.06353268
Corrida completa,rele,rely,5651,8049,0.02009882,0.027345566,0.0072467458
Corrida completa,Jazz,rolled,6703,2209,0.089157104,-0.116725855,-0.20588297
Corrida completa,comforted,hose,5555,3090,0.119347505,0.0022401195,-0.117107384
Corrida completa,quick,surrounded,1053,5308,0.07954365,-0.020824563,-0.10036822
Corrida completa,cheek,cop,4493,3286,-0.062171172,0.011078689,0.07324986
Corrida completa,drawings,stand,4144,1825,-0.0022803172,0.026564512,0.02884483
Corrida completa,cust,deter,6734,2480,0.012770928,0.040552538,0.02778161
Corrida completa,afar,wis,7828,2760,0.039349258,0.07285139,0.03350213
Corrida completa,dollars,except,7054,7654,0.08217313,0.14802994,0.06585681
Corrida completa,past,stick,1841,1131,-0.113308154,-0.03685674,0.07645141
Corrida completa,keeps,scattered,5747,4853,-0.007594698,0.08421157,0.09180627
Corrida completa,cowb,hated,6672,5326,-0.01234219,-0.05256956,-0.04022737
Corrida completa,figure,start,2932,530,-0.0019143205,-0.030975316,-0.029060995
Corrida completa,shall,sor,7956,713,-0.023796875,-0.047506332,-0.023709457
Corrida completa,Mr,pile,1815,2230,0.114772126,0.07604529,-0.038726836
Corrida completa,competitive,marve,3739,7898,-0.028875351,-0.08512175,-0.0562464
Corrida completa,particular,side,6180,1642,-0.012856837,0.007603869,0.020460706
Corrida completa,Leo,squeezing,2813,7807,-0.01777392,-0.04943113,-0.03165721
Corrida completa,chocol,pers,2391,1828,0.037132632,0.22480279,0.18767016
Corrida completa,softly,stand,4269,1825,0.048287176,0.04538513,-0.0029020458
Corrida completa,gathered,munch,2601,7224,0.08810255,0.047329415,-0.040773135
Corrida completa,adults,spun,7229,3000,0.049401313,-0.04804826,-0.09744957
Corrida completa,barn,brace,3019,3587,-0.10807701,-0.04273946,0.06533755
Corrida completa,cell,environment,4685,8184,-0.16592032,0.0038602576,0.16978058
Corrida completa,couple,lemon,6763,2767,-0.0682403,-0.00832339,0.05991691
Corrida completa,powers,whisp,5749,2576,-0.013824996,-0.082582206,-0.068757206
Corrida completa,From,listens,884,6567,-0.029915955,-0.07471516,-0.044799205
Corrida completa,Enjoy,designed,6605,6910,0.029863045,0.07808429,0.048221245
Corrida completa,drawings,qui,4144,7688,-0.0046533924,-0.11864788,-0.11399449
Corrida completa,bou,replace,8004,5127,0.015562553,0.0048503396,-0.010712214
Corrida completa,Ra,villag,5939,5465,-0.04948148,0.22968063,0.2791621
Corrida completa,basement,shaking,7003,3783,-0.099669196,0.057914075,0.15758327
Corrida completa,Maya,screaming,6574,5928,0.11410183,0.10345862,-0.010643207
Corrida completa,nuzzled,roots,7997,6262,-0.022308275,-0.10332573,-0.08101746
Corrida completa,laug,moder,700,3426,-0.015044961,0.04609913,0.06114409
Corrida completa,emergen,restless,5665,3760,-0.12455697,-0.05482808,0.069728896
Corrida completa,sl,stroke,720,7939,-0.08811985,-0.0002766326,0.08784322
Corrida completa,airport,heaven,4134,8190,-0.09225546,0.115731895,0.20798735
Corrida completa,monster,wore,1743,2449,-0.081800625,-0.115306914,-0.03350629
Corrida completa,bell,temper,2338,6451,0.016729817,0.06313735,0.046407536
Corrida completa,Many,fut,6329,5174,0.014919909,0.051204205,0.036284298
Corrida completa,myster,patience,2200,6177,0.03535393,0.020964824,-0.014389105
Corrida completa,camera,gently,3271,2304,0.051929653,0.106567234,0.05463758
Corrida completa,day,forest,356,1074,-0.075471506,0.11313323,0.18860474
Corrida completa,paintbrush,skunk,7804,6923,-0.013568796,0.13034123,0.14391002
Corrida completa,cupboard,notice,3722,3247,-0.03505705,0.03752138,0.07257843
Corrida completa,ca,edge,1949,3132,-0.052986495,-0.08054684,-0.027560346
Corrida completa,No,Suzie,3044,6235,0.0072907945,-0.07417663,-0.08146743
Corrida completa,bakery,brushed,6530,5578,-0.07364105,-0.07179151,0.0018495396
Corrida completa,munch,turtles,7224,8170,0.058658868,0.055159517,-0.0034993514
Corrida completa,pulled,reg,1641,2673,0.10985853,-0.058452822,-0.16831136
Corrida completa,among,bear,6716,801,0.060862016,-0.10842645,-0.16928847
Corrida completa,ab,near,644,1087,0.042524878,-0.08324509,-0.12576997
Corrida completa,drive,rhino,2373,4122,-0.099268265,-0.07152551,0.027742758
Corrida completa,captain,tag,4980,2902,0.044223238,0.092928305,0.048705067
Corrida completa,organize,trick,3977,3709,0.014654647,0.09803883,0.083384186
Corrida completa,let,scurry,915,7534,-0.031173084,-0.0040031336,0.02716995
Corrida completa,crawl,hop,2754,1159,-0.057529204,0.32784343,0.38537264
Corrida completa,belts,strings,7409,5820,-0.010836385,0.11010434,0.12094072
Corrida completa,Wednesday,argument,5848,8143,-0.009194916,0.1793587,0.18855362
Corrida completa,bite,slept,1809,4399,0.06564497,0.087495804,0.021850832
Corrida completa,afar,tub,7828,4434,0.05341225,0.2042151,0.15080285
Corrida completa,roof,su,3193,1978,-0.015305761,-0.13275361,-0.11744785
Corrida completa,maybe,quieter,2499,7746,0.0243661,-0.053172804,-0.07753891
Corrida completa,loose,whale,5667,2977,0.0055995984,0.078911394,0.0733118
Corrida completa,inv,scored,1982,7190,0.01764506,-0.021703877,-0.039348938
Corrida completa,Ch,responded,2426,7969,0.08787695,-0.050002668,-0.13787962
Corrida completa,scale,top,3572,1304,-0.1336793,0.120381355,0.25406066
Corrida completa,advice,lot,3531,662,-0.09179029,0.10242493,0.19421521
Corrida completa,friendly,matching,1446,5912,0.107054666,0.24040285,0.13334818
Corrida completa,pre,serious,1438,3372,-0.052386817,0.018100737,0.07048755
Corrida completa,Chloe,efforts,5889,7352,0.004882019,0.0785113,0.073629275
Corrida completa,prot,rotten,2208,7390,0.006213166,0.05272214,0.046508975
Corrida completa,cup,wiggle,1681,7004,0.029941803,0.14276032,0.11281852
Corrida completa,grabbing,rumble,6900,6341,-0.041012883,-0.049618892,-0.008606009
Corrida completa,comet,deep,4098,1607,-0.060727216,0.031354308,0.092081524
Corrida completa,coll,vis,1801,1514,-0.022731915,0.15432167,0.17705359
Corrida completa,regular,transf,3454,8078,0.009705491,0.036286052,0.026580561
Corrida completa,crib,peeled,4289,7968,0.027695829,-0.11800325,-0.14569908
Corrida completa,cheeks,equ,6548,4972,0.01050855,0.0071474556,-0.0033610947
Corrida completa,Jojo,sew,7630,5097,-0.08729136,0.009380668,0.09667203
Corrida completa,luck,ret,4032,2047,-0.010077309,0.059978917,0.07005623
Corrida completa,competition,thread,5931,3886,0.010753306,0.16971898,0.15896568
Corrida completa,puzzle,wraps,2603,6832,0.07175574,0.009323941,-0.062431797
Corrida completa,barks,cheese,4430,2146,0.0053114966,0.1186257,0.113314204
Corrida completa,lick,rever,5185,4294,-0.085000426,-0.018266931,0.066733494
Corrida completa,Ro,me,4287,529,0.024369024,-0.102809645,-0.12717867
Corrida completa,however,sug,6201,2900,0.12916367,0.024653215,-0.10451046
Corrida completa,appreciate,poppies,5065,7628,0.016628917,0.008906096,-0.007722821
Corrida completa,carrot,looking,1763,1031,-0.055555265,-0.015844654,0.03971061
Corrida completa,anytime,padd,5441,5517,-0.021913037,-0.07636993,-0.05445689
Corrida completa,Other,chased,7930,2410,0.026090879,0.11839114,0.092300266
Corrida completa,chirped,safe,5201,895,0.17413105,0.2097498,0.035618752
Corrida completa,prot,tiptoed,2208,6796,0.038025286,0.0639005,0.025875214
Corrida completa,school,youth,1824,5810,-0.03453646,0.058548816,0.093085274
Corrida completa,peered,unpack,5288,3832,0.01652028,0.063444264,0.046923984
Corrida completa,incredible,rings,2913,6881,-0.018517938,-0.0064512454,0.012066692
Corrida completa,mop,por,4487,4076,0.058003966,-0.03978718,-0.09779115
Corrida completa,kitten,least,2412,7086,0.0669747,-0.10291075,-0.16988546
Corrida completa,bathroom,spoon,2815,2080,0.06272836,0.31940788,0.25667953
Corrida completa,pushed,t,1857,258,-0.012109105,-0.09803264,-0.08592354
Corrida completa,mov,skill,2780,4212,-0.110019445,-0.06229573,0.047723714
Corrida completa,scientist,tweet,7184,7987,0.03458848,0.10291005,0.06832157
Corrida completa,changed,dr,3292,1239,-0.10696275,-0.07865213,0.02831062
Corrida completa,disg,unexpected,3637,5949,0.07673245,0.07364962,-0.0030828267
Corrida completa,Bun,focus,4583,8139,-0.00868338,-0.07554797,-0.066864595
Corrida completa,circus,helmets,5414,6857,-0.13877286,0.06768049,0.20645335
Corrida completa,Give,nowhere,3991,3753,-0.108246826,-0.02703218,0.081214644
Corrida completa,pray,shared,2784,1663,0.07755146,0.06635114,-0.011200324
Corrida completa,ni,sandw,7624,2134,0.011266615,0.04667552,0.035408903
Corrida completa,g,zoo,290,2227,0.026061088,-0.072321445,-0.09838253
Corrida completa,conf,dep,4665,8085,0.060751844,0.19123945,0.1304876
Corrida completa,celebration,inf,6345,4523,-0.029658902,-0.18731086,-0.15765196
Corrida completa,postman,waves,7059,2624,0.074647814,-0.096483395,-0.17113121
Corrida completa,focused,grabbed,7077,1184,0.048528075,0.08259943,0.034071356
Corrida completa,actually,isn,5179,4806,0.015337966,-0.011598978,-0.026936945
Corrida completa,pleaded,stole,7733,5772,0.03475531,0.092914246,0.058158938
Corrida completa,reve,rides,4481,5570,-0.038142353,-0.14219555,-0.1040532
Corrida completa,kings,skipped,8092,2824,-0.0065065864,0.094481006,0.10098759
Corrida completa,fireman,mon,4133,1220,0.049716547,-0.09107275,-0.1407893
Corrida completa,son,wearing,3272,2265,0.0760584,0.012373999,-0.063684404
Corrida completa,Christmas,control,6278,5891,-0.0076525733,-0.0002470389,0.0074055344
Corrida completa,afraid,modest,2050,4005,0.09255948,0.1655948,0.07303532
Corrida completa,battle,mixture,7462,6624,-0.027216215,0.06064814,0.087864354
Corrida completa,flex,rabbit,3517,1103,-0.07119156,-0.08235766,-0.011166103
Corrida completa,no,shampoo,493,4938,-0.06367073,-0.12515087,-0.061480142
Corrida completa,Chirp,large,5218,2376,0.0043069795,-0.013750084,-0.018057063
Corrida completa,dead,nation,3424,5094,-0.08526532,-0.036773562,0.04849176
Corrida completa,high,responsib,1146,7640,0.0027098022,0.007368047,0.0046582446
Corrida completa,returned,scolded,2560,4596,0.09872211,0.10643069,0.0077085793
Corrida completa,art,crashed,4029,5247,0.038047194,-0.04940179,-0.087448984
Corrida completa,flood,sna,5207,2619,-0.030315876,-0.033438537,-0.0031226613
Corrida completa,cir,posit,2042,7593,-0.005187601,-0.020528786,-0.015341185
Corrida completa,And,Just,849,2441,0.017754707,0.26658514,0.24883044
Corrida completa,Jessica,evening,6452,4131,0.046496324,0.122742936,0.07624661
Corrida completa,sill,sparkle,7621,4719,-0.06977316,-0.016001064,0.053772096
Corrida completa,pleased,slip,2681,5424,0.021321246,-0.056285508,-0.07760675
Corrida completa,argued,break,5514,1519,0.0279075,-0.038227268,-0.066134766
Corrida completa,Br,snack,2711,1731,0.041448053,-0.095508575,-0.13695663
Corrida completa,Jessie,landsc,6413,5652,0.089095846,-0.08252987,-0.17162572
Corrida completa,Friends,soon,7143,936,0.03584695,-0.04911667,-0.08496362
Corrida completa,mint,nose,4788,2021,0.029600326,0.12333202,0.0937317
Corrida completa,Prin,collected,6491,4514,0.08969686,-0.051600095,-0.14129695
Corrida completa,dream,pup,1421,3388,-0.088068075,0.06279328,0.15086135
Corrida completa,pours,stain,7383,7066,-0.05801688,0.19579989,0.25381678
Corrida completa,trembled,v,7140,632,-0.046329044,-0.12033219,-0.074003145
Corrida completa,jo,responsible,790,5872,0.017817374,-0.140644,-0.15846138
Corrida completa,Froggy,quiz,7744,4784,-0.023005147,0.10978119,0.13278633
Corrida completa,cuts,planted,6252,5290,0.031527214,0.2523542,0.22082698
Corrida completa,gracefully,reaching,6744,6187,-0.014031824,-0.042642854,-0.02861103
Corrida completa,seed,served,2586,5384,-0.04322671,-0.13984331,-0.0966166
Corrida completa,pays,rotting,7372,7610,-0.024679024,-0.095284864,-0.070605844
Corrida completa,been,smiled,1127,506,0.16748796,0.038259204,-0.12922876
Corrida completa,Are,picked,4016,998,-0.10414247,0.06566852,0.169811
Corrida completa,field,performing,1650,7240,0.02566174,0.01755594,-0.0081058
Corrida completa,pass,younger,2324,6518,0.00068529695,-0.04638111,-0.047066405
Corrida completa,adults,taller,7229,4957,-0.044717573,-0.013218883,0.03149869
Corrida completa,clown,isn,2737,4806,0.0033808053,-0.062352248,-0.06573305
Corrida completa,cake,quilt,1177,7961,0.04241425,0.17956334,0.1371491
Corrida completa,dan,gest,941,7274,0.08438346,0.14508203,0.06069857
Corrida completa,asks,search,1669,3079,-0.013156723,0.035162963,0.048319686
Corrida completa,comforting,fix,8103,1287,-0.018182918,0.106119975,0.124302894
Corrida completa,People,joking,5126,6621,-0.015488353,-0.013710532,0.0017778203
Corrida completa,enjoyed,grandpare,1409,6787,-0.11868604,-0.12535,-0.0066639557
Corrida completa,because,remember,771,1063,0.00020775478,0.093394116,0.09318636
Corrida completa,Nemo,flags,3256,6323,-0.14193964,0.029509462,0.1714491
Corrida completa,Sally,cowb,1457,6672,-0.068205565,-0.13885075,-0.07064518
Corrida completa,belonged,lemon,3021,2767,0.21348053,-0.060934585,-0.2744151
Corrida completa,firefighters,suggest,6214,2878,0.07433732,-0.012678264,-0.087015584
Corrida completa,gem,sn,3192,847,0.019015297,-0.06927721,-0.08829251
Corrida completa,folding,sing,6526,1228,0.0116561875,0.15797737,0.14632118
Corrida completa,celebrate,pink,3580,1521,-0.037761666,0.012694325,0.05045599
Corrida completa,haircut,praying,4228,6983,0.083275005,0.15997438,0.076699376
Corrida completa,lived,wear,903,1711,0.03238415,0.0631379,0.030753747
Corrida completa,opposite,tre,7972,544,0.01576931,0.14091362,0.1251443
Corrida completa,suitcase,switch,5977,3821,-0.067955226,0.1807276,0.24868283
Corrida completa,plates,what,4897,543,0.020040555,-0.1043272,-0.12436776
Corrida completa,bet,challenge,3845,5684,0.08451106,0.14363042,0.05911936
Corrida completa,cush,stamps,3635,5742,0.024076827,0.0048823925,-0.019194435
Corrida completa,Susan,strip,6157,4232,0.035762075,-0.007159693,-0.042921767
Corrida completa,doorway,images,7659,7770,0.07038877,0.19972736,0.12933859
Corrida completa,bunch,ho,5918,696,-0.0338782,0.13053186,0.16441005
Corrida completa,causing,ok,7176,2811,-0.056266274,0.044501267,0.10076754
Corrida completa,days,each,2066,767,0.07531275,0.014900453,-0.060412295
Corrida completa,factor,sad,4643,571,-0.052589532,-0.094072506,-0.041482974
Corrida completa,hippo,honked,3898,7098,0.024686726,-0.011152014,-0.035838738
Corrida completa,Claus,Jill,7912,1768,-0.021436429,0.2053205,0.22675693
Corrida completa,count,tremble,1513,5462,0.07685827,-0.01894978,-0.095808044
Corrida completa,comm,march,6174,3320,-0.11823755,0.045324024,0.16356157
Corrida completa,film,pointing,4095,3068,-0.0021875612,0.012472622,0.014660183
Corrida completa,guess,jo,3006,790,0.0068780724,0.037096325,0.030218253
Corrida completa,motorcycle,player,4277,4437,-0.10028276,0.21310946,0.31339222
Corrida completa,discover,lazy,3588,2764,0.0257858,0.09929618,0.07351038
Corrida completa,bully,inspired,6846,7870,-0.06270771,0.060540482,0.12324819
Corrida completa,noodles,rolled,7218,2209,-0.03031963,0.09126938,0.12158901
Corrida completa,din,grandma,1362,1531,0.09528357,-0.009506889,-0.10479046
Corrida completa,hiding,need,2382,785,-0.03210759,-0.10640748,-0.07429989
Corrida completa,dollhouse,protected,6945,5653,-0.002737239,-0.04658303,-0.04384579
Corrida completa,fing,think,2108,1066,0.060198486,0.038208112,-0.021990374
Corrida completa,comforting,picnic,8103,2283,0.0534166,0.06489597,0.011479374
Corrida completa,changed,lumber,3292,4920,0.0037562866,-0.036711324,-0.040467612
Corrida completa,nosy,umb,3113,3403,0.12580943,0.11609091,-0.009718522
Corrida completa,env,pile,3513,2230,0.013445962,0.06847321,0.05502725
Corrida completa,Elsa,spoons,7535,5434,-0.03803006,0.11187895,0.149909
Corrida completa,pause,tracks,6348,5318,0.026798645,0.12259105,0.095792405
Corrida completa,Wally,peeked,7302,3422,-0.001604028,-0.17167228,-0.17006826
Corrida completa,By,so,6112,347,-0.09839705,0.0773786,0.17577565
Corrida completa,Out,books,6222,1477,0.029108657,-0.070491716,-0.099600375
Corrida completa,mil,taller,2054,4957,-0.028394513,0.046088725,0.07448324
Corrida completa,blankets,then,4592,586,-0.1407078,-0.026698727,0.11400908
Corrida completa,bin,realize,3999,5657,0.065696284,-0.03506294,-0.10075922
Corrida completa,far,joked,982,7798,-0.012340632,0.03731194,0.049652573
Corrida completa,crash,time,4862,393,0.04694504,0.050890617,0.003945578
Corrida completa,goodbye,independent,1136,3259,0.05617377,0.09054549,0.03437172
Corrida completa,Rosie,tighter,4522,7635,0.074298024,-0.07469423,-0.14899226
Corrida completa,exercise,pink,4919,1521,-0.04489609,0.060897924,0.10579401
Corrida completa,fall,lip,1578,4063,0.030791689,0.050040968,0.019249279
Corrida completa,Two,repair,6929,4119,0.11790213,0.13603349,0.01813136
Corrida completa,teasing,vibr,5851,8136,0.010575404,-0.06628412,-0.07685953
Corrida completa,Larry,sweaty,6331,8031,-0.026738346,-0.046263494,-0.019525148
Corrida completa,suffered,throw,7264,1923,0.05879343,0.043174915,-0.015618514
Corrida completa,flex,ped,3517,4150,0.0094163995,0.15207809,0.14266169
Corrida completa,strang,zoom,5281,2171,0.06316265,-0.06479283,-0.12795547
Corrida completa,gardener,hider,7171,6885,-0.0053261574,0.045135535,0.050461695
Corrida completa,boss,village,2820,2393,-0.017011516,0.040058497,0.057070013
Corrida completa,T,hawk,284,6484,-0.022754548,0.1123355,0.13509005
Corrida completa,conductor,fig,7706,2615,-0.04337343,-0.08550733,-0.042133905
Corrida completa,tear,trot,4384,7170,0.07708843,0.018465426,-0.058623005
Corrida completa,Jen,sizes,1610,4721,0.03569758,0.025994293,-0.009703286
Corrida completa,Their,snowflakes,2567,7872,-0.05444356,-0.14638087,-0.09193731
Corrida completa,E,available,600,3934,-0.0152135175,-0.1057282,-0.09051468
Corrida completa,shot,snat,5014,6393,0.0234874,0.034071244,0.010583844
Corrida completa,crane,likes,3665,1428,0.03511201,-0.108431175,-0.14354318
Corrida completa,glowing,network,4376,6124,0.1335194,0.0103963595,-0.123123035
Corrida completa,shelf,tim,2497,6092,-0.0041789375,-0.17470929,-0.17053035
Corrida completa,shivered,smart,5826,1775,-0.06393626,0.016293852,0.08023012
Corrida completa,lucky,tuck,2120,7222,-0.010342708,-0.08865617,-0.07831346
Corrida completa,Johnson,buying,5961,6300,0.07767547,-0.0357766,-0.11345207
Corrida completa,proper,racing,7181,5270,0.06803497,0.037002895,-0.031032074
Corrida completa,knee,to,2425,266,0.033889033,-0.021725697,-0.055614732
Corrida completa,duck,struggled,1307,5480,0.010843355,-0.02305048,-0.033893835
Corrida completa,enc,goals,3353,5987,0.06169109,-0.11689103,-0.17858212
Corrida completa,Now,firefly,1492,7290,-0.04551865,-0.12074249,-0.07522384
Corrida completa,Jess,panic,4716,4921,0.024021264,0.14642602,0.122404754
Corrida completa,Little,crystal,2965,4053,-0.09890768,-0.12070612,-0.02179844
Corrida completa,mountains,neat,5352,3673,-0.010119627,0.20767462,0.21779425
Corrida completa,Sorry,headed,6632,4405,-0.013488583,-0.028082592,-0.014594009
Corrida completa,find,sung,633,4535,-0.009571083,0.09756113,0.10713221
Corrida completa,brand,refuse,5400,7703,0.052952275,0.12340015,0.07044788
Corrida completa,sack,want,2264,379,0.065438926,0.05178619,-0.013652734
Corrida completa,blankets,shampoo,4592,4938,0.066937566,0.21188752,0.14494996
Corrida completa,afar,interested,7828,6277,-0.05306132,0.023623027,0.07668435
Corrida completa,apart,waffle,4652,4970,-0.00037518516,-0.035530824,-0.03515564
Corrida completa,explain,same,3883,1773,-0.1134193,-0.16174781,-0.04832851
Corrida completa,brand,disg,5400,3637,0.027492508,0.016198859,-0.01129365
Corrida completa,mister,snow,5428,1471,-0.080115296,0.02727782,0.107393116
Corrida completa,head,scatter,1104,3509,-0.061867762,-0.15054272,-0.08867496
Corrida completa,sunglasses,twirled,4653,3526,0.14362177,0.104551025,-0.039070748
Corrida completa,whe,winter,1930,4374,0.14792582,0.01099262,-0.13693321
Corrida completa,stem,tooth,6312,3325,-0.008385938,0.040417083,0.04880302
Corrida completa,nasty,six,7819,5519,-0.036734726,0.1456485,0.18238322
Corrida completa,St,Tilly,2358,6120,0.065518335,-0.02307307,-0.088591404
Corrida completa,naughty,paid,1944,4036,-0.041729264,-0.034228273,0.007500991
Corrida completa,admir,wooden,4893,5596,0.0141168665,-0.016589714,-0.03070658
Corrida completa,Zip,boom,6938,6172,0.043329775,0.06683706,0.023507282
Corrida completa,bounced,wise,3947,1947,-0.0983626,-0.14984462,-0.051482014
Corrida completa,Tweet,bit,2185,1197,0.03651462,-0.015921546,-0.052436166
Corrida completa,cray,soaring,1850,5552,-0.022347018,0.028886847,0.051233865
Corrida completa,Poppy,rel,5591,1427,-0.11630494,-0.097702235,0.018602706
Corrida completa,forg,spe,1157,2434,-0.02196363,0.18887018,0.2108338
Corrida completa,cheering,fixed,6015,2403,-0.052437924,0.07449773,0.12693566
Corrida completa,infant,salad,4835,3348,0.060421623,0.115668856,0.055247232
Corrida completa,bring,tested,1901,7136,0.032187,0.097116,0.064929
Corrida completa,clown,pudd,2737,2137,-0.027367238,-0.06704705,-0.039679814
Corrida completa,hurried,trees,5366,1353,0.023271153,-0.09714657,-0.12041772
Corrida completa,brushing,flower,7612,1310,-0.03073521,-0.039205663,-0.008470453
Corrida completa,blueber,hungry,3610,1550,0.04383537,0.117937125,0.07410175
Corrida completa,heel,instead,6142,2103,-0.008024426,0.056317206,0.064341635
Corrida completa,bitten,remembering,8150,7155,-0.014613045,0.063143745,0.07775679
Corrida completa,fu,quickly,3988,1101,-0.017169397,-0.029408965,-0.012239568
Corrida completa,planning,sprinkled,6873,6877,-0.05182388,-0.0010065511,0.05081733
Corrida completa,feet,stool,2341,7084,-0.057937413,0.14872077,0.20665818
Corrida completa,oat,sofa,4007,3780,-0.06282987,0.083184026,0.14601389
Corrida completa,first,know,1187,694,-0.07481869,-0.016469283,0.05834941
Corrida completa,brace,colors,3587,1484,-0.0024302904,-0.14978601,-0.14735572
Corrida completa,wept,yours,7026,2949,0.035030268,0.044897307,0.009867039
Corrida completa,Ryan,couch,7728,2339,-0.099959455,0.10472047,0.20467994
Corrida completa,dictionary,tipt,4946,6550,-0.011806279,-0.12295163,-0.11114535
Corrida completa,C,free,875,1849,0.041629836,-0.16236022,-0.20399006
Corrida completa,judge,stood,4303,2523,-0.032464586,-0.038695253,-0.0062306672
Corrida completa,forgetting,twin,6794,6446,0.081666306,0.0341454,-0.047520906
Corrida completa,Sarah,off,1244,781,0.028602518,-0.016020637,-0.044623155
Corrida completa,Ow,efforts,6525,7352,-0.09800015,-0.073282875,0.024717271
Corrida completa,Eventually,memb,3805,7655,0.07252943,-0.0043595005,-0.07688893
Corrida completa,Always,unf,5984,6394,0.0071902424,0.17074767,0.16355743
Corrida completa,But,achie,553,4945,0.015541194,-0.057667725,-0.07320892
Corrida completa,Mouse,bend,6942,5746,0.06082286,0.023528732,-0.037294127
Corrida completa,Larry,supply,6331,4737,0.079719275,-0.014503575,-0.09422285
Corrida completa,gate,granted,2671,6835,0.06782221,0.0066035823,-0.061218627
Corrida completa,spoonful,spread,6829,2383,0.023104887,0.05434571,0.03124082
Corrida completa,Cl,James,3836,4867,-0.0799387,-0.121971846,-0.042033143
Corrida completa,meant,smelly,2496,2734,-0.07524967,-0.038897853,0.03635182
Corrida completa,end,sway,814,5980,0.04064084,0.10591605,0.065275215
Corrida completa,flute,spiders,3406,5617,-0.07628521,0.1138983,0.19018352
Corrida completa,ended,hunt,4064,3039,0.018673591,0.07305014,0.05437655
Corrida completa,eraser,ord,4146,2885,-0.06853537,-0.082099035,-0.013563663
Corrida completa,panda,rope,4347,2180,0.069805086,0.2548043,0.18499923
Corrida completa,clay,sailor,3125,4118,0.029576266,0.20545922,0.17588295
Corrida completa,blankets,screams,4592,5529,-0.13887691,0.1376856,0.2765625
Corrida completa,gre,twirled,769,3526,0.0014395248,-0.04345864,-0.044898167
Corrida completa,neighb,served,1830,5384,0.08176682,0.05183298,-0.02993384
Corrida completa,bright,made,1095,559,-0.15933669,-0.07445805,0.08487864
Corrida completa,Tweetie,tickets,3869,5682,-0.05920276,-0.055520944,0.0036818162
Corrida completa,asked,awake,511,6335,0.08206792,0.09980956,0.017741635
Corrida completa,clearly,jars,8107,7957,0.06432633,0.06958848,0.0052621514
Corrida completa,Su,cared,4562,4668,-0.03575516,-0.06286554,-0.02711038
Corrida completa,farm,pi,2006,1532,-0.082210064,-0.039049454,0.04316061
Corrida completa,hedge,trap,3863,3420,0.10366647,0.33864683,0.23498036
Corrida completa,loved,much,499,714,-0.043619066,-0.030848972,0.012770094
Corrida completa,climbing,fall,4138,1578,-0.020586994,0.18924773,0.20983472
Corrida completa,fields,palace,4229,4380,0.031198526,0.21786796,0.18666942
Corrida completa,enthusiastic,third,4089,6650,0.08593949,0.23965198,0.15371248
Corrida completa,books,gained,1477,5569,0.01186074,-0.07035996,-0.0822207
Corrida completa,Santa,tumbled,5801,7817,-0.03483964,-0.05142817,-0.016588528
Corrida completa,praying,reward,6983,3378,0.0060908133,0.11077301,0.1046822
Corrida completa,game,rem,1256,898,-0.04003702,-0.14192936,-0.10189234
Corrida completa,cars,van,1346,2595,-0.07831675,0.18275195,0.2610687
Corrida completa,pizza,ran,2599,555,-0.0591015,-0.11082584,-0.051724337
Corrida completa,ones,polishing,2805,6046,0.07238427,-0.035989292,-0.10837356
Corrida completa,campfire,trembled,7416,7140,0.010375299,0.087521635,0.07714634
Corrida completa,Here,falling,3746,4314,-0.14868593,-0.1735885,-0.024902567
Corrida completa,Janey,berry,7279,4820,0.101453185,0.042727254,-0.05872593
Corrida completa,creatures,sandwich,3603,2587,0.060313568,0.120209664,0.059896097
Corrida completa,bathe,man,5085,509,0.012705805,-0.056631383,-0.06933719
Corrida completa,Lion,joins,7960,7988,0.007953253,-0.036886565,-0.044839818
Corrida completa,aimed,fauc,7269,4409,-0.122176595,-0.09616168,0.026014917
Corrida completa,bottles,somet,5740,533,0.04467565,-0.20535088,-0.25002652
Corrida completa,screws,soil,6674,4328,0.019132152,0.26099196,0.24185981
Corrida completa,Friend,apple,6595,1903,-0.03310815,0.028975345,0.062083494
Corrida completa,ho,risks,696,7559,0.034866247,-0.072717555,-0.107583806
Corrida completa,accompl,willing,5674,6753,0.038776506,-0.01674428,-0.055520788
Corrida completa,biting,raining,7661,4154,-0.024530977,-0.031414423,-0.006883446
Corrida completa,flick,print,7759,3471,-0.04747828,0.03141121,0.07888949
Corrida completa,sides,within,5903,7921,0.13330163,0.086273134,-0.047028497
Corrida completa,plain,wor,7110,538,0.15083414,0.19480461,0.043970466
Corrida completa,Flo,float,7927,4695,0.01190233,0.016462352,0.0045600217
Corrida completa,answer,gym,2279,4581,-0.04551182,0.075152084,0.1206639
Corrida completa,sweets,therm,6037,4709,-0.0010016151,-0.16293922,-0.16193761
Corrida completa,milk,nosy,2133,3113,0.13953574,0.044018414,-0.09551732
Corrida completa,gre,rin,769,7791,0.052746724,0.2303645,0.17761777
Corrida completa,decorating,tape,6951,2921,0.075283304,0.12960482,0.054321513
Corrida completa,polar,rained,7440,5377,0.053756304,-0.09401872,-0.14777502
Corrida completa,fingers,reass,3283,6865,0.062293686,-0.09412448,-0.15641817
Corrida completa,Lucky,driver,5733,2075,-0.018612618,0.18815729,0.20676991
Corrida completa,destination,thanked,4811,839,0.05924789,-0.017363075,-0.07661097
Corrida completa,otter,speeding,3557,7810,0.070728794,0.035153404,-0.03557539
Corrida completa,confused,shapes,2314,2002,0.027190678,0.14039618,0.1132055
Corrida completa,eag,sewed,2253,7418,0.06553026,-0.054037903,-0.11956817
Corrida completa,includ,solving,4965,7773,-0.017964486,-0.021051452,-0.0030869655
Corrida completa,calendar,mark,4941,2019,-0.036220517,0.20289275,0.23911327
Corrida completa,breakfast,peel,2955,5546,0.056659862,0.058003068,0.0013432056
Corrida completa,bits,each,7527,767,-0.06533105,-0.05469177,0.01063928
Corrida completa,inse,poppy,4352,5399,-0.11657765,0.012558291,0.12913594
Corrida completa,Pe,polar,3855,7440,-0.013398991,0.27891916,0.29231817
Corrida completa,Sparky,scre,6502,2543,-0.117626175,-0.012002576,0.1056236
Corrida completa,aud,surv,6699,7663,0.09067671,0.30916917,0.21849246
Corrida completa,bully,safety,6846,4746,0.022477116,0.101930365,0.079453245
Corrida completa,charac,greedy,7128,4633,0.10121633,0.071282014,-0.029934317
Corrida completa,juicy,our,2845,1161,0.05053769,0.1404709,0.08993322
Corrida completa,famil,rocks,5432,1924,0.05154836,0.026790585,-0.024757776
Corrida completa,Santa,crew,5801,6966,0.06512274,0.21533385,0.15021111
Corrida completa,Whenever,witch,3173,3537,-0.059620906,-0.111658275,-0.05203737
Corrida completa,darl,reverse,8118,4883,-0.0050794,0.055800207,0.060879607
Corrida completa,Bear,remembering,3957,7155,-0.058192275,-0.08845927,-0.030266993
Corrida completa,activity,lips,7941,5541,-0.035468146,0.10141917,0.13688731
Corrida completa,lit,ornam,2665,4801,0.032908227,-0.04763454,-0.080542766
Corrida completa,images,instruct,7770,5650,-0.01333418,-0.048984088,-0.035649907
Corrida completa,dared,firefly,6218,7290,0.04763139,-0.03712287,-0.08475426
Corrida completa,give,under,1038,896,0.019297361,0.0028044498,-0.01649291
Corrida completa,rainbow,rising,1986,6708,0.07864492,0.15453969,0.07589477
Corrida completa,marched,oasis,4117,4550,0.09434315,0.1301553,0.035812147
Corrida completa,fluffy,other,2822,572,-0.090566345,0.057591796,0.14815813
Corrida completa,dependable,ĊĠ,3178,6198,0.14584021,-0.04218363,-0.18802384
Corrida completa,badge,yawn,6728,3771,0.08367758,0.17188455,0.08820697
Corrida completa,succeed,switch,3906,3821,-0.020966906,0.1258689,0.1468358
Corrida completa,carried,teleph,2539,4771,-0.021297358,-0.099283725,-0.07798637
Corrida completa,become,exciting,2788,2040,-0.063686304,-0.033159405,0.030526899
Corrida completa,crash,relax,4862,2714,-0.08039363,0.038573608,0.118967235
Corrida completa,enthusiastic,yog,4089,3214,0.13295464,0.12881681,-0.004137829
Corrida completa,anticipation,prettiest,7647,5629,-0.010783597,0.068421304,0.0792049
Corrida completa,conductor,dra,7706,978,0.07256751,0.032469027,-0.04009848
Corrida completa,digg,un,4977,996,0.087796666,-0.0647366,-0.15253326
Corrida completa,Jill,turned,1768,1544,0.011603788,-0.11121944,-0.12282323
Corrida completa,Even,passports,2542,7742,0.05992227,-0.06282899,-0.12275126
Corrida completa,Farmer,count,6667,1513,0.04914849,-0.07979619,-0.12894468
Corrida completa,animals,dots,889,6649,-0.038078066,0.123728134,0.1618062
Corrida completa,counting,ostri,3584,3853,0.09906864,-0.059520803,-0.15858945
Corrida completa,shrink,temple,4681,4805,0.08053717,0.060087454,-0.020449717
Corrida completa,either,phot,4136,3687,0.07576975,0.12061468,0.044844925
Corrida completa,advent,flapped,954,4574,-0.026574733,0.08222367,0.1087984
Corrida completa,but,repairman,408,8070,-0.02946797,0.018660737,0.04812871
Corrida completa,pra,sug,4598,2900,0.03355616,0.25496787,0.2214117
Corrida completa,compet,entrance,3111,6138,0.03163129,0.120957315,0.089326024
Corrida completa,successful,wrinkled,3280,7876,0.03900153,0.031194918,-0.0078066103
Corrida completa,gasped,unicorn,3590,5588,0.041814,-0.025668224,-0.067482226
Corrida completa,inside,lending,735,7402,-0.06764337,0.04291519,0.110558555
Corrida completa,Instead,cloud,4490,1646,0.081698164,0.01905996,-0.06263821
Corrida completa,passing,ye,5990,1118,-0.08371507,-0.118181735,-0.03446667
Corrida completa,Beth,against,5632,2984,-0.014361322,-0.045528095,-0.031166773
Corrida completa,dest,friendship,2779,3478,-0.09549809,-0.07318218,0.022315912
Corrida completa,like,serve,518,4825,-0.096449465,0.06694733,0.1633968
Corrida completa,appreciated,guests,7464,7022,0.05598467,-0.011924148,-0.067908816
Corrida completa,from,worms,573,4958,0.10324277,-0.033739172,-0.13698193
Corrida completa,Thomas,sore,6355,5227,-0.06994912,-0.059877224,0.010071896
Corrida completa,gray,sparkled,2552,3451,-0.08721451,0.021626579,0.108841084
Corrida completa,cry,unlock,987,4145,0.085781984,0.051745974,-0.03403601
Corrida completa,truth,wreck,3614,5582,-0.0070635565,0.21736932,0.22443287
Corrida completa,pout,rem,6003,898,0.034079865,0.08241739,0.048337527
Corrida completa,neare,sandbox,7085,4206,0.058376763,-0.040647402,-0.09902416
Corrida completa,recorded,superhero,6032,4623,-0.027765919,0.031786427,0.059552345
Corrida completa,bracelets,salt,7832,3842,-0.09164163,0.14480649,0.23644811
Corrida completa,awesome,swan,6197,3115,-0.0663912,0.038167737,0.10455894
Corrida completa,cover,trying,2879,1533,0.0007337127,-0.0062385835,-0.006972296
Corrida completa,fed,gust,5242,5090,0.029884962,-0.11006571,-0.13995068
Corrida completa,Nick,towels,6669,6159,-0.036507644,-0.00088329334,0.03562435
Corrida completa,Susan,comput,6157,3333,-0.044408705,-0.1686803,-0.12427159
Corrida completa,Pipp,holding,6438,2086,0.069917426,0.06662131,-0.0032961145
Corrida completa,closed,response,1794,7347,-0.10302333,-0.044629175,0.058394153
Corrida completa,fluttered,sped,6572,8011,-0.121928595,0.21167049,0.3335991
Corrida completa,cher,passports,3008,7742,0.066000745,-0.055260383,-0.12126113
Corrida completa,Many,firefighters,6329,6214,0.07676235,0.09362728,0.016864933
Corrida completa,knows,leopard,3270,3838,-0.034734286,-0.18003704,-0.14530274
Corrida completa,spoonful,thank,6829,1367,0.026005987,0.05151638,0.025510393
Corrida completa,car,imagining,569,6937,-0.00896021,-0.061350375,-0.052390166
Corrida completa,Chloe,grandfather,5889,7937,-0.002460612,0.17687348,0.17933409
Corrida completa,rake,trying,4663,1533,0.039300926,0.16178972,0.12248879
Corrida completa,robb,sighed,6521,2700,-0.050371345,-0.06276716,-0.012395818
Corrida completa,answer,modern,2279,3469,0.029120961,-0.06253999,-0.09166095
Corrida completa,Ellie,In,3503,1392,-0.0526,-0.0008666599,0.05173334
Corrida completa,partic,rolls,6118,6186,0.047261696,0.05025015,0.002988454
Corrida completa,cocoon,jellyfish,7704,4446,0.030868161,0.14554748,0.11467932
Corrida completa,happens,rot,4542,4332,0.052748308,0.092191175,0.039442867
Corrida completa,brings,flas,5450,6899,0.08463601,-0.03067346,-0.11530947
Corrida completa,bugs,wood,2442,1376,0.009749681,0.18488367,0.17513399
Corrida completa,those,voice,3437,1151,0.044417877,-0.015368367,-0.059786245
Corrida completa,Don,hopped,2677,1352,0.014985947,-0.004798349,-0.019784296
Corrida completa,crab,vacation,2474,4905,0.04197759,0.1709352,0.1289576
Corrida completa,dep,stealing,8085,5664,-0.028383033,-0.09392243,-0.0655394
Corrida completa,brus,pleased,5325,2681,-0.041832022,0.008006426,0.049838446
Corrida completa,confidence,trusted,7909,4763,-0.012452289,-0.023182817,-0.010730527
Corrida completa,B,enorm,371,3198,-0.019653387,-0.024848642,-0.0051952545
Corrida completa,Nothing,col,6660,899,0.0217175,0.0073630493,-0.014354451
Corrida completa,repeat,wears,5173,6684,-0.10142056,0.014939574,0.116360135
Corrida completa,practice,screwd,3319,7180,-0.019194502,-0.12485181,-0.10565731
Corrida completa,about,pirate,667,3474,0.14426139,-0.029417908,-0.17367929
Corrida completa,Jul,students,4642,7179,0.012114339,-0.09122259,-0.10333693
Corrida completa,destroy,tall,3750,1403,-0.089257956,-0.0042548073,0.085003145
Corrida completa,bend,your,5746,638,0.0017421264,-0.11859337,-0.1203355
Corrida completa,Kiki,po,7569,670,0.013244735,-0.06275907,-0.076003805
Corrida completa,display,realized,4313,1231,0.08870071,0.015442047,-0.07325867
Corrida completa,leap,universe,6227,5347,0.076598674,0.09514726,0.018548585
Corrida completa,conversation,dinosaurs,7582,5341,-0.07270945,0.014724355,0.0874338
Corrida completa,hears,sa,2545,296,0.021700844,-0.010327429,-0.032028273
Corrida completa,difference,ocean,5102,2233,0.050364416,0.10097678,0.050612364
Corrida completa,roof,successful,3193,3280,-0.01930232,-0.13175145,-0.112449124
Corrida completa,pointing,yucky,3068,4821,0.016537912,-0.059885822,-0.076423734
Corrida completa,regular,wasted,3454,6390,-0.041947924,0.010079276,0.0520272
Corrida completa,faces,laugh,2342,1418,0.06312307,0.3456986,0.28257552
Corrida completa,mag,nest,1145,2015,0.09819483,-0.0051214173,-0.10331625
Corrida completa,dragons,homework,5927,6044,-0.17122501,0.033715516,0.20494053
Corrida completa,For,knees,6094,6555,0.008764238,-0.12342548,-0.13218972
Corrida completa,activ,cop,5513,3286,0.019408267,-0.023232657,-0.042640924
Corrida completa,bed,mo,1015,727,-0.021859564,-0.050943933,-0.02908437
Corrida completa,thirst,thre,3298,1612,-0.082244724,-0.047807265,0.03443746
Corrida completa,cottage,pupp,7510,5702,0.06889525,-0.0014897324,-0.07038498
Corrida completa,ants,sink,4139,3546,-0.25857624,0.016205795,0.27478203
Corrida completa,X,pants,7427,3651,-0.020877153,0.08172023,0.102597386
Corrida completa,bike,hum,1754,2408,0.08391182,0.001662463,-0.08224936
Corrida completa,radio,songs,4015,2427,-0.0952283,0.15316229,0.24839059
Corrida completa,ham,net,3015,2452,-0.007228314,0.08514478,0.092373095
Corrida completa,toes,tough,4819,3022,0.019200707,0.017583378,-0.0016173292
Corrida completa,escaped,mass,5340,4929,0.042801984,-0.049553834,-0.09235582
Corrida completa,bedtime,stole,6429,5772,-0.0019061491,-0.12613733,-0.12423118
Corrida completa,bye,meat,5678,4163,0.13708642,0.08622368,-0.050862744
Corrida completa,not,yells,395,6690,0.08757823,0.027295366,-0.060282864
Corrida completa,designs,em,7350,1687,0.02662019,0.0142786205,-0.01234157
Corrida completa,Owl,es,6853,1952,-0.022239551,-0.06722901,-0.04498946
Corrida completa,ruler,suff,5954,4708,-0.100552484,-0.112126976,-0.011574492
Corrida completa,packing,secure,6368,6440,-0.033013795,-0.030770436,0.0022433586
Corrida completa,holes,pedaled,4030,7778,0.07492555,0.02666292,-0.04826263
Corrida completa,Davey,afterwards,7576,6639,0.04587879,0.12241041,0.07653162
Corrida completa,heel,never,6142,741,0.03809988,0.035282366,-0.0028175153
Corrida completa,emergen,joined,5665,3166,0.07569649,0.043298192,-0.0323983
Corrida completa,co,sir,565,4567,0.02469784,-0.064794034,-0.089491874
Corrida completa,baseball,seeing,4478,4281,-0.022316381,-0.13487475,-0.112558365
Corrida completa,fant,smoke,7332,3077,0.047345027,-0.0790222,-0.12636723
Corrida completa,ban,mitten,2363,5285,-0.16158693,-0.06266689,0.09892003
Corrida completa,ashtray,footsteps,5109,7901,-0.0981648,0.109810784,0.20797558
Corrida completa,blueber,holds,3610,3671,0.03662631,0.08309232,0.046466008
Corrida completa,Jessica,ey,6452,988,-0.056877203,-0.07568361,-0.018806405
Corrida completa,dolphin,understand,3660,1465,0.01277085,-0.00093193166,-0.013702782
Corrida completa,Slowly,million,6241,8069,0.08088079,-0.08419551,-0.1650763
Corrida completa,Alan,mint,8168,4788,0.09786228,0.013373174,-0.08448911
Corrida completa,landscape,yelled,5721,2594,-0.043053307,-0.05657956,-0.013526253
Corrida completa,football,front,3897,2226,0.0043780804,-0.03468227,-0.03906035
Corrida completa,printer,stamp,5659,3296,0.0065045524,0.3114183,0.30491373
Corrida completa,bear,tummy,801,3197,0.049111538,0.1316705,0.08255897
Corrida completa,cut,garden,1293,846,-0.0034848955,-0.10966037,-0.106175475
Corrida completa,everyday,toe,5423,5237,-0.019859366,0.051762946,0.07162231
Corrida completa,smiled,upstairs,506,5095,-0.0069431113,0.14467208,0.15161519
Corrida completa,hi,ur,6380,3982,0.11118239,0.18091568,0.06973329
Corrida completa,beep,drank,3917,2896,0.021698292,0.093278676,0.07158038
Corrida completa,leash,part,3914,1306,0.0055597313,-0.0036512967,-0.009211028
Corrida completa,worry,writes,1302,5714,-0.054788552,-0.0103159025,0.04447265
Corrida completa,bur,finished,4290,1398,-0.014430997,-0.041927263,-0.027496267
Corrida completa,mass,two,4929,904,0.015976742,0.040567584,0.024590842
Corrida completa,refre,tasting,4748,7991,-0.02980619,-0.11362543,-0.08381924
Corrida completa,sneak,temperature,4296,6551,-0.08448438,0.0034384318,0.08792281
Corrida completa,hoop,sun,3414,730,-0.017028078,0.050689325,0.0677174
Corrida completa,gross,worse,6977,5244,-0.056763154,0.25579268,0.31255582
Corrida completa,hear,paddle,1453,6450,0.1545784,0.077874124,-0.07670428
Corrida completa,Who,jokes,4890,3946,-0.0030916817,-0.076866455,-0.07377477
Corrida completa,allowed,supplies,3423,5825,0.022604208,0.085307814,0.06270361
Corrida completa,Laura,scratches,7592,6809,0.0096540265,-0.007675808,-0.017329834
Corrida completa,Tuna,rhinoceros,7010,4315,0.028691396,0.28274584,0.25405443
Corrida completa,Abigail,chalk,5439,4201,0.20030662,0.14661285,-0.05369377
Corrida completa,shark,tugged,3052,5660,0.039809294,-0.049350426,-0.08915972
Corrida completa,mer,yelled,6959,2594,-0.03177411,-0.013815189,0.017958922
Corrida completa,pouring,stitches,5787,7408,0.042287003,-0.06494254,-0.107229546
Corrida completa,blink,valued,6012,6253,0.0061487406,0.05292023,0.04677149
Corrida completa,U,relaxing,3249,8105,-0.05886445,0.003618382,0.06248283
Corrida completa,drops,edge,4390,3132,0.033270303,0.22904879,0.19577849
Corrida completa,d,quite,278,3942,-0.052248657,0.03092163,0.08317029
Corrida completa,better,forward,815,2419,-0.03103988,0.18939698,0.22043686
Corrida completa,jour,sorted,1869,5938,-0.08524367,-0.011232361,0.07401131
Corrida completa,spoonful,sunrise,6829,5251,0.11481263,0.18558067,0.07076804
Corrida completa,Sorry,drank,6632,2896,-0.09705421,0.009014912,0.106069125
Corrida completa,Rock,damaged,7175,7641,0.12678324,0.05405656,-0.07272668
Corrida completa,lock,tightly,2798,2446,-0.039241783,0.048170716,0.0874125
Corrida completa,trans,wrong,7889,1435,0.048687615,-0.040568106,-0.08925572
Corrida completa,sled,warmer,7303,7458,0.015552836,0.12340512,0.10785229
Corrida completa,Uncle,bulb,5683,4285,-0.0068999324,-0.18702057,-0.18012063
Corrida completa,angel,slam,3285,6714,-0.030374663,-0.04134728,-0.010972617
Corrida completa,Ma,stayed,6866,1495,0.033234715,-0.060799204,-0.09403392
Corrida completa,Ma,Paul,6866,3828,-0.1224028,-0.013089862,0.10931294
Corrida completa,age,gasped,7032,3590,-0.029136539,0.18376844,0.21290497
Corrida completa,cow,delic,2007,1301,-0.060612164,-0.096251205,-0.03563904
Corrida completa,jolly,lands,3464,5351,0.021011915,-0.0741954,-0.09520732
Corrida completa,beautiful,mug,870,3941,-0.101264276,0.011647092,0.112911366
Corrida completa,fun,visit,490,1627,-0.07286309,0.0089731505,0.08183624
Corrida completa,heads,takes,4410,2074,0.018957436,-0.17771348,-0.19667092
Corrida completa,Smo,hurried,7518,5366,-0.016528416,0.052818805,0.06934722
Corrida completa,celebrated,investigate,4310,4586,-0.117929205,-0.01013593,0.10779327
Corrida completa,gorilla,hammer,3995,3483,-0.08441892,0.1326532,0.21707213
Corrida completa,flas,flex,6899,3517,-0.056088857,0.13788867,0.19397753
Corrida completa,applaud,thanks,4508,4158,-0.031894024,0.10252037,0.13441439
Corrida completa,jo,swallowed,790,7112,-0.005677607,-0.103539884,-0.09786227
Corrida completa,separate,solving,4507,7773,0.067304626,0.16975659,0.102451965
Corrida completa,hills,merma,4755,7537,-0.00090436265,-0.030103879,-0.029199516
Corrida completa,Pinky,rock,6772,947,0.08848186,0.12505555,0.036573693
Corrida completa,prints,vanished,5971,4776,-0.02597867,0.03979905,0.06577772
Corrida completa,because,threw,771,1805,0.056522295,0.101031356,0.04450906
Corrida completa,Robbie,compassion,7041,3447,-0.095307305,-0.030365473,0.06494183
Corrida completa,parked,settle,5680,5427,-0.06749204,0.14035663,0.20784867
Corrida completa,lights,snuggle,3313,7006,0.038305208,0.075636834,0.037331626
Corrida completa,Pandy,j,6804,444,0.11423257,-0.13243261,-0.24666518
Corrida completa,St,kindness,2358,2988,0.09318435,-0.078336485,-0.17152083
Corrida completa,newspap,pudd,5129,2137,-0.046658695,0.23872145,0.28538013
Corrida completa,balloons,museum,3030,4324,-0.12374471,0.1507983,0.27454302
Corrida completa,hook,penguins,3930,6108,0.04967196,0.17124395,0.12157199
Corrida completa,breathe,happily,5056,1380,0.05526133,-0.00998972,-0.06525105
Corrida completa,M,tires,405,7605,-0.015103397,-0.037933,-0.022829603
Corrida completa,Jeff,ben,6052,1971,-0.07189355,0.029645607,0.10153916
Corrida completa,ok,sweetest,2811,7506,0.06946649,0.087859094,0.018392608
Corrida completa,feelings,moon,4356,2505,0.06431779,0.11707719,0.052759394
Corrida completa,may,moo,3741,7247,0.09338923,0.047152616,-0.046236612
Corrida completa,germs,hand,8113,734,-0.022744011,0.06228162,0.08502563
Corrida completa,Ow,pays,6525,7372,-0.01600074,0.0005144775,0.016515218
Corrida completa,grap,monster,3122,1743,-0.019916756,-0.07889731,-0.058980554
Corrida completa,You,buttons,570,3075,-0.05644542,-0.014910933,0.041534487
Corrida completa,planet,ti,4416,6082,0.030164966,-0.030794704,-0.06095967
Corrida completa,land,struggled,1647,5480,-0.018154187,-0.023415338,-0.005261151
Corrida completa,balls,belt,2793,4231,0.060340352,0.17796844,0.11762809
Corrida completa,cricket,meas,3641,3708,-0.026950901,-0.023868011,0.00308289
Corrida completa,melt,rubs,3051,6557,0.09293339,0.21408126,0.12114787
Corrida completa,human,knew,3804,697,-0.11428598,-0.037956648,0.076329336
Corrida completa,dangerous,news,1776,4610,-0.08072388,0.054321557,0.13504544
Corrida completa,Jan,special,5923,689,-0.049409248,0.005541265,0.054950513
Corrida completa,beep,caterpill,3917,2659,-0.0047831107,0.09003085,0.09481396
Corrida completa,bookcase,powder,4703,4338,-0.10893177,0.25008374,0.35901552
Corrida completa,network,squishy,6124,6973,-0.01142389,-0.01621948,-0.0047955904
Corrida completa,How,trusted,2402,4763,0.079998225,-0.0807333,-0.16073152
Corrida completa,budge,studying,5712,6067,-0.024009043,0.053903773,0.077912815
Corrida completa,chores,removed,5059,6220,-0.0033327471,-0.0168401,-0.013507353
Corrida completa,lock,pro,2798,1737,-0.03920353,-0.09493705,-0.05573352
Corrida completa,juicy,towel,2845,2923,0.0010952614,0.011271834,0.010176573
Corrida completa,magaz,pastry,4473,4320,0.061945386,0.09145945,0.029514067
Corrida completa,cat,scooped,705,4898,0.0036312183,-0.09131205,-0.09494327
Corrida completa,rele,rod,5651,3952,0.0060685314,-0.137463,-0.14353153
Corrida completa,Linda,film,6354,4095,0.022404455,-0.044856824,-0.06726128
Corrida completa,hall,mustache,3990,4644,0.0045505147,0.16743097,0.16288045
Corrida completa,use,wolf,1122,2609,-0.010569191,-0.20378074,-0.19321156
Corrida completa,from,scurrying,573,7998,0.10391365,0.04611222,-0.05780143
Corrida completa,d,tidy,278,2414,-0.070785254,-0.14862922,-0.077843964
Corrida completa,bus,tangled,1203,6723,0.047521856,-0.052992113,-0.100513965
Corrida completa,officer,pajamas,5504,6251,0.06430611,0.06546292,0.001156807
Corrida completa,tells,wrapping,2553,6830,-0.15275127,-0.034988105,0.11776316
Corrida completa,coat,roars,2091,7276,-0.017379427,0.11365214,0.13103157
Corrida completa,agree,wipe,4735,4677,-0.013712125,-0.025117416,-0.011405291
Corrida completa,Tim,pocket,440,1865,-0.0066073164,0.05203519,0.058642507
Corrida completa,Jul,thin,4642,2249,-0.04951024,-0.02247287,0.027037371
Corrida completa,likes,to,1428,266,0.060728688,0.029195283,-0.031533405
Corrida completa,beauty,cu,3601,905,-0.08556715,-0.1607401,-0.07517296
Corrida completa,pig,scoop,1975,5527,-0.0042720325,-0.01937735,-0.015105318
Corrida completa,hut,kings,4394,8092,0.11419763,0.12899756,0.014799938
Corrida completa,moment,tired,1527,1269,0.005627092,0.1228507,0.117223606
Corrida completa,Many,overcome,6329,7477,0.14241672,0.058803927,-0.083612785
Corrida completa,inv,puzzle,1982,2603,-0.1180808,0.019724086,0.1378049
Corrida completa,argue,bike,4558,1754,0.01441896,-0.021148743,-0.0355677
Corrida completa,Gina,twenty,7802,8017,0.065018356,-0.027453452,-0.09247181
Corrida completa,pinch,vanished,4534,4776,-0.08635593,-0.00097456714,0.08538137
Corrida completa,delayed,flav,7910,5277,-0.025570115,0.013641794,0.03921191
Corrida completa,Mum,farm,2518,2006,-0.04711864,0.009477008,0.05659565
Corrida completa,St,nur,2358,7496,-0.026112247,0.25771764,0.2838299
Corrida completa,pedaled,supplies,7778,5825,0.081332214,0.07728462,-0.004047595
Corrida completa,doing,lent,1399,7563,0.008000292,0.066514246,0.058513954
Corrida completa,sudden,villagers,3442,5533,-0.07174217,-0.10675653,-0.03501436
Corrida completa,beam,giggled,6709,2757,-0.08104323,0.10931192,0.19035515
Corrida completa,bald,fills,3042,7634,0.12200947,-0.06859232,-0.1906018
Corrida completa,radishes,weighed,6430,5479,-0.017722629,-0.025267795,-0.0075451657
Corrida completa,claws,vis,4885,1514,-0.05403274,-0.10814707,-0.05411433
Corrida completa,grand,toys,3346,684,-0.007869251,-0.03124798,-0.02337873
Corrida completa,den,spikes,6339,7251,-0.044617217,0.09002245,0.13463967
Corrida completa,elephant,zipping,1934,6849,0.003596563,-0.02633426,-0.029930823
Corrida completa,raven,sweeties,3803,6103,0.08460447,0.18464512,0.100040644
Corrida completa,Coco,unus,5621,2858,0.120985545,0.066421434,-0.05456411
Corrida completa,hopping,packed,2732,2688,0.08809714,0.055823598,-0.032273542
Corrida completa,replied,speaking,1109,6449,-0.07253464,0.08510125,0.1576359
Corrida completa,cu,vanished,905,4776,-0.013210166,-0.019170845,-0.0059606787
Corrida completa,gym,rele,4581,5651,0.061095163,-0.10900015,-0.17009531
Corrida completa,dusty,peeled,6040,7968,0.04840108,0.050130285,0.0017292053
Corrida completa,biggest,transf,3316,8078,-0.016338676,-0.012959013,0.0033796635
Corrida completa,Instead,pastries,4490,6047,-0.119407155,-0.035756096,0.08365106
Corrida completa,concert,cuddled,7837,4936,0.05824534,0.019734703,-0.038510635
Corrida completa,coloured,threat,6254,6119,-0.045135003,0.011469886,0.05660489
Corrida completa,gold,please,2570,1496,0.00250962,-0.052083045,-0.054592665
Corrida completa,disc,firm,8057,6110,0.05588691,-0.07161971,-0.12750661
Corrida completa,birdie,kicked,3294,3318,0.024212068,0.050694138,0.02648207
Corrida completa,Before,rust,5019,5322,-0.10265804,-0.17701708,-0.07435904
Corrida completa,Don,dresses,2677,4869,-0.070039585,-0.035771426,0.03426816
Corrida completa,friendly,stupid,1446,3383,0.012473829,0.35031348,0.33783966
Corrida completa,caut,juicy,5643,2845,-0.08695516,-0.07357831,0.013376847
Corrida completa,sticking,wrong,6160,1435,0.065862715,-0.01636334,-0.08222605
Corrida completa,crashing,herself,7193,1430,-0.044015847,-0.08758029,-0.043564446
Corrida completa,Mon,temper,6465,6451,0.0283017,0.002686087,-0.025615612
Corrida completa,Hannah,touches,6443,7183,-0.05686838,0.014194902,0.07106328
Corrida completa,crab,wagon,2474,3003,0.0008245744,0.18976498,0.1889404
Corrida completa,laughter,onion,4790,4033,0.015563469,0.07170599,0.05614252
Corrida completa,att,climb,1759,1012,-0.012786051,-0.12353785,-0.1107518
Corrida completa,package,rub,3781,3555,-0.027663147,0.016491313,0.044154458
Corrida completa,clapped,for,1829,366,0.009748526,-0.049734086,-0.05948261
Corrida completa,glo,reindeer,5547,4171,0.012416814,0.037658438,0.025241625
Corrida completa,leaf,twirled,2445,3526,-0.033763364,-0.021812651,0.011950713
Corrida completa,done,pages,1274,4942,0.03116301,0.012262447,-0.018900564
Corrida completa,reveal,untie,6212,7596,-0.08934307,0.027582064,0.116925135
Corrida completa,Jones,try,6114,808,-0.10599408,-0.14257357,-0.036579482
Corrida completa,apron,plastic,4810,4457,0.0616944,0.1294317,0.067737296
Corrida completa,Rain,prop,7827,4800,0.109256536,0.18364736,0.07439083
Corrida completa,flips,pup,7687,3388,-0.008146142,-0.15176159,-0.14361545
Corrida completa,Mickey,jungle,7051,2460,-0.035946783,0.14055938,0.17650616
Corrida completa,decorations,neatly,5196,6952,0.00057178177,0.080513574,0.079941794
Corrida completa,movies,rus,5900,6922,0.09752016,-0.09013966,-0.18765981
Corrida completa,caterpillar,trot,2721,7170,0.093293734,0.0057319747,-0.08756176
Corrida completa,had,permission,359,4989,0.00014626421,0.021564148,0.021417884
Corrida completa,Mummy,scarf,3428,2749,0.06235615,0.08547032,0.023114167
Corrida completa,Beth,liquid,5632,6239,-0.05049794,-0.025587268,0.024910673
Corrida completa,stamp,wagging,3296,5807,0.01883376,0.009227108,-0.009606652
Corrida completa,Bunny,untie,4223,7596,-0.04187859,-0.054970957,-0.013092369
Corrida completa,dancer,toward,4451,7479,-0.0076863114,-0.23278092,-0.2250946
Corrida completa,fara,rise,6169,4831,0.02836672,-0.020727683,-0.0490944
Corrida completa,encou,gate,3611,2671,0.08210029,0.048223555,-0.033876732
Corrida completa,arrow,tool,3303,2379,0.06058454,0.2791633,0.21857876
Corrida completa,decoration,flag,7992,2710,0.08049501,0.12032825,0.03983324
Corrida completa,Jim,Molly,1709,1766,-0.07852034,0.42594567,0.504466
Corrida completa,rin,wags,7791,4765,-0.056089733,0.038905375,0.09499511
Corrida completa,fat,refu,3050,6685,0.08508457,0.10821714,0.02313257
Corrida completa,boo,soup,6240,1938,0.04748427,-0.012856353,-0.060340624
Corrida completa,pump,trunk,2991,3187,0.023925424,0.13936332,0.115437895
Corrida completa,bedtime,honest,6429,2516,-0.07464793,0.17624685,0.25089478
Corrida completa,barking,sorts,4048,3548,-0.17044988,-0.16825536,0.0021945238
Corrida completa,muff,scream,4010,1777,-0.032164447,-0.11589852,-0.08373407
Corrida completa,scale,solut,3572,5681,-0.01501879,-0.024729822,-0.009711032
Corrida completa,bears,trou,4177,1909,0.030301785,-0.053290803,-0.083592586
Corrida completa,sailors,swim,6969,1322,0.10411742,0.2110825,0.10696508
Corrida completa,shark,tighter,3052,7635,-0.063243054,-0.10147789,-0.038234837
Corrida completa,kicked,person,3318,2174,0.11264126,-0.1730091,-0.28565037
Corrida completa,gent,listens,1482,6567,0.09772081,0.055089787,-0.042631023
Corrida completa,teeth,thinking,2409,3536,0.024738662,-0.046192195,-0.07093085
Corrida completa,import,shiver,1081,3485,-0.0022656117,0.10201366,0.10427927
Corrida completa,newspaper,rang,5255,5451,0.053941835,0.014504775,-0.03943706
Corrida completa,microscope,recommend,4381,4711,0.007856909,0.047565147,0.039708238
Corrida completa,observe,served,5239,5384,0.008884016,0.16376042,0.15487641
Corrida completa,carried,dollhouse,2539,6945,0.07964734,-0.014144984,-0.09379233
Corrida completa,bloom,seashells,2974,7581,-0.046762202,0.17793612,0.22469832
Corrida completa,appro,decide,4628,2948,0.04656805,0.09532572,0.048757672
Corrida completa,D,jobs,639,8061,-0.039973922,-0.034853186,0.0051207356
Corrida completa,balloons,squeezed,3030,4660,0.009155795,-0.09933618,-0.10849197
Corrida completa,appl,truth,4203,3614,0.0390907,-0.08239816,-0.12148886
Corrida completa,muffin,passing,4849,5990,-0.02914067,-0.0255154,0.00362527
Corrida completa,cour,pride,1861,4907,0.014407322,-0.030711213,-0.045118533
Corrida completa,named,shot,494,5014,0.07499756,-0.059754066,-0.13475162
Corrida completa,Jacob,Spidey,6750,7457,-0.027627174,0.24981926,0.27744645
Corrida completa,At,firef,2850,4669,0.06761031,0.022538327,-0.04507198
Corrida completa,goodies,solved,7794,5043,0.06659593,-0.014003035,-0.080598965
Corrida completa,baths,flew,7366,918,-0.062249754,-0.023558477,0.038691275
Corrida completa,destroy,kings,3750,8092,-0.013357159,-0.012508716,0.0008484423
Corrida completa,Christ,spraying,6224,5930,0.033333857,-0.09654498,-0.12987883
Corrida completa,instrum,remem,6601,5304,0.118372776,0.16596915,0.047596373
Corrida completa,Nick,exch,6669,7982,-0.024678038,-0.06297311,-0.038295075
Corrida completa,ch,tested,596,7136,-0.079697706,-0.1278533,-0.0481556
Corrida completa,hill,yummy,1437,1246,-0.004614111,0.014150549,0.01876466
Corrida completa,blew,exp,2353,1929,-0.041798238,-0.03469879,0.007099446
Corrida completa,birdhouse,tigers,8050,6839,-0.044198457,0.063606255,0.107804716
Corrida completa,While,slither,3479,7595,0.09160784,-0.073146984,-0.16475482
Corrida completa,occ,traveled,7049,6223,0.08134188,0.10634976,0.025007881
Corrida completa,shared,sunflower,1663,3598,-0.0636368,-0.13771054,-0.07407374
Corrida completa,discu,leg,4389,2716,0.0029219203,0.0069681555,0.0040462352
Corrida completa,because,rains,771,7526,0.10411518,0.01805151,-0.08606367
Corrida completa,boys,weight,2893,5398,0.015542313,0.066613354,0.05107104
Corrida completa,blood,candles,5041,4959,0.14344983,0.28305912,0.13960929
Corrida completa,crowd,dent,5956,5754,-0.119633764,0.059068706,0.17870247
Corrida completa,pointing,their,3068,460,-0.032538507,-0.087332994,-0.054794487
Corrida completa,spot,surfboard,1357,7263,0.006084863,0.04079092,0.034706056
Corrida completa,spaces,syrup,5383,7782,-0.05754036,0.01571596,0.07325632
Corrida completa,Bu,kn,3226,479,-0.020293595,0.1658124,0.186106
Corrida completa,answered,flavors,2717,7466,0.023323815,0.019239768,-0.004084047
Corrida completa,Don,masterp,2677,7488,0.008050144,0.22255175,0.2145016
Corrida completa,Teddy,curi,2581,1150,-0.06747006,-0.12617682,-0.05870676
Corrida completa,driving,warmer,3514,7458,-0.070804805,-0.06723717,0.003567636
Corrida completa,admiring,manage,5342,5133,0.061922695,0.17345744,0.111534745
Corrida completa,salty,walk,6673,1064,-0.0665119,-0.10903369,-0.04252179
Corrida completa,Queen,daddy,7045,1558,0.028158706,0.23401827,0.20585956
Corrida completa,fluffy,forgive,2822,2381,0.014606368,-0.004168527,-0.018774895
Corrida completa,Someone,holes,5470,4030,-0.036620524,0.058970034,0.09559056
Corrida completa,accom,glued,5616,7154,0.1246946,-0.027552374,-0.15224698
Corrida completa,automobile,owners,4870,5960,-0.035640262,0.05017695,0.08581721
Corrida completa,A,talks,458,7132,0.13686782,0.08967312,-0.047194704
Corrida completa,dusty,walks,6040,2812,-0.063671276,0.0051746387,0.06884591
Corrida completa,cuts,scarves,6252,6608,0.009734168,0.07742329,0.06768912
Corrida completa,challenge,muscles,5684,5727,-0.044720456,0.12755725,0.1722777
Corrida completa,Th,gasped,1205,3590,-0.018201284,-0.10164578,-0.0834445
Corrida completa,aside,count,7393,1513,0.03368424,0.014059605,-0.019624634
Corrida completa,half,relief,3463,6048,0.08480143,0.13548405,0.050682627
Corrida completa,cupcake,shield,7926,3626,0.023053072,0.08086105,0.057807975
Corrida completa,closes,known,6638,4606,-0.038556427,0.016163409,0.054719836
Corrida completa,bandage,selfish,3822,2454,0.0080750715,0.051731173,0.043656103
Corrida completa,clot,looking,1588,1031,0.028432459,-0.034013912,-0.06244637
Corrida completa,miss,olive,1981,5046,0.04376287,-0.082052484,-0.12581536
Corrida completa,Me,decide,5372,2948,-0.021189768,-0.0126486495,0.008541118
Corrida completa,grapes,warned,4135,3461,-0.025328707,-0.043437272,-0.018108565
Corrida completa,experience,gave,4842,743,0.027048511,0.024494208,-0.002554303
Corrida completa,return,store,2069,1107,0.032043472,0.17484978,0.1428063
Corrida completa,clearing,waist,5282,5559,-0.030076072,0.062492922,0.09256899
Corrida completa,organize,project,3977,5941,0.054170888,0.17237276,0.11820187
Corrida completa,go,motion,437,6031,-0.041941404,0.016200535,0.05814194
Corrida completa,charac,named,7128,494,-0.018394286,-0.06888008,-0.050485797
Corrida completa,bent,fearful,3561,3715,-0.045808904,-0.13190235,-0.08609345
Corrida completa,chilly,ho,7852,696,-0.012614176,-0.0024723485,0.010141827
Corrida completa,medic,squishy,2761,6973,0.013413433,-0.01702661,-0.030440044
Corrida completa,handsome,itself,6792,3661,0.061536916,0.08704837,0.025511451
Corrida completa,lungs,scolded,6864,4596,0.04151064,0.015891578,-0.025619064
Corrida completa,Luna,grabbed,5167,1184,0.086059794,-0.063889034,-0.14994884
Corrida completa,Ro,exerc,4287,4295,-0.010062728,0.31625587,0.3263186
Corrida completa,sports,swings,6861,1880,0.050271675,0.16451551,0.114243835
Corrida completa,In,otters,1392,7484,-0.091408186,-0.11841602,-0.027007833
Corrida completa,castles,song,4823,1493,-0.0793153,0.0149618685,0.094277166
Corrida completa,meowed,purse,5156,3769,0.051964074,0.1266157,0.07465163
Corrida completa,person,young,2174,1905,-0.06106297,-0.027891835,0.033171132
Corrida completa,bur,oper,4290,5162,0.06038382,0.21239167,0.15200785
Corrida completa,bags,chamber,3293,4847,-0.027138239,0.25795883,0.28509706
Corrida completa,causing,salty,7176,6673,0.0781242,0.0053904485,-0.07273375
Corrida completa,every,heavier,618,6894,-0.13214949,0.07747875,0.20962824
Corrida completa,miss,sizes,1981,4721,0.028563248,-0.1026922,-0.13125545
Corrida completa,herbs,trucks,6236,3097,-0.031193178,0.23255298,0.26374614
Corrida completa,Go,Millie,2366,4182,0.005767787,-0.03561231,-0.0413801
Corrida completa,printing,si,6756,5865,0.07859063,-0.0138243595,-0.09241499
Corrida completa,belong,pictures,1939,1573,0.0838411,0.15965077,0.07580967
Corrida completa,es,neat,1952,3673,0.03214229,0.10136809,0.0692258
Corrida completa,chose,pale,3212,3625,-0.12852672,-0.06678722,0.061739497
Corrida completa,Thank,wasn,2043,1556,-0.08507585,0.17229295,0.2573688
Corrida completa,ne,rising,401,6708,0.00906839,0.02412682,0.01505843
Corrida completa,Gary,da,7660,5985,0.029075991,-0.029312713,-0.058388703
Corrida completa,cliff,tightly,4796,2446,0.035121918,0.20034577,0.16522385
Corrida completa,rules,two,3859,904,0.04771126,0.041810475,-0.0059007853
Corrida completa,comm,thermomet,6174,4741,-0.10132024,0.08011983,0.18144007
Corrida completa,bodies,glowing,6934,4376,-0.04218047,0.032645956,0.07482643
Corrida completa,mixing,swims,5929,5445,0.07754459,-0.046254218,-0.12379881
Corrida completa,Mike,difficult,3636,3014,-0.08344819,-0.06638234,0.017065845
Corrida completa,Alan,Spot,8168,1162,0.016956348,0.3398471,0.32289073
Corrida completa,pers,shaking,1828,3783,0.071775794,-0.043454923,-0.11523072
Corrida completa,pens,porch,7272,4245,0.05711548,0.19758275,0.14046727
Corrida completa,definitely,superheroes,7293,7243,0.014835,-0.034536093,-0.049371094
Corrida completa,showed,wheat,1085,3819,0.04956275,-0.09744368,-0.14700642
Corrida completa,ow,pol,3433,1611,-0.08064694,0.07857843,0.15922537
Corrida completa,Velvet,fairy,7670,1827,-0.040742524,0.11846808,0.1592106
Corrida completa,been,overcome,1127,7477,0.022761928,0.086571455,0.06380953
Corrida completa,costume,wall,4044,1502,-0.10294501,0.11870987,0.22165488
Corrida completa,microphone,monkeys,3980,4114,-0.011334555,0.15337837,0.16471292
Corrida completa,envel,er,3331,3528,-0.06458606,0.15702659,0.22161265
Corrida completa,battle,wonders,7462,5751,0.07437202,-0.011512013,-0.085884035
Corrida completa,Bl,wrinkled,2778,7876,0.010069266,-0.10427165,-0.11434092
Corrida completa,ladyb,shady,5690,7626,0.08290091,-0.025600484,-0.1085014
Corrida completa,chef,library,5767,3608,-0.02987143,0.16660245,0.19647388
Corrida completa,Bow,spilled,7684,3519,0.03317648,-0.09950962,-0.13268611
Corrida completa,creek,stat,4579,3484,0.021545323,0.059731912,0.038186587
Corrida completa,g,rug,290,3596,0.021571778,-0.1350142,-0.15658599
Corrida completa,da,sett,5985,3621,-0.05374346,0.25453874,0.3082822
Corrida completa,sled,west,7303,5816,0.025742564,0.24361823,0.21787567
Corrida completa,continued,prepare,1485,4834,-0.04498051,0.059341207,0.10432172
Corrida completa,mystery,peeking,4456,6162,-0.008976785,0.025545716,0.0345225
Corrida completa,poor,resp,2652,2035,0.1314108,0.087470606,-0.0439402
Corrida completa,olive,reach,5046,1712,-0.0026825443,0.049192667,0.05187521
Corrida completa,microsc,protect,4367,2228,-0.07099548,-0.041537926,0.029457554
Corrida completa,blink,chicken,6012,3029,0.00966597,0.0070653856,-0.0026005842
Corrida completa,clear,shows,2908,2959,-0.025124636,0.06594287,0.09106751
Corrida completa,forgetting,sear,6794,1590,0.05381968,-0.0958167,-0.14963639
Corrida completa,bitter,cooking,3141,3569,-0.044983223,0.1858969,0.23088013
Corrida completa,pizz,safe,2540,895,0.030201703,0.102622434,0.07242073
Corrida completa,difference,shower,5102,4450,0.016799353,0.15169849,0.13489914
Corrida completa,lucky,zookeeper,2120,5966,-0.18381754,-0.11679022,0.067027315
Corrida completa,between,charming,4300,3667,-0.094754085,-0.12221442,-0.027460337
Corrida completa,He,matched,314,5972,-0.030726697,-0.031255685,-0.0005289875
Corrida completa,nicely,roaring,3418,5847,-0.08521942,0.0755473,0.16076672
Corrida completa,closet,conflict,2729,7424,-0.049636703,0.13971338,0.18935008
Corrida completa,Frank,firefighter,5729,6928,0.044392366,0.12951034,0.08511798
Corrida completa,accomplishment,spins,6972,7127,-0.05982383,0.04134901,0.101172835
Corrida completa,forgi,stack,5843,3807,-0.12947994,-0.029298069,0.10018188
Corrida completa,gardens,spend,8019,2679,-0.082197495,-0.042266026,0.03993147
Corrida completa,cleaning,familiar,3194,6987,-0.0929371,0.055877432,0.14881453
Corrida completa,pilot,satisfied,4021,5606,0.039006874,-0.028971195,-0.06797807
Corrida completa,Big,chips,5707,6074,0.10272905,-0.11804618,-0.22077523
Corrida completa,doggy,nests,5297,8063,-0.043974012,-0.10066317,-0.056689158
Corrida completa,del,gust,1033,5090,0.04609772,0.07864736,0.032549642
Corrida completa,puzz,stad,2255,4973,0.12166309,0.12989914,0.008236051
Corrida completa,Billy,cheap,1536,3350,-0.0317733,-0.038237642,-0.0064643435
Corrida completa,fix,skill,1287,4212,0.065101005,0.031063655,-0.03403735
Corrida completa,Max,effort,704,5274,-0.05823049,-0.051113036,0.007117454
Corrida completa,gu,langu,1683,4209,-0.008195526,0.17209603,0.18029155
Corrida completa,burying,hello,7326,2067,0.014326023,-0.042528868,-0.05685489
Corrida completa,Rabbit,shrunk,6414,7772,0.01919299,-0.0051877853,-0.024380775
Corrida completa,amazing,couple,1511,6763,-0.14343676,0.04613273,0.18956949
Corrida completa,doing,tunnel,1399,3307,-0.025255075,0.026977153,0.05223223
Corrida completa,bananas,dared,4412,6218,-0.041894857,-0.105555594,-0.06366074
Corrida completa,reind,weal,4123,3118,0.10315584,0.060863014,-0.042292822
Corrida completa,captain,story,4980,1234,-0.056231692,0.07446353,0.13069522
Corrida completa,collect,gem,2090,3192,0.03938536,0.051431585,0.012046225
Corrida completa,exactly,remember,5638,1063,0.038101416,0.16295174,0.12485032
Corrida completa,sec,vis,1664,1514,0.0041097957,0.21731222,0.21320242
Corrida completa,glowed,spray,5112,2384,-0.037182745,-0.00618382,0.030998925
Corrida completa,cash,kids,6141,1298,0.061493017,-0.049935162,-0.11142818
Corrida completa,Pat,courage,3752,3688,-0.01944007,0.123065494,0.14250556
Corrida completa,distant,meeting,3851,4538,0.03578284,0.06884381,0.03306097
Corrida completa,impat,situ,3655,5566,0.10633231,0.21587795,0.10954564
Corrida completa,acting,suggested,6971,3229,0.020939065,0.024986701,0.004047636
Corrida completa,church,string,4656,2453,-0.004560847,0.09220188,0.09676273
Corrida completa,Jess,birds,4716,1204,-0.12967956,0.016058112,0.14573768
Corrida completa,news,value,4610,3806,0.0045701265,0.107911274,0.10334115
Corrida completa,Hoot,Robbie,6681,7041,0.12627041,0.24421158,0.11794117
Corrida completa,dropping,raising,7017,8020,0.025183752,0.3244599,0.29927617
Corrida completa,is,peanuts,415,5271,0.10155514,-0.045818735,-0.14737387
Corrida completa,succeed,sung,3906,4535,-0.018517464,0.14167069,0.16018815
Corrida completa,bulb,sy,4285,7223,0.15028803,0.042247627,-0.10804041
Corrida completa,Froggy,Stop,7744,5943,-0.07075301,-0.15006438,-0.07931137
Corrida completa,breathing,pan,7668,2364,0.122392476,0.06800116,-0.054391317
Corrida completa,strang,volcano,5281,3716,0.0514081,-0.059811525,-0.11121963
Corrida completa,chips,guest,6074,5844,-0.008112647,0.071999505,0.08011215
Corrida completa,solved,wagging,5043,5807,0.06688245,0.19158283,0.12470038
Corrida completa,weeds,zero,7849,5252,-0.052092135,0.017135238,0.069227375
Corrida completa,cra,different,1350,1147,0.06373347,0.0048616556,-0.058871817
Corrida completa,everywhere,whole,1729,2199,-0.048013207,-0.013136255,0.03487695
Corrida completa,seaweed,vehicle,7035,5021,-0.078487776,0.033877626,0.1123654
Corrida completa,chocolates,squirrels,7664,4552,0.03467815,0.23146194,0.1967838
Corrida completa,chosen,sausage,7078,5101,0.03794028,-0.00616437,-0.04410465
Corrida completa,guests,insect,7022,4612,0.07753962,0.18170795,0.104168326
Corrida completa,better,meeting,815,4538,-0.051073562,0.013915513,0.064989075
Corrida completa,days,figured,2066,5788,-0.0063972473,-0.04865033,-0.042253084
Corrida completa,dolphins,twirling,5962,5663,0.010109955,0.048349567,0.038239613
Corrida completa,With,squeezing,2202,7807,0.044214614,0.07586147,0.031646855
Corrida completa,loo,sna,428,2619,0.09006736,0.21206361,0.121996254
Corrida completa,doggy,language,5297,4462,-0.0392932,0.030388579,0.06968178
Corrida completa,go,heads,437,4410,0.02896918,0.013538136,-0.015431044
Corrida completa,cord,tidying,3981,8104,-0.017001081,-0.07682202,-0.05982094
Corrida completa,obey,tunnel,5448,3307,0.056095175,-0.02163953,-0.07773471
Corrida completa,jug,story,3553,1234,0.0011370685,0.094016366,0.092879295
Corrida completa,moving,surface,2835,5871,-0.059911832,-0.0024402551,0.057471577
Corrida completa,bars,em,6426,1687,-0.025953058,-0.019896226,0.006056832
Corrida completa,doctors,selling,5728,5393,0.059665594,-0.05633699,-0.11600259
Corrida completa,crashing,pointy,7193,6758,-0.098059446,0.06737505,0.1654345
Corrida completa,Everywhere,squirrels,2385,4552,0.05235275,-0.06311884,-0.11547159
Corrida completa,gross,laugh,6977,1418,-0.013771594,0.13032761,0.1440992
Corrida completa,farm,silly,2006,1645,-0.007732928,0.0385279,0.046260826
Corrida completa,being,newfound,1025,7474,-0.0120226815,0.04604277,0.05806545
Corrida completa,joke,logs,2859,6504,-0.018673271,0.09318219,0.11185546
Corrida completa,Fido,wiggle,6822,7004,-0.025184404,-0.03893959,-0.013755187
Corrida completa,bits,cushions,7527,7160,-2.9228628e-05,0.12961087,0.1296401
Corrida completa,James,helmets,4867,6857,-0.060414262,0.034925614,0.09533988
Corrida completa,kissed,owned,2766,5640,-0.034590717,0.08705248,0.1216432
Corrida completa,nine,succeeded,7203,5515,0.029855695,-0.012399036,-0.04225473
Corrida completa,darkness,onions,6231,6701,-0.04306241,0.13023426,0.17329666
Corrida completa,envel,swims,3331,5445,0.052036364,0.03138815,-0.020648215
Corrida completa,ice,onward,1423,7249,0.031197025,-0.008881869,-0.040078893
Corrida completa,marched,quarrel,4117,4351,0.02557991,-0.025549963,-0.051129874
Corrida completa,logs,players,6504,6842,-0.047732227,0.19775641,0.24548864
Corrida completa,hurric,mistake,5329,2786,-0.074085645,-0.09444425,-0.020358607
Corrida completa,ga,politely,4955,7460,-0.033868015,-0.039875247,-0.006007232
Corrida completa,forehead,moral,6297,1686,-0.030549964,-0.07369024,-0.043140277
Corrida completa,petals,wiggly,4337,7743,-0.04492876,0.09000334,0.1349321
Corrida completa,massage,particular,5199,6180,0.042962037,-0.016022125,-0.05898416
Corrida completa,consequ,tongue,6729,5032,-0.032390974,-0.10857976,-0.07618879
Corrida completa,backwards,elev,6943,3896,-0.08644161,-0.031910203,0.054531403
Corrida completa,lesson,relief,1364,6048,0.07049382,0.23763257,0.16713876
Corrida completa,butterfly,tiny,1412,1928,0.0047522327,0.06480606,0.060053825
Corrida completa,adults,wet,7229,1557,0.07818201,-0.05734013,-0.13552214
Corrida completa,adventurous,situation,2919,5952,-0.02566182,0.022070207,0.047732025
Corrida completa,An,knew,5639,697,-0.09469405,-0.08629332,0.008400731
Corrida completa,sweat,tar,7935,7619,0.044188958,0.09525535,0.051066395
Corrida completa,anywhere,wheel,3685,2819,0.10231878,0.056122348,-0.04619643
Corrida completa,envious,radio,3790,4015,0.109500386,-0.016792025,-0.12629241
Corrida completa,Stella,insp,7159,6515,0.03979574,-0.12396361,-0.16375935
Corrida completa,ropes,surprised,6841,1401,0.08237625,0.09465287,0.01227662
Corrida completa,en,glitter,739,5497,0.05956132,0.05485236,-0.0047089607
Corrida completa,J,hall,471,3990,0.18662897,-0.047064442,-0.2336934
Corrida completa,in,mor,317,1125,0.019424304,-0.03679607,-0.056220375
Corrida completa,activities,at,6128,452,-0.032634962,-0.1430573,-0.11042234
Corrida completa,firefighter,grate,6928,1699,-0.0006516911,-0.040471338,-0.039819647
Corrida completa,flood,sat,5207,1385,-0.06564355,-0.13972986,-0.07408631
Corrida completa,onward,popular,7249,3467,-0.01553911,0.08132456,0.09686367
Corrida completa,Millie,admire,4182,3776,-0.0042041037,-0.054360975,-0.05015687
Corrida completa,animal,quickly,807,1101,0.015760988,0.040207393,0.024446405
Corrida completa,Pip,loc,5708,8093,-0.09928481,0.009406441,0.10869125
Corrida completa,eager,plan,2907,1637,0.03534312,0.34406292,0.3087198
Corrida completa,Mon,flood,6465,5207,-0.026714867,-0.07807299,-0.05135812
Corrida completa,brightly,goose,3275,3326,0.041754514,-0.0063690655,-0.04812358
Corrida completa,Billy,blood,1536,5041,0.037897218,0.07817182,0.0402746
Corrida completa,soar,wagged,3848,2759,0.011710629,0.027479712,0.015769083
Corrida completa,holds,lunch,3671,1933,0.116520256,-0.06210217,-0.17862242
Corrida completa,beloved,months,6730,7363,-0.011932224,-0.07823757,-0.06630535
Corrida completa,leash,works,3914,5350,0.086895764,0.10019916,0.013303399
Corrida completa,ok,starfish,2811,6852,0.043001216,0.09785578,0.05485456
Corrida completa,blow,boxes,2604,2982,-0.038693912,-0.05181623,-0.013122316
Corrida completa,gentle,napkins,1859,6936,-0.014691802,0.046481572,0.061173372
Corrida completa,avocados,talks,6833,7132,-0.028475791,0.0778698,0.106345594
Corrida completa,Clara,wouldn,4841,1771,0.081908554,-0.03604261,-0.11795116
Corrida completa,Thank,su,2043,1978,-0.00598883,0.012987747,0.018976577
Corrida completa,exch,hunt,7982,3039,-0.026572775,0.032395355,0.05896813
Corrida completa,four,untie,3104,7596,0.02726949,0.093505934,0.066236444
Corrida completa,Fo,gratitude,5134,8126,0.02616363,-0.014900409,-0.04106404
Corrida completa,Car,seek,5831,2683,0.0059751105,0.015278935,0.009303825
Corrida completa,respected,wiped,7135,3392,-0.012364797,0.19825873,0.21062353
Corrida completa,bean,postman,3399,7059,0.027726822,0.119487636,0.091760814
Corrida completa,hi,move,6380,1408,0.014050774,0.116819926,0.10276915
Corrida completa,burying,cheer,7326,2212,0.013852025,-0.04812569,-0.061977718
Corrida completa,pear,teaches,4688,6356,-0.009344678,-0.13570757,-0.12636289
Corrida completa,felt,outdoors,508,5764,-0.045567397,-0.0800695,-0.0345021
Corrida completa,blast,shopping,7052,5391,0.14434269,-0.011823879,-0.15616657
Corrida completa,Ted,closer,4793,1143,0.02814205,0.029346708,0.0012046583
Corrida completa,chair,spider,1873,2315,0.07111442,0.24728459,0.17617017
Corrida completa,ruining,sor,6946,713,-0.076660834,0.010999208,0.087660044
Corrida completa,Snuggles,skill,7073,4212,0.11080286,0.1419523,0.031149447
Corrida completa,glove,return,4243,2069,0.04580291,0.124475025,0.07867211
Corrida completa,helmets,sunf,6857,3336,-0.018171355,-0.093360215,-0.07518886
Corrida completa,Pam,beha,6740,5648,0.088954836,-0.031595044,-0.12054988
Corrida completa,mean,monsters,1114,5419,0.12874085,0.107237406,-0.021503441
Corrida completa,quest,valuable,2195,3238,-0.01047115,0.11885939,0.12933055
Corrida completa,emergen,er,5665,3528,-0.043218013,0.114621736,0.15783975
Corrida completa,fever,tire,6499,3768,-0.02970618,0.12530176,0.15500794
Corrida completa,din,swooped,1362,6284,0.019286621,-0.029704813,-0.048991434
Corrida completa,belts,they,7409,362,0.017384112,-0.041561764,-0.058945876
Corrida completa,course,scales,1883,6116,0.121499956,0.02476488,-0.096735075
Corrida completa,melon,tw,3720,717,-0.0056505613,-0.21802807,-0.2123775
Corrida completa,guitar,weapon,3239,5158,0.08750099,0.3119349,0.2244339
Corrida completa,sweetie,visit,2864,1627,0.013556492,-0.011242157,-0.024798648
Corrida completa,lear,print,4040,3471,-0.0382425,0.05408232,0.09232482
Corrida completa,imp,ner,912,2633,0.04238552,0.32535496,0.28296944
Corrida completa,reassured,ribbons,7781,6163,0.1331799,0.032140426,-0.10103948
Corrida completa,Will,unknown,4371,3367,-0.05874532,-0.12443283,-0.06568751
Corrida completa,dra,twigs,978,5362,0.05609687,-0.035601165,-0.091698036
Corrida completa,bush,mar,2182,1540,0.019529318,-0.025450071,-0.04497939
Corrida completa,carpet,prettier,3814,6980,-0.0116018485,0.023101455,0.034703303
Corrida completa,peanuts,sk,5271,725,0.08129686,-0.096325144,-0.177622
Corrida completa,attach,sometimes,4505,1561,0.039115004,-0.0054250387,-0.044540044
Corrida completa,form,target,8090,7784,0.008050466,0.13261093,0.12456047
Corrida completa,aim,comfy,7620,5164,0.07414354,-0.066516146,-0.14065969
Corrida completa,circ,loops,2605,7608,-0.0031574406,0.008911798,0.012069238
Corrida completa,at,choice,452,4595,0.009925634,-0.12476297,-0.1346886
Corrida completa,charac,exact,7128,5543,-0.016040813,0.015178721,0.031219535
Corrida completa,bow,tires,1393,7605,-0.0007402622,0.065496735,0.066236995
Corrida completa,prepare,wor,4834,538,-0.0013171583,-0.022552416,-0.021235257
Corrida completa,gra,weight,652,5398,0.028300963,0.03619144,0.007890478
Corrida completa,hurt,kindly,894,5418,0.042670198,-0.0014334172,-0.044103615
Corrida completa,blueber,cheese,3610,2146,0.08554701,0.057187878,-0.02835913
Corrida completa,Luna,yacht,5167,4172,-0.12516361,0.03880267,0.16396628
Corrida completa,squeaked,ur,7697,3982,-0.05288865,-0.0050873775,0.04780127
Corrida completa,decl,terri,7793,3228,0.09837545,0.37853998,0.28016454
Corrida completa,coach,spread,7591,2383,-0.10679135,-0.05510442,0.051686928
Corrida completa,didn,large,649,2376,-0.016906153,-0.036654145,-0.019747991
Corrida completa,learning,rains,3046,7526,0.016821928,0.17972735,0.16290542
Corrida completa,trouble,using,2169,3136,0.064098746,-0.047490615,-0.11158936
Corrida completa,beds,strawber,5492,3080,0.07789405,0.01671049,-0.061183557
Corrida completa,boss,claps,2820,5890,0.039317932,0.13478372,0.09546578
Corrida completa,Remember,tugged,6904,5660,-0.07632786,0.017783262,0.09411112
Corrida completa,delayed,once,7910,2906,-0.019845247,0.003003452,0.0228487
Corrida completa,Robert,breathe,6953,5056,0.005353667,-0.04317225,-0.04852592
Corrida completa,smaller,trash,3243,3785,0.0006400449,0.086135626,0.08549558
Corrida completa,hor,shopkeeper,2114,4081,-0.042143304,-0.14561033,-0.10346703
Corrida completa,rocket,showed,2431,1085,0.036080554,-0.112776905,-0.14885746
Corrida completa,digging,reminding,4984,7691,-0.018547548,-0.030821249,-0.012273701
Corrida completa,provided,win,6376,1778,-0.10151912,-0.03503939,0.06647973
Corrida completa,attract,treated,3659,7923,0.09791213,0.0737132,-0.024198934
Corrida completa,frame,sending,3979,7305,-0.109879225,-0.11988105,-0.010001823
Corrida completa,Red,reply,4091,6412,0.04276183,0.04698588,0.004224051
Corrida completa,mineral,story,5355,1234,-0.053385135,0.13305952,0.18644466
Corrida completa,mush,raind,3811,6332,0.06753757,0.1865696,0.11903203
Corrida completa,beetle,startled,3361,6191,0.06845322,0.019517995,-0.048935227
Corrida completa,club,dark,3876,1378,0.050422765,-0.00046120211,-0.050883967
Corrida completa,discussed,swe,6600,3210,0.06527042,0.08537406,0.02010364
Corrida completa,Dave,shield,3384,3626,0.02685744,0.1322309,0.10537346
Corrida completa,armchair,message,4335,3968,0.028329935,0.17692287,0.14859293
Corrida completa,barked,suits,2429,7374,0.089568704,0.061399005,-0.028169699
Corrida completa,neigh,taste,1823,2448,-0.030353393,0.03767592,0.068029314
Corrida completa,Did,actually,5849,5179,0.07603294,-0.012559064,-0.088592
Corrida completa,log,rather,3086,7885,-0.07995934,-0.08946976,-0.00951042
Corrida completa,older,stopping,3882,7525,0.03973759,0.009655079,-0.03008251
Corrida completa,precious,safari,5446,5169,0.04626853,0.07022942,0.023960888
Corrida completa,Rose,seats,3289,5379,0.058345545,0.017533697,-0.040811848
Corrida completa,cone,wood,3339,1376,-0.018656977,0.16364193,0.1822989
Corrida completa,aff,seal,6389,3757,-0.043861482,-0.08358755,-0.039726067
Corrida completa,Sam,turned,686,1544,0.005846396,-0.10476384,-0.11061024
Corrida completa,brick,rose,5312,3573,0.023232069,0.21968876,0.19645669
Corrida completa,dug,ke,3695,647,-0.079467826,-0.04460535,0.034862477
Corrida completa,fant,toug,7332,2969,-0.0175669,0.097749844,0.11531675
Corrida completa,Molly,clapping,1766,3900,-0.025866542,-0.042365186,-0.016498644
Corrida completa,days,noise,2066,979,0.06729527,0.14031039,0.07301512
Corrida completa,Rabbit,horn,6414,2937,0.03414039,0.113104,0.07896361
Corrida completa,billboard,middle,5314,2745,0.009796761,0.08795388,0.07815712
Corrida completa,gr,tire,654,3768,-0.08942364,-0.23728389,-0.14786024
Corrida completa,may,medic,3741,2761,-0.028740311,0.14889707,0.17763738
Corrida completa,lady,rest,1272,1242,-0.0053837,-0.024565749,-0.019182049
Corrida completa,beamed,human,4889,3804,-0.024511434,0.037956294,0.062467728
Corrida completa,Water,cell,6488,4685,0.018962286,0.09966272,0.080700435
Corrida completa,luxury,toil,5978,4421,-0.05666131,-0.05157931,0.005082
Corrida completa,aside,surface,7393,5871,0.06097968,0.1799826,0.11900292
Corrida completa,Lucky,barely,5733,5656,0.05766229,0.020712622,-0.036949668
Corrida completa,draws,starts,5965,3868,0.005320337,0.114123814,0.10880347
Corrida completa,Louise,on,7291,346,-0.09446539,-0.100369245,-0.005903855
Corrida completa,ignored,selling,4492,5393,-0.057337113,0.040968105,0.09830522
Corrida completa,charming,pays,3667,7372,-0.031122288,-0.12023328,-0.08911099
Corrida completa,grown,takes,3045,2074,-0.009726625,-0.049164154,-0.03943753
Corrida completa,hiding,luxury,2382,5978,-0.03998793,0.083037525,0.123025455
Corrida completa,following,ro,4839,522,-0.048644185,-0.0074884854,0.0411557
Corrida completa,hours,whist,2509,2033,-0.055178203,-0.12621732,-0.07103912
Corrida completa,P,fast,953,850,-0.10259384,-0.051193476,0.051400363
Corrida completa,Hallow,inf,7716,4523,-0.001568377,0.06756553,0.06913391
Corrida completa,gesture,insist,7783,4185,-0.01698907,0.07928265,0.09627172
Corrida completa,patterns,stones,5219,2804,0.032427937,0.21981442,0.18738648
Corrida completa,Cle,blocked,7724,7459,-0.026882969,0.052725814,0.07960878
Corrida completa,drew,might,2598,1466,-0.04642119,-0.033598214,0.0128229745
Corrida completa,drinks,pretends,5426,6343,-0.10808675,0.032992836,0.14107959
Corrida completa,beet,break,3246,1519,-0.1123253,-0.035857774,0.07646753
Corrida completa,Olive,tall,6911,1403,-0.023585137,-0.03496571,-0.011380572
Corrida completa,prints,reunited,5971,7468,-0.1251575,0.012684869,0.13784237
Corrida completa,Friends,bur,7143,4290,0.0026480164,-0.05026758,-0.052915595
Corrida completa,sight,street,2762,1966,0.00650551,0.08471068,0.07820517
Corrida completa,listening,travelled,4041,6646,-0.009755197,0.10756681,0.117322005
Corrida completa,rot,tor,4332,3617,0.055335857,0.023907343,-0.031428516
Corrida completa,ann,unpacked,5908,6388,-0.0752813,-0.16693811,-0.09165681
Corrida completa,Did,card,5849,2322,-0.049265373,-0.14419895,-0.094933584
Corrida completa,parked,stopped,5680,1032,0.08993724,0.16503626,0.07509902
Corrida completa,hopping,ignorant,2732,3692,0.01805486,0.031421468,0.013366608
Corrida completa,breathing,skirt,7668,4443,-0.03920095,0.057601742,0.0968027
Corrida completa,gracefully,spike,6744,6072,-0.033714928,0.18637678,0.2200917
Corrida completa,scoop,welcome,5527,1895,-0.03243015,-0.0121787675,0.020251382
Corrida completa,decorated,fireworks,5642,5238,-0.06301087,-0.006924279,0.056086592
Corrida completa,parents,prin,1305,1260,-0.10376717,-0.010839708,0.09292746
Corrida completa,beehive,mommy,8037,658,-0.005842693,0.13397793,0.13982064
Corrida completa,N,possible,1141,5334,0.08990201,-0.011283326,-0.10118534
Corrida completa,open,somewhere,1182,3983,0.0319093,-0.02758925,-0.05949855
Corrida completa,floor,mirror,1389,2905,-0.018499177,0.20320037,0.22169955
Corrida completa,heartbroken,known,7602,4606,0.07778719,-0.010882923,-0.08867011
Corrida completa,eas,frustrated,2127,2591,0.0127894245,-0.06399143,-0.076780856
Corrida completa,family,game,910,1256,0.11758515,0.15938792,0.041802764
Corrida completa,neighbor,tricks,2254,4153,-0.11086815,-0.015070088,0.09579806
Corrida completa,Po,warri,6637,6903,-0.009722883,0.18374695,0.19346984
Corrida completa,beetle,tongue,3361,5032,-0.06141645,0.07297571,0.13439216
Corrida completa,Despite,dreams,8016,3107,-0.042853724,-0.0747911,-0.03193738
Corrida completa,ele,raindrops,1735,6402,0.008758672,0.034550093,0.025791422
Corrida completa,beyond,loops,6516,7608,0.0020867959,-0.10964683,-0.11173362
Corrida completa,jewels,resp,5063,2035,0.063587755,-0.04634224,-0.109929994
Corrida completa,beaming,finishing,8034,7231,-0.11399095,-0.019843632,0.09414732
Corrida completa,less,n,1265,295,-0.01454654,0.10693183,0.121478364
Corrida completa,Are,streets,4016,7157,0.0048762243,-0.18999436,-0.19487059
Corrida completa,colourful,smells,2867,4341,0.18294655,-0.07758826,-0.26053482
Corrida completa,healthy,splashing,2165,4666,-0.05273076,0.117079966,0.16981073
Corrida completa,house,wag,721,7294,0.03114222,-0.007867404,-0.039009623
Corrida completa,barrel,finds,4002,4176,-0.023871973,-0.076080605,-0.052208632
Corrida completa,av,order,2524,3520,0.051453173,-0.026028484,-0.07748166
Corrida completa,contro,potatoes,5739,5468,0.019854631,-0.10973774,-0.12959237
Corrida completa,lay,sunshine,2240,2046,0.061749045,0.048690334,-0.013058711
Corrida completa,br,purpose,525,8026,0.0059720483,-0.05717262,-0.06314467
Corrida completa,gone,iron,1467,4160,-0.06722405,0.0021156818,0.06933973
Corrida completa,swollen,tickle,8038,5899,-0.048137173,-0.007694179,0.040442996
Corrida completa,accidents,purp,5603,1988,0.031151727,0.03677615,0.0056244247
Corrida completa,factor,these,4643,2656,-0.12338363,0.009850632,0.13323426
Corrida completa,nibb,tangled,7152,6723,-0.06508542,0.103135176,0.1682206
Corrida completa,fasc,math,5146,3679,-0.0049425177,-0.0073097376,-0.00236722
Corrida completa,heading,pleased,6872,2681,-0.097820155,0.08407514,0.18189529
Corrida completa,ache,big,7092,404,-0.1738334,-0.09483667,0.07899673
Corrida completa,Satur,independ,8191,3191,0.016343087,0.2220697,0.20572661
Corrida completa,accomplish,cooked,6424,3800,-0.029305752,0.096022144,0.1253279
Corrida completa,straw,upset,2942,1896,0.043022566,0.055453163,0.012430597
Corrida completa,Daisy,Those,1488,7130,0.017688062,-0.108949706,-0.12663777
Corrida completa,Grandpa,tre,3818,544,0.07090727,-0.04586039,-0.11676766
Corrida completa,Rex,situ,2791,5566,0.037178222,-0.041810468,-0.078988686
Corrida completa,golden,strings,4355,5820,-0.05368704,-0.05088749,0.0027995482
Corrida completa,Kayla,machines,6731,5955,-0.14290062,-0.022848383,0.12005223
Corrida completa,Hallow,Ruby,7716,5023,0.025218552,0.05711714,0.031898588
Corrida completa,both,oper,902,5162,-0.020827573,-0.06751176,-0.046684187
Corrida completa,lawy,ran,4398,555,0.006282239,0.0024557104,-0.0038265288
Corrida completa,fauc,trick,4409,3709,0.045884475,-0.04561042,-0.091494896
Corrida completa,broom,fauc,6075,4409,0.004677846,-0.04689017,-0.051568016
Corrida completa,beeped,menu,8172,5389,0.10613716,0.09746388,-0.008673273
Corrida completa,spirit,suffered,4125,7264,-0.080299474,-0.0034553315,0.07684414
Corrida completa,Dolly,block,6635,1233,-0.03631174,0.0041598883,0.04047163
Corrida completa,Big,changed,5707,3292,-0.019249424,-0.01460715,0.004642274
Corrida completa,June,carrying,6883,3421,-0.030849924,-0.10937922,-0.07852929
Corrida completa,dollhouse,puzzle,6945,2603,0.033237074,0.28045177,0.2472147
Corrida completa,exc,slip,568,5424,-0.03400371,-0.014806157,0.019197552
Corrida completa,Splash,modest,7715,4005,0.017812874,-0.029863957,-0.04767683
Corrida completa,Water,lets,6488,5544,-0.023733534,0.056909658,0.08064319
Corrida completa,elev,noodles,3896,7218,-0.038476992,-0.062951535,-0.024474543
Corrida completa,baked,pepper,6088,3670,-0.059576824,-0.030961942,0.028614882
Corrida completa,disgust,froze,3654,6569,0.04188748,0.03161738,-0.0102701
Corrida completa,brought,letter,1574,2057,0.04587435,0.064244576,0.018370226
Corrida completa,chip,free,6538,1849,-0.0658947,-0.055897772,0.009996928
Corrida completa,Ashley,scratch,7380,5050,-0.076419376,0.02323382,0.0996532
Corrida completa,eye,gre,2853,769,-0.05769838,-0.09718094,-0.03948256
Corrida completa,fashion,frag,5495,3208,-0.12877883,-0.040487096,0.088291734
Corrida completa,incredible,pile,2913,2230,-0.0027531274,-0.06475215,-0.06199902
Corrida completa,flea,starting,4461,4000,0.0923682,-0.054474168,-0.14684236
Corrida completa,Please,bite,2536,1809,0.048356235,-0.056115467,-0.1044717
Corrida completa,re,slices,403,6539,-0.00263758,-0.12523034,-0.12259276
Corrida completa,trophy,wipe,3987,4677,0.04250634,0.033468224,-0.009038117
Corrida completa,gardens,magical,8019,1692,0.0008486402,0.05955415,0.05870551
Corrida completa,explore,helpers,957,6843,0.075225696,-0.03712374,-0.112349436
Corrida completa,okay,spent,1133,2273,0.008797936,-0.10249996,-0.1112979
Corrida completa,peel,roared,5546,3978,0.11950396,0.057017434,-0.062486526
Corrida completa,Her,Karen,852,7528,0.02218725,0.03799969,0.01581244
Corrida completa,cush,sil,3635,2928,-0.039947547,0.06772886,0.10767641
Corrida completa,against,slow,2984,1374,0.054534264,-0.06335613,-0.117890395
Corrida completa,laughed,message,854,3968,0.11278671,0.029588591,-0.083198115
Corrida completa,costumes,dragon,5516,1747,0.06491765,0.08916887,0.024251223
Corrida completa,families,sadly,6327,3681,0.047154013,0.08869811,0.0415441
Corrida completa,laundry,vet,4251,4383,-0.029172082,0.14179707,0.17096914
Corrida completa,from,slips,573,7344,-0.031025365,-0.1349419,-0.10391654
Corrida completa,calls,whatever,4877,5561,0.0327001,-0.024786755,-0.057486854
Corrida completa,golf,sewing,3913,7699,-0.0034491047,0.10758403,0.111033134
Corrida completa,bath,cent,1813,6063,0.048159964,-0.026761279,-0.07492124
Corrida completa,ordered,pasta,5346,3445,-0.09778345,-0.043791544,0.053991903
Corrida completa,across,stumble,1755,7719,-0.008883569,-0.0005093403,0.008374229
Corrida completa,mushroom,weak,3920,2723,0.031711824,0.037230924,0.0055190995
Corrida completa,low,sofa,3268,3780,0.004164964,0.1570698,0.15290484
Corrida completa,bent,stir,3561,2456,0.07947591,0.041399922,-0.038075987
Corrida completa,believing,ended,7557,4064,0.15839732,0.019033156,-0.13936415
Corrida completa,People,buying,5126,6300,0.054223962,-0.13271007,-0.18693402
Corrida completa,making,tidy,1282,2414,-0.009469157,0.0868248,0.096293956
Corrida completa,close,encou,1443,3611,0.12359629,0.06867099,-0.0549253
Corrida completa,No,plain,3044,7110,-0.054459423,-0.030834656,0.023624767
Corrida completa,des,harm,1960,3056,0.046456985,0.18575272,0.13929573
Corrida completa,amazement,early,4650,3560,0.10025462,0.11195783,0.011703216
Corrida completa,Mrs,prob,3121,7501,0.021979459,-0.022478377,-0.044457838
Corrida completa,cann,twirling,2422,5663,-0.01623343,-0.054370582,-0.038137153
Corrida completa,Max,stem,704,6312,-0.085551634,-0.012498913,0.07305272
Corrida completa,mechanic,truth,4210,3614,-0.047619823,0.15378454,0.20140436
Corrida completa,siren,thrilled,6035,5060,0.02771939,-0.044302408,-0.0720218
Corrida completa,kicks,seashells,6692,7581,0.025923267,-0.05407909,-0.08000235
Corrida completa,gaze,joking,6265,6621,0.027366206,0.08136127,0.053995065
Corrida completa,Q,city,6932,3101,-0.0029233918,-0.021000274,-0.018076882
Corrida completa,less,te,1265,872,-0.027065849,0.09467686,0.12174271
Corrida completa,gl,sighed,873,2700,-0.068330966,-0.10096161,-0.032630645
Corrida completa,fest,wanting,4994,5358,0.032536533,-0.1413492,-0.17388573
Corrida completa,magical,students,1692,7179,-0.044536985,-0.011444852,0.033092134
Corrida completa,baker,locked,6358,3405,-0.05787631,-0.03402721,0.0238491
Corrida completa,guitar,works,3239,5350,0.0074494854,0.09936528,0.09191579
Corrida completa,delivered,farther,6612,6165,0.04598396,-0.0441484,-0.090132356
Corrida completa,alone,sneaked,1616,5881,-0.040926997,0.053106613,0.094033614
Corrida completa,include,park,6153,566,-0.04296436,-0.09900606,-0.056041695
Corrida completa,left,nose,1422,2021,0.014655954,-0.06705784,-0.081713796
Corrida completa,cauliflower,fav,4090,1181,0.025227508,0.028287597,0.0030600894
Corrida completa,deep,fa,1607,537,-0.053859442,0.051204003,0.105063446
Corrida completa,honk,instruments,5833,7836,0.0979501,0.13134101,0.03339091
Corrida completa,marriage,poster,5853,7253,0.014907016,0.13532692,0.120419905
Corrida completa,mod,princesses,2978,6320,-0.062599726,0.014771774,0.0773715
Corrida completa,early,mattress,3560,4482,0.03529899,0.08246854,0.04716955
Corrida completa,chain,make,3915,551,-0.04856937,-0.13299689,-0.08442752
Corrida completa,bri,language,3816,4462,0.058515098,-0.1093455,-0.1678606
Corrida completa,drop,finger,2802,2731,0.044891052,-0.027407568,-0.072298616
Corrida completa,dragons,sides,5927,5903,0.022886164,0.11121039,0.08832423
Corrida completa,images,pretends,7770,6343,0.058748547,0.0858393,0.027090754
Corrida completa,Su,hor,4562,2114,-0.046840232,0.09966641,0.14650664
Corrida completa,This,add,1568,2803,0.0015082089,0.0031910613,0.0016828524
Corrida completa,stars,twisted,1912,5151,-0.0036689716,0.01859056,0.022259532
Corrida completa,Cla,shone,5548,3261,0.03501895,-0.032967567,-0.06798652
Corrida completa,interested,shops,6277,7095,-0.05073067,0.035434067,0.08616474
Corrida completa,buzzing,symbol,5074,3928,-0.063991174,0.008142546,0.07213372
Corrida completa,low,words,3268,1795,-0.09037572,0.03673487,0.1271106
Corrida completa,bits,teeth,7527,2409,-0.05639847,0.019052884,0.07545135
Corrida completa,myster,really,2200,1254,-0.11128299,-0.0037628375,0.10752015
Corrida completa,content,hen,2733,7333,-0.033371255,0.05233772,0.085708976
Corrida completa,Laura,kind,7592,820,-0.03762029,-0.020475209,0.017145082
Corrida completa,books,refused,1477,3512,-0.12199573,-0.049321294,0.07267444
Corrida completa,milk,symbols,2133,7161,-0.071989655,0.13070217,0.20269182
Corrida completa,cane,vet,4353,4383,0.026518513,0.19762443,0.17110592
Corrida completa,confident,led,5860,3710,-0.0076716044,-0.10350182,-0.09583022
Corrida completa,Nan,teach,7894,2350,-0.006107118,-0.080831036,-0.074723914
Corrida completa,agrees,folder,6432,4621,0.04704994,0.12137675,0.07432681
Corrida completa,Friend,neither,6595,7029,-0.01094143,0.0397902,0.05073163
Corrida completa,butterf,langu,1295,4209,0.053945784,-0.03663513,-0.09058091
Corrida completa,design,grateful,3220,1716,-0.029927976,0.063076496,0.09300447
Corrida completa,loud,shell,867,2098,-0.058304667,-0.04633131,0.011973359
Corrida completa,above,pastel,3153,5327,-0.048573505,-0.08597672,-0.037403215
Corrida completa,bread,pigs,2163,5264,-0.111693345,0.16446078,0.27615413
Corrida completa,beloved,brick,6730,5312,-0.016349161,0.026580725,0.042929888
Corrida completa,managed,view,2971,3327,-0.101417996,-0.07383014,0.027587853
Corrida completa,hid,pepper,1447,3670,0.018111503,-0.03649457,-0.054606073
