tipo_corrida,palabra_a,palabra_b,id_a,id_b,coseno_inicial,coseno_entrenado,delta
SMOKE · validación técnica,manners,teaching,7922,5042,0.016354855,0.02757202,0.011217166
SMOKE · validación técnica,bowed,robb,5528,6521,-0.02834523,-0.020167798,0.008177431
SMOKE · validación técnica,luxury,tuck,5978,7222,-0.017601226,-0.020359868,-0.0027586427
SMOKE · validación técnica,foods,village,5688,2393,-0.10280076,-0.107145324,-0.0043445677
SMOKE · validación técnica,dangers,tapped,7801,7436,-0.023553718,-0.0327349,-0.009181183
SMOKE · validación técnica,against,hoped,2984,1853,0.057718556,0.103272915,0.04555436
SMOKE · validación técnica,Mickey,bro,7051,1076,-0.041511327,-0.042931892,-0.001420565
SMOKE · validación técnica,believing,ending,7557,3386,0.0056923,-0.006447246,-0.012139546
SMOKE · validación técnica,crept,ju,5401,1535,0.1222072,0.16592014,0.043712936
SMOKE · validación técnica,mind,tip,2297,5586,-0.0100392,0.007741968,0.017781168
SMOKE · validación técnica,Be,clever,2705,2197,0.049313262,0.040491853,-0.008821409
SMOKE · validación técnica,cheerful,let,3062,915,0.028371448,-0.017895501,-0.04626695
SMOKE · validación técnica,slowly,throughout,1677,7016,0.035249397,0.038833104,0.003583707
SMOKE · validación técnica,babies,giggle,5868,3888,0.05355435,0.06906986,0.015515514
SMOKE · validación técnica,Sophie,edges,4279,7194,0.058979094,0.05925548,0.00027638674
SMOKE · validación técnica,football,shake,3897,3009,0.0045566186,0.013290528,0.00873391
SMOKE · validación técnica,emp,hurt,2423,894,-0.021505866,0.008255816,0.029761683
SMOKE · validación técnica,El,conqu,6736,7567,0.08114681,0.086257026,0.005110219
SMOKE · validación técnica,Max,thought,704,680,0.01305755,-0.005399257,-0.018456807
SMOKE · validación técnica,Emily,holds,2308,3671,-0.09318941,-0.06568055,0.027508862
SMOKE · validación técnica,fruits,steer,2821,6507,-0.017886396,-0.041861594,-0.023975197
SMOKE · validación técnica,homes,tricked,4993,6458,0.02035812,0.029910354,0.009552235
SMOKE · validación técnica,Jake,three,2468,1178,0.02303053,0.012288455,-0.010742076
SMOKE · validación técnica,All,spaceship,1680,5568,0.04867305,0.0523556,0.00368255
SMOKE · validación técnica,destroy,shout,3750,1102,-0.023988992,-0.053377308,-0.029388316
SMOKE · validación técnica,highest,responsible,6014,5872,0.08073173,0.072250776,-0.008480951
SMOKE · validación técnica,Nutty,notice,5443,3247,0.044135008,0.05798965,0.0138546415
SMOKE · validación técnica,passports,reverse,7742,4883,-0.007823469,-0.008161351,-0.00033788197
SMOKE · validación técnica,wave,worn,2355,6996,0.04823631,0.04082136,-0.007414952
SMOKE · validación técnica,shining,someone,2166,1498,0.012345489,-0.00888177,-0.02122726
SMOKE · validación técnica,carried,excite,2539,2631,0.07314339,0.08585408,0.0127106905
SMOKE · validación técnica,Sque,hid,7126,1447,0.076419204,0.062331647,-0.014087558
SMOKE · validación técnica,Pippin,wigg,7536,4639,-0.03533973,-0.054330472,-0.01899074
SMOKE · validación técnica,family,sails,910,7116,0.04333589,0.011330005,-0.032005884
SMOKE · validación técnica,kne,wisdom,664,5415,-0.048503004,-0.047678553,0.00082445145
SMOKE · validación técnica,mum,situ,1250,5566,-0.015736375,-0.017948449,-0.0022120737
SMOKE · validación técnica,argum,shows,7861,2959,-0.035902254,-0.041561916,-0.005659662
SMOKE · validación técnica,all,remember,474,1063,-0.08831407,-0.06891472,0.019399352
SMOKE · validación técnica,certain,decorations,7311,5196,0.044194173,0.027090492,-0.017103681
SMOKE · validación técnica,glowed,parent,5112,4603,-0.010365691,-0.036804166,-0.026438475
SMOKE · validación técnica,really,would,1254,523,0.15394014,0.15020564,-0.0037344992
SMOKE · validación técnica,Fo,shel,5134,3438,0.012386367,0.012386393,2.6077032e-08
SMOKE · validación técnica,friend,future,414,5183,-0.023051746,6.768294e-05,0.02311943
SMOKE · validación técnica,dresses,examine,4869,5036,0.026771195,0.01925675,-0.007514445
SMOKE · validación técnica,organize,together,3977,563,0.15430453,0.15360816,-0.00069637597
SMOKE · validación técnica,Then,home,879,580,0.0021217517,0.048132904,0.046011154
SMOKE · validación técnica,bye,spraying,5678,5930,0.0068321787,0.0025241375,-0.004308041
SMOKE · validación técnica,drew,pir,2598,2690,-0.08507092,-0.12002801,-0.03495709
SMOKE · validación técnica,Ducky,solve,3172,3297,0.075318106,0.07740389,0.0020857826
SMOKE · validación técnica,chef,horiz,5767,6544,0.01859945,0.017892648,-0.00070680305
SMOKE · validación técnica,mast,such,6819,1685,-0.10055925,-0.11009066,-0.009531409
SMOKE · validación técnica,chalk,tries,4201,2371,0.11920157,0.0802491,-0.03895247
SMOKE · validación técnica,cuddles,sadder,7777,8181,0.037244916,0.006104553,-0.031140363
SMOKE · validación técnica,disgust,warn,3654,5311,0.014343236,0.015007828,0.0006645927
SMOKE · validación técnica,airpl,perched,4673,5378,-0.026579656,-0.030358419,-0.003778763
SMOKE · validación técnica,available,vehic,3934,4629,-0.065688014,-0.06580098,-0.0001129657
SMOKE · validación técnica,box,spear,783,4743,-0.07938394,-0.06385796,0.015525982
SMOKE · validación técnica,comple,helps,5458,3235,-0.020726308,-0.029249273,-0.008522965
SMOKE · validación técnica,Something,puppet,5771,7671,-0.094432876,-0.085970156,0.00846272
SMOKE · validación técnica,scarves,tem,6608,3702,-0.027933659,-0.027933715,-5.5879354e-08
SMOKE · validación técnica,determination,wept,6422,7026,0.13445325,0.12588978,-0.008563474
SMOKE · validación técnica,refu,sounded,6685,3143,0.0068013296,0.003456934,-0.0033443957
SMOKE · validación técnica,N,greedy,1141,4633,-0.116904154,-0.13065153,-0.013747379
SMOKE · validación técnica,amaz,prop,1059,4800,-0.053643517,-0.046916753,0.006726764
SMOKE · validación técnica,Ruby,bark,5023,2316,-0.07171979,-0.10103342,-0.029313631
SMOKE · validación técnica,curiosity,hay,5444,3338,-0.0044434713,0.0042363284,0.0086798
SMOKE · validación técnica,fis,skirt,2792,4443,-0.06600043,-0.08871387,-0.022713438
SMOKE · validación técnica,con,knowing,967,2519,-0.014259927,-0.018412992,-0.0041530654
SMOKE · validación técnica,decorations,shower,5196,4450,0.09809493,0.12374994,0.025655009
SMOKE · validación técnica,cher,chewed,3008,5306,-0.0835512,-0.08996589,-0.006414689
SMOKE · validación técnica,dolphins,repair,5962,4119,0.0030223057,-0.0099952,-0.013017505
SMOKE · validación técnica,always,asleep,650,2266,-0.018384505,-0.09660295,-0.078218445
SMOKE · validación técnica,pad,sofa,4128,3780,0.08346373,0.09499353,0.011529803
SMOKE · validación técnica,become,plan,2788,1637,0.031728506,-0.0012445152,-0.03297302
SMOKE · validación técnica,bin,wept,3999,7026,0.04390392,0.05064533,0.0067414083
SMOKE · validación técnica,dressing,net,7858,2452,0.081486106,0.08998928,0.008503176
SMOKE · validación técnica,brushing,law,7612,3252,-0.003163103,-0.0031588413,4.261732e-06
SMOKE · validación técnica,panic,passports,4921,7742,-0.020908412,-0.01567795,0.005230462
SMOKE · validación técnica,doctor,gems,1796,6494,0.091077305,0.09250575,0.0014284477
SMOKE · validación técnica,rings,sauce,6881,3329,0.008690748,-0.0005729757,-0.009263724
SMOKE · validación técnica,hon,hundred,2218,7918,-0.08929851,-0.08717759,0.0021209195
SMOKE · validación técnica,loaded,pizzas,5704,8132,0.008209433,0.021583838,0.013374405
SMOKE · validación técnica,available,beehive,3934,8037,-0.08879785,-0.0799599,0.008837953
SMOKE · validación técnica,queen,scary,2836,1516,0.0024090642,-0.041763216,-0.04417228
SMOKE · validación técnica,lab,rainbow,3330,1986,0.017730182,0.018577356,0.00084717385
SMOKE · validación técnica,blocked,rid,7459,2814,0.1409777,0.14164257,0.0006648749
SMOKE · validación técnica,fox,peeking,1648,6162,0.07976544,0.05759597,-0.02216947
SMOKE · validación técnica,mechanic,miner,4210,4659,0.13569339,0.13216199,-0.0035313964
SMOKE · validación técnica,Ella,rec,3257,2343,-0.055168696,-0.06439574,-0.009227045
SMOKE · validación técnica,quite,touches,3942,7183,0.01576456,0.0074419565,-0.008322604
SMOKE · validación técnica,jew,magnet,2592,3699,-0.15270093,-0.15478568,-0.002084747
SMOKE · validación técnica,curious,dep,1170,8085,0.084351115,0.06560741,-0.018743701
SMOKE · validación técnica,items,picnic,5485,2283,0.01791659,0.05217247,0.03425588
SMOKE · validación técnica,E,country,600,3953,0.023007954,0.0064718314,-0.016536122
SMOKE · validación técnica,bl,pipe,624,4112,0.011769637,-0.009688752,-0.02145839
SMOKE · validación técnica,oats,pushing,5387,3969,0.02357477,0.014922794,-0.008651976
SMOKE · validación técnica,apron,strang,4810,5281,-0.08504917,-0.08831537,-0.0032662004
SMOKE · validación técnica,co,whis,565,2510,-0.016705282,-0.0062399246,0.010465357
SMOKE · validación técnica,El,train,6736,1764,0.008419668,-0.020205932,-0.0286256
SMOKE · validación técnica,Karen,forgave,7528,4019,-0.1099203,-0.096847534,0.013072766
SMOKE · validación técnica,attach,camera,4505,3271,0.061668918,0.050650574,-0.011018343
SMOKE · validación técnica,visit,wealth,1627,7934,0.065005586,0.023844829,-0.041160755
SMOKE · validación técnica,ladder,pirate,2347,3474,-0.10496367,-0.1036701,0.0012935698
SMOKE · validación técnica,exploring,praying,1915,6983,0.015789928,0.015933752,0.00014382415
SMOKE · validación técnica,locked,minut,3405,2274,-0.00021961704,0.013982326,0.014201943
SMOKE · validación técnica,crossed,flexible,4630,3576,-0.0320386,-0.021224227,0.010814372
SMOKE · validación técnica,beeped,girls,8172,5132,0.06527889,0.06072355,-0.004555337
SMOKE · validación técnica,comfortable,shoulder,2627,4379,0.07433369,0.090266734,0.015933044
SMOKE · validación técnica,east,lamp,5809,2994,0.021799654,0.006102361,-0.015697293
SMOKE · validación técnica,colour,curtains,2365,6008,-0.05753612,-0.023515563,0.034020558
SMOKE · validación técnica,little,mermaid,396,7745,-0.0014557543,0.014950322,0.016406076
SMOKE · validación técnica,breathe,impat,5056,3655,-0.015049249,-0.0004889034,0.014560346
SMOKE · validación técnica,chefs,ty,7142,6337,0.002339568,0.015309531,0.012969963
SMOKE · validación técnica,request,work,4690,1091,0.07900915,0.09061523,0.011606075
SMOKE · validación técnica,follows,opinion,4858,6238,0.13877247,0.12299928,-0.015773192
SMOKE · validación técnica,shoo,sword,7652,2998,0.06869022,0.082082875,0.013392657
SMOKE · validación técnica,hardly,raining,4816,4154,-0.04676488,-0.050511762,-0.003746882
SMOKE · validación técnica,honey,obeyed,2192,8174,-0.0821995,-0.07383325,0.0083662495
SMOKE · validación técnica,characters,won,7996,1632,0.04719297,-0.00059955753,-0.047792524
SMOKE · validación técnica,chuck,oppos,6270,7916,-0.00651557,-0.0054603927,0.0010551773
SMOKE · validación técnica,She,circles,313,3054,-0.043660052,-0.054612298,-0.010952245
SMOKE · validación técnica,love,pirates,830,4521,0.11603364,0.17720729,0.061173648
SMOKE · validación técnica,tune,worked,5575,1337,0.026083266,0.06360357,0.037520304
SMOKE · validación técnica,excited,least,609,7086,-0.068583414,-0.09044558,-0.021862164
SMOKE · validación técnica,ingredients,stro,3530,4658,-0.033669814,-0.041202873,-0.0075330585
SMOKE · validación técnica,Emily,does,2308,1175,0.020029228,0.06572738,0.045698155
SMOKE · validación técnica,flas,indeed,6899,6642,-0.0037915646,0.0069109374,0.010702502
SMOKE · validación técnica,activ,questioned,5513,8108,0.0065134303,0.0067433836,0.00022995332
SMOKE · validación técnica,disagreed,owl,5363,1897,0.0031663477,0.026784092,0.023617744
SMOKE · validación técnica,starfish,washing,6852,4981,0.07213043,0.048045147,-0.02408528
SMOKE · validación técnica,Charlie,bathe,4747,5085,-0.11731341,-0.11624678,0.0010666251
SMOKE · validación técnica,battery,wobbly,4789,7255,0.06240438,0.06898104,0.0065766573
SMOKE · validación técnica,concert,sit,7837,1622,0.12311602,0.09872421,-0.024391808
SMOKE · validación técnica,Until,suggest,7037,2878,-0.015423346,-0.0163882,-0.0009648539
SMOKE · validación técnica,Kitty,send,2957,3706,-0.027136967,-0.063081995,-0.035945028
SMOKE · validación técnica,Un,forever,4460,2000,-0.022782698,-0.012591868,0.010190831
SMOKE · validación técnica,Daddy,ranch,1798,5177,0.09758471,0.12934646,0.03176175
SMOKE · validación técnica,solut,storm,5681,2138,0.02612758,0.05640584,0.030278258
SMOKE · validación técnica,Someone,parade,5470,3902,-0.08774685,-0.07981373,0.007933117
SMOKE · validación técnica,drinking,swollen,5168,8038,0.016846208,0.028769705,0.011923498
SMOKE · validación técnica,disturb,pair,3938,4116,0.020755455,0.016199762,-0.004555693
SMOKE · validación técnica,blinked,cheese,4740,2146,-0.07225239,-0.070332095,0.0019202977
SMOKE · validación técnica,teams,wagging,7993,5807,0.03273774,0.026135407,-0.006602332
SMOKE · validación técnica,hurts,sho,3073,1366,-0.07173787,-0.07850435,-0.0067664757
SMOKE · validación técnica,jew,small,2592,788,0.0046765395,-0.040570147,-0.045246687
SMOKE · validación técnica,Sue,crabs,1167,6210,-0.033713963,-0.060785007,-0.027071044
SMOKE · validación técnica,exp,scarf,1929,2749,-0.12433188,-0.12835467,-0.004022792
SMOKE · validación técnica,measure,unif,2876,4758,0.07508438,0.071520954,-0.0035634264
SMOKE · validación técnica,masks,prevented,6613,8173,-0.006269522,-0.0039485395,0.0023209825
SMOKE · validación técnica,planning,tickets,6873,5682,0.09008334,0.074292086,-0.015791252
SMOKE · validación técnica,cub,mitten,5105,5285,-0.03461213,-0.04004213,-0.005429998
SMOKE · validación técnica,owner,rush,1672,5170,-0.05128213,-0.08153138,-0.030249253
SMOKE · validación técnica,climbing,removed,4138,6220,0.09618707,0.11079295,0.01460588
SMOKE · validación técnica,Lou,bow,6173,1393,-0.04317762,-0.054636165,-0.011458546
SMOKE · validación técnica,diamonds,times,7666,3207,-0.008505568,-0.006128419,0.0023771487
SMOKE · validación técnica,jugg,shake,7981,3009,-0.02195052,-0.024036806,-0.0020862855
SMOKE · validación técnica,Mel,wigg,6536,4639,0.10051936,0.09730884,-0.0032105222
SMOKE · validación técnica,Lion,vill,7960,2201,-0.046002433,-0.046002455,-2.2351742e-08
SMOKE · validación técnica,drinks,noise,5426,979,0.011280399,0.0008057058,-0.010474693
SMOKE · validación técnica,squeaked,sweeties,7697,6103,0.1293338,0.1270563,-0.0022774935
SMOKE · validación técnica,inviting,running,6232,1365,-0.031887837,-0.05176177,-0.019873932
SMOKE · validación técnica,acting,space,6971,3232,0.023235735,0.03400097,0.010765236
SMOKE · validación técnica,Lucy,gor,1007,3874,0.035076573,0.047025084,0.011948511
SMOKE · validación técnica,late,sat,1922,1385,0.09931436,0.06731148,-0.03200288
SMOKE · validación técnica,Spike,vo,4968,1075,0.014817439,-0.010866531,-0.02568397
SMOKE · validación técnica,They,spoon,322,2080,0.0068342234,-0.044605415,-0.05143964
SMOKE · validación técnica,cartoons,wood,5307,1376,-0.09525906,-0.058622666,0.036636397
SMOKE · validación técnica,Ros,safari,4222,5169,0.11909362,0.11909366,3.7252903e-08
SMOKE · validación técnica,dinosaurs,feels,5341,1864,-0.05697679,-0.10333021,-0.04635342
SMOKE · validación técnica,kne,saus,664,4241,-0.01608326,-0.013577074,0.0025061853
SMOKE · validación técnica,Honey,encou,7884,3611,0.010032544,0.0100325085,-3.5390258e-08
SMOKE · validación técnica,hands,ornam,1082,4801,-0.07192658,-0.056545127,0.015381452
SMOKE · validación técnica,Did,rocks,5849,1924,0.10306169,0.07575333,-0.02730836
SMOKE · validación técnica,chubby,surrender,4011,4167,-0.024258438,-0.03152159,-0.00726315
SMOKE · validación técnica,met,scooters,1564,7862,0.01519242,-0.006663639,-0.021856058
SMOKE · validación técnica,si,wiggly,5865,7743,0.022171201,0.028132848,0.0059616473
SMOKE · validación técnica,acorn,cozy,3491,2105,-0.036725774,-0.0068071038,0.02991867
SMOKE · validación técnica,fascinated,wild,5532,2276,0.03437242,0.06184119,0.02746877
SMOKE · validación técnica,circ,noticed,2605,1051,0.045746654,0.0876752,0.041928545
SMOKE · validación técnica,Dave,Tony,3384,4580,-0.09632094,-0.07747523,0.018845715
SMOKE · validación técnica,fed,throat,5242,6140,-0.0025024265,0.011094641,0.013597067
SMOKE · validación técnica,Holly,repl,7454,1070,0.062393755,0.06673593,0.004342176
SMOKE · validación técnica,scientist,strang,7184,5281,0.061278168,0.051177435,-0.0101007335
SMOKE · validación técnica,action,shed,7412,5058,0.024070518,0.033450678,0.00938016
SMOKE · validación técnica,bouquet,spreading,8079,6907,-0.013568172,-0.010602647,0.0029655248
SMOKE · validación técnica,designs,nests,7350,8063,-0.02203041,-0.027301975,-0.005271565
SMOKE · validación técnica,shells,travels,3200,7577,0.041839533,0.058278445,0.016438913
SMOKE · validación técnica,Bob,badly,1132,3656,-0.0952789,-0.103998914,-0.008720018
SMOKE · validación técnica,Her,sniff,852,3415,-0.0051567964,-0.06883745,-0.06368065
SMOKE · validación técnica,grandfather,lie,7937,4317,0.0053604674,0.0077702478,0.0024097804
SMOKE · validación técnica,Sadly,requested,6156,6718,0.03801855,0.05508174,0.01706319
SMOKE · validación técnica,daddy,tucked,1558,4728,0.06902609,0.009723962,-0.05930213
SMOKE · validación técnica,some,valu,519,3146,-0.05068671,-0.07305822,-0.022371508
SMOKE · validación técnica,blue,hus,1073,6817,0.019655919,0.03979543,0.02013951
SMOKE · validación técnica,anger,avoc,7627,3956,-0.08232646,-0.08519757,-0.002871111
SMOKE · validación técnica,funny,gas,1308,2607,-0.005986193,-0.009962337,-0.003976144
SMOKE · validación técnica,screen,smil,3453,461,0.049528226,0.045951493,-0.0035767332
SMOKE · validación técnica,relief,treats,6048,2398,0.060950197,0.08302295,0.022072755
SMOKE · validación técnica,couple,tapped,6763,7436,0.052521355,0.05530861,0.0027872548
SMOKE · validación técnica,Ollie,dinner,5301,1548,0.03262026,0.015685683,-0.016934576
SMOKE · validación técnica,Jacky,pizza,6754,2599,0.03864545,0.047502227,0.008856777
SMOKE · validación técnica,rode,with,3251,343,-0.106347136,-0.006201042,0.10014609
SMOKE · validación técnica,Snow,meadow,4217,2462,-0.054068025,-0.062404826,-0.008336801
SMOKE · validación técnica,person,want,2174,379,-0.025951609,-0.002515817,0.023435792
SMOKE · validación técnica,paddled,taste,6267,2448,0.047372885,0.05253375,0.0051608644
SMOKE · validación técnica,flow,nearby,826,1954,-0.085952654,-0.06405848,0.021894172
SMOKE · validación técnica,crayon,mar,3184,1540,-0.12917142,-0.12098239,0.008189023
SMOKE · validación técnica,certain,mighty,7311,2917,-0.0314365,0.0025817142,0.034018215
SMOKE · validación técnica,amazement,peel,4650,5546,0.16575894,0.17884913,0.013090193
SMOKE · validación técnica,is,sor,415,713,0.0035297219,0.02952599,0.025996268
SMOKE · validación técnica,eas,tempt,2127,6859,0.055576127,0.045689054,-0.009887073
SMOKE · validación técnica,Elsie,er,7869,3528,-0.17951441,-0.17890379,0.0006106198
SMOKE · validación técnica,candles,does,4959,1175,-0.08264854,-0.061265454,0.021383084
SMOKE · validación técnica,Lily,pretty,364,965,-0.02162426,-0.008292783,0.013331477
SMOKE · validación técnica,police,prep,2622,3393,-0.018994648,-0.006481146,0.012513502
SMOKE · validación técnica,kicked,nests,3318,8063,0.07551487,0.06429263,-0.011222236
SMOKE · validación técnica,cott,rail,6338,4714,-0.018685553,-0.02125907,-0.0025735162
SMOKE · validación técnica,Pr,everything,7504,1595,0.113416,0.079423286,-0.033992715
SMOKE · validación técnica,ants,fest,4139,4994,-0.0008019563,0.0009534359,0.0017553922
SMOKE · validación técnica,Mary,animal,1931,807,-0.043564662,-0.009675035,0.03388963
SMOKE · validación técnica,close,w,1443,261,-0.054058563,-0.035551667,0.018506896
SMOKE · validación técnica,She,boss,313,2820,-0.042158,-0.07166618,-0.02950818
SMOKE · validación técnica,str,unfortunately,768,7893,0.1361318,0.1379783,0.0018465072
SMOKE · validación técnica,On,pockets,2495,5906,-0.047201082,-0.07267289,-0.025471807
SMOKE · validación técnica,Then,grape,879,5064,0.0104373265,-0.056609288,-0.06704661
SMOKE · validación técnica,Get,mushrooms,6656,7074,0.14180943,0.14189819,8.8751316e-05
SMOKE · validación técnica,olive,touched,5046,2065,0.09198536,0.072414234,-0.019571126
SMOKE · validación técnica,flea,torn,4461,3834,-0.08386481,-0.084001005,-0.00013619661
SMOKE · validación técnica,instruments,steal,7836,3376,-0.006527378,-0.02525146,-0.01872408
SMOKE · validación técnica,competitive,onions,3739,6701,0.09136492,0.085476145,-0.005888775
SMOKE · validación técnica,delay,insects,4745,6927,0.0065715853,0.0127387615,0.006167176
SMOKE · validación técnica,fo,ord,800,2885,0.16662332,0.16565873,-0.00096459687
SMOKE · validación técnica,chalk,daisies,4201,6549,-0.0019116271,0.022240661,0.024152288
SMOKE · validación técnica,al,click,501,5885,0.020991756,0.029363856,0.0083721
SMOKE · validación técnica,Bee,Mr,7499,1815,0.00697287,0.028948357,0.021975487
SMOKE · validación técnica,immediately,tail,4838,1609,-0.06396212,-0.09249479,-0.028532676
SMOKE · validación técnica,grinned,stand,5273,1825,0.025627658,0.04344472,0.017817061
SMOKE · validación técnica,badge,flutter,6728,4817,0.13147578,0.1290373,-0.0024384707
SMOKE · validación técnica,barn,noise,3019,979,-0.01043511,0.027962018,0.038397126
SMOKE · validación técnica,caterpillar,taught,2721,2600,-0.008434162,-0.022355743,-0.013921581
SMOKE · validación técnica,grandfather,kicks,7937,6692,0.022604235,0.022604272,3.7252903e-08
SMOKE · validación técnica,Nina,thirst,6968,3298,-0.11105963,-0.10274392,0.008315705
SMOKE · validación técnica,aunt,needle,3497,3966,-0.08896227,-0.06796645,0.020995826
SMOKE · validación técnica,sheet,white,4248,1577,0.06474148,0.06700459,0.0022631139
SMOKE · validación técnica,Only,curiosity,7573,5444,0.041036766,0.047331464,0.0062946975
SMOKE · validación técnica,Toby,bra,3664,844,0.048778474,0.03205415,-0.016724326
SMOKE · validación técnica,germs,juice,8113,1993,0.04594748,0.04402773,-0.0019197501
SMOKE · validación técnica,ju,razor,1535,4812,-0.049611565,-0.022378987,0.027232578
SMOKE · validación técnica,buck,crayons,1814,2222,0.01918181,0.012357544,-0.006824266
SMOKE · validación técnica,compass,tractor,3371,6584,0.03549506,0.026892673,-0.008602388
SMOKE · validación técnica,Love,shy,7521,2372,0.10731684,0.13123547,0.023918629
SMOKE · validación técnica,Rain,puppies,7827,6954,-0.005362262,-0.0018809456,0.0034813164
SMOKE · validación técnica,area,sparkles,5537,5092,-0.033674665,-0.04546464,-0.011789974
SMOKE · validación técnica,environment,persistent,8184,3533,0.040825523,0.05102253,0.010197006
SMOKE · validación técnica,Bubbles,relaxed,5636,4506,0.025856806,0.017802631,-0.0080541745
SMOKE · validación técnica,ais,license,7124,5226,0.021739041,0.037255146,0.015516104
SMOKE · validación técnica,interesting,you,2178,354,0.033167705,0.023937063,-0.009230642
SMOKE · validación técnica,Everywhere,Jill,2385,1768,-0.0773676,-0.10416344,-0.026795842
SMOKE · validación técnica,days,usually,2066,6287,-0.0076281875,-0.010620832,-0.002992645
SMOKE · validación técnica,cage,hard,2840,881,0.0586709,0.102412224,0.043741323
SMOKE · validación técnica,gaze,take,6265,698,-0.015335366,-0.04698021,-0.031644844
SMOKE · validación técnica,burning,climb,5099,1012,0.040967815,0.0315299,-0.009437915
SMOKE · validación técnica,Rosie,With,4522,2202,-0.058062382,-0.06616096,-0.00809858
SMOKE · validación técnica,adventur,sights,2899,5717,0.08839501,0.06474036,-0.023654647
SMOKE · validación técnica,Give,chases,3991,6085,0.009844425,0.018316053,0.008471628
SMOKE · validación técnica,mud,neighb,2270,1830,0.12603992,0.084165044,-0.041874878
SMOKE · validación técnica,efforts,inch,7352,5836,-0.008193851,-0.029552015,-0.021358162
SMOKE · validación técnica,Rain,station,7827,3696,0.02307962,0.049145885,0.026066264
SMOKE · validación técnica,blue,peel,1073,5546,-0.023652855,-0.035159275,-0.01150642
SMOKE · validación técnica,sunshine,swimmer,2046,7925,0.019491605,0.020996299,0.0015046932
SMOKE · validación técnica,Ginger,bows,8056,6850,0.03045538,0.03727223,0.006816849
SMOKE · validación técnica,ju,lifted,1535,3116,-0.07898298,-0.06186144,0.017121539
SMOKE · validación técnica,Pe,spilled,3855,3519,-0.011758838,-0.020554334,-0.008795496
SMOKE · validación técnica,marched,tax,4117,4148,0.06944282,0.06978105,0.00033822656
SMOKE · validación técnica,hig,later,1772,2147,0.09137151,0.040366102,-0.051005404
SMOKE · validación técnica,Mart,ease,6261,7337,-0.016539615,-0.00079146214,0.015748153
SMOKE · validación técnica,Im,pictures,7682,1573,0.056609467,0.036945496,-0.01966397
SMOKE · validación técnica,clot,met,1588,1564,-0.01176683,0.04136541,0.053132243
SMOKE · validación técnica,padd,them,5517,450,-0.02634219,-0.018787794,0.007554397
SMOKE · validación técnica,You,added,570,2990,0.00942279,-0.084025726,-0.09344852
SMOKE · validación técnica,Ang,mom,7013,365,0.004116539,0.01327748,0.0091609415
SMOKE · validación técnica,broken,otters,1497,7484,-0.060817454,-0.049567144,0.01125031
SMOKE · validación técnica,Only,creature,7573,2059,0.018303175,-0.010480383,-0.028783558
SMOKE · validación técnica,gas,own,2607,1052,0.030148825,-0.0008663386,-0.031015163
SMOKE · validación técnica,forgets,spoonful,7259,6829,-0.049827486,-0.06270592,-0.012878433
SMOKE · validación técnica,import,slices,1081,6539,-0.008462422,-0.018246531,-0.00978411
SMOKE · validación técnica,perfectly,spirit,4255,4125,0.014266081,-0.012037253,-0.026303334
SMOKE · validación técnica,frowns,jog,7932,3253,0.029492564,0.039979443,0.010486878
SMOKE · validación técnica,Thomas,hugging,6355,6005,0.030931357,0.024860054,-0.006071303
SMOKE · validación técnica,Laura,trusting,7592,7734,-0.08986056,-0.08239854,0.0074620172
SMOKE · validación técnica,fed,price,5242,5235,0.06371355,0.0838582,0.020144649
SMOKE · validación técnica,So,ladyb,829,5690,-0.015482798,-0.057216592,-0.041733794
SMOKE · validación técnica,partic,squealed,6118,6213,-0.06324936,-0.040418956,0.0228304
SMOKE · validación técnica,crumb,gained,5781,5569,-0.050915435,-0.053808503,-0.002893068
SMOKE · validación técnica,Angel,beef,7673,4824,0.07730361,0.0746544,-0.0026492104
SMOKE · validación técnica,actions,stubborn,6421,3108,0.11163763,0.117384434,0.005746804
SMOKE · validación técnica,Kim,Lizzie,3649,6406,-0.04470763,-0.03976193,0.004945699
SMOKE · validación técnica,clowns,nearby,6743,1954,-0.05790925,-0.057294436,0.00061481446
SMOKE · validación técnica,Nobody,find,7235,633,0.10003033,0.07895093,-0.021079406
SMOKE · validación técnica,crowd,oil,5956,4369,0.0010863319,-0.019834243,-0.020920575
SMOKE · validación técnica,happening,plucked,2910,6993,-0.05221325,-0.06180945,-0.009596199
SMOKE · validación técnica,Jake,automobile,2468,4870,0.024394974,0.034895808,0.010500833
SMOKE · validación técnica,cane,scurrying,4353,7998,0.028889146,0.026540283,-0.0023488626
SMOKE · validación técnica,argum,resc,7861,3340,-0.16201037,-0.14890435,0.013106018
SMOKE · validación técnica,compassionate,top,3735,1304,0.058511335,0.07892504,0.020413708
SMOKE · validación técnica,lettuce,news,6825,4610,0.09616329,0.11031827,0.014154986
SMOKE · validación técnica,smoking,steel,8166,5725,0.011804029,0.005733259,-0.0060707703
SMOKE · validación técnica,Christmas,miner,6278,4659,0.08700684,0.0931282,0.0061213598
SMOKE · validación técnica,fault,suitc,6200,5668,0.053727236,0.05091121,-0.0028160252
SMOKE · validación técnica,toes,washing,4819,4981,-0.031162545,-0.018690806,0.012471739
SMOKE · validación técnica,det,wags,6767,4765,0.02848235,0.017230948,-0.011251401
SMOKE · validación técnica,dive,tall,4127,1403,-0.1308919,-0.097376294,0.03351561
SMOKE · validación técnica,broke,underneath,1767,5634,-0.03362925,-0.0107842125,0.022845037
SMOKE · validación técnica,Judy,rely,6963,8049,0.08672459,0.09314234,0.0064177513
SMOKE · validación técnica,Everywhere,trust,2385,2471,0.04505345,0.11271194,0.0676585
SMOKE · validación técnica,Honey,Libby,7884,8074,0.028471043,0.03269674,0.0042256955
SMOKE · validación técnica,Hoppy,smelly,5503,2734,0.090426445,0.07709017,-0.0133362785
SMOKE · validación técnica,above,smallest,3153,7113,-0.005237393,0.005279623,0.010517016
SMOKE · validación técnica,draws,enthusi,5965,7039,0.05805303,0.062290743,0.0042377114
SMOKE · validación técnica,prop,wasn,4800,1556,0.2004941,0.21710517,0.01661107
SMOKE · validación técnica,impat,j,3655,444,0.07766453,0.08492599,0.007261455
SMOKE · validación técnica,everyday,sel,5423,2396,0.07274141,0.04973207,-0.023009341
SMOKE · validación técnica,Or,instruct,4545,5650,0.03836096,0.042643882,0.0042829216
SMOKE · validación técnica,cheese,mer,2146,6959,-0.07879447,-0.07935871,-0.0005642399
SMOKE · validación técnica,It,racing,409,5270,0.020332426,-0.019666333,-0.03999876
SMOKE · validación técnica,compass,waves,3371,2624,-0.05595477,-0.06256891,-0.006614141
SMOKE · validación técnica,Cindy,lost,6102,1415,-0.051414646,-0.06224402,-0.010829374
SMOKE · validación técnica,Tw,harm,5779,3056,-0.052643813,-0.04841228,0.004231535
SMOKE · validación técnica,pizzas,trotted,8132,7674,0.0523801,0.07122591,0.018845811
SMOKE · validación técnica,neighbors,painting,5610,3076,-0.15819636,-0.15481177,0.0033845901
SMOKE · validación técnica,fight,guit,1555,3160,0.06704232,0.072571926,0.005529605
SMOKE · validación técnica,glowing,trampoline,4376,6915,-0.109942645,-0.11566558,-0.0057229325
SMOKE · validación técnica,accidents,vegetable,5603,2461,-0.03352011,-0.029437102,0.0040830076
SMOKE · validación técnica,Would,magazines,4221,8110,0.009609804,-0.0018464252,-0.011456229
SMOKE · validación técnica,apolog,neat,3023,3673,-0.01010916,0.012647282,0.022756442
SMOKE · validación técnica,Mike,turkey,3636,3867,0.018086813,0.041198425,0.023111612
SMOKE · validación técnica,cord,sp,3981,448,0.002374446,-0.010511337,-0.012885783
SMOKE · validación técnica,sunshine,swirl,2046,6427,0.082219675,0.056149624,-0.02607005
SMOKE · validación técnica,pist,task,4906,3571,0.072461024,0.05011683,-0.022344194
SMOKE · validación técnica,hang,l,2746,275,0.02982717,0.04263725,0.012810081
SMOKE · validación técnica,loops,purr,7608,7638,0.032394186,0.03788713,0.0054929443
SMOKE · validación técnica,magnif,passed,8066,2648,0.12293477,0.12257244,-0.00036233664
SMOKE · validación técnica,Sara,rope,772,2180,-0.031473167,-0.015806997,0.01566617
SMOKE · validación técnica,amazement,lic,4650,5142,-0.08274891,-0.122840896,-0.040091984
SMOKE · validación técnica,flas,ind,6899,2861,0.09223013,0.09808311,0.005852975
SMOKE · validación técnica,bone,mel,2698,3436,0.018603817,0.023109589,0.004505772
SMOKE · validación técnica,memories,sudden,4397,3442,0.0060831206,0.0017648584,-0.0043182625
SMOKE · validación técnica,sailing,under,4407,896,-0.011658853,-0.036083054,-0.0244242
SMOKE · validación técnica,asleep,guess,2266,3006,-0.051071364,-0.021085514,0.02998585
SMOKE · validación técnica,comfort,scored,2093,7190,0.009906419,-0.016318295,-0.026224714
SMOKE · validación técnica,ears,square,3089,3620,-0.06523657,-0.04402165,0.021214917
SMOKE · validación técnica,needs,struggling,3047,5038,-0.029291995,0.011700877,0.04099287
SMOKE · validación técnica,fire,rub,1236,3555,-0.06094093,-0.0886064,-0.027665474
SMOKE · validación técnica,jumping,rubber,2503,4417,0.029873574,0.087070286,0.057196714
SMOKE · validación técnica,slipping,trophy,7762,3987,0.004742367,-0.0015724879,-0.006314855
SMOKE · validación técnica,bloomed,twist,5718,2944,0.08542715,0.067521654,-0.017905496
SMOKE · validación técnica,P,include,953,6153,0.048013717,0.07596022,0.027946502
SMOKE · validación técnica,bill,healthy,4992,2165,-0.07066041,-0.017591283,0.05306913
SMOKE · validación técnica,badge,water,6728,744,-0.049368538,-0.02135413,0.028014408
SMOKE · validación técnica,express,shouts,7002,4018,0.019661285,0.0052511133,-0.014410172
SMOKE · validación técnica,frowning,rhy,7414,5214,-0.09431191,-0.08783252,0.00647939
SMOKE · validación técnica,flap,skill,5491,4212,0.08398637,0.06591743,-0.01806894
SMOKE · validación técnica,encount,melted,8067,4969,0.036110885,0.044956975,0.008846089
SMOKE · validación técnica,Grandpa,ĊĠ,3818,6198,0.03143435,0.019833688,-0.011600662
SMOKE · validación técnica,flames,snatched,6319,6559,0.024268853,-0.0061197095,-0.030388562
SMOKE · validación técnica,mic,spat,2773,7822,-0.010633638,-0.008081064,0.0025525745
SMOKE · validación técnica,appreci,project,4132,5941,-0.062065467,-0.06357169,-0.0015062243
SMOKE · validación técnica,Lee,marker,4238,6060,0.058357146,0.07205537,0.013698224
SMOKE · validación técnica,met,trusting,1564,7734,-0.06190422,-0.037633788,0.024270434
SMOKE · validación técnica,bulb,floor,4285,1389,-0.0026016682,0.028049896,0.030651564
SMOKE · validación técnica,focused,lay,7077,2240,0.136623,0.1373477,0.0007247031
SMOKE · validación técnica,aim,raindrops,7620,6402,0.004254695,0.007883109,0.0036284141
SMOKE · validación técnica,sell,tonight,2865,5817,-0.026504058,-0.043155186,-0.016651127
SMOKE · validación técnica,Susie,compassionate,2953,3735,-0.0080445055,-0.030231588,-0.022187082
SMOKE · validación técnica,Qu,tries,5815,2371,-0.0049148872,0.0025926977,0.007507585
SMOKE · validación técnica,exerc,meals,4295,6653,0.015818208,0.010928975,-0.004889233
SMOKE · validación técnica,celery,treehouse,4111,6457,-0.0281485,-0.04394822,-0.015799718
SMOKE · validación técnica,co,kicking,565,6030,-0.12908134,-0.17636275,-0.047281414
SMOKE · validación técnica,lend,store,4307,1107,0.009315688,-0.015064418,-0.024380106
SMOKE · validación técnica,Rob,eyes,6095,1047,-0.05067508,-0.065458864,-0.014783785
SMOKE · validación técnica,Gr,sl,6203,720,0.06694086,0.047514096,-0.019426763
SMOKE · validación técnica,lotion,standing,4855,2571,0.037216082,0.021367721,-0.015848361
SMOKE · validación técnica,accompl,bro,5674,1076,-0.009018766,-0.014011946,-0.00499318
SMOKE · validación técnica,Ray,Wednesday,7895,5848,-0.009184711,-0.006264709,0.0029200017
SMOKE · validación técnica,cartoons,permission,5307,4989,0.1105269,0.11266501,0.0021381155
SMOKE · validación técnica,climbs,joke,5106,2859,0.02874465,0.022371272,-0.0063733775
SMOKE · validación técnica,Pin,Santa,7764,5801,0.02342678,0.031454027,0.008027246
SMOKE · validación técnica,sausage,stomach,5101,5093,0.0003344454,0.017531058,0.017196612
SMOKE · validación técnica,Kim,chased,3649,2410,-0.02045063,-0.0345592,-0.014108572
SMOKE · validación técnica,flas,sug,6899,2900,0.041155532,0.039361343,-0.0017941892
SMOKE · validación técnica,memb,pale,7655,3625,0.0006006779,0.00020766957,-0.00039300835
SMOKE · validación técnica,S,having,298,1243,0.025895378,0.016569883,-0.009325495
SMOKE · validación técnica,choose,drain,3102,4939,0.021896591,0.045911405,0.024014814
SMOKE · validación técnica,everyday,weird,5423,3057,0.061318666,0.080925964,0.019607298
SMOKE · validación técnica,magn,swallowed,3131,7112,-0.0050131185,0.011575965,0.016589083
SMOKE · validación técnica,believe,squeeze,1793,4726,-0.014660687,0.020519596,0.03518028
SMOKE · validación técnica,Ralph,poked,7114,4837,0.05717071,0.045872644,-0.011298068
SMOKE · validación técnica,fat,tested,3050,7136,0.09238896,0.06430045,-0.02808851
SMOKE · validación técnica,quite,snatched,3942,6559,-0.06834282,-0.083586425,-0.015243605
SMOKE · validación técnica,Betty,marching,6433,5300,0.13627547,0.14615352,0.009878054
SMOKE · validación técnica,rainy,vol,7396,3629,0.049848758,0.062464885,0.012616128
SMOKE · validación técnica,bitten,seashell,8150,6475,-0.034691215,-0.035260372,-0.0005691573
SMOKE · validación técnica,courage,disg,3688,3637,0.06324399,0.06623755,0.0029935539
SMOKE · validación técnica,anywhere,weight,3685,5398,0.027434029,0.01974144,-0.0076925885
SMOKE · validación técnica,behave,fog,4042,4543,0.05569207,0.054433815,-0.001258254
SMOKE · validación técnica,felt,plenty,508,5936,-0.048367247,-0.03910167,0.009265576
SMOKE · validación técnica,Car,oven,5831,2306,0.044417925,0.04837244,0.003954515
SMOKE · validación técnica,forgot,stopped,1449,1032,-0.09746397,-0.06924158,0.02822239
SMOKE · validación técnica,awesome,crawled,6197,2933,-0.0058994573,0.018698508,0.024597965
SMOKE · validación técnica,ig,sparkle,4649,4719,-0.04840576,-0.045790453,0.0026153065
SMOKE · validación técnica,mineral,snowballs,5355,6745,0.053908892,0.085182436,0.031273544
SMOKE · validación técnica,den,thing,6339,1278,-0.010424433,0.037331033,0.047755465
SMOKE · validación técnica,bra,raise,844,4802,-0.030487338,-0.013685472,0.016801866
SMOKE · validación técnica,brushing,pear,7612,4688,0.025249919,0.01893433,-0.006315589
SMOKE · validación técnica,Jerry,candles,4068,4959,0.0074427947,-0.01573458,-0.023177374
SMOKE · validación técnica,takes,touch,2074,1331,-0.045434363,0.019645575,0.06507994
SMOKE · validación técnica,nails,reply,5618,6412,0.05996954,0.06162382,0.0016542785
SMOKE · validación técnica,bl,dad,624,645,0.14261337,0.136688,-0.0059253722
SMOKE · validación técnica,napkin,vibr,4297,8136,-0.0019261949,0.0057954416,0.0077216364
SMOKE · validación técnica,factor,wondering,4643,5768,-0.060583096,-0.037724067,0.02285903
SMOKE · validación técnica,reading,sunrise,3663,5251,0.05956053,0.06524879,0.0056882575
SMOKE · validación técnica,dreams,police,3107,2622,0.070430554,0.07540156,0.004971005
SMOKE · validación técnica,laughing,pra,2079,4598,-0.014884561,-0.022091247,-0.007206686
SMOKE · validación técnica,directions,us,6462,1113,-0.11356587,-0.08161341,0.031952463
SMOKE · validación técnica,ac,smelled,1090,2196,0.032905333,0.031948846,-0.0009564869
SMOKE · validación técnica,bitten,place,8150,1121,0.021869227,0.037190177,0.015320949
SMOKE · validación técnica,puppies,stopping,6954,7525,0.112113036,0.08602536,-0.026087679
SMOKE · validación técnica,apron,rumble,4810,6341,-0.075515464,-0.061326966,0.014188498
SMOKE · validación técnica,handing,stirring,7763,5741,0.028373323,0.017918654,-0.01045467
SMOKE · validación técnica,Maya,gif,6574,1723,0.09693547,0.09730947,0.0003739968
SMOKE · validación técnica,groceries,mighty,6310,2917,0.04110518,0.03444226,-0.00666292
SMOKE · validación técnica,accepted,journal,4441,4474,0.00014341134,-0.015730688,-0.015874099
SMOKE · validación técnica,masks,necklace,6613,2578,-0.11577707,-0.118047655,-0.0022705868
SMOKE · validación técnica,sausages,slammed,6068,7328,0.06001779,0.050911833,-0.009105958
SMOKE · validación técnica,Taking,Where,8005,3973,0.00022239424,-0.010413443,-0.010635837
SMOKE · validación técnica,opposite,slice,7972,5345,-0.016812947,0.017578721,0.034391668
SMOKE · validación técnica,becoming,has,5937,1034,-0.085463926,-0.027521336,0.05794259
SMOKE · validación técnica,Being,keep,6322,958,0.035754267,9.284541e-05,-0.03566142
SMOKE · validación técnica,heaven,ten,8190,4075,-0.0019946964,0.03350339,0.035498086
SMOKE · validación técnica,adult,holds,6847,3671,0.049206622,0.04519932,-0.004007302
SMOKE · validación técnica,Unfortunately,cape,6062,5919,0.0067303963,-0.009376135,-0.016106531
SMOKE · validación técnica,bent,costum,3561,3273,0.004271429,-0.016718045,-0.020989474
SMOKE · validación técnica,jet,radishes,3758,6430,-0.14900874,-0.14051321,0.0084955245
SMOKE · validación técnica,flour,horse,3725,2223,0.0076200254,0.02952998,0.021909954
SMOKE · validación técnica,marve,shoo,7898,7652,-0.022071443,-0.060807474,-0.03873603
SMOKE · validación técnica,but,sweep,408,8030,0.018331792,0.019676484,0.001344692
SMOKE · validación técnica,argued,throwing,5514,4593,-0.06691032,-0.053311937,0.0135983825
SMOKE · validación técnica,guide,lovely,8129,2184,0.023150815,0.01130778,-0.011843035
SMOKE · validación técnica,steak,wiggled,4334,6256,-0.04257074,-0.065435395,-0.022864655
SMOKE · validación técnica,kind,sobbed,820,6593,-0.091421284,-0.057452288,0.033968996
SMOKE · validación técnica,talk,yes,1601,1486,0.049793284,0.001346047,-0.048447236
SMOKE · validación técnica,Everyone,puppet,1206,7671,0.06339553,0.058011565,-0.0053839646
SMOKE · validación técnica,hair,wept,1351,7026,0.0002677366,0.07344661,0.07317887
SMOKE · validación técnica,cryst,snail,3850,5337,0.05082393,0.05606668,0.00524275
SMOKE · validación técnica,creatures,feed,3603,2692,-0.20407261,-0.18765754,0.016415074
SMOKE · validación técnica,living,spider,1724,2315,-0.047306422,-0.053282462,-0.00597604
SMOKE · validación técnica,For,silly,6094,1645,0.026491646,0.00993637,-0.016555276
SMOKE · validación técnica,Splash,horse,7715,2223,-0.03844752,-0.032922804,0.0055247173
SMOKE · validación técnica,spoon,wal,2080,602,-0.06423107,-0.07933255,-0.015101485
SMOKE · validación técnica,peeking,staying,6162,6407,-0.007969316,-0.001724977,0.006244339
SMOKE · validación técnica,butterflies,footsteps,3602,7901,0.035614334,0.055236638,0.019622304
SMOKE · validación técnica,beauty,yelped,3601,7785,-0.024293885,-0.036034167,-0.011740282
SMOKE · validación técnica,man,worrying,509,7598,-0.08237198,-0.10410033,-0.021728352
SMOKE · validación técnica,Millie,airplane,4182,4966,0.07793983,0.08316043,0.0052205995
SMOKE · validación técnica,desk,wonder,3400,1093,-0.10002848,-0.10375127,-0.0037227944
SMOKE · validación técnica,imagined,rip,3446,6633,-0.055344388,-0.06154081,-0.0061964206
SMOKE · validación técnica,impro,neat,3748,3673,-0.06576553,-0.051426906,0.014338624
SMOKE · validación técnica,scream,snowfl,1777,6981,-0.031489015,-0.012240419,0.019248595
SMOKE · validación técnica,mel,spat,3436,7822,0.102537334,0.0963986,-0.0061387345
SMOKE · validación técnica,Th,gets,1205,2817,-0.0006207358,-0.014902625,-0.014281889
SMOKE · validación técnica,everyone,icy,1072,3126,0.011976898,-0.041909505,-0.053886402
SMOKE · validación técnica,rock,zip,947,3510,-0.05937075,-0.08460938,-0.025238633
SMOKE · validación técnica,destination,patted,4811,6148,0.012704585,-0.0037490055,-0.01645359
SMOKE · validación técnica,expl,master,753,7271,0.033642597,0.017945928,-0.015696669
SMOKE · validación técnica,glitter,keeper,5497,5405,-0.015341112,-0.015916657,-0.0005755443
SMOKE · validación técnica,F,discovered,661,2838,0.036438096,0.06453318,0.028095085
SMOKE · validación técnica,blooming,fight,5993,1555,0.07984349,0.07608027,-0.0037632212
SMOKE · validación técnica,properly,rake,5730,4663,-0.03891039,-0.05122221,-0.01231182
SMOKE · validación técnica,Listen,creat,6979,1475,-0.05339563,-0.03927353,0.014122099
SMOKE · validación técnica,minute,occas,4358,7356,-0.018537685,-0.02766826,-0.009130575
SMOKE · validación técnica,bathtub,crowd,3691,5956,0.041263293,0.037403803,-0.0038594902
SMOKE · validación técnica,curi,sing,1150,1228,0.08479289,0.09714474,0.012351848
SMOKE · validación técnica,fought,rise,4684,4831,-0.02798548,0.00018956885,0.028175049
SMOKE · validación técnica,meet,ty,2211,6337,0.060649212,0.0033879485,-0.057261266
SMOKE · validación técnica,hotel,shouts,4326,4018,0.087625965,0.083866596,-0.0037593693
SMOKE · validación técnica,dollhouse,mouths,6945,5392,0.033228546,0.0383802,0.005151652
SMOKE · validación técnica,cent,makeup,6063,4754,0.02196721,0.050668277,0.028701067
SMOKE · validación técnica,give,owl,1038,1897,0.105207786,0.11445139,0.0092436075
SMOKE · validación técnica,raced,teasp,3254,5136,-0.023791019,-0.011552898,0.012238121
SMOKE · validación técnica,dragon,years,1747,1361,0.0009824336,-0.017128656,-0.01811109
SMOKE · validación técnica,Tweety,closes,3473,6638,0.016085366,0.030629221,0.014543856
SMOKE · validación técnica,arrive,base,6104,3733,-0.0048675053,-0.020630691,-0.015763186
SMOKE · validación técnica,feel,removed,637,6220,-0.0012033954,0.031583775,0.03278717
SMOKE · validación técnica,selfish,vehicle,2454,5021,0.053388573,0.07972843,0.026339859
SMOKE · validación técnica,bean,cans,3399,6313,0.021769345,0.017302774,-0.004466571
SMOKE · validación técnica,dro,pound,1354,7713,-0.17919686,-0.18117532,-0.001978457
SMOKE · validación técnica,Stop,ostrich,5943,3986,-0.0045415256,0.00074840896,0.0052899346
SMOKE · validación técnica,Jill,truly,1768,5964,0.059357613,-0.001687998,-0.06104561
SMOKE · validación técnica,powerful,surrendered,2611,7060,0.00013249274,-0.05102268,-0.051155172
SMOKE · validación técnica,Fluffy,bodies,1955,6934,0.042978447,0.048535444,0.005556997
SMOKE · validación técnica,shown,treats,7317,2398,0.015357052,-0.017305067,-0.03266212
SMOKE · validación técnica,beans,motorcycle,4888,4277,-0.033271216,-0.019666865,0.01360435
SMOKE · validación técnica,Anna,bleed,792,5088,-0.05391393,-0.05357065,0.00034327805
SMOKE · validación técnica,infant,mos,4835,4415,-0.0055039413,0.018390764,0.023894705
SMOKE · validación técnica,glee,ruined,6363,2833,-0.0557879,-0.023860618,0.03192728
SMOKE · validación técnica,flat,glue,6219,2874,-0.01459663,0.019578844,0.034175474
SMOKE · validación técnica,mysterious,swam,2566,1899,-0.056752753,0.00054561906,0.05729837
SMOKE · validación técnica,je,kissed,1748,2766,0.0069537647,0.008176299,0.0012225341
SMOKE · validación técnica,annoyed,counted,7780,3262,0.015609318,-0.010489577,-0.026098896
SMOKE · validación técnica,fil,rained,2646,5377,-0.055752493,-0.0653842,-0.009631708
SMOKE · validación técnica,losing,pl,6604,352,-0.028551316,-0.04120149,-0.012650175
SMOKE · validación técnica,Or,young,4545,1905,0.036254562,-0.012500254,-0.04875482
SMOKE · validación técnica,op,swaying,728,8033,0.18026198,0.17252257,-0.00773941
SMOKE · validación técnica,mesmerized,polish,7306,4013,-0.025034338,-0.04685185,-0.021817513
SMOKE · validación técnica,Jenna,g,6314,290,0.07188737,0.06691782,-0.0049695447
SMOKE · validación técnica,enormous,kittens,3204,7153,-0.033181194,0.0007063933,0.033887587
SMOKE · validación técnica,calmly,maze,7507,4423,0.019888218,0.029938627,0.010050409
SMOKE · validación técnica,indeed,most,6642,1721,0.04229219,0.055255175,0.012962986
SMOKE · validación técnica,However,scraped,5564,7103,-0.030244935,-0.033546813,-0.0033018775
SMOKE · validación técnica,cracked,scratch,6324,5050,-0.09767208,-0.11982083,-0.02214875
SMOKE · validación técnica,demand,works,4704,5350,-0.044166144,-0.04129101,0.0028751343
SMOKE · validación técnica,colors,fe,1484,512,0.0052313674,-0.017296331,-0.022527698
SMOKE · validación técnica,creative,nowhere,2459,3753,0.022560708,0.022900041,0.00033933297
SMOKE · validación técnica,bag,slammed,1363,7328,-0.05876384,-0.09387616,-0.03511232
SMOKE · validación técnica,crocodile,satisfied,3518,5606,0.09170273,0.103705496,0.012002766
SMOKE · validación técnica,bus,scary,1203,1516,0.032264337,0.09445366,0.062189326
SMOKE · validación técnica,reminded,serious,3201,3372,-0.009234814,-0.052274793,-0.043039978
SMOKE · validación técnica,From,hotel,884,4326,0.0074788174,-0.035154022,-0.04263284
SMOKE · validación técnica,Nothing,aw,6660,2958,-0.0019568647,-0.012332003,-0.010375138
SMOKE · validación técnica,reluctantly,visiting,5911,5459,-0.05891761,-0.06001851,-0.0011008978
SMOKE · validación técnica,Mom,mach,648,2245,-0.06758328,-0.05193693,0.01564635
SMOKE · validación técnica,breathed,train,7020,1764,0.07212579,0.057382733,-0.01474306
SMOKE · validación técnica,repeating,rest,7667,1242,0.09327732,0.07466361,-0.018613711
SMOKE · validación técnica,Bobo,skull,3492,4442,-0.019959662,-0.026149847,-0.0061901845
SMOKE · validación técnica,posit,wandered,7593,4764,0.091318786,0.09683342,0.0055146366
SMOKE · validación técnica,Robby,mixed,6541,3072,-0.12585205,-0.107430495,0.018421553
SMOKE · validación técnica,birdcage,joking,5153,6621,-0.05421204,-0.05140855,0.0028034896
SMOKE · validación técnica,Anne,sees,5748,1252,-0.0015415698,-0.035493743,-0.033952173
SMOKE · validación técnica,e,nut,321,2532,-0.05524824,-0.06861015,-0.0133619085
SMOKE · validación técnica,dizzy,jumping,2995,2503,0.03909981,0.049404256,0.010304447
SMOKE · validación técnica,bunny,des,1300,1960,-0.09917799,-0.07686171,0.022316277
SMOKE · validación técnica,b,muddy,267,5452,0.11251157,0.11318803,0.00067646056
SMOKE · validación técnica,mountain,tunn,2313,3043,-0.023374394,-0.011576179,0.011798214
SMOKE · validación técnica,Luke,dogs,6269,2872,-0.048780214,-0.052534446,-0.003754232
SMOKE · validación técnica,guitar,sand,3239,1227,0.021431154,0.06273624,0.041305088
SMOKE · validación técnica,maker,searching,7564,3337,-0.08316898,-0.073518656,0.009650327
SMOKE · validación técnica,castles,leads,4823,7483,0.08784136,0.065073326,-0.022768036
SMOKE · validación técnica,Hannah,wobbly,6443,7255,-0.061991278,-0.065420955,-0.0034296773
SMOKE · validación técnica,rain,ru,1068,1238,0.03838197,0.02938767,-0.008994302
SMOKE · validación técnica,daughter,stone,2030,2465,0.021983568,0.049446456,0.027462889
SMOKE · validación técnica,Bl,trapped,2778,5457,0.08943791,0.07531755,-0.014120363
SMOKE · validación técnica,Rover,warned,6860,3461,0.035432067,0.031094884,-0.0043371823
SMOKE · validación técnica,Aunt,sadd,6445,7248,-0.03503063,-0.03424565,0.00078497827
SMOKE · validación técnica,mummy,next,2630,997,-0.1254406,-0.12827921,-0.0028386116
SMOKE · validación técnica,drifted,encourag,6477,7138,0.05398168,0.06626526,0.012283582
SMOKE · validación técnica,bottle,pond,2176,1296,0.06050832,0.09168633,0.031178012
SMOKE · validación técnica,owl,swirl,1897,6427,-0.019125568,-0.011241386,0.007884182
SMOKE · validación técnica,ground,read,975,1375,0.016469566,0.017408187,0.0009386204
SMOKE · validación técnica,ble,sail,4517,1566,-0.03047957,-0.03954766,-0.009068089
SMOKE · validación técnica,gas,nothing,2607,2038,-0.09523545,-0.11729352,-0.02205807
SMOKE · validación técnica,branches,saf,2897,2186,-0.0371749,-0.053155214,-0.015980314
SMOKE · validación técnica,grandma,wins,1531,6933,-0.063339256,-0.04292698,0.020412277
SMOKE · validación técnica,thorns,underst,8141,1271,0.11985773,0.11985774,1.4901161e-08
SMOKE · validación técnica,speed,tra,3640,1135,0.04280312,0.017962053,-0.024841066
SMOKE · validación técnica,squished,two,7962,904,-0.026554013,-0.04597597,-0.019421956
SMOKE · validación técnica,all,sings,474,5416,0.10240042,0.043213822,-0.0591866
SMOKE · validación técnica,happ,materials,374,6531,0.009701829,0.024732653,0.015030824
SMOKE · validación técnica,Lucy,fireman,1007,4133,-0.018028313,-0.015462913,0.0025654007
SMOKE · validación técnica,cooked,dollhouse,3800,6945,0.0017079348,-0.032909244,-0.03461718
SMOKE · validación técnica,rem,vehic,898,4629,0.0076402454,0.0076402705,2.514571e-08
SMOKE · validación técnica,frown,low,3032,3268,-0.16108078,-0.11979516,0.04128562
SMOKE · validación técnica,lightning,true,4057,2720,-0.10254452,-0.09104647,0.011498049
SMOKE · validación técnica,beauty,sparkle,3601,4719,-0.034499645,-0.062044054,-0.027544409
SMOKE · validación técnica,cared,dish,4668,2883,-0.055594258,-0.07819098,-0.022596724
SMOKE · validación técnica,day,roads,356,6050,-0.07631703,-0.014613846,0.061703183
SMOKE · validación técnica,dra,many,978,796,-0.01480772,0.011000056,0.025807776
SMOKE · validación técnica,cupcake,u,7926,323,0.03740124,0.008780681,-0.02862056
SMOKE · validación técnica,forgets,spike,7259,6072,-0.0537868,-0.035817653,0.017969146
SMOKE · validación técnica,apologized,crashing,4250,7193,-0.033027966,-0.0044247694,0.028603196
SMOKE · validación técnica,passports,reads,7742,6398,0.02471571,0.022607304,-0.0021084063
SMOKE · validación técnica,butterflies,dentist,3602,6022,0.0209303,0.02263657,0.0017062705
SMOKE · validación técnica,found,medicine,592,2782,-0.15771066,-0.1607829,-0.003072247
SMOKE · validación técnica,Tr,contain,4175,5224,-0.029849581,-0.032365106,-0.0025155246
SMOKE · validación técnica,Wally,taste,7302,2448,-0.11069931,-0.112726904,-0.0020275936
SMOKE · validación técnica,tip,tricked,5586,6458,0.022873975,0.025124941,0.0022509657
SMOKE · validación técnica,doing,goodnight,1399,5988,-0.0063846065,0.0015455,0.0079301065
SMOKE · validación técnica,castles,creative,4823,2459,-0.07563388,-0.02206489,0.053568993
SMOKE · validación técnica,arrive,sym,6104,3880,-0.073832184,-0.05742851,0.016403675
SMOKE · validación técnica,bottom,complained,2950,6887,-0.012604058,0.012891285,0.025495343
SMOKE · validación técnica,padd,warning,5517,5137,0.015504621,0.01948779,0.00398317
SMOKE · validación técnica,cannot,delight,2447,2319,0.047565404,0.034872554,-0.01269285
SMOKE · validación técnica,consequences,thanking,6780,7796,-0.10149461,-0.10846853,-0.0069739223
SMOKE · validación técnica,building,content,2292,2733,0.10456343,0.13260287,0.02803944
SMOKE · validación técnica,perfectly,subway,4255,5475,-0.009250917,0.0053273556,0.014578272
SMOKE · validación técnica,Even,neighbor,2542,2254,-0.02878451,-0.031040095,-0.002255585
SMOKE · validación técnica,Bongo,flowers,7250,1084,0.060092214,0.033819124,-0.02627309
SMOKE · validación técnica,dip,record,7312,3061,0.019442791,-0.0053069554,-0.024749747
SMOKE · validación técnica,fisherman,splashes,4348,6459,-0.0028011529,-0.017024525,-0.014223372
SMOKE · validación técnica,happened,machines,1213,5955,0.10190571,0.08432556,-0.017580152
SMOKE · validación técnica,Ma,importance,6866,6087,-0.13080584,-0.09267798,0.038127854
SMOKE · validación técnica,island,valuable,3085,3238,-0.056969464,-0.055586755,0.0013827085
SMOKE · validación técnica,Pandy,movements,6804,8164,0.0034683654,0.0020410214,-0.001427344
SMOKE · validación técnica,factory,pers,4667,1828,-0.018496916,-0.02452521,-0.0060282946
SMOKE · validación técnica,dangerous,ventured,1776,6070,-0.05877952,-0.020894812,0.037884705
SMOKE · validación técnica,che,finger,859,2731,-0.006907679,-0.04650963,-0.03960195
SMOKE · validación técnica,sy,ĠĊ,7223,6679,0.050885357,0.052040827,0.0011554696
SMOKE · validación técnica,herb,scampered,4661,7145,0.070049725,0.06801904,-0.0020306855
SMOKE · validación técnica,leg,quack,2716,4627,0.044036295,0.03901308,-0.005023215
SMOKE · validación técnica,Bl,policeman,2778,5915,0.031104641,-0.0014880334,-0.032592673
SMOKE · validación técnica,best,relieved,835,2025,-0.019532632,-0.0258696,-0.0063369684
SMOKE · validación técnica,between,ĊĠ,4300,6198,-0.00731744,0.027451392,0.03476883
SMOKE · validación técnica,comfortable,mice,2627,5521,-0.06862903,-0.037559964,0.031069063
SMOKE · validación técnica,pretty,sweetheart,965,4194,-0.042315286,0.01726277,0.059578054
SMOKE · validación técnica,fascinated,united,5532,6147,-0.04827643,-0.05385103,-0.005574599
SMOKE · validación técnica,ladder,nervous,2347,2655,-0.04061982,-0.008388717,0.032231104
SMOKE · validación técnica,fantastic,warnings,7357,6862,-0.08032,-0.0826282,-0.0023081973
SMOKE · validación técnica,set,stickers,1369,3677,0.12227295,0.0884939,-0.033779055
SMOKE · validación técnica,Ted,upon,4793,441,0.056521714,0.015383834,-0.04113788
SMOKE · validación técnica,away,selling,549,5393,0.14243937,0.058940154,-0.08349921
SMOKE · validación técnica,above,ĠĊ,3153,6679,-0.04986983,-0.05097323,-0.0011033975
SMOKE · validación técnica,ra,surprise,878,1341,0.049360264,0.058708053,0.009347789
SMOKE · validación técnica,chat,vanish,5969,6233,-0.039227385,-0.056143213,-0.016915828
SMOKE · validación técnica,correct,woods,7449,1605,-0.026989631,-0.011692543,0.015297089
SMOKE · validación técnica,paints,singing,5412,1891,-0.082253605,-0.029800005,0.0524536
SMOKE · validación técnica,rising,wrigg,6708,7439,0.13317806,0.13218415,-0.0009939075
SMOKE · validación técnica,motor,siblings,2927,6779,0.02528648,0.041213643,0.015927162
SMOKE · validación técnica,awo,belly,7373,6382,-0.014251048,-0.0073333713,0.0069176764
SMOKE · validación técnica,amaz,dance,1059,1710,-0.13460065,-0.10548728,0.029113375
SMOKE · validación técnica,might,sausage,1466,5101,-0.010078056,-0.01880147,-0.008723414
SMOKE · validación técnica,allowed,sewing,3423,7699,0.033150334,0.011474189,-0.021676145
SMOKE · validación técnica,magaz,n,4473,295,-0.21281523,-0.21400729,-0.0011920631
SMOKE · validación técnica,damaged,designs,7641,7350,-8.561183e-05,0.00039655622,0.00048216805
SMOKE · validación técnica,everyone,loading,1072,7325,-0.053096667,-0.039333247,0.01376342
SMOKE · validación técnica,gem,rin,3192,7791,-0.1393529,-0.13575435,0.003598556
SMOKE · validación técnica,bear,nam,801,476,-0.034367513,-0.01734937,0.017018143
SMOKE · validación técnica,growing,sprinkles,3482,5210,-0.055062752,-0.05157534,0.003487412
SMOKE · validación técnica,giggling,screwd,5785,7180,0.014241289,0.012547275,-0.0016940143
SMOKE · validación técnica,Wednesday,spikes,5848,7251,-0.020634733,-0.010384822,0.010249911
SMOKE · validación técnica,knowing,push,2519,2392,-0.07646108,-0.048730243,0.027730834
SMOKE · validación técnica,beard,climbs,5837,5106,0.03910007,0.024203531,-0.014896538
SMOKE · validación técnica,Lee,celebration,4238,6345,-0.036980987,-0.045282453,-0.008301467
SMOKE · validación técnica,nests,river,8063,1717,-0.06821807,0.002212245,0.07043031
SMOKE · validación técnica,dam,memories,5818,4397,-0.022519644,-0.0337178,-0.011198156
SMOKE · validación técnica,pupil,zebras,5407,7242,0.0686501,0.06258399,-0.0060661063
SMOKE · validación técnica,become,cu,2788,905,-0.13176547,-0.13242646,-0.0006609857
SMOKE · validación técnica,return,soup,2069,1938,0.11230619,0.12865841,0.016352221
SMOKE · validación técnica,disco,laugh,2071,1418,0.0036674328,0.0055317357,0.0018643029
SMOKE · validación técnica,cherry,energy,4777,4109,0.028918039,0.02144434,-0.0074736997
SMOKE · validación técnica,Sarah,delicious,1244,1426,0.03550987,0.012974769,-0.0225351
SMOKE · validación técnica,freez,mouths,4349,5392,0.0028990358,-0.019858599,-0.022757635
SMOKE · validación técnica,ceiling,im,4452,816,-0.033922978,-0.038091954,-0.004168976
SMOKE · validación técnica,do,smells,391,4341,-0.011421535,0.025677076,0.03709861
SMOKE · validación técnica,Birdy,ache,7327,7092,0.09942365,0.105810635,0.006386988
SMOKE · validación técnica,Something,slipped,5771,3071,-0.09647988,-0.09884931,-0.0023694336
SMOKE · validación técnica,cr,distract,1154,7529,-0.028179131,-0.030962288,-0.002783157
SMOKE · validación técnica,boun,jewels,2036,5063,-0.013210847,-0.014725026,-0.0015141787
SMOKE · validación técnica,shock,sweater,5921,3844,-0.15566778,-0.09602633,0.05964145
SMOKE · validación técnica,She,ribbons,313,6163,-0.04485178,-0.08788186,-0.043030083
SMOKE · validación técnica,cooked,goodies,3800,7794,0.1191595,0.12422139,0.0050618947
SMOKE · validación técnica,Mike,exerc,3636,4295,-0.040926185,-0.05052011,-0.009593926
SMOKE · validación técnica,busy,today,1973,1851,0.04458227,0.069776475,0.025194205
SMOKE · validación técnica,probably,white,7512,1577,0.080873445,-0.0084861815,-0.089359626
SMOKE · validación técnica,accident,sorting,1847,5873,-0.00505835,-0.03218686,-0.027128508
SMOKE · validación técnica,poke,study,4589,3290,-0.09042197,-0.08481324,0.00560873
SMOKE · validación técnica,holes,seemed,4030,1926,-0.11598546,-0.07696071,0.039024748
SMOKE · validación técnica,law,sore,3252,5227,-0.057800516,-0.020479303,0.037321214
SMOKE · validación técnica,broom,haircut,6075,4228,0.007066466,0.01497218,0.007905714
SMOKE · validación técnica,sharks,soapy,7933,8169,-0.042693794,-0.034253687,0.008440107
SMOKE · validación técnica,create,firemen,3566,5761,-0.019778298,-0.025103092,-0.005324794
SMOKE · validación técnica,Not,cl,5499,489,0.08182296,0.089485094,0.0076621324
SMOKE · validación técnica,broccoli,event,3891,5409,0.0059674736,0.035874866,0.029907392
SMOKE · validación técnica,gone,must,1467,1713,0.05780064,0.0039035678,-0.05389707
SMOKE · validación técnica,permission,someone,4989,1498,0.09993839,0.12078658,0.020848185
SMOKE · validación técnica,honk,opens,5833,3678,-0.015753012,-0.049062733,-0.03330972
SMOKE · validación técnica,hur,welcomed,2641,4253,0.03902132,0.047033638,0.008012317
SMOKE · validación técnica,Jill,balloon,1768,1587,-0.047831684,-0.0035610953,0.04427059
SMOKE · validación técnica,Now,firework,1492,3766,0.05450776,0.016324645,-0.038183115
SMOKE · validación técnica,dess,free,3858,1849,0.05479089,0.04025154,-0.014539354
SMOKE · validación técnica,Joey,toss,3799,7954,0.01627716,0.026421567,0.010144407
SMOKE · validación técnica,bravest,environ,7320,8171,0.051170297,0.043976434,-0.0071938634
SMOKE · validación técnica,salty,unicorn,6673,5588,0.06703522,0.058492005,-0.008543216
SMOKE · validación técnica,laundry,moder,4251,3426,0.11151993,0.122297205,0.010777272
SMOKE · validación técnica,pol,scatter,1611,3509,-0.14033642,-0.13654569,0.0037907362
SMOKE · validación técnica,center,simply,6785,7966,-0.040146515,-0.03935629,0.0007902235
SMOKE · validación técnica,grow,ripe,1624,6351,0.070021965,0.097010635,0.02698867
SMOKE · validación técnica,importance,more,6087,692,0.044241697,0.06400244,0.019760743
SMOKE · validación técnica,magnets,picks,6373,2898,0.029203653,0.03112917,0.0019255169
SMOKE · validación técnica,excitedly,neighbors,3264,5610,0.019952029,0.04258477,0.02263274
SMOKE · validación técnica,Liz,dust,5411,3547,-0.08805452,-0.070510805,0.017543718
SMOKE · validación técnica,cocoa,nearest,3721,7873,0.034150396,0.019544229,-0.014606167
SMOKE · validación técnica,lad,lake,2302,1631,-0.06947358,-0.05784768,0.011625901
SMOKE · validación técnica,frosting,steak,5876,4334,-0.052330345,-0.03566327,0.016667075
SMOKE · validación técnica,hardly,lighter,4816,6717,0.05255402,0.04597832,-0.0065757
SMOKE · validación técnica,chew,white,2739,1577,-0.016637553,-0.027761009,-0.011123456
SMOKE · validación técnica,Sorry,kisses,6632,4803,0.08079589,0.08523152,0.0044356287
SMOKE · validación técnica,Pip,flapping,5708,6686,0.0067598373,-0.022654925,-0.029414762
SMOKE · validación técnica,computer,hive,3476,3931,-0.001150243,0.02191491,0.023065154
SMOKE · validación técnica,instruct,rescued,5650,6125,-0.01842945,-0.025880668,-0.0074512176
SMOKE · validación técnica,pear,third,4688,6650,-0.003795471,-0.014539212,-0.010743741
SMOKE · validación técnica,Mabel,prepare,7433,4834,0.040766507,0.04238683,0.0016203225
SMOKE · validación técnica,envel,seed,3331,2586,-0.003400418,0.008765516,0.012165934
SMOKE · validación técnica,nearby,pitch,1954,5356,-0.12214661,-0.07854621,0.043600395
SMOKE · validación técnica,Leo,treats,2813,2398,0.03375507,0.044177763,0.010422692
SMOKE · validación técnica,det,stri,6767,3302,0.021148961,0.03752819,0.01637923
SMOKE · validación técnica,hugging,tray,6005,3899,-0.053043127,-0.07070946,-0.017666332
SMOKE · validación técnica,cows,reliable,3887,3144,0.0816044,0.06352086,-0.018083535
SMOKE · validación técnica,ladybug,with,6069,343,-0.09313086,-0.061951004,0.031179853
SMOKE · validación técnica,environ,sniffed,8171,4559,0.09288325,0.091088004,-0.0017952472
SMOKE · validación técnica,Honey,achie,7884,4945,-0.058365963,-0.053439908,0.0049260557
SMOKE · validación técnica,The,sprayed,299,4444,-0.0944499,-0.059802435,0.034647465
SMOKE · validación técnica,amaz,wool,1059,4546,-0.018233005,-0.024201127,-0.005968122
SMOKE · validación técnica,prepare,turtle,4834,3237,-0.027439378,-0.035325974,-0.007886596
SMOKE · validación técnica,bored,replace,2704,5127,0.104628704,0.07512626,-0.029502444
SMOKE · validación técnica,im,rocks,816,1924,0.11133167,0.119797304,0.008465633
SMOKE · validación técnica,land,vacation,1647,4905,0.029316682,0.047081202,0.01776452
SMOKE · validación técnica,ambulance,symbol,4479,3928,0.038657967,0.046077788,0.007419821
SMOKE · validación técnica,monkeys,wip,4114,2472,-0.022143833,-0.007695727,0.014448106
SMOKE · validación técnica,Pippin,weight,7536,5398,0.04437881,0.052069787,0.0076909773
SMOKE · validación técnica,leak,watching,4868,2130,-0.064969815,-0.06362128,0.0013485327
SMOKE · validación técnica,pile,toy,2230,513,0.16970113,0.13042581,-0.03927532
SMOKE · validación técnica,chess,glo,4599,5547,-0.12020062,-0.12161152,-0.0014109015
SMOKE · validación técnica,sofa,therm,3780,4709,-0.0848692,-0.08920283,-0.00433363
SMOKE · validación técnica,compassion,oven,3447,2306,-0.025381662,-0.011660449,0.013721213
SMOKE · validación técnica,cu,necklace,905,2578,0.10146892,0.108162016,0.006693095
SMOKE · validación técnica,needles,poster,6738,7253,-0.09720921,-0.08984065,0.007368557
SMOKE · validación técnica,hon,pan,2218,2364,0.032114256,0.040254388,0.008140132
SMOKE · validación técnica,coup,sleep,6724,1379,-0.024987292,-0.027884666,-0.0028973743
SMOKE · validación técnica,changing,emp,7395,2423,0.032625318,0.03439587,0.0017705522
SMOKE · validación técnica,Sometimes,nose,2467,2021,-0.084956884,-0.09793855,-0.012981668
SMOKE · validación técnica,ga,marshmallow,4955,7080,-0.022028014,-0.022027923,9.126961e-08
SMOKE · validación técnica,pop,rhy,2224,5214,0.057382062,0.04665275,-0.010729313
SMOKE · validación técnica,They,shivering,322,5944,0.02852033,-0.005728027,-0.03424836
SMOKE · validación técnica,Matt,Wendy,6051,7720,-0.047863096,-0.047863103,-7.450581e-09
SMOKE · validación técnica,sy,tied,7223,3516,-0.056706604,-0.04348346,0.013223145
SMOKE · validación técnica,comforting,line,8103,2529,0.0048099104,-0.010543294,-0.015353205
SMOKE · validación técnica,r,stuff,329,2736,0.029132895,0.011936813,-0.017196082
SMOKE · validación técnica,fluttered,spark,6572,1586,0.01602541,0.011875584,-0.0041498253
SMOKE · validación técnica,Bunny,rescued,4223,6125,-0.0915343,-0.0673258,0.024208501
SMOKE · validación técnica,difference,grab,5102,2118,-0.070870824,-0.04545749,0.025413334
SMOKE · validación técnica,check,revealed,2912,5374,0.09693974,0.09271343,-0.004226312
SMOKE · validación técnica,grandfather,preparing,7937,7351,-0.043975078,-0.04751548,-0.0035404041
SMOKE · validación técnica,tissue,tried,7947,733,-0.003699053,-0.08495489,-0.08125584
SMOKE · validación técnica,fort,medal,4140,4299,0.07112075,0.060089678,-0.011031069
SMOKE · validación técnica,buttons,rainbow,3075,1986,0.026790034,0.011228877,-0.015561157
SMOKE · validación técnica,posit,restore,7593,4950,0.07582002,0.044899784,-0.030920237
SMOKE · validación técnica,gets,tire,2817,3768,0.037902128,0.021615382,-0.016286746
SMOKE · validación técnica,moms,walls,3124,3145,-0.101074755,-0.07855368,0.022521079
SMOKE · validación técnica,hundred,watch,7918,1099,-0.06503672,-0.08405935,-0.019022629
SMOKE · validación técnica,ink,zipped,4497,5289,-0.055674464,-0.061030295,-0.0053558312
SMOKE · validación técnica,pout,toys,6003,684,0.043466955,0.049286246,0.005819291
SMOKE · validación técnica,delivery,feels,6175,1864,0.07169122,0.03974153,-0.03194969
SMOKE · validación técnica,carried,exciting,2539,2040,-0.0055114813,0.0038094576,0.009320939
SMOKE · validación técnica,hook,muddy,3930,5452,-0.14142096,-0.13757725,0.0038437098
SMOKE · validación técnica,fields,happily,4229,1380,0.05882299,0.095882386,0.037059397
SMOKE · validación técnica,courage,reveal,3688,6212,-0.08191328,-0.14221515,-0.06030187
SMOKE · validación técnica,belongs,underneath,4544,5634,-0.025203336,0.005693868,0.030897204
SMOKE · validación técnica,backyard,crowd,1911,5956,0.10283212,0.099581085,-0.0032510385
SMOKE · validación técnica,safely,smile,3017,1009,-0.073725626,0.032801874,0.1065275
SMOKE · validación técnica,edges,tries,7194,2371,-0.13885854,-0.10918717,0.029671371
SMOKE · validación técnica,chefs,noises,7142,1900,0.017573053,0.06309804,0.045524992
SMOKE · validación técnica,hard,that,881,357,0.02057837,-0.065551534,-0.086129904
SMOKE · validación técnica,admiration,fight,7611,1555,0.009888052,0.02705816,0.017170109
SMOKE · validación técnica,attach,comet,4505,4098,0.08240547,0.048419725,-0.033985745
SMOKE · validación técnica,amount,goodbye,7094,1136,-0.018533,0.023031961,0.041564964
SMOKE · validación técnica,Earth,looked,6283,516,0.04256858,0.07324009,0.030671507
SMOKE · validación técnica,behavi,pay,6585,2562,0.07018765,0.12627597,0.05608832
SMOKE · validación técnica,Frosty,mos,7911,4415,-0.0140699,-0.013523936,0.00054596364
SMOKE · validación técnica,presents,wear,4385,1711,0.04493206,-0.007903548,-0.052835606
SMOKE · validación técnica,Granny,choice,7487,4595,0.033818513,0.08141743,0.047598913
SMOKE · validación técnica,laid,thr,5161,1008,0.09034645,0.08757732,-0.0027691275
SMOKE · validación técnica,pink,warned,1521,3461,0.08894885,0.08648515,-0.0024637058
SMOKE · validación técnica,gra,lasers,652,7792,0.043986455,0.052778605,0.008792151
SMOKE · validación técnica,That,laug,1329,700,0.060604602,0.0936728,0.033068195
SMOKE · validación técnica,Libby,coll,8074,1801,0.030420024,0.022798894,-0.00762113
SMOKE · validación técnica,juice,ventured,1993,6070,-0.02556803,-0.010488513,0.015079518
SMOKE · validación técnica,cage,shut,2840,3581,-0.06908037,-0.076595776,-0.007515408
SMOKE · validación técnica,bandages,bump,7805,3448,-0.056759648,-0.07386467,-0.01710502
SMOKE · validación técnica,honk,loop,5833,4168,-0.14193735,-0.1394015,0.0025358498
SMOKE · validación técnica,expl,winked,753,6410,0.005438067,-0.006938547,-0.012376614
SMOKE · validación técnica,Em,cord,1487,3981,-0.08949925,-0.08960597,-0.00010672212
SMOKE · validación técnica,achie,reve,4945,4481,0.022940816,0.012753495,-0.010187321
SMOKE · validación técnica,apolog,avoc,3023,3956,0.02591854,0.023928348,-0.0019901916
SMOKE · validación técnica,stack,wat,3807,776,-0.025486102,-0.016825493,0.008660609
SMOKE · validación técnica,imp,slippery,912,4472,-0.0016306825,-0.0037456937,-0.0021150112
SMOKE · validación técnica,dancers,delicate,6490,3398,0.05465877,0.06573206,0.011073291
SMOKE · validación técnica,prin,talks,1260,7132,0.07156024,0.092595115,0.021034874
SMOKE · validación técnica,Halloween,mail,7747,1951,-0.06635443,-0.060664944,0.005689487
SMOKE · validación técnica,gasp,stayed,7058,1495,-0.12931237,-0.13158262,-0.0022702515
SMOKE · validación técnica,borrow,hitting,2936,6628,0.07015291,0.067861296,-0.0022916123
SMOKE · validación técnica,elevator,napkin,3925,4297,0.050156325,0.05079619,0.0006398633
SMOKE · validación técnica,acting,tripped,6971,4106,0.028431093,0.04218975,0.0137586575
SMOKE · validación técnica,feather,storms,2242,8064,-0.0348963,-0.029812839,0.0050834604
SMOKE · validación técnica,Well,hit,7394,1839,0.06945518,0.074440315,0.004985139
SMOKE · validación técnica,Gigi,lighter,6492,6717,0.005308682,-0.008132026,-0.013440708
SMOKE · validación técnica,Speedy,eras,7803,4031,-0.020759523,-0.021084238,-0.00032471493
SMOKE · validación técnica,imag,wre,2122,5302,0.0061938963,-0.0015362324,-0.0077301287
SMOKE · validación técnica,plan,reward,1637,3378,-0.0679584,-0.088135965,-0.020177566
SMOKE · validación técnica,Good,potion,5194,6670,0.052680112,0.029534886,-0.023145227
SMOKE · validación técnica,jumps,smells,3789,4341,0.07515139,0.09450318,0.019351788
SMOKE · validación técnica,Papa,prayed,4214,5215,-0.040849604,-0.03219374,0.008655865
SMOKE · validación técnica,adults,believe,7229,1793,-0.04020527,-0.08397765,-0.043772377
SMOKE · validación técnica,dived,repeating,7236,7667,-0.0626646,-0.06266456,3.7252903e-08
SMOKE · validación técnica,jet,stone,3758,2465,0.05491245,0.09622523,0.04131278
SMOKE · validación técnica,chickens,veil,4327,4674,-0.018723553,-0.014065087,0.004658466
SMOKE · validación técnica,automob,hadn,4700,4077,-0.05624803,-0.053383566,0.0028644651
SMOKE · validación técnica,cous,firefighters,6663,6214,0.014862906,0.0053412262,-0.00952168
SMOKE · validación técnica,Din,apologize,7888,5466,-0.017649662,-0.052629918,-0.034980256
SMOKE · validación técnica,ble,consequ,4517,6729,-0.027023496,-0.02798185,-0.0009583533
SMOKE · validación técnica,baked,pun,6088,3932,-0.019865375,-0.024081623,-0.004216248
SMOKE · validación técnica,Zero,fairy,6982,1827,0.09925168,0.109593585,0.010341905
SMOKE · validación técnica,experien,fisherman,6704,4348,-0.036919415,-0.027294619,0.009624796
SMOKE · validación técnica,calm,fairy,2369,1827,-0.07132523,-0.02047498,0.05085025
SMOKE · validación técnica,delicious,repeating,1426,7667,0.03712438,0.01570842,-0.02141596
SMOKE · validación técnica,aff,among,6389,6716,-0.0063906964,-0.033270903,-0.026880207
SMOKE · validación técnica,ac,clo,1090,732,-0.0038167164,-0.00993567,-0.006118953
SMOKE · validación técnica,dripping,louder,8024,2963,0.07969567,0.095361345,0.015665673
SMOKE · validación técnica,accompl,par,5674,2236,-0.002819512,-0.012094334,-0.009274822
SMOKE · validación técnica,dir,splas,1456,2278,-0.064298525,-0.064298496,2.9802322e-08
SMOKE · validación técnica,barking,familiar,4048,6987,-0.021449257,-0.015140964,0.006308293
SMOKE · validación técnica,ship,zipper,2689,4615,-0.045323707,-0.04835967,-0.0030359626
SMOKE · validación técnica,masks,sniffing,6613,7694,0.035277065,0.008698411,-0.026578654
SMOKE · validación técnica,garage,mug,2851,3941,0.09699711,0.09393084,-0.0030662715
SMOKE · validación técnica,jug,smelling,3553,7729,-0.026410835,-0.027864978,-0.0014541429
SMOKE · validación técnica,le,shout,492,1102,0.061551966,0.049805086,-0.01174688
SMOKE · validación técnica,castle,defe,1530,7256,0.0027356474,0.00042384118,-0.0023118062
SMOKE · validación técnica,Luna,persist,5167,3389,0.02287926,0.020607961,-0.0022712983
SMOKE · validación técnica,Nana,n,7766,295,-0.061348777,-0.07033927,-0.008990493
SMOKE · validación técnica,organized,reg,2968,2673,0.014702059,0.023277748,0.008575689
SMOKE · validación técnica,grin,tunnel,4575,3307,-0.1520862,-0.13677308,0.015313119
SMOKE · validación técnica,landsc,rolls,5652,6186,0.014649678,0.011086385,-0.0035632933
SMOKE · validación técnica,against,sighed,2984,2700,-0.062053647,-0.08246568,-0.020412032
SMOKE · validación técnica,curtains,lady,6008,1272,-0.035801094,0.01730609,0.053107183
SMOKE · validación técnica,careless,feet,3411,2341,0.03554502,0.058040116,0.022495095
SMOKE · validación técnica,happ,oysters,374,7606,-0.032359213,-0.032359283,-7.0780516e-08
SMOKE · validación técnica,leaned,wobbled,4190,6999,0.031694867,0.04995883,0.018263962
SMOKE · validación técnica,attic,luckily,3532,7533,-0.10263793,-0.08153705,0.021100879
SMOKE · validación técnica,object,pinch,3666,4534,-0.019282814,0.004873866,0.02415668
SMOKE · validación técnica,sits,stuffed,5195,4170,-0.024622703,-0.054156918,-0.029534215
SMOKE · validación técnica,gor,safety,3874,4746,-0.028563278,-0.02502583,0.0035374481
SMOKE · validación técnica,ap,film,2204,4095,0.01046655,-0.002907861,-0.013374411
SMOKE · validación técnica,middle,wake,2745,3230,-0.026458215,-0.093371436,-0.06691322
SMOKE · validación técnica,spiders,your,5617,638,0.09621675,0.09275544,-0.0034613162
SMOKE · validación técnica,jog,traveled,3253,6223,-0.16005504,-0.15401943,0.006035611
SMOKE · validación técnica,air,cob,1413,4564,0.0007254407,-0.03657867,-0.03730411
SMOKE · validación técnica,sock,swept,4234,6737,-0.06739219,-0.072817266,-0.005425073
SMOKE · validación técnica,hear,ringing,1453,4725,-0.03165566,-0.040608924,-0.008953262
SMOKE · validación técnica,completely,served,6079,5384,0.043763258,0.057800308,0.01403705
SMOKE · validación técnica,build,hearts,1458,4863,-0.0052581728,-0.01601405,-0.010755878
SMOKE · validación técnica,human,mil,3804,2054,-0.06569798,-0.060877446,0.004820537
SMOKE · validación técnica,obedient,writing,3112,4551,-0.047045313,-0.015568352,0.03147696
SMOKE · validación técnica,curled,smelled,5208,2196,0.008150516,0.008118819,-3.1696633e-05
SMOKE · validación técnica,apples,wine,2216,4871,-0.008982565,0.028962778,0.037945345
SMOKE · validación técnica,form,spoons,8090,5434,0.024530884,0.027998203,0.0034673195
SMOKE · validación técnica,belts,investig,7409,4509,-0.14079776,-0.14161709,-0.00081932545
SMOKE · validación técnica,bikes,juicy,4178,2845,-0.026793303,-0.020276759,0.006516544
SMOKE · validación técnica,fairies,quar,6523,4115,0.055683378,0.054923482,-0.0007598959
SMOKE · validación técnica,che,ended,859,4064,0.09411326,0.103468716,0.009355456
SMOKE · validación técnica,cott,has,6338,1034,0.09949361,0.05545031,-0.0440433
SMOKE · validación técnica,landed,ol,2513,3873,0.0953241,0.1001222,0.0047980994
SMOKE · validación técnica,bir,succeed,527,3906,0.0986649,0.10763653,0.0089716315
SMOKE · validación técnica,little,say,396,495,-0.01918509,-0.069081455,-0.049896367
SMOKE · validación técnica,brilliant,pee,3130,3004,0.011814624,0.02615899,0.014344366
SMOKE · validación técnica,center,shoulders,6785,5760,-0.028291529,-0.03030457,-0.0020130407
SMOKE · validación técnica,anyone,close,2141,1443,0.06354526,0.054396138,-0.009149119
SMOKE · validación técnica,Birdy,ey,7327,988,0.019433185,0.019433126,-5.9604645e-08
SMOKE · validación técnica,bra,rush,844,5170,0.09253088,0.14114349,0.04861261
SMOKE · validación técnica,Lucky,zigzag,5733,5782,0.03145128,0.03459304,0.003141757
SMOKE · validación técnica,offer,rise,4426,4831,0.07295438,0.08495441,0.012000032
SMOKE · validación técnica,birdc,week,5145,2832,-0.027456777,-0.020008797,0.0074479803
SMOKE · validación técnica,clap,soapy,2809,8169,-0.10235316,-0.10246849,-0.00011532754
SMOKE · validación técnica,stick,vet,1131,4383,-0.0352657,-0.036037765,-0.0007720664
SMOKE · validación técnica,forgotten,growing,4406,3482,-0.039007537,-0.03287196,0.0061355755
SMOKE · validación técnica,el,interesting,1474,2178,-0.02662656,-0.008000389,0.018626172
SMOKE · validación técnica,Dad,Splash,1042,7715,-0.0650665,-0.083888166,-0.018821664
SMOKE · validación técnica,chat,taught,5969,2600,0.18069959,0.14031765,-0.04038194
SMOKE · validación técnica,birdcage,made,5153,559,0.05867179,0.0495969,-0.009074893
SMOKE · validación técnica,Tilly,ruined,6120,2833,-0.06415592,-0.05041033,0.013745591
SMOKE · validación técnica,cle,eat,833,756,0.076163076,0.10474762,0.028584547
SMOKE · validación técnica,jogging,suc,5135,2167,0.060521398,0.049543753,-0.0109776445
SMOKE · validación técnica,diamonds,thanking,7666,7796,-0.097050525,-0.11349981,-0.016449288
SMOKE · validación técnica,higher,pudd,1816,2137,-0.09847169,-0.09612932,0.0023423731
SMOKE · validación técnica,de,ob,1092,1999,0.043625366,0.052023098,0.008397732
SMOKE · validación técnica,ham,lines,3015,5607,0.00888465,-0.02244133,-0.03132598
SMOKE · validación técnica,one,pile,626,2230,-0.0121908495,0.043712255,0.055903103
SMOKE · validación técnica,fought,gir,4684,3770,-0.0261454,-0.029598758,-0.0034533571
SMOKE · validación técnica,ready,sugar,1251,2920,-0.005519107,-0.006290756,-0.0007716492
SMOKE · validación técnica,coll,understand,1801,1465,0.07579432,0.053207055,-0.022587262
SMOKE · validación técnica,beehive,third,8037,6650,-0.010729117,-0.015201237,-0.0044721197
SMOKE · validación técnica,deser,writes,5950,5714,-0.006451603,-0.036568917,-0.030117314
SMOKE · validación técnica,eas,embarrass,2127,6597,-0.0123318955,-0.010370344,0.0019615516
SMOKE · validación técnica,cart,darling,2321,6591,-0.06315134,-0.044209264,0.018942073
SMOKE · validación técnica,keeps,mood,5747,7680,-0.05167886,-0.05712323,-0.00544437
SMOKE · validación técnica,beehive,kneel,8037,4848,-0.056525346,-0.021302253,0.035223093
SMOKE · validación técnica,eat,ruler,756,5954,-1.6268343e-05,-0.007488407,-0.007472139
SMOKE · validación técnica,guessing,these,7860,2656,0.02722473,-0.018831827,-0.046056557
SMOKE · validación técnica,burned,wonders,4548,5751,-0.0070877476,0.0067336317,0.013821379
SMOKE · validación técnica,scen,shivered,7318,5826,-0.027663771,-0.03213566,-0.0044718906
SMOKE · validación técnica,Co,pain,4996,1194,-0.05953925,-0.06550046,-0.0059612095
SMOKE · validación técnica,Benny,taller,1464,4957,0.0515483,0.10086536,0.04931706
SMOKE · validación técnica,kicked,washed,3318,3456,-0.046568833,-0.036173906,0.010394927
SMOKE · validación técnica,wood,zipped,1376,5289,0.102751404,0.07207432,-0.030677088
SMOKE · validación técnica,encouragement,manage,7942,5133,0.037684586,0.037098624,-0.0005859621
SMOKE · validación técnica,ner,took,2633,659,-0.046610046,-0.015503403,0.031106643
SMOKE · validación técnica,Mrs,foot,3121,2291,-0.053077634,-0.01681423,0.036263406
SMOKE · validación técnica,av,chirped,2524,5201,-0.07039343,-0.06548801,0.0049054176
SMOKE · validación técnica,come,scold,880,4047,0.083122164,0.075550824,-0.0075713396
SMOKE · validación técnica,cou,matching,1983,5912,0.04029744,0.052755132,0.012457691
SMOKE · validación técnica,Every,click,731,5885,0.041403282,-0.0042994106,-0.045702692
SMOKE · validación técnica,balance,pan,3065,2364,0.04760052,0.06615561,0.018555094
SMOKE · validación técnica,laying,stolen,7532,6242,0.014585149,0.05015227,0.03556712
SMOKE · validación técnica,hig,whoever,1772,7959,0.015181581,0.029148525,0.013966944
SMOKE · validación técnica,Mr,gazing,1815,7755,-0.0960114,-0.0886589,0.007352501
SMOKE · validación técnica,bulb,seeing,4285,4281,0.037649117,0.027545651,-0.010103466
SMOKE · validación técnica,dollhouse,muffins,6945,6017,-0.052257076,-0.04754654,0.0047105365
SMOKE · validación técnica,conflict,giving,7424,3001,0.029002264,0.005767325,-0.02323494
SMOKE · validación técnica,knee,sending,2425,7305,0.057555027,0.07950118,0.021946155
SMOKE · validación técnica,frown,ord,3032,2885,-0.080053866,-0.08743191,-0.0073780417
SMOKE · validación técnica,meadow,tur,2462,3801,-0.022799993,-0.00044529792,0.022354696
SMOKE · validación técnica,goodnight,sill,5988,7621,-0.06906691,-0.07735571,-0.008288801
SMOKE · validación técnica,eag,soaking,2253,7589,-0.04523481,-0.045234837,-2.6077032e-08
SMOKE · validación técnica,fall,glass,1578,2719,-0.08984964,-0.0929907,-0.003141053
SMOKE · validación técnica,Al,shap,2413,1698,0.02556118,0.02728147,0.0017202906
SMOKE · validación técnica,eld,exciting,2810,2040,0.12414409,0.09042415,-0.033719942
SMOKE · validación técnica,lettuce,pretending,6825,3775,-0.0915814,-0.06756276,0.024018638
SMOKE · validación técnica,ax,drops,3872,4390,-0.08264407,-0.043120928,0.03952314
SMOKE · validación técnica,mighty,muscles,2917,5727,-0.026016887,-0.029477509,-0.0034606215
SMOKE · validación técnica,Mama,bunnies,2100,5589,-0.025345134,0.0032064328,0.028551567
SMOKE · validación técnica,independent,wipe,3259,4677,0.020498525,-0.013712302,-0.034210827
SMOKE · validación técnica,fashion,umbrella,5495,3550,-0.14069355,-0.12203411,0.018659435
SMOKE · validación técnica,apples,sadness,2216,5579,0.049425043,0.059452735,0.010027692
SMOKE · validación técnica,bones,giraff,5520,6473,-0.0112228505,-0.001749143,0.0094737075
SMOKE · validación técnica,Bu,accidents,3226,5603,-0.009904187,-0.022762205,-0.012858018
SMOKE · validación técnica,board,slowly,2892,1677,0.0014419015,0.0005857218,-0.00085617974
SMOKE · validación técnica,flap,whole,5491,2199,0.032857418,0.04119753,0.008340113
SMOKE · validación técnica,aut,buying,4561,6300,0.028259818,0.02445595,-0.0038038678
SMOKE · validación técnica,sizes,yells,4721,6690,-0.042264704,-0.03439153,0.007873174
SMOKE · validación técnica,Betty,bucket,6433,1936,0.012592902,0.04287112,0.030278219
SMOKE · validación técnica,clever,peacefully,2197,6828,-0.021250218,0.004849909,0.026100127
SMOKE · validación técnica,breathed,mints,7020,7603,-0.076131746,-0.06460063,0.011531115
SMOKE · validación técnica,cro,repl,2556,1070,-0.05705417,-0.06361698,-0.006562814
SMOKE · validación técnica,Be,cleaner,2705,7503,-0.14869368,-0.12916753,0.019526154
SMOKE · validación técnica,dif,wide,1036,2142,-0.12969388,-0.1157106,0.0139832795
SMOKE · validación técnica,near,waited,1087,1615,-0.009196036,-0.07017956,-0.060983524
SMOKE · validación técnica,jungle,vine,2460,3936,-0.067173764,-0.06838534,-0.0012115762
SMOKE · validación técnica,delay,thumb,4745,4697,-0.030981297,-0.011037182,0.019944115
SMOKE · validación técnica,er,visits,3528,8060,0.0013831556,0.0028450713,0.0014619157
SMOKE · validación técnica,blackboard,glittering,4751,8175,-0.10674173,-0.09548654,0.01125519
SMOKE · validación técnica,Rex,surfing,2791,7241,-0.012887466,-0.009452818,0.0034346478
SMOKE · validación técnica,belongs,carrot,4544,1763,-0.029433854,0.0041846037,0.033618458
SMOKE · validación técnica,shaped,turns,7133,1921,0.039783824,0.051457167,0.011673342
SMOKE · validación técnica,enthusiastic,eraser,4089,4146,-0.006278245,-0.019089282,-0.012811037
SMOKE · validación técnica,direct,salt,6237,3842,-0.1532434,-0.15057185,0.0026715398
SMOKE · validación técnica,glasses,sign,6460,1789,-0.05398965,-0.048375756,0.0056138933
SMOKE · validación técnica,lied,pine,5819,4502,0.08733308,0.062380858,-0.024952225
SMOKE · validación técnica,collar,sails,3728,7116,0.012310348,-0.032301985,-0.044612333
SMOKE · validación técnica,avocados,inj,6833,7336,0.009060548,0.0056995754,-0.0033609723
SMOKE · validación técnica,Froggy,reg,7744,2673,0.111079685,0.100650735,-0.01042895
SMOKE · validación técnica,frowning,tripped,7414,4106,-0.027446795,0.012260092,0.039706886
SMOKE · validación técnica,circles,dre,3054,828,0.06100166,0.037131086,-0.023870572
SMOKE · validación técnica,horns,thick,5916,2847,-0.077809095,-0.09343189,-0.015622795
SMOKE · validación técnica,nobody,pan,3824,2364,-0.075397864,-0.062272847,0.013125017
SMOKE · validación técnica,behavi,flav,6585,5277,0.03395026,0.058590475,0.024640214
SMOKE · validación técnica,hung,otters,3642,7484,-0.09230551,-0.07542877,0.016876742
SMOKE · validación técnica,Tweety,boat,3473,1123,0.031466726,0.067308985,0.03584226
SMOKE · validación técnica,destroyed,solving,4940,7773,0.024385914,0.05261288,0.028226964
SMOKE · validación técnica,Sw,hitting,7430,6628,0.09930139,0.09982747,0.00052607805
SMOKE · validación técnica,bracelet,track,3837,3163,0.07103282,0.12409268,0.05305986
SMOKE · validación técnica,bald,dep,3042,8085,0.00061760005,-0.0070209075,-0.0076385075
SMOKE · validación técnica,pare,sighs,1258,6290,0.026969219,0.032239288,0.0052700695
SMOKE · validación técnica,clearly,wreck,8107,5582,-0.030411465,-0.034511425,-0.0040999595
SMOKE · validación técnica,Before,two,5019,904,0.09795529,0.054451175,-0.04350411
SMOKE · validación técnica,certain,grandparents,7311,7381,-0.07162197,-0.07413734,-0.0025153682
SMOKE · validación técnica,east,magazines,5809,8110,0.122976445,0.12458784,0.0016113967
SMOKE · validación técnica,at,em,452,1687,-0.023576185,-0.052664697,-0.029088512
SMOKE · validación técnica,rip,teaching,6633,5042,0.079664424,0.07055743,-0.009106994
SMOKE · validación técnica,Brian,envel,8155,3331,0.040843,0.040842995,-3.7252903e-09
SMOKE · validación técnica,poppy,watered,5399,5192,0.075375274,0.0746118,-0.0007634759
SMOKE · validación técnica,flapping,warning,6686,5137,-0.025180692,0.0009307135,0.026111405
SMOKE · validación técnica,impre,tramp,2272,6867,0.07020141,0.070201404,-7.450581e-09
SMOKE · validación técnica,solve,turned,3297,1544,0.007571839,0.06000338,0.052431542
SMOKE · validación técnica,accom,works,5616,5350,-0.060667906,-0.051788386,0.00887952
SMOKE · validación técnica,magaz,strang,4473,5281,-0.026976917,-0.026976945,-2.7939677e-08
SMOKE · validación técnica,goal,nam,3918,476,0.0756118,0.081600785,0.0059889853
SMOKE · validación técnica,forest,strip,1074,4232,0.0616411,0.03294856,-0.02869254
SMOKE · validación técnica,rolls,strong,6186,1089,0.024703717,0.04472936,0.020025643
SMOKE · validación técnica,Zoey,sadder,6925,8181,0.011476601,0.011476592,-8.381903e-09
SMOKE · validación técnica,Sm,remind,3779,2325,-0.02847019,-0.02273374,0.0057364497
SMOKE · validación técnica,destro,sweep,3570,8030,-0.042624608,-0.052928794,-0.0103041865
SMOKE · validación técnica,Car,smiles,5831,1604,-0.02518997,-0.047541525,-0.022351556
SMOKE · validación técnica,blinked,smiles,4740,1604,-0.09050745,-0.019310126,0.07119732
SMOKE · validación técnica,Hallow,spid,7716,2175,-0.0341353,-0.034135334,-3.3527613e-08
SMOKE · validación técnica,Mimi,climbed,5002,1567,-0.05146245,-0.08286141,-0.03139896
SMOKE · validación técnica,could,serve,453,4825,-0.15921539,-0.12224904,0.036966354
SMOKE · validación técnica,put,tutor,574,5033,-0.05667168,-0.03637402,0.020297658
SMOKE · validación técnica,breaking,quick,5715,1053,0.022415891,0.053434454,0.031018563
SMOKE · validación técnica,everyone,rocked,1072,5635,0.04271618,0.0577828,0.01506662
SMOKE · validación técnica,coup,thud,6724,7214,-0.058154233,-0.05063899,0.007515244
SMOKE · validación técnica,soared,sorry,5257,742,0.070805684,0.06708625,-0.0037194341
SMOKE · validación técnica,asks,smelly,1669,2734,0.11273521,0.15457615,0.04184094
SMOKE · validación técnica,flood,leaves,5207,1499,-0.03520276,-0.074388966,-0.039186206
SMOKE · validación técnica,fragile,rhinoceros,3266,4315,0.038579747,0.056856953,0.018277206
SMOKE · validación técnica,pump,twisty,2991,7213,-0.08148573,-0.0829988,-0.0015130639
SMOKE · validación técnica,Cle,louder,7724,2963,0.05755923,0.05890406,0.0013448298
SMOKE · validación técnica,awoke,bouquet,7540,8079,-0.011799552,-0.011799555,-3.7252903e-09
SMOKE · validación técnica,beam,stern,6709,6364,-0.026447417,-0.023048498,0.0033989195
SMOKE · validación técnica,costume,very,4044,384,-0.02887605,-0.0063605886,0.02251546
SMOKE · validación técnica,ducks,lifting,2206,7118,-0.042233057,-0.026880436,0.015352622
SMOKE · validación técnica,park,wor,566,538,-0.01520732,-0.01632753,-0.0011202097
SMOKE · validación técnica,dizzy,streamers,2995,7415,0.010906682,0.004990604,-0.0059160786
SMOKE · validación técnica,angel,now,3285,962,0.06840075,0.03960212,-0.028798629
SMOKE · validación técnica,bricks,office,5172,3142,0.06461065,0.065471224,0.00086057186
SMOKE · validación técnica,firef,glove,4669,4243,-0.01925202,-0.019404124,-0.0001521036
SMOKE · validación técnica,place,since,1121,4510,-0.08638857,-0.08577722,0.00061134994
SMOKE · validación técnica,acting,twig,6971,3135,-0.012691284,-0.014698159,-0.0020068754
SMOKE · validación técnica,memory,mixing,5267,5929,-0.107881635,-0.07973258,0.028149053
SMOKE · validación técnica,drop,wave,2802,2355,-0.0041402634,0.005096242,0.009236505
SMOKE · validación técnica,decide,favour,2948,2962,-0.03901084,-0.03416297,0.004847873
SMOKE · validación técnica,Ginger,worm,8056,2323,0.032260507,0.034565493,0.0023049861
SMOKE · validación técnica,delayed,puppet,7910,7671,0.06118798,0.06583017,0.0046421923
SMOKE · validación técnica,disturb,focused,3938,7077,-0.12912108,-0.12597784,0.003143236
SMOKE · validación técnica,seeing,thinks,4281,1720,-0.10003149,-0.08670017,0.013331316
SMOKE · validación técnica,Everywhere,tested,2385,7136,-0.03320722,0.028592113,0.061799332
SMOKE · validación técnica,price,water,5235,744,0.067156926,0.067714415,0.0005574897
SMOKE · validación técnica,laundry,scratch,4251,5050,0.017875137,0.00824118,-0.0096339565
SMOKE · validación técnica,poking,went,5963,467,-0.056773704,-0.024625842,0.032147862
SMOKE · validación técnica,Your,lend,3552,4307,0.0046939477,-0.025229324,-0.029923271
SMOKE · validación técnica,Th,sort,1205,4078,0.010939525,-0.0075646024,-0.018504128
SMOKE · validación técnica,Happy,poss,6535,7207,-0.0667104,-0.04857566,0.01813474
SMOKE · validación técnica,screen,vel,3453,5253,0.033315547,0.03314223,-0.0001733154
SMOKE · validación técnica,eld,rained,2810,5377,-0.016694859,-0.030539254,-0.013844395
SMOKE · validación técnica,sailboat,windy,6493,6848,-0.013358813,0.0019423924,0.015301205
SMOKE · validación técnica,buildings,burned,5231,4548,-0.10242362,-0.12397052,-0.0215469
SMOKE · validación técnica,fact,vegg,6726,7601,-0.06772165,-0.060916528,0.006805122
SMOKE · validación técnica,Lizzie,decl,6406,7793,0.00037200656,0.007804018,0.0074320114
SMOKE · validación técnica,collapsed,leap,8076,6227,-0.031650286,-0.03488493,-0.0032346435
SMOKE · validación técnica,grandparents,laug,7381,700,0.013132513,0.020488363,0.00735585
SMOKE · validación técnica,instruments,new,7836,575,0.011316229,0.03835795,0.027041722
SMOKE · validación técnica,cow,treats,2007,2398,0.057083093,0.101494834,0.04441174
SMOKE · validación técnica,aimed,once,7269,2906,0.03626017,0.04139795,0.0051377825
SMOKE · validación técnica,puts,sunny,2232,2099,0.12003912,0.08568583,-0.034353293
SMOKE · validación técnica,proudly,seems,3139,6189,-0.057700783,-0.029336572,0.028364211
SMOKE · validación técnica,jour,veterinarian,1869,4438,0.0021556579,-0.011692278,-0.013847936
SMOKE · validación técnica,firm,magic,6110,1270,0.040046897,0.033500444,-0.0065464526
SMOKE · validación técnica,of,pro,344,1737,0.028484406,0.02016871,-0.008315695
SMOKE · validación técnica,acted,mud,5877,2270,-0.057288095,-0.053409584,0.0038785115
SMOKE · validación técnica,plastic,shine,4457,3764,-0.02040926,-0.017352186,0.0030570738
SMOKE · validación técnica,laugh,remind,1418,2325,-0.041358322,-0.07032334,-0.028965019
SMOKE · validación técnica,sur,upset,2215,1896,-0.05402493,-0.07225805,-0.018233117
SMOKE · validación técnica,amaz,olives,1059,5483,-0.073464796,-0.073464796,0.0
SMOKE · validación técnica,grown,pillow,3045,2628,-0.007555807,-0.0057352968,0.0018205103
SMOKE · validación técnica,nice,slam,787,6714,0.030290497,-0.0044342093,-0.034724705
SMOKE · validación técnica,Many,ap,6329,2204,-0.011183687,0.030701734,0.04188542
SMOKE · validación técnica,perm,voices,3545,5658,0.08372962,0.08894622,0.005216606
SMOKE · validación técnica,luckily,simply,7533,7966,-0.027788546,-0.02778855,-3.7252903e-09
SMOKE · validación técnica,hut,purse,4394,3769,0.02355503,0.052080728,0.028525699
SMOKE · validación técnica,nail,sweat,3724,7935,0.15654781,0.1565134,-3.4421682e-05
SMOKE · validación técnica,explore,wal,957,602,0.016607894,0.024180416,0.0075725224
SMOKE · validación técnica,gas,m,2607,281,-0.0066910908,-0.017552003,-0.0108609125
SMOKE · validación técnica,excited,pudd,609,2137,0.08228799,0.11349929,0.031211302
SMOKE · validación técnica,agree,sigh,4735,4923,-0.06252234,-0.03233975,0.030182585
SMOKE · validación técnica,cobweb,exploring,4637,1915,0.031754166,-0.0008392446,-0.03259341
SMOKE · validación técnica,enthusi,though,7039,1958,0.008972131,0.033869654,0.024897523
SMOKE · validación técnica,brick,decorate,5312,3843,-0.019814521,-0.020979129,-0.0011646077
SMOKE · validación técnica,enjoyed,glued,1409,7154,0.066680305,0.06650754,-0.00017276406
SMOKE · validación técnica,batteries,going,7119,950,0.01598503,0.02845256,0.01246753
SMOKE · validación técnica,carp,liquid,3703,6239,-0.026367186,-0.030642875,-0.004275689
SMOKE · validación técnica,cars,thick,1346,2847,-0.08211142,-0.038132202,0.043979216
SMOKE · validación técnica,believed,swooped,5024,6284,-0.00340599,-0.008534232,-0.005128242
SMOKE · validación técnica,can,pale,480,3625,-0.08541084,-0.11193688,-0.026526041
SMOKE · validación técnica,electric,short,7963,4051,-0.039258778,-0.060513362,-0.021254584
SMOKE · validación técnica,accomplished,warn,7700,5311,-0.008319249,-0.028429173,-0.020109924
SMOKE · validación técnica,amount,battle,7094,7462,0.067753814,0.06857599,0.000822179
SMOKE · validación técnica,Zoey,danced,6925,2237,0.077115506,0.051672623,-0.025442883
SMOKE · validación técnica,diary,forgi,4276,5843,0.034490064,0.030700475,-0.0037895888
SMOKE · validación técnica,nation,ordinary,5094,3622,0.021714687,0.018999971,-0.002714716
SMOKE · validación técnica,contain,day,5224,356,-0.10316282,-0.12987228,-0.02670946
SMOKE · validación técnica,address,balan,7558,4935,0.0056135096,0.007918565,0.002305055
SMOKE · validación técnica,Jessica,whistling,6452,5128,0.0535259,0.041142214,-0.0123836845
SMOKE · validación técnica,blueber,bright,3610,1095,-0.0035736077,-0.007688809,-0.0041152015
SMOKE · validación técnica,hills,slower,4755,6947,0.008798545,0.037794042,0.028995497
SMOKE · validación técnica,bookcase,pulls,4703,4052,0.0035680628,0.002369606,-0.0011984569
SMOKE · validación técnica,impossible,weigh,6467,4734,-0.06651907,-0.06158213,0.0049369372
SMOKE · validación técnica,beside,numbers,5364,3395,0.08828078,0.051064692,-0.03721609
SMOKE · validación técnica,free,tricycle,1849,7597,-0.087830454,-0.07169902,0.01613143
SMOKE · validación técnica,begged,grandson,5013,7936,0.0023846887,-0.0066371337,-0.009021822
SMOKE · validación técnica,Queen,beehive,7045,8037,-0.111153886,-0.11118553,-3.1642616e-05
SMOKE · validación técnica,remained,rescued,5182,6125,0.074266054,0.08536273,0.011096679
SMOKE · validación técnica,memb,nibb,7655,7152,0.039528787,0.039528795,7.450581e-09
SMOKE · validación técnica,direction,faced,6019,6282,-0.033010293,-0.033582546,-0.000572253
SMOKE · validación técnica,sails,surroundings,7116,6810,0.004768595,-0.012263894,-0.01703249
SMOKE · validación técnica,Snuggles,achieve,7073,5995,-0.062016577,-0.05662674,0.0053898357
SMOKE · validación técnica,ear,helpers,2110,6843,-0.008096189,-0.019253615,-0.011157426
SMOKE · validación técnica,afford,chases,6786,6085,-0.13359518,-0.12071861,0.01287657
SMOKE · validación técnica,cheek,tast,4493,1297,-0.026787499,-0.037306763,-0.010519264
SMOKE · validación técnica,rough,solut,3087,5681,0.06737342,0.058494736,-0.008878682
SMOKE · validación técnica,begged,cord,5013,3981,-0.07743523,-0.07381091,0.00362432
SMOKE · validación técnica,Emily,earlier,2308,4779,0.030564832,0.039639108,0.009074276
SMOKE · validación técnica,Rex,clever,2791,2197,-0.098137304,-0.07991042,0.018226884
SMOKE · validación técnica,helicopter,throat,4288,6140,0.0016125133,0.020275112,0.018662598
SMOKE · validación técnica,spaces,winked,5383,6410,-0.011762443,-0.022180188,-0.010417745
SMOKE · validación técnica,clap,gif,2809,1723,-0.066720694,-0.08027524,-0.013554543
SMOKE · validación técnica,arg,end,3012,814,0.09446117,0.10243979,0.007978618
SMOKE · validación técnica,fire,steep,1236,5887,-0.022290908,0.024738649,0.047029555
SMOKE · validación técnica,Mia,anywhere,861,3685,-0.037360977,-0.00016880501,0.037192173
SMOKE · validación técnica,depend,stung,3059,7067,-0.07675567,-0.07763916,-0.00088348985
SMOKE · validación técnica,budge,shouldn,5712,4325,0.06436508,0.046225388,-0.018139694
SMOKE · validación técnica,scrambled,when,7705,583,0.027708929,0.058669195,0.030960266
SMOKE · validación técnica,already,quack,3053,4627,-0.009240381,-0.023507617,-0.014267236
SMOKE · validación técnica,better,scatter,815,3509,0.08023303,0.06671666,-0.0135163665
SMOKE · validación técnica,laughs,provide,3217,5096,-0.11659811,-0.123439915,-0.0068418086
SMOKE · validación técnica,op,pipe,728,4112,0.076607354,0.081004895,0.0043975413
SMOKE · validación técnica,gathered,snakes,2601,6150,0.0737727,0.05320864,-0.020564057
SMOKE · validación técnica,chirping,digging,5075,4984,0.020408131,-0.015972048,-0.03638018
SMOKE · validación técnica,Can,difficult,1347,3014,0.1483082,0.10352071,-0.044787496
SMOKE · validación técnica,Elsie,Zero,7869,6982,-0.05279908,-0.046772543,0.006026536
SMOKE · validación técnica,hedgehog,spaghetti,6474,3592,-0.031004818,-0.00029876456,0.030706054
SMOKE · validación técnica,qui,spicy,7688,2486,0.042177152,0.045781553,0.003604401
SMOKE · validación técnica,bridge,wand,2676,2976,-0.007398948,0.033689804,0.041088752
SMOKE · validación técnica,comfortable,cott,2627,6338,0.02042722,0.04172989,0.02130267
SMOKE · validación técnica,drain,saf,4939,2186,0.02153274,0.006150052,-0.0153826885
SMOKE · validación técnica,neighbour,shiny,3976,974,0.06427324,0.046789855,-0.017483383
SMOKE · validación técnica,amazement,jewel,4650,3040,0.11325646,0.13208267,0.018826209
SMOKE · validación técnica,Despite,aunt,8016,3497,0.03173648,0.03889459,0.007158112
SMOKE · validación técnica,grate,regret,1699,4671,0.011347927,0.017559912,0.006211985
SMOKE · validación técnica,fit,grant,2029,5830,-0.04243769,-0.015761474,0.026676217
SMOKE · validación técnica,instruct,sank,5650,7146,0.05448205,0.05140897,-0.0030730814
SMOKE · validación técnica,bouncing,min,4525,1848,0.020723652,0.022360004,0.0016363524
SMOKE · validación técnica,alert,cookie,3862,2335,-0.012054311,0.0151493475,0.027203659
SMOKE · validación técnica,mar,tomatoes,1540,5353,-0.041943897,-0.043413088,-0.0014691912
SMOKE · validación técnica,Both,flies,6352,4395,0.10082273,0.07826772,-0.022555009
SMOKE · validación técnica,copy,realized,6761,1231,-0.08738731,-0.04443832,0.042948987
SMOKE · validación técnica,anymore,handle,1173,3382,-0.03462587,0.043742508,0.07836838
SMOKE · validación técnica,concert,plane,7837,2179,0.014441671,0.030898321,0.01645665
SMOKE · validación técnica,history,silent,5478,6886,-0.07081273,-0.052567996,0.018244736
SMOKE · validación técnica,modest,surround,4005,4527,0.057884,0.05274178,-0.0051422194
SMOKE · validación técnica,insect,squish,4612,6556,0.051268794,0.0575523,0.0062835068
SMOKE · validación técnica,choices,folding,6793,6526,0.085076205,0.056548133,-0.028528072
SMOKE · validación técnica,Cat,David,5523,6065,0.09792181,0.089558154,-0.008363657
SMOKE · validación técnica,paddled,trap,6267,3420,0.01687428,0.014839001,-0.0020352788
SMOKE · validación técnica,Danny,elephant,4766,1934,0.02327207,0.05402478,0.03075271
SMOKE · validación técnica,flew,stro,918,4658,-0.13934888,-0.12760262,0.011746258
SMOKE · validación técnica,jumps,roads,3789,6050,-0.042980693,-0.03132741,0.011653282
SMOKE · validación técnica,br,not,525,395,0.048802998,0.08005906,0.03125606
SMOKE · validación técnica,hairy,recipe,3419,6949,0.013132263,0.027491162,0.014358899
SMOKE · validación técnica,bal,stopping,2572,7525,0.017819446,0.010381775,-0.0074376706
SMOKE · validación técnica,Squeaky,health,7539,6607,-0.05912725,-0.059127226,2.2351742e-08
SMOKE · validación técnica,Sadly,painting,6156,3076,-0.13993925,-0.14772357,-0.007784322
SMOKE · validación técnica,gest,today,7274,1851,-0.0016932106,-0.009146247,-0.0074530365
SMOKE · validación técnica,rich,shap,3048,1698,0.1091985,0.11395176,0.0047532544
SMOKE · validación técnica,joked,speeding,7798,7810,-0.029758044,-0.046143364,-0.01638532
SMOKE · validación técnica,apologised,nasty,7665,7819,-0.105947345,-0.10706002,-0.0011126772
SMOKE · validación técnica,horns,remember,5916,1063,0.020012967,0.008338112,-0.011674855
SMOKE · validación técnica,market,reading,3083,3663,0.0039498582,-0.012817655,-0.016767513
SMOKE · validación técnica,Zoe,moving,5481,2835,-0.008728631,-0.0072916523,0.0014369786
SMOKE · validación técnica,fo,generous,800,2637,0.05553105,0.042894967,-0.012636084
SMOKE · validación técnica,another,belly,1327,6382,0.012684561,0.05140478,0.03872022
SMOKE · validación técnica,Ryan,hid,7728,1447,0.12628226,0.12574762,-0.00053463876
SMOKE · validación técnica,often,rubbing,2663,5901,0.056944147,0.04181038,-0.015133768
SMOKE · validación técnica,Satur,hears,8191,2545,-0.0020508766,-0.044305876,-0.042255
SMOKE · validación técnica,gate,shorts,2671,7908,0.0030922368,0.0027361363,-0.0003561005
SMOKE · validación técnica,attach,treat,4505,1638,-0.04654087,-0.060018275,-0.013477404
SMOKE · validación técnica,some,spices,519,7012,0.074068934,0.054507427,-0.019561507
SMOKE · validación técnica,carp,fed,3703,5242,0.053903624,0.049179193,-0.004724432
SMOKE · validación técnica,Nana,minut,7766,2274,-0.094171844,-0.08242002,0.011751823
SMOKE · validación técnica,harbor,lovely,4854,2184,-0.057372727,-0.014991134,0.042381592
SMOKE · validación técnica,Frosty,power,7911,2083,0.07082966,0.08043238,0.009602718
SMOKE · validación técnica,teac,wardrobe,1800,4597,-0.08290739,-0.08723728,-0.00432989
SMOKE · validación técnica,cubes,impro,7075,3748,0.04541555,0.06940977,0.023994222
SMOKE · validación técnica,lux,pin,5792,2534,0.1261032,0.13474366,0.008640468
SMOKE · validación técnica,relief,with,6048,343,-0.037320323,-0.042670004,-0.005349681
SMOKE · validación técnica,tight,write,1463,2320,-0.086422,-0.08627599,0.00014600903
SMOKE · validación técnica,extraordinary,herself,7964,1430,0.034635827,0.031442076,-0.003193751
SMOKE · validación técnica,bre,marching,1062,5300,-0.023660537,-0.004426485,0.019234052
SMOKE · validación técnica,Martha,colours,7701,3959,-0.058826093,-0.06107896,-0.0022528656
SMOKE · validación técnica,Robbie,spun,7041,3000,0.062952794,0.06299927,4.647672e-05
SMOKE · validación técnica,several,tire,7549,3768,0.09324223,0.079313874,-0.013928354
SMOKE · validación técnica,ke,obeyed,647,8174,0.12155722,0.1264291,0.004871875
SMOKE · validación técnica,Spark,wobbly,5641,7255,-0.006390929,-0.011828318,-0.005437389
SMOKE · validación técnica,Bongo,prevented,7250,8173,-0.08278304,-0.07137087,0.0114121735
SMOKE · validación técnica,promise,shook,2123,1945,-0.030543998,-0.0930404,-0.0624964
SMOKE · validación técnica,nectar,vines,6303,7760,-0.10453443,-0.10008476,0.004449673
SMOKE · validación técnica,Ralph,jogged,7114,5758,0.028930917,0.025678422,-0.003252495
SMOKE · validación técnica,Mabel,passed,7433,2648,0.051738888,0.056900695,0.005161807
SMOKE · validación técnica,breaks,created,4365,4254,-0.13178441,-0.11668509,0.015099317
SMOKE · validación técnica,stepped,su,1758,1978,0.048231147,0.04961843,0.0013872832
SMOKE · validación técnica,And,costumes,849,5516,-0.10358885,-0.097712375,0.005876474
SMOKE · validación técnica,bag,guard,1363,3521,0.045375776,0.027569098,-0.017806677
SMOKE · validación técnica,catch,hair,1313,1351,0.03089077,0.01906294,-0.01182783
SMOKE · validación técnica,moo,wor,7247,538,0.05064098,0.051743962,0.0011029802
SMOKE · validación técnica,embarrassed,of,2424,344,0.02018236,-0.01496814,-0.0351505
SMOKE · validación técnica,Wednesday,ducks,5848,2206,-0.028417712,-0.03143493,-0.0030172188
SMOKE · validación técnica,ghost,refused,3680,3512,0.11560858,0.09376606,-0.021842517
SMOKE · validación técnica,anything,toss,1420,7954,-0.019963823,-0.049422666,-0.029458843
SMOKE · validación técnica,heart,tuna,1817,4304,-0.045455005,-0.04606363,-0.00060862675
SMOKE · validación técnica,separ,tying,3840,7494,-0.07669784,-0.06588027,0.0108175725
SMOKE · validación técnica,Molly,history,1766,5478,-0.010004014,0.004461959,0.014465973
SMOKE · validación técnica,dot,norm,7712,3035,-0.05481619,-0.062464356,-0.0076481663
SMOKE · validación técnica,aunt,helps,3497,3235,0.010602474,0.02479353,0.014191056
SMOKE · validación técnica,gir,nest,3770,2015,-0.11116382,-0.10522963,0.0059341863
SMOKE · validación técnica,eas,microscope,2127,4381,-0.0036315545,-0.022113081,-0.018481527
SMOKE · validación técnica,hidden,tal,2508,1110,0.03571613,0.026226677,-0.009489454
SMOKE · validación técnica,cuddled,grabbed,4936,1184,-0.010727767,0.009397909,0.020125676
SMOKE · validación técnica,avocado,stay,4453,888,0.025439268,0.022200376,-0.0032388922
SMOKE · validación técnica,Love,dangerous,7521,1776,-0.010814266,0.007779056,0.018593322
SMOKE · validación técnica,Look,fan,3682,2082,0.05284234,0.075461484,0.022619143
SMOKE · validación técnica,hosp,upset,2620,1896,-0.074520305,-0.094653524,-0.02013322
SMOKE · validación técnica,Abigail,slammed,5439,7328,-0.062860355,-0.06273477,0.00012558699
SMOKE · validación técnica,restored,surpr,6230,930,0.15108904,0.15142019,0.0003311485
SMOKE · validación técnica,activ,sailboat,5513,6493,-0.11988903,-0.123560354,-0.0036713257
SMOKE · validación técnica,Mikey,nodd,7809,8094,-0.022975583,-0.010941122,0.012034461
SMOKE · validación técnica,seagull,solution,6113,5957,0.06864509,0.066032454,-0.0026126355
SMOKE · validación técnica,collection,expect,5163,5989,0.031036455,0.036201514,0.005165059
SMOKE · validación técnica,added,peanuts,2990,5271,0.09826842,0.10051012,0.002241701
SMOKE · validación técnica,guests,ones,7022,2805,-0.03698213,-0.03437029,0.002611842
SMOKE · validación técnica,fall,pull,1578,1200,0.040231165,0.05996207,0.019730907
SMOKE · validación técnica,cans,left,6313,1422,0.12491304,0.12082758,-0.004085459
SMOKE · validación técnica,Abbie,encouraged,6537,5055,0.03504501,0.03667687,0.0016318597
SMOKE · validación técnica,lets,rules,5544,3859,0.15429538,0.10654708,-0.047748305
SMOKE · validación técnica,course,invited,1883,3174,-0.06436799,-0.09611495,-0.03174696
SMOKE · validación técnica,agreed,prepare,1512,4834,-0.017152376,-0.050993018,-0.03384064
SMOKE · validación técnica,pad,quilt,4128,7961,-0.047175158,-0.04514397,0.0020311885
SMOKE · validación técnica,introd,still,4500,876,0.028623763,-0.015413899,-0.044037662
SMOKE · validación técnica,fault,using,6200,3136,0.001592733,-0.009807505,-0.011400238
SMOKE · validación técnica,Every,temple,731,4805,0.053772263,0.0195666,-0.034205664
SMOKE · validación técnica,few,rolls,1534,6186,-0.04701735,-0.043576863,0.0034404881
SMOKE · validación técnica,jacket,mine,3468,2045,-0.07723921,-0.0892501,-0.012010895
SMOKE · validación técnica,great,mic,1055,2773,0.06987762,0.03668609,-0.03319153
SMOKE · validación técnica,buy,umb,1410,3403,-0.04587111,-0.032583453,0.013287656
SMOKE · validación técnica,attach,situ,4505,5566,0.040832087,0.051547207,0.01071512
SMOKE · validación técnica,spreading,vent,6907,5711,-0.018487075,-0.027107185,-0.008620109
SMOKE · validación técnica,needle,steal,3966,3376,-0.036537714,-0.054815877,-0.018278163
SMOKE · validación técnica,anticipation,lines,7647,5607,0.069643065,0.10777525,0.038132183
SMOKE · validación técnica,match,sky,2750,843,0.103770606,0.16122222,0.057451613
SMOKE · validación técnica,melt,owners,3051,5960,-0.05287368,-0.0800785,-0.027204819
SMOKE · validación técnica,Chr,stair,5611,5755,-0.074841835,-0.07364701,0.0011948273
SMOKE · validación técnica,Bobo,plac,3492,1910,0.002230063,0.018014168,0.015784105
SMOKE · validación técnica,In,heads,1392,4410,-0.05750218,-0.044437375,0.013064805
SMOKE · validación técnica,memories,snort,4397,7522,0.09019102,0.06890105,-0.021289974
SMOKE · validación técnica,buzzed,stays,7040,6636,-0.031114314,-0.036975004,-0.00586069
SMOKE · validación técnica,aware,yawned,8029,4951,-0.039917305,-0.036676828,0.0032404773
SMOKE · validación técnica,electric,pins,7963,7517,0.101133525,0.10756743,0.006433904
SMOKE · validación técnica,ac,thought,1090,680,0.018579025,0.04764554,0.029066514
SMOKE · validación técnica,flashing,pushed,8112,1857,-0.08017264,-0.087046355,-0.006873712
SMOKE · validación técnica,Bluey,peeking,6940,6162,-0.06487571,-0.07400854,-0.009132832
SMOKE · validación técnica,ringing,sick,4725,2022,-0.17250152,-0.14042985,0.032071665
SMOKE · validación técnica,tired,toast,1269,3169,-0.018775903,-0.008443337,0.010332566
SMOKE · validación técnica,go,pat,437,1503,0.0597502,0.092433974,0.032683775
SMOKE · validación técnica,sna,stall,2619,8048,0.12816967,0.12578045,-0.0023892224
SMOKE · validación técnica,agreement,decide,5394,2948,0.1597592,0.107703045,-0.05205615
SMOKE · validación técnica,focused,realize,7077,5657,-0.038929477,-0.058269396,-0.01933992
SMOKE · validación técnica,flex,wet,3517,1557,0.065013036,0.061496515,-0.0035165213
SMOKE · validación técnica,Steve,lazy,5031,2764,-0.018775467,-0.007270053,0.011505414
SMOKE · validación técnica,Ray,string,7895,2453,0.032033194,0.029761147,-0.002272047
SMOKE · validación técnica,blood,veil,5041,4674,-0.00905228,0.006778409,0.015830688
SMOKE · validación técnica,dangers,lem,7801,2502,0.05066371,0.051995326,0.0013316162
SMOKE · validación técnica,height,to,7546,266,0.018636905,0.00973274,-0.008904165
SMOKE · validación técnica,often,welcome,2663,1895,0.17547402,0.1510373,-0.024436712
SMOKE · validación técnica,makes,wet,1614,1557,0.022871085,-0.050709426,-0.07358051
SMOKE · validación técnica,Stop,zipped,5943,5289,-0.0038887747,-0.00013767928,0.0037510954
SMOKE · validación técnica,neatly,violin,6952,4360,-0.019535284,-0.016394036,0.0031412486
SMOKE · validación técnica,claps,cleaner,5890,7503,-0.05598958,-0.03856369,0.017425887
SMOKE · validación técnica,efforts,underneath,7352,5634,0.057437982,0.07061251,0.01317453
SMOKE · validación técnica,Susie,caut,2953,5643,0.0402025,0.053244367,0.013041869
SMOKE · validación técnica,ga,wool,4955,4546,0.03832096,0.037552312,-0.0007686466
SMOKE · validación técnica,dove,mixing,3317,5929,0.08885026,0.11196653,0.023116268
SMOKE · validación técnica,animal,picnic,807,2283,-0.055319585,-0.020597901,0.034721684
SMOKE · validación técnica,on,warri,346,6903,0.02908183,0.041735608,0.012653777
SMOKE · validación técnica,compass,pal,3371,4322,0.033861794,0.029113343,-0.0047484506
SMOKE · validación técnica,hotel,many,4326,796,0.018006168,0.0003190562,-0.017687112
SMOKE · validación técnica,led,soaring,3710,5552,-0.123975724,-0.12285173,0.0011239946
SMOKE · validación técnica,motor,weep,2927,4547,0.03026906,0.046211243,0.015942182
SMOKE · validación técnica,grab,resting,2118,6271,-0.018722057,0.009491589,0.028213646
SMOKE · validación técnica,healthy,ve,2165,1706,0.0016113147,0.010855012,0.009243697
SMOKE · validación técnica,Like,rode,5959,3251,-0.04432874,-0.027830543,0.016498199
SMOKE · validación técnica,Let,fix,1277,1287,0.061292246,0.10713464,0.045842394
SMOKE · validación técnica,driveway,taught,7508,2600,0.0068825632,-0.008539936,-0.015422499
SMOKE · validación técnica,bone,lamp,2698,2994,0.016252905,0.06666376,0.05041085
SMOKE · validación técnica,hadn,rising,4077,6708,-0.041176178,-0.019792907,0.02138327
SMOKE · validación técnica,clap,neatly,2809,6952,0.01017607,0.011698626,0.001522556
SMOKE · validación técnica,reminding,steal,7691,3376,-0.04369285,-0.038058326,0.005634524
SMOKE · validación técnica,shut,with,3581,343,0.021741984,0.08765353,0.06591155
SMOKE · validación técnica,clever,dig,2197,2914,0.04611181,0.03870955,-0.00740226
SMOKE · validación técnica,str,troubled,768,4073,-0.0028652307,-0.020573454,-0.017708223
SMOKE · validación técnica,Smith,cr,3994,1154,-0.022792574,-0.051443633,-0.028651059
SMOKE · validación técnica,shook,size,1945,3908,0.0019034129,-0.010995824,-0.012899237
SMOKE · validación técnica,clowns,grab,6743,2118,-0.04226969,-0.050052486,-0.0077827945
SMOKE · validación técnica,chimney,dream,4455,1421,-0.03903569,-0.05221712,-0.013181429
SMOKE · validación técnica,group,trampoline,2550,6915,0.07995321,0.06788452,-0.012068689
SMOKE · validación técnica,Sp,got,1080,613,0.07513991,0.06735105,-0.0077888593
SMOKE · validación técnica,ring,veterinarian,2357,4438,0.03810947,0.046573382,0.008463912
SMOKE · validación técnica,complaining,putting,6762,4211,0.06893729,0.04607524,-0.022862047
SMOKE · validación técnica,festival,jump,5120,862,0.027830197,0.043837197,0.016007
SMOKE · validación técnica,cl,peek,489,4257,0.066142805,0.06460622,-0.0015365854
SMOKE · validación técnica,Frog,eye,6986,2853,0.0013077278,0.00395697,0.002649242
SMOKE · validación técnica,sailed,scarf,2774,2749,0.04714001,0.0869519,0.039811887
SMOKE · validación técnica,naught,yours,1940,2949,0.030163554,-0.012922747,-0.0430863
SMOKE · validación técnica,monsters,sizes,5419,4721,-0.082004055,-0.04462654,0.037377514
SMOKE · validación técnica,calmed,sparkly,6476,2476,-0.009007435,0.0022111107,0.011218546
SMOKE · validación técnica,fetch,meeting,6010,4538,-0.025339747,-0.011887315,0.013452432
SMOKE · validación técnica,appeared,gather,2217,2124,-0.0011309953,0.0067535825,0.007884578
SMOKE · validación técnica,diamond,differen,3248,4949,0.032465402,0.0325156,5.0198287e-05
SMOKE · validación técnica,knows,pasta,3270,3445,0.06543722,0.06344938,-0.0019878373
SMOKE · validación técnica,Holly,boss,7454,2820,0.13930836,0.14425793,0.0049495697
SMOKE · validación técnica,Quick,cookies,7404,1585,0.10521714,0.10035634,-0.004860796
SMOKE · validación técnica,Z,dresser,2650,7192,-0.07776176,-0.086128674,-0.008366913
SMOKE · validación técnica,alright,respect,5030,2299,0.04354728,0.0033685118,-0.04017877
SMOKE · validación técnica,caring,continue,4710,5361,0.013380434,0.027960407,0.014579972
SMOKE · validación técnica,es,thumb,1952,4697,0.031805366,0.03357076,0.0017653927
SMOKE · validación técnica,children,though,1439,1958,0.04684733,-0.003481187,-0.050328515
SMOKE · validación técnica,master,sang,7271,1884,-0.004561251,0.015457166,0.020018417
SMOKE · validación técnica,even,tele,840,3312,0.050084304,0.030182604,-0.0199017
SMOKE · validación técnica,Inside,worth,2001,4512,0.06798024,0.10171698,0.033736743
SMOKE · validación técnica,recording,use,6461,1122,-0.105462104,-0.13924465,-0.03378254
SMOKE · validación técnica,globe,rub,8115,3555,0.0427575,0.03579749,-0.0069600083
SMOKE · validación técnica,pedals,understood,6599,2564,-0.0003290139,0.014520345,0.014849359
SMOKE · validación técnica,Stay,polish,7348,4013,-0.02057705,-0.012638584,0.007938467
SMOKE · validación técnica,berry,value,4820,3806,-0.028897127,-0.013784714,0.015112413
SMOKE · validación técnica,bravest,revealed,7320,5374,0.11127195,0.0659968,-0.045275144
SMOKE · validación técnica,def,forgiveness,6397,7871,0.060170654,0.059016027,-0.0011546277
SMOKE · validación técnica,noticed,serious,1051,3372,0.063533425,0.02006409,-0.043469336
SMOKE · validación técnica,cam,letting,3064,4785,-0.06465787,-0.05701459,0.0076432787
SMOKE · validación técnica,Try,prun,7622,6117,-0.017830456,-0.017830444,1.1175871e-08
SMOKE · validación técnica,deaf,was,3794,280,0.058964215,0.042355966,-0.01660825
SMOKE · validación técnica,card,shoulders,2322,5760,-0.07404901,-0.079058304,-0.0050092936
SMOKE · validación técnica,Tw,gor,5779,3874,0.015716694,0.015716728,3.3527613e-08
SMOKE · validación técnica,cans,vanish,6313,6233,-0.014910042,-0.021829601,-0.006919559
SMOKE · validación técnica,alright,bag,5030,1363,-0.008884253,0.02881949,0.037703745
SMOKE · validación técnica,strongest,swings,7234,1880,0.06346604,0.058820356,-0.0046456866
SMOKE · validación técnica,Tweety,choo,3473,6466,0.023657974,-0.01860474,-0.042262714
SMOKE · validación técnica,lose,neighbours,2863,6671,0.051463693,0.034270734,-0.01719296
SMOKE · validación técnica,laund,sliding,4242,5266,-0.015726622,-0.025755966,-0.010029344
SMOKE · validación técnica,building,printed,2292,5762,-0.0407869,-0.03503006,0.00575684
SMOKE · validación técnica,filled,shovels,1461,7738,-0.067902446,-0.015628025,0.05227442
SMOKE · validación técnica,pants,pause,3651,6348,-0.016812976,-0.021351587,-0.0045386106
SMOKE · validación técnica,package,unusual,3781,2868,-0.05715122,-0.04081429,0.016336929
SMOKE · validación técnica,exciting,explo,2040,7069,-0.03226991,-0.006666653,0.025603257
SMOKE · validación técnica,anything,envel,1420,3331,-0.0021971036,-0.00858248,-0.0063853767
SMOKE · validación técnica,dull,upon,3363,441,-0.066703245,-0.07121928,-0.0045160353
SMOKE · validación técnica,cries,dad,2675,645,0.012294438,0.013138838,0.0008444004
SMOKE · validación técnica,bookshelf,peeled,5152,7968,0.008709842,0.016017122,0.00730728
SMOKE · validación técnica,disco,pray,2071,2784,0.0068037524,0.013197031,0.0063932785
SMOKE · validación técnica,dried,inse,4860,4352,0.09718298,0.099654704,0.0024717227
SMOKE · validación técnica,Do,face,1318,1144,-0.025832362,-0.06768136,-0.041848995
SMOKE · validación técnica,mitten,palace,5285,4380,0.0063583897,0.012142232,0.005783842
SMOKE · validación técnica,bel,toy,1160,513,-0.043021798,-0.03391078,0.009111017
SMOKE · validación técnica,Susan,contin,6157,1440,0.032124683,0.051771797,0.019647114
SMOKE · validación técnica,held,locked,1411,3405,0.042445716,0.06843132,0.025985602
SMOKE · validación técnica,adventure,med,1011,2277,-0.0070082694,-0.009230825,-0.0022225557
SMOKE · validación técnica,chicken,stand,3029,1825,-0.010401082,-0.029700987,-0.019299906
SMOKE · validación técnica,attempt,stolen,8062,6242,0.025131011,0.02383044,-0.0013005715
SMOKE · validación técnica,pointed,unpack,2116,3832,0.026652213,-0.008746037,-0.035398252
SMOKE · validación técnica,cobweb,complained,4637,6887,0.03992901,0.032356434,-0.0075725764
SMOKE · validación técnica,embar,forever,2328,2000,0.06786157,0.07324914,0.005387567
SMOKE · validación técnica,guns,lets,5628,5544,0.12674884,0.1181476,-0.008601248
SMOKE · validación técnica,add,girl,2803,442,0.023112666,-0.0040186048,-0.02713127
SMOKE · validación técnica,cause,humble,6280,3594,0.010870278,0.018581053,0.0077107754
SMOKE · validación técnica,ahead,pigeon,3668,3762,0.094359964,0.09761563,0.0032556653
SMOKE · validación técnica,Ro,root,4287,5149,0.019191545,0.020255627,0.0010640826
SMOKE · validación técnica,newspaper,thirsty,5255,3370,-0.109131575,-0.091782056,0.017349519
SMOKE · validación técnica,scurried,united,5743,6147,-0.030471824,-0.052431483,-0.021959659
SMOKE · validación técnica,introd,meow,4500,5490,0.071182445,0.05905551,-0.012126934
SMOKE · validación técnica,chair,eas,1873,2127,4.058704e-06,-0.027603254,-0.027607312
SMOKE · validación técnica,O,holiday,2070,4471,0.041606154,0.027547283,-0.014058871
SMOKE · validación técnica,calls,garbage,4877,7482,0.04721266,0.041630983,-0.005581677
SMOKE · validación técnica,belonged,curiously,3021,7115,-0.014874615,-0.0045950916,0.010279523
SMOKE · validación técnica,spoon,talking,2080,2344,-0.1324468,-0.10553622,0.026910573
SMOKE · validación técnica,cla,tears,1394,2771,-0.0761924,-0.11044045,-0.034248047
SMOKE · validación técnica,Freddy,mild,5025,4165,0.11319854,0.086860925,-0.026337616
SMOKE · validación técnica,lollipop,statues,3627,8068,0.10794024,0.096804045,-0.011136197
SMOKE · validación técnica,Sandy,knee,4100,2425,0.03978976,0.027724415,-0.012065344
SMOKE · validación técnica,acting,friends,6971,477,-0.081179485,-0.04525117,0.035928316
SMOKE · validación técnica,peacefully,power,6828,2083,-0.043158658,-0.029330254,0.013828404
SMOKE · validación técnica,h,med,269,2277,0.070721395,0.06340066,-0.007320732
SMOKE · validación técnica,Holly,planned,7454,5691,0.07614868,0.08878832,0.012639642
SMOKE · validación técnica,prettiest,smiling,5629,2121,0.014569705,0.021318218,0.0067485124
SMOKE · validación técnica,modest,screams,4005,5529,-0.016403463,-0.036871746,-0.020468283
SMOKE · validación técnica,menu,spilled,5389,3519,-0.050749443,-0.065754496,-0.015005052
SMOKE · validación técnica,impatient,live,3694,2318,-0.15244025,-0.1277453,0.02469495
SMOKE · validación técnica,jogging,within,5135,7921,-0.09935036,-0.10004364,-0.0006932765
SMOKE · validación técnica,Harry,soldiers,4432,5171,-0.06807647,-0.06339916,0.0046773106
SMOKE · validación técnica,Sc,cudd,7296,3255,-0.012417737,0.017631602,0.030049339
SMOKE · validación técnica,anytime,recogn,5441,3985,0.018183585,0.012605274,-0.005578311
SMOKE · validación técnica,jewels,wrigg,5063,7439,-0.028047055,-0.0205714,0.0074756555
SMOKE · validación técnica,Rex,rem,2791,898,0.06965682,0.0654388,-0.0042180195
SMOKE · validación técnica,Fro,det,5431,6767,0.08371782,0.06799823,-0.015719593
SMOKE · validación técnica,Ollie,medal,5301,4299,-0.016691241,-0.012974892,0.0037163496
SMOKE · validación técnica,Bu,to,3226,266,0.0025635138,0.021055609,0.018492095
SMOKE · validación técnica,budge,stared,5712,3893,0.06059728,0.05908233,-0.0015149489
SMOKE · validación técnica,appreciation,shown,7120,7317,0.028293975,0.019218015,-0.00907596
SMOKE · validación técnica,Joan,stad,7209,4973,-0.15375979,-0.15375984,-4.4703484e-08
SMOKE · validación técnica,com,mixed,778,3072,0.022345342,0.009867946,-0.012477396
SMOKE · validación técnica,river,ser,1717,2337,-0.011866663,-0.0028503463,0.009016316
SMOKE · validación técnica,slap,station,6145,3696,-0.017131928,-0.02850577,-0.011373842
SMOKE · validación técnica,boot,side,4687,1642,0.13481301,0.120818004,-0.013995007
SMOKE · validación técnica,fa,shrunk,537,7772,0.047421534,0.061494015,0.014072482
SMOKE · validación técnica,joke,ve,2859,1706,-0.11724995,-0.13174345,-0.014493495
SMOKE · validación técnica,pages,told,4942,737,0.057903107,0.03442653,-0.023476578
SMOKE · validación técnica,alert,sailboat,3862,6493,-0.027237643,-0.01770427,0.009533372
SMOKE · validación técnica,Why,counting,2643,3584,-0.009670325,-0.03837495,-0.028704625
SMOKE · validación técnica,loo,sweater,428,3844,0.0051855445,0.005759513,0.0005739685
SMOKE · validación técnica,someone,swe,1498,3210,-0.13194287,-0.1339497,-0.0020068288
SMOKE · validación técnica,balan,slid,4935,2294,0.077914335,0.09635374,0.018439405
SMOKE · validación técnica,dinner,suits,1548,7374,0.081388816,0.08673793,0.0053491145
SMOKE · validación técnica,lect,teles,5243,7523,0.04940084,0.049400795,-4.4703484e-08
SMOKE · validación técnica,destro,pe,3570,702,-0.019673698,0.0008520894,0.020525787
SMOKE · validación técnica,buzzed,cous,7040,6663,-0.0043951515,-0.030271951,-0.0258768
SMOKE · validación técnica,hen,triang,7333,4043,0.058077134,0.056458056,-0.0016190782
SMOKE · validación técnica,of,picking,344,3311,0.025173545,0.12753046,0.10235691
SMOKE · validación técnica,cookies,fre,1585,3179,0.07878991,0.07696743,-0.0018224791
SMOKE · validación técnica,hive,seeds,3931,3493,-0.09729646,-0.10019414,-0.0028976798
SMOKE · validación técnica,ancient,attempt,3196,8062,0.16268386,0.15874918,-0.0039346814
SMOKE · validación técnica,maker,slip,7564,5424,0.04839406,0.06053921,0.012145147
SMOKE · validación técnica,doctors,wrote,5728,2842,0.0026468956,-0.036531895,-0.039178792
SMOKE · validación técnica,Daisy,popular,1488,3467,-0.17738341,-0.13230294,0.045080468
SMOKE · validación técnica,broccoli,determ,3891,2483,-0.01884918,-0.021088436,-0.002239257
SMOKE · validación técnica,bou,grate,8004,1699,-0.06960801,-0.070801154,-0.0011931434
SMOKE · validación técnica,As,umbrella,1237,3550,-0.095632985,-0.05732193,0.038311057
SMOKE · validación técnica,around,slapped,510,5633,-0.033283323,-0.013209134,0.020074189
SMOKE · validación técnica,awake,bicycle,6335,4045,0.046625663,0.034830764,-0.011794899
SMOKE · validación técnica,X,nibbled,7427,7875,-0.00782519,0.0060239825,0.013849173
SMOKE · validación técnica,bur,laund,4290,4242,0.10370198,0.09691993,-0.0067820475
SMOKE · validación técnica,base,return,3733,2069,0.01606044,0.0195298,0.003469361
SMOKE · validación técnica,leave,web,1639,5838,0.026046522,0.010079449,-0.015967073
SMOKE · validación técnica,quietly,vendor,4705,4391,-0.08336951,-0.08670034,-0.0033308342
SMOKE · validación técnica,decor,hor,2514,2114,-0.11386111,-0.08767289,0.026188217
SMOKE · validación técnica,diamond,wears,3248,6684,-0.096626684,-0.09081118,0.005815506
SMOKE · validación técnica,couldn,scrambled,736,7705,0.007078817,0.0009732172,-0.0061056
SMOKE · validación técnica,dod,sink,7189,3546,0.011658004,0.0024539307,-0.009204073
SMOKE · validación técnica,poured,stri,3341,3302,-0.025941687,-0.025915723,2.596341e-05
SMOKE · validación técnica,pump,sword,2991,2998,-0.12635964,-0.11970969,0.0066499487
SMOKE · validación técnica,destro,lear,3570,4040,0.023224644,0.02112928,-0.002095364
SMOKE · validación técnica,badly,spin,3656,2150,0.02344701,0.031886294,0.008439284
SMOKE · validación técnica,dep,frown,8085,3032,0.029871058,0.029063493,-0.0008075647
SMOKE · validación técnica,doing,embarrass,1399,6597,0.068566434,0.08388783,0.015321396
SMOKE · validación técnica,dis,longer,1071,1840,-0.043334052,0.010288348,0.053622402
SMOKE · validación técnica,beaut,snowman,842,2241,-0.0049848408,0.0050459933,0.010030834
SMOKE · validación técnica,oy,yoga,3945,4733,-0.028292827,-0.045069765,-0.016776938
SMOKE · validación técnica,Bo,politely,6519,7460,0.028215347,0.042754583,0.014539236
SMOKE · validación técnica,blueberries,salad,4864,3348,0.0032809451,0.02568263,0.022401685
SMOKE · validación técnica,bravery,fe,5948,512,-0.017103761,-0.024947101,-0.00784334
SMOKE · validación técnica,Amelia,super,6719,3835,-0.043120615,-0.033710614,0.009410001
SMOKE · validación técnica,lea,nation,1198,5094,-0.03380259,-0.020978518,0.012824073
SMOKE · validación técnica,Listen,strings,6979,5820,0.006556792,0.031656615,0.025099823
SMOKE · validación técnica,boots,spraying,4174,5930,0.041761495,0.04643765,0.0046761557
SMOKE · validación técnica,agrees,tunn,6432,3043,-0.015451955,-0.017448429,-0.0019964743
SMOKE · validación técnica,dinner,perf,1548,1386,0.0695488,0.05513121,-0.014417592
SMOKE · validación técnica,er,invest,3528,4495,-0.03856563,-0.038565606,2.2351742e-08
SMOKE · validación técnica,napkin,raind,4297,6332,-0.0007514022,-0.0070645176,-0.0063131154
SMOKE · validación técnica,June,remind,6883,2325,-0.011658172,-0.013624301,-0.001966129
SMOKE · validación técnica,chips,noticed,6074,1051,0.020342235,0.048951823,0.028609589
SMOKE · validación técnica,bricks,turtles,5172,8170,-0.026711356,-0.026711281,7.4505806e-08
SMOKE · validación técnica,shrimp,twinkled,4087,7417,0.013501673,0.012468436,-0.0010332372
SMOKE · validación técnica,note,wool,3443,4546,-0.010853849,-0.020982139,-0.010128289
SMOKE · validación técnica,crack,kids,2826,1298,-0.048389144,-0.013960354,0.03442879
SMOKE · validación técnica,Am,creek,5615,4579,-0.043855175,-0.032949023,0.010906152
SMOKE · validación técnica,S,dr,298,1239,0.06777632,0.07218754,0.0044112206
SMOKE · validación técnica,shower,solve,4450,3297,-0.04756405,-0.065700844,-0.018136796
SMOKE · validación técnica,Flo,Tuna,7927,7010,0.049149014,0.030181952,-0.018967062
SMOKE · validación técnica,Sorry,gro,6632,4129,0.04552816,0.0445159,-0.0010122582
SMOKE · validación técnica,Beth,intere,5632,2077,-0.019060377,-0.02089854,-0.0018381625
SMOKE · validación técnica,Rachel,Ruby,4651,5023,0.07941895,0.10274778,0.023328833
SMOKE · validación técnica,pad,scientist,4128,7184,0.04131655,0.03616941,-0.0051471405
SMOKE · validación técnica,cliff,dear,4796,4619,-0.049009163,-0.042325288,0.006683875
SMOKE · validación técnica,hurried,parrot,5366,3260,-0.015995938,-0.003554877,0.012441061
SMOKE · validación técnica,attack,twisted,6470,5151,-0.06561702,-0.07591769,-0.010300674
SMOKE · validación técnica,disappeared,exact,2827,5543,0.01765979,-0.0034453832,-0.021105174
SMOKE · validación técnica,amount,fascinated,7094,5532,0.05560314,0.074532144,0.018929005
SMOKE · validación técnica,cont,paddle,1190,6450,0.016369103,-0.00074596144,-0.017115064
SMOKE · validación técnica,Being,playing,6322,607,-0.05025875,-0.013903959,0.036354788
SMOKE · validación técnica,planet,raced,4416,3254,0.021090006,0.04719786,0.026107853
SMOKE · validación técnica,cous,rec,6663,2343,-0.093480155,-0.10981485,-0.016334698
SMOKE · validación técnica,chairs,waterfall,4851,7437,0.010421265,0.025736623,0.015315358
SMOKE · validación técnica,crash,electric,4862,7963,0.040540293,0.08551397,0.04497368
SMOKE · validación técnica,place,th,1121,305,0.0010129362,-0.0123562785,-0.013369215
SMOKE · validación técnica,umbrella,villagers,3550,5533,-0.12144771,-0.13384204,-0.012394324
SMOKE · validación técnica,Stop,feather,5943,2242,0.0028177332,0.0035637077,0.0007459745
SMOKE · validación técnica,truth,wr,3614,1027,0.1390302,0.15456095,0.01553075
SMOKE · validación técnica,costum,display,3273,4313,-0.01432106,-0.023130655,-0.008809595
SMOKE · validación técnica,belonged,clean,3021,952,-0.058449283,-0.054230463,0.0042188205
SMOKE · validación técnica,med,my,2277,672,0.048107583,0.005792901,-0.042314682
SMOKE · validación técnica,stupid,tim,3383,6092,0.037208036,0.016649209,-0.020558827
SMOKE · validación técnica,better,shadow,815,3359,-0.1453278,-0.1630184,-0.017690599
SMOKE · validación técnica,pecked,wasn,7015,1556,0.02386839,-0.013701333,-0.037569724
SMOKE · validación técnica,Tom,ignored,496,4492,0.052370526,0.033536185,-0.018834341
SMOKE · validación técnica,Bee,floating,7499,4904,0.03328455,-0.009747847,-0.043032397
SMOKE · validación técnica,rocks,stomped,1924,6775,0.10231764,0.0803754,-0.021942236
SMOKE · validación técnica,pocket,tasty,1865,2143,0.018039469,0.033393532,0.015354063
SMOKE · validación técnica,con,teaches,967,6356,-0.048329707,-0.059832796,-0.011503089
SMOKE · validación técnica,raind,stared,6332,3893,-0.04187223,-0.04892304,-0.0070508122
SMOKE · validación técnica,chamber,isn,4847,4806,0.05996953,0.05747544,-0.0024940893
SMOKE · validación técnica,class,germ,2645,7754,-0.039578088,-0.035132505,0.0044455826
SMOKE · validación técnica,cards,quarreling,3823,7741,-0.02823528,-0.019964432,0.008270849
SMOKE · validación técnica,exit,mineral,5699,5355,0.06436813,0.07467241,0.01030428
SMOKE · validación técnica,comp,postman,1522,7059,-0.02999866,-0.011201451,0.01879721
SMOKE · validación técnica,pigs,will,5264,679,0.012672551,0.022377575,0.009705024
SMOKE · validación técnica,imagining,surrendered,6937,7060,-0.0283406,-0.018864024,0.009476576
SMOKE · validación técnica,food,surfboard,1041,7263,0.022133628,0.026164597,0.004030969
SMOKE · validación técnica,allig,ant,4199,2400,0.030042548,0.028225586,-0.0018169619
SMOKE · validación técnica,if,waited,750,1615,0.049758803,0.024631955,-0.025126848
SMOKE · validación técnica,pennies,wake,7442,3230,-0.014806725,-0.0011833068,0.013623418
SMOKE · validación técnica,starts,yucky,3868,4821,0.033997163,0.040359747,0.0063625835
SMOKE · validación técnica,Els,stones,6342,2804,0.055524506,0.06789586,0.012371354
SMOKE · validación técnica,accept,prince,3049,2546,-0.07051917,-0.04677106,0.023748111
SMOKE · validación técnica,sh,wept,381,7026,-0.014074113,-0.005987644,0.008086469
SMOKE · validación técnica,Those,rising,7130,6708,-0.033166658,-0.044809945,-0.011643287
SMOKE · validación técnica,friendship,rout,3478,7050,-0.030837547,-0.04235266,-0.011515114
SMOKE · validación técnica,Polly,animals,3951,889,0.06547158,0.096022874,0.030551292
SMOKE · validación técnica,gasped,mess,3590,1261,-0.042583708,0.012104286,0.05468799
SMOKE · validación técnica,heart,prepare,1817,4834,0.05704505,0.031368207,-0.025676843
SMOKE · validación técnica,in,understood,317,2564,-0.018550424,0.04990922,0.068459645
SMOKE · validación técnica,bird,vowed,535,5574,-0.001523124,-0.06090492,-0.059381798
SMOKE · validación técnica,Sun,yucky,6920,4821,0.09002379,0.09737506,0.0073512644
SMOKE · validación técnica,tut,worked,4865,1337,0.09717776,0.13149041,0.03431265
SMOKE · validación técnica,became,operation,1134,5348,-0.085608214,-0.0794088,0.006199412
SMOKE · validación técnica,Watch,gust,6770,5090,-0.016297417,-0.024072323,-0.0077749062
SMOKE · validación técnica,flew,grandp,918,6752,-0.071201056,-0.06681634,0.004384719
SMOKE · validación técnica,Jax,waits,7167,5493,0.006846293,0.006951415,0.000105122104
SMOKE · validación técnica,dizzy,kay,2995,4067,0.062985845,0.082232416,0.01924657
SMOKE · validación técnica,daughter,songs,2030,2427,0.021046575,0.09523946,0.07419288
SMOKE · validación técnica,bath,spade,1813,4815,-0.028383395,-0.0037874542,0.02459594
SMOKE · validación técnica,screwdriver,sister,7219,1688,-0.026085738,-0.04713106,-0.021045323
SMOKE · validación técnica,Jay,tidied,6498,7443,-0.013819798,-0.024273533,-0.0104537355
SMOKE · validación técnica,image,peaceful,5442,2440,-0.03498281,-0.02946928,0.005513532
SMOKE · validación técnica,steps,tearing,3984,8159,-0.0153655,-0.035963062,-0.020597562
SMOKE · validación técnica,appeared,fireworks,2217,5238,-0.0038663913,0.006311575,0.010177966
SMOKE · validación técnica,Stella,guit,7159,3160,0.03461514,0.037474833,0.002859693
SMOKE · validación técnica,disg,mitten,3637,5285,0.019407,0.016763344,-0.002643656
SMOKE · validación técnica,Danny,tipped,4766,7882,0.11769533,0.11237362,-0.0053217113
SMOKE · validación técnica,automob,cand,4700,2769,-0.08548452,-0.08548458,-5.9604645e-08
SMOKE · validación técnica,including,sne,6776,3486,-0.0069901645,0.0046507064,0.011640871
SMOKE · validación técnica,instructions,observe,5765,5239,0.015038593,0.012313809,-0.0027247835
SMOKE · validación técnica,air,ornament,1413,5525,0.036562417,0.039576665,0.0030142479
SMOKE · validación técnica,beard,kissed,5837,2766,-0.015258372,-0.018430244,-0.0031718723
SMOKE · validación técnica,eager,wagged,2907,2759,0.017509997,-0.061260406,-0.0787704
SMOKE · validación técnica,mint,stairs,4788,3404,0.100547165,0.124933794,0.02438663
SMOKE · validación técnica,mailman,popcorn,4833,3375,-0.009361379,0.024757855,0.034119233
SMOKE · validación técnica,different,rec,1147,2343,0.08247994,0.066464014,-0.016015925
SMOKE · validación técnica,Fuzzy,dis,7343,1071,-0.030050613,-0.022374306,0.007676307
SMOKE · validación técnica,spend,ways,2679,3288,0.06285704,0.05203911,-0.01081793
SMOKE · validación técnica,bubble,im,4164,816,-0.062498543,-0.04222594,0.020272605
SMOKE · validación técnica,costume,shimmering,4044,8091,-0.06427249,-0.07198405,-0.0077115595
SMOKE · validación técnica,add,frag,2803,3208,0.043274067,0.05558791,0.012313843
SMOKE · validación técnica,getting,leather,1510,5344,-0.09784277,-0.11193847,-0.014095701
SMOKE · validación técnica,his,leaving,350,3429,0.022152852,8.490868e-06,-0.022144362
SMOKE · validación técnica,stare,third,6083,6650,-0.008889692,-0.0034404397,0.005449252
SMOKE · validación técnica,connected,marshmallow,7422,7080,0.022046335,0.0012464635,-0.020799872
SMOKE · validación técnica,anywhere,warned,3685,3461,0.069926366,0.017659955,-0.05226641
SMOKE · validación técnica,mask,won,3605,1632,-0.036044095,-0.0312974,0.004746694
SMOKE · validación técnica,collected,mis,4514,3427,-0.04751593,-0.027414113,0.020101815
SMOKE · validación técnica,price,shield,5235,3626,-0.018790273,-0.023169037,-0.004378764
SMOKE · validación técnica,politely,quite,7460,3942,0.048129186,0.03464107,-0.013488118
SMOKE · validación técnica,birdc,oranges,5145,4856,-0.12832543,-0.13007186,-0.001746431
SMOKE · validación técnica,couch,princesses,2339,6320,0.028385028,0.027482044,-0.0009029843
SMOKE · validación técnica,Jessie,That,6413,1329,-0.094166145,-0.07544313,0.018723011
SMOKE · validación técnica,Wednesday,together,5848,563,0.0022164043,0.031479597,0.029263193
SMOKE · validación técnica,aren,tidying,6620,8104,0.07365263,0.057384614,-0.016268019
SMOKE · validación técnica,blond,pirate,8015,3474,0.0720795,0.07985569,0.007776186
SMOKE · validación técnica,Thanks,changed,7057,3292,0.009190428,0.032897085,0.023706656
SMOKE · validación técnica,laund,relieved,4242,2025,0.044280738,0.053120058,0.00883932
SMOKE · validación técnica,hairy,real,3419,976,-0.02023108,0.029611748,0.049842827
SMOKE · validación técnica,force,journal,7886,4474,-0.024925549,-0.030876672,-0.0059511233
SMOKE · validación técnica,branch,pizz,2003,2540,0.027749091,0.046629608,0.018880516
SMOKE · validación técnica,mot,take,2617,698,0.017835502,0.059379652,0.04154415
SMOKE · validación técnica,fur,yourselves,1576,6565,-0.024265463,0.022966292,0.047231756
SMOKE · validación técnica,fashion,flapping,5495,6686,-0.13669889,-0.17790031,-0.041201428
SMOKE · validación técnica,follow,tie,1128,2797,-0.02219772,0.035232045,0.057429764
SMOKE · validación técnica,diamonds,pal,7666,4322,-0.074139625,-0.06240226,0.011737365
SMOKE · validación técnica,kingdom,stripes,4323,5620,-0.10900255,-0.11615941,-0.0071568564
SMOKE · validación técnica,against,jogging,2984,5135,0.0245106,-0.014081825,-0.038592424
SMOKE · validación técnica,Good,party,5194,1691,0.06783806,0.046972957,-0.020865101
SMOKE · validación técnica,Wendy,pop,7720,2224,-0.14041659,-0.13543269,0.004983902
SMOKE · validación técnica,gra,writes,652,5714,-0.057377506,-0.034691155,0.022686351
SMOKE · validación técnica,fasc,par,5146,2236,0.027972784,0.026603723,-0.001369061
SMOKE · validación técnica,continued,yellow,1485,1391,0.07605364,-0.008377299,-0.08443094
SMOKE · validación técnica,Keep,bumped,6614,5045,0.038411908,0.033127297,-0.005284611
SMOKE · validación técnica,acting,branches,6971,2897,-0.07078224,-0.05754394,0.013238296
SMOKE · validación técnica,bananas,wear,4412,1711,-0.067853995,-0.057645112,0.010208882
SMOKE · validación técnica,dolls,growled,1757,4882,-0.108148254,-0.07770179,0.030446462
SMOKE · validación técnica,strike,wobbled,6243,6999,-0.003730785,-0.03247804,-0.028747253
SMOKE · validación técnica,Be,anticip,2705,7560,0.09473712,0.13448603,0.039748915
SMOKE · validación técnica,am,helps,1193,3235,-0.077354774,-0.074653044,0.0027017295
SMOKE · validación técnica,Next,wash,4832,2501,-0.035496403,0.005567558,0.04106396
SMOKE · validación técnica,pretends,roared,6343,3978,0.10224195,0.0742574,-0.027984545
SMOKE · validación técnica,merry,situation,6919,5952,-0.033832002,-0.031122934,0.0027090684
SMOKE · validación técnica,ghost,helper,3680,4750,0.021695271,0.041441824,0.019746553
SMOKE · validación técnica,Out,fearful,6222,3715,0.036462568,0.05303507,0.016572502
SMOKE · validación técnica,dresses,wip,4869,2472,-0.0936294,-0.07634747,0.017281927
SMOKE · validación técnica,encou,wanting,3611,5358,0.043880347,0.03873122,-0.005149126
SMOKE · validación técnica,express,town,7002,1811,0.013731547,-0.045703277,-0.059434824
SMOKE · validación técnica,Fred,because,3211,771,0.016649779,-0.02173018,-0.03837996
SMOKE · validación técnica,kay,unhappy,4067,4188,-0.011300776,-0.00580501,0.005495766
SMOKE · validación técnica,handing,tested,7763,7136,0.07963269,0.10400147,0.024368778
SMOKE · validación técnica,anchor,succeeded,4712,5515,0.007096947,-0.0035716677,-0.010668615
SMOKE · validación técnica,cub,line,5105,2529,0.044697195,0.03821788,-0.0064793155
SMOKE · validación técnica,glow,suddenly,2825,1833,0.15984336,0.103999324,-0.05584403
SMOKE · validación técnica,Bessie,ours,6882,5360,-0.062579736,-0.04732828,0.015251458
SMOKE · validación técnica,beautiful,tricycle,870,7597,0.09152722,0.06687261,-0.024654612
SMOKE · validación técnica,End,uses,2785,6409,0.001709912,-0.0009897761,-0.002699688
SMOKE · validación técnica,can,slower,480,6947,-0.11701835,-0.09924066,0.017777689
SMOKE · validación técnica,night,stopped,1156,1032,0.08625446,-0.0068061687,-0.09306063
SMOKE · validación técnica,crayon,dif,3184,1036,-0.075350225,-0.082413204,-0.007062979
SMOKE · validación técnica,nuzz,sizes,7385,4721,0.07993087,0.091340795,0.011409923
SMOKE · validación técnica,corn,smoke,1882,3077,0.017787412,0.04287061,0.0250832
SMOKE · validación técnica,dug,si,3695,5865,-0.0129783265,-0.0137444325,-0.00076610595
SMOKE · validación técnica,glowing,remembered,4376,1359,-0.052463733,-0.06592376,-0.013460025
SMOKE · validación técnica,modest,stirring,4005,5741,-0.0034728013,-0.00727275,-0.0037999488
SMOKE · validación técnica,persistent,stitches,3533,7408,-0.023816187,-0.013757633,0.010058554
SMOKE · validación técnica,calend,miner,4933,4659,-0.044164672,-0.04416468,-7.450581e-09
SMOKE · validación técnica,don,encourag,863,7138,0.04857824,0.047469992,-0.0011082478
SMOKE · validación técnica,cushions,destro,7160,3570,-0.015846089,-0.04804281,-0.032196723
SMOKE · validación técnica,daddy,sm,1558,407,-0.014186949,-0.05416308,-0.03997613
SMOKE · validación técnica,glitter,tucked,5497,4728,0.0025859103,-0.029128432,-0.031714343
SMOKE · validación técnica,closely,envelope,4240,3462,-0.055413924,0.01000488,0.0654188
SMOKE · validación técnica,Maybe,raft,1606,4274,-0.033175875,-0.062291816,-0.029115941
SMOKE · validación técnica,Ro,ed,4287,2925,0.099402264,0.098503605,-0.00089865923
SMOKE · validación técnica,giraffes,master,6496,7271,0.035816558,0.03332676,-0.0024897978
SMOKE · validación técnica,Joanne,beloved,8142,6730,0.114014484,0.1212891,0.007274613
SMOKE · validación técnica,crane,pad,3665,4128,0.0041065514,0.008446982,0.0043404307
SMOKE · validación técnica,mixed,pro,3072,1737,0.05868364,0.03855948,-0.02012416
SMOKE · validación técnica,One,magnif,505,8066,0.039759655,0.09035584,0.05059619
SMOKE · validación técnica,handle,stool,3382,7084,0.09213498,0.07621758,-0.015917405
SMOKE · validación técnica,gesture,pro,7783,1737,0.047085136,0.071474,0.024388865
SMOKE · validación técnica,everything,roaring,1595,5847,-0.05769282,-0.071542464,-0.013849646
SMOKE · validación técnica,da,shadows,5985,5550,0.038564652,0.06776579,0.029201135
SMOKE · validación técnica,heavier,slice,6894,5345,0.0477533,0.03193869,-0.01581461
SMOKE · validación técnica,Milo,permitted,6365,7637,0.016748834,0.02151541,0.004766576
SMOKE · validación técnica,forever,lively,2000,3903,-0.007887056,0.030166246,0.038053304
SMOKE · validación técnica,file,treasures,4676,3970,0.01228632,-0.007872827,-0.020159148
SMOKE · validación técnica,bumpy,sound,6292,1108,0.018031815,-0.0021145102,-0.020146325
SMOKE · validación técnica,confl,sandcastles,7042,6234,-0.07715723,-0.055764955,0.021392275
SMOKE · validación técnica,lotion,outdo,4855,5595,-0.06843044,-0.07503186,-0.006601423
SMOKE · validación técnica,pinch,voice,4534,1151,0.04543593,0.07091144,0.025475506
SMOKE · validación técnica,mouth,waiting,1760,2380,0.05513686,0.05395777,-0.0011790879
SMOKE · validación técnica,painted,suff,3305,4708,0.0007714443,-0.0052227136,-0.005994158
SMOKE · validación técnica,chocol,chuckled,2391,6479,0.0020178482,-0.0034665912,-0.0054844394
SMOKE · validación técnica,Molly,spit,1766,5324,0.032581583,0.0040157586,-0.028565824
SMOKE · validación técnica,amazing,toes,1511,4819,-0.015627302,0.02296173,0.03858903
SMOKE · validación técnica,am,seat,1193,2267,0.010138633,-0.017649813,-0.027788445
SMOKE · validación técnica,go,rubber,437,4417,-0.058876403,-0.0123714525,0.046504952
SMOKE · validación técnica,Christmas,babies,6278,5868,-0.03041758,-0.04408101,-0.01366343
SMOKE · validación técnica,east,television,5809,4682,-0.077667296,-0.06870597,0.008961327
SMOKE · validación técnica,Spot,crumb,1162,5781,-0.17060511,-0.13883269,0.03177242
SMOKE · validación técnica,lap,now,6296,962,-0.07037136,-0.019165603,0.051205754
SMOKE · validación técnica,Enjoy,recommend,6605,4711,-0.043581758,-0.06287323,-0.019291472
SMOKE · validación técnica,Satur,staying,8191,6407,-0.009349018,-0.006477706,0.0028713122
SMOKE · validación técnica,oven,snuck,2306,6385,-0.025987294,-0.023936065,0.0020512287
SMOKE · validación técnica,learn,owner,693,1672,0.014674284,-0.013633564,-0.028307848
SMOKE · validación técnica,delicious,towards,1426,1653,0.006010173,-0.050934263,-0.056944437
SMOKE · validación técnica,crystal,perform,4053,3216,0.062379524,0.05739432,-0.004985206
SMOKE · validación técnica,driver,you,2075,354,-0.11792469,-0.12344347,-0.005518779
SMOKE · validación técnica,Im,every,7682,618,0.003779631,-0.011859864,-0.015639495
SMOKE · validación técnica,Big,rep,5707,2421,-0.009022042,-0.017169934,-0.008147892
SMOKE · validación técnica,chuck,forget,6270,1870,-0.07168272,-0.049406946,0.022275776
SMOKE · validación técnica,bodies,bugs,6934,2442,0.11199833,0.12072505,0.0087267235
SMOKE · validación técnica,quick,waters,1053,8097,0.051083654,0.074037746,0.022954091
SMOKE · validación técnica,dollhouse,forehead,6945,6297,-0.06500474,-0.061011784,0.00399296
SMOKE · validación técnica,snacks,stronger,2549,3154,-0.08558948,-0.026797816,0.058791667
SMOKE · validación técnica,flip,nodded,7795,1030,-0.018886974,-0.005452847,0.013434127
SMOKE · validación técnica,appro,spikes,4628,7251,0.013845473,0.034841813,0.02099634
SMOKE · validación técnica,cheese,squir,2146,7765,0.07469658,0.03807782,-0.036618758
SMOKE · validación técnica,decorated,sailor,5642,4118,0.048201356,0.023779178,-0.024422178
SMOKE · validación técnica,barked,falls,2429,3177,-0.027204353,0.01799627,0.045200624
SMOKE · validación técnica,ambulance,entire,4479,5824,-0.1489668,-0.14955118,-0.00058437884
SMOKE · validación técnica,Chirp,mine,5218,2045,-0.077594325,-0.08136682,-0.0037724972
SMOKE · validación técnica,Jill,Sadly,1768,6156,-0.0057775527,-0.011875607,-0.0060980543
SMOKE · validación técnica,finish,named,2386,494,-0.006534621,0.066201866,0.07273649
SMOKE · validación técnica,crowns,sewed,8106,7418,-0.060489528,-0.059052117,0.0014374107
SMOKE · validación técnica,Rain,dough,7827,3377,-0.050121736,-0.023195444,0.026926292
SMOKE · validación técnica,beautifully,delivering,7554,6984,0.075317085,0.0671057,-0.008211382
SMOKE · validación técnica,actions,arg,6421,3012,0.085723124,0.087233275,0.0015101507
SMOKE · validación técnica,puddles,riverbank,4526,8165,0.10894391,0.078121014,-0.030822895
SMOKE · validación técnica,arm,dances,1462,7173,-0.06792529,-0.061714385,0.0062109046
SMOKE · validación técnica,fast,spoonful,850,6829,0.043495,0.013989018,-0.029505981
SMOKE · validación técnica,point,weak,4107,2723,0.07695672,0.07497637,-0.0019803494
SMOKE · validación técnica,fo,making,800,1282,0.0025694855,-0.010774322,-0.013343807
SMOKE · validación técnica,hurting,picking,4770,3311,-0.07557872,-0.0073247254,0.068253994
SMOKE · validación técnica,crib,twirling,4289,5663,-0.10220697,-0.10120801,0.000998959
SMOKE · validación técnica,jump,sto,862,973,0.031423785,0.04969738,0.018273596
SMOKE · validación técnica,find,target,633,7784,0.046055138,0.0018645227,-0.044190615
SMOKE · validación técnica,dig,rug,2914,3596,0.013827974,0.018886529,0.005058555
SMOKE · validación técnica,aeropl,dra,4342,978,0.0345096,0.041499168,0.0069895685
SMOKE · validación técnica,counter,hiding,4336,2382,-0.056219816,-0.064684704,-0.008464888
SMOKE · validación técnica,Molly,snuggled,1766,3615,-0.03961243,-0.06549016,-0.025877725
SMOKE · validación técnica,adventure,encouragement,1011,7942,0.023548275,0.07532047,0.051772192
SMOKE · validación técnica,dared,streets,6218,7157,0.023871314,0.023771409,-9.9904835e-05
SMOKE · validación técnica,gems,lab,6494,3330,-0.020671245,0.008481443,0.029152688
SMOKE · validación técnica,float,weather,4695,4267,-0.0133361025,-0.015601885,-0.002265782
SMOKE · validación técnica,Nothing,gum,6660,3644,0.038913816,0.052732557,0.013818741
SMOKE · validación técnica,curious,fo,1170,800,0.07677488,0.047998887,-0.028775994
SMOKE · validación técnica,characters,pretend,7996,1321,0.057631187,0.04891418,-0.008717008
SMOKE · validación técnica,It,finger,409,2731,-0.08646416,-0.085635,0.0008291602
SMOKE · validación técnica,spear,whip,4743,5123,0.021250943,0.02470288,0.0034519378
SMOKE · validación técnica,simple,wears,5313,6684,-0.04279357,-0.03603229,0.006761279
SMOKE · validación técnica,dire,leather,4845,5344,-0.14945179,-0.15296876,-0.003516972
SMOKE · validación técnica,complaining,healed,6762,6039,-0.12469885,-0.12314281,0.0015560389
SMOKE · validación técnica,images,repe,7770,4003,0.025417414,0.020861257,-0.0045561567
SMOKE · validación técnica,hugged,nood,780,6961,-0.018413486,-0.026670823,-0.008257337
SMOKE · validación técnica,lab,plenty,3330,5936,0.036674075,0.046990264,0.010316189
SMOKE · validación técnica,furry,ju,2326,1535,-0.04390281,-0.0077980235,0.036104787
SMOKE · validación técnica,so,thrown,347,7055,-0.05477226,-0.010487968,0.04428429
SMOKE · validación técnica,Fl,temp,1745,4149,-0.08378651,-0.06004125,0.023745261
SMOKE · validación técnica,eye,squash,2853,3563,-0.015537795,0.023117747,0.03865554
SMOKE · validación técnica,cocoa,tumbled,3721,7817,-0.0019931477,0.006235702,0.00822885
SMOKE · validación técnica,smiled,whenever,506,2330,0.12377977,0.041454926,-0.08232485
SMOKE · validación técnica,What,sneak,1602,4296,-0.013638591,0.016868437,0.030507028
SMOKE · validación técnica,joy,us,1562,1113,-0.011480791,0.030723406,0.042204197
SMOKE · validación técnica,danger,grant,1633,5830,0.095211126,0.079866275,-0.015344851
SMOKE · validación técnica,lending,stare,7402,6083,-0.12941906,-0.12568176,0.0037373006
SMOKE · validación técnica,cushion,munch,3993,7224,0.038963478,0.031465054,-0.0074984245
SMOKE · validación técnica,remain,supp,4903,2298,-0.0038548782,0.004462853,0.008317731
SMOKE · validación técnica,drank,passed,2896,2648,0.005965434,0.031019934,0.0250545
SMOKE · validación técnica,sl,sou,720,7515,-0.07427847,-0.067391604,0.006886862
SMOKE · validación técnica,argum,startled,7861,6191,0.09931417,0.10971685,0.010402679
SMOKE · validación técnica,scre,snuggle,2543,7006,-0.058076173,-0.040842574,0.017233599
SMOKE · validación técnica,mixer,sparkle,4080,4719,0.08078174,0.07351728,-0.007264465
SMOKE · validación técnica,gathering,stands,5786,7367,0.076687336,0.07343601,-0.003251329
SMOKE · validación técnica,Sally,sick,1457,2022,0.07575708,0.08408662,0.0083295405
SMOKE · validación técnica,Try,puddle,7622,2437,0.048113227,0.03605068,-0.012062546
SMOKE · validación técnica,barking,license,4048,5226,0.021043342,0.025657104,0.0046137627
SMOKE · validación técnica,gain,peeked,5190,3422,0.0040979013,0.029468618,0.025370717
SMOKE · validación técnica,relief,ur,6048,3982,0.034088,0.055944562,0.021856561
SMOKE · validación técnica,reason,spoon,7205,2080,-0.08156271,-0.04890264,0.032660075
SMOKE · validación técnica,among,char,6716,3430,0.0054396465,0.01530448,0.009864833
SMOKE · validación técnica,ok,scrambled,2811,7705,0.032207876,0.03578487,0.003576994
SMOKE · validación técnica,hopes,tent,4601,2715,0.07372663,0.09320368,0.019477047
SMOKE · validación técnica,Jerry,mushrooms,4068,7074,-0.08355246,-0.10542128,-0.021868825
SMOKE · validación técnica,suitc,turtles,5668,8170,-0.0026277788,-0.009541772,-0.0069139935
SMOKE · validación técnica,offered,tumm,2941,8188,0.02694431,0.038834278,0.011889968
SMOKE · validación técnica,reco,wra,3849,2106,0.06651312,0.06397153,-0.0025415942
SMOKE · validación técnica,joked,next,7798,997,0.02061504,0.034001026,0.013385987
SMOKE · validación técnica,Although,trash,7371,3785,-0.07254059,-0.06814833,0.004392259
SMOKE · validación técnica,Before,slapped,5019,5633,-0.00017906353,0.055509597,0.05568866
SMOKE · validación técnica,Gina,business,7802,7633,-0.010495344,-0.0069697145,0.0035256296
SMOKE · validación técnica,moving,teased,2835,6781,-0.09634787,-0.07349306,0.022854805
SMOKE · validación técnica,digging,vanish,4984,6233,-0.09931798,-0.102159135,-0.0028411523
SMOKE · validación técnica,favorite,light,1280,1339,-0.026441323,0.010459825,0.036901146
SMOKE · validación técnica,All,bare,1680,5461,-0.01909937,-0.029714316,-0.0106149465
SMOKE · validación técnica,gro,pears,4129,5756,0.012442619,0.011983234,-0.00045938417
SMOKE · validación técnica,Whenever,taxi,3173,4191,-0.0223646,-0.024889968,-0.0025253687
SMOKE · validación técnica,cheering,shook,6015,1945,0.04547675,0.04134001,-0.004136741
SMOKE · validación técnica,hospital,reminds,2625,8065,0.06760123,0.04563841,-0.021962825
SMOKE · validación técnica,Taking,realize,8005,5657,-0.0007033767,-0.00077460054,-7.1223825e-05
SMOKE · validación técnica,le,shovels,492,7738,-0.053712077,-0.05586981,-0.0021577328
SMOKE · validación técnica,eager,shared,2907,1663,-0.010254109,-0.06398456,-0.05373045
SMOKE · validación técnica,Instead,sister,4490,1688,-0.012798198,0.0002824925,0.01308069
SMOKE · validación técnica,peanut,spark,3356,1586,0.02237546,0.044837058,0.022461597
SMOKE · validación técnica,daring,swan,7202,3115,0.06309523,0.06291846,-0.00017676502
SMOKE · validación técnica,foc,storms,6146,8064,0.051176637,0.053234644,0.0020580068
SMOKE · validación técnica,hills,says,4755,578,-0.14305416,-0.088385336,0.05466882
SMOKE · validación técnica,alarm,among,4609,6716,0.06945825,0.08244611,0.01298786
SMOKE · validación técnica,pushing,rabbits,3969,4956,-0.05640542,-0.08235529,-0.02594987
SMOKE · validación técnica,sleepy,wobble,2588,7438,0.037505303,0.07269107,0.035185765
SMOKE · validación técnica,It,forever,409,2000,-0.058719374,-0.101460576,-0.0427412
SMOKE · validación técnica,neighbors,tease,5610,5245,0.035320036,0.024593838,-0.010726199
SMOKE · validación técnica,aunt,keeping,3497,4808,0.061241195,0.08333312,0.022091925
SMOKE · validación técnica,enth,museum,3672,4324,-0.06806342,-0.044725277,0.023338147
SMOKE · validación técnica,Snuggles,aeroplane,7073,4501,0.0019293651,-0.00856239,-0.010491755
SMOKE · validación técnica,Wally,penny,7302,3522,0.08757115,0.08018491,-0.007386245
SMOKE · validación técnica,ball,yielded,683,7061,-0.11209608,-0.095670834,0.016425245
SMOKE · validación técnica,lips,otter,5541,3557,0.015007934,-0.0018789805,-0.016886914
SMOKE · validación técnica,microphone,speeding,3980,7810,0.0021587312,-0.02252033,-0.024679061
SMOKE · validación técnica,neighbour,urge,3976,5209,0.00042181835,-0.020997139,-0.021418957
SMOKE · validación técnica,a,soil,259,4328,-0.034105472,-0.027368627,0.006736845
SMOKE · validación técnica,pebbles,scarecrow,5850,7907,0.15283339,0.16075692,0.007923529
SMOKE · validación técnica,ancient,loops,3196,7608,0.091239944,0.1079849,0.016744956
SMOKE · validación técnica,chirp,important,4402,1096,0.13300754,0.14512184,0.012114301
SMOKE · validación técnica,bird,pap,535,1311,-0.014463391,-0.024394035,-0.009930644
SMOKE · validación técnica,guys,twenty,6020,8017,-0.0026127212,0.014961667,0.017574389
SMOKE · validación técnica,backwards,lic,6943,5142,0.0021040738,0.011301749,0.009197676
SMOKE · validación técnica,rever,tor,4294,3617,0.022570303,0.015416098,-0.007154205
SMOKE · validación técnica,Fo,hardly,5134,4816,-0.044413038,-0.055920437,-0.011507399
SMOKE · validación técnica,ticket,villag,4804,5465,-0.03030976,-0.033973005,-0.0036632456
SMOKE · validación técnica,prom,queen,1315,2836,0.052179806,0.05547359,0.0032937825
SMOKE · validación técnica,pi,winning,1532,5703,0.0164484,0.025424503,0.008976102
SMOKE · validación técnica,stay,suitcase,888,5977,-0.048131533,-0.016798638,0.031332895
SMOKE · validación técnica,swinging,trail,4079,4357,0.050122872,0.053823046,0.0037001744
SMOKE · validación técnica,gloves,universe,5623,5347,0.019391034,0.027152253,0.0077612195
SMOKE · validación técnica,bring,taking,1901,1913,-0.03968136,-0.020211369,0.019469991
SMOKE · validación técnica,C,wardrobe,875,4597,-0.070594355,-0.09333517,-0.022740811
SMOKE · validación técnica,Up,chuckled,7446,6479,-0.011882415,0.008947086,0.0208295
SMOKE · validación técnica,especially,kids,2751,1298,0.05118981,0.08963974,0.03844993
SMOKE · validación técnica,George,Zara,4001,7830,-0.004494765,0.002757106,0.007251871
SMOKE · validación técnica,imagined,went,3446,467,-0.029003555,0.0035524033,0.03255596
SMOKE · validación técnica,Suzie,increased,6235,7043,-0.086187094,-0.068092145,0.01809495
SMOKE · validación técnica,Fred,beautifully,3211,7554,0.035721567,0.043257214,0.0075356476
SMOKE · validación técnica,bottles,heard,5740,754,0.11684646,0.10073601,-0.01611045
SMOKE · validación técnica,dep,somebody,8085,6295,0.06616549,0.066382796,0.00021730363
SMOKE · validación técnica,caut,protected,5643,5653,0.002907129,0.002436364,-0.00047076494
SMOKE · validación técnica,aware,pedaled,8029,7778,-0.0070287418,-0.034609564,-0.027580822
SMOKE · validación técnica,ju,were,1535,429,-0.08072338,-0.07424446,0.0064789206
SMOKE · validación técnica,Joey,stands,3799,7367,-0.08870587,-0.07475592,0.013949946
SMOKE · validación técnica,conn,jars,6522,7957,0.115028575,0.1016745,-0.013354078
SMOKE · validación técnica,banan,new,2418,575,0.038807698,0.0033170208,-0.035490677
SMOKE · validación técnica,shoulder,spong,4379,6935,-0.014314836,-0.03239868,-0.018083842
SMOKE · validación técnica,cheap,opposite,3350,7972,0.03317148,0.048959404,0.015787926
SMOKE · validación técnica,S,hand,298,734,0.04538955,0.063307226,0.017917674
SMOKE · validación técnica,seed,spot,2586,1357,-0.12093518,-0.10982848,0.0111067
SMOKE · validación técnica,I,became,339,1134,-0.027655534,-0.038826495,-0.011170961
SMOKE · validación técnica,hurricane,langu,5349,4209,-0.041955393,-0.065467685,-0.023512293
SMOKE · validación técnica,Sofia,flown,7853,7191,-0.014980302,-0.01526573,-0.00028542802
SMOKE · validación técnica,Sure,jour,5968,1869,0.10294229,0.100649424,-0.002292864
SMOKE · validación técnica,appro,toddler,4628,6879,-0.019457676,-0.024046045,-0.0045883693
SMOKE · validación técnica,Li,Robbie,6771,7041,-0.03143489,-0.04577463,-0.014339741
SMOKE · validación técnica,somebody,tornado,6295,5119,-0.023143196,-0.04383491,-0.020691713
SMOKE · validación técnica,imag,tricycle,2122,7597,0.08725091,0.088554576,0.0013036653
SMOKE · validación técnica,grey,manag,5193,7206,-0.03510002,-0.030186083,0.0049139373
SMOKE · validación técnica,hate,shap,5368,1698,-0.005941486,0.0099821985,0.015923684
SMOKE · validación técnica,destroyed,good,4940,597,0.014011195,-0.01827205,-0.032283247
SMOKE · validación técnica,Rock,sparkly,7175,2476,-0.031073395,-0.009874975,0.02119842
SMOKE · validación técnica,favor,rely,1275,8049,0.06604859,0.07868698,0.01263839
SMOKE · validación técnica,fast,learns,850,6192,0.11201646,0.07780649,-0.034209974
SMOKE · validación técnica,clo,mood,732,7680,-0.036745284,-0.012580495,0.024164788
SMOKE · validación técnica,elf,sauce,7431,3329,-0.026312206,-0.005001461,0.021310745
SMOKE · validación técnica,de,dollhouse,1092,6945,-0.041825186,-0.040793728,0.0010314584
SMOKE · validación técnica,goodies,pedal,7794,5473,0.08052643,0.086119555,0.0055931285
SMOKE · validación técnica,sticks,trips,2577,6149,0.016802058,0.005674064,-0.011127993
SMOKE · validación técnica,cond,flour,6821,3725,-0.03807778,-0.043121256,-0.005043477
SMOKE · validación técnica,apple,dan,1903,941,0.0031462014,-0.012315005,-0.015461206
SMOKE · validación técnica,fog,squares,4543,6558,0.07939255,0.06263241,-0.01676014
SMOKE · validación técnica,cust,dipped,6734,6361,-0.004907055,0.004411144,0.009318199
SMOKE · validación técnica,beginning,flour,6423,3725,-0.04658693,-0.040765345,0.0058215857
SMOKE · validación técnica,dollars,wond,7054,5602,0.05747579,0.05747579,0.0
SMOKE · validación técnica,curt,file,3922,4676,-0.06330197,-0.060900003,0.0024019703
SMOKE · validación técnica,include,quacked,6153,6179,-0.020323947,-0.021733385,-0.0014094375
SMOKE · validación técnica,examined,w,5539,261,0.10044999,0.093402386,-0.007047601
SMOKE · validación técnica,Pl,joyful,6655,7018,-0.013557932,-0.007061311,0.0064966213
SMOKE · validación técnica,crunch,cups,5022,4387,0.06497871,0.07442644,0.009447731
SMOKE · validación técnica,done,ol,1274,3873,-0.04979924,-0.021197055,0.028602187
SMOKE · validación técnica,s,tunn,260,3043,0.030501505,0.011145389,-0.019356117
SMOKE · validación técnica,teasing,waterfall,5851,7437,-0.18188336,-0.1842346,-0.0023512393
SMOKE · validación técnica,miss,reco,1981,3849,-0.008633032,0.007559359,0.016192392
SMOKE · validación técnica,Goodbye,breathing,6890,7668,-0.033704724,-0.044428203,-0.010723479
SMOKE · validación técnica,Bubbles,safely,5636,3017,-0.035640836,-0.021274477,0.0143663585
SMOKE · validación técnica,began,steam,1249,4591,0.011266351,-0.00500039,-0.01626674
SMOKE · validación técnica,Help,giggle,4729,3888,0.023910642,0.05706438,0.03315374
SMOKE · validación técnica,left,owners,1422,5960,0.045327265,0.048491783,0.0031645186
SMOKE · validación técnica,soared,sparkling,5257,4731,-0.057657197,-0.06635434,-0.008697145
SMOKE · validación técnica,John,pencil,1185,2931,-0.102589145,-0.09229362,0.010295525
SMOKE · validación técnica,decide,fix,2948,1287,-0.06232698,-0.03176633,0.03056065
SMOKE · validación técnica,Two,ground,6929,975,0.056921337,0.060175583,0.003254246
SMOKE · validación técnica,dip,k,7312,398,0.023293361,0.027984142,0.0046907812
SMOKE · validación técnica,case,ward,4062,4590,0.056659587,0.07593013,0.019270547
SMOKE · validación técnica,mine,piggy,2045,6418,0.11633435,0.06939462,-0.04693973
SMOKE · validación técnica,rubb,toes,3505,4819,-0.004320074,0.008012213,0.012332287
SMOKE · validación técnica,make,point,551,4107,0.09331637,0.07034587,-0.022970498
SMOKE · validación técnica,afternoon,mud,3676,2270,-0.026327617,-0.0019538142,0.024373803
SMOKE · validación técnica,corner,relax,2288,2714,-0.027101051,-0.026746165,0.00035488605
SMOKE · validación técnica,butter,net,1189,2452,-0.045862667,-0.026094373,0.019768294
SMOKE · validación técnica,behavior,customers,7467,8035,-0.02719964,-0.028720144,-0.0015205033
SMOKE · validación técnica,exploring,tour,1915,5631,0.07057506,0.11599083,0.045415774
SMOKE · validación técnica,pastels,pebble,6076,3738,-0.053129546,-0.036297325,0.016832221
SMOKE · validación técnica,seems,until,6189,802,0.038334437,0.06299993,0.02466549
SMOKE · validación técnica,belong,handing,1939,7763,-0.04332291,-0.04569178,-0.0023688711
SMOKE · validación técnica,elf,fairy,7431,1827,0.04726781,0.038834482,-0.008433327
SMOKE · validación técnica,day,rabbit,356,1103,0.01335109,-0.0020038486,-0.015354939
SMOKE · validación técnica,impossible,je,6467,1748,-0.048408013,-0.0582318,-0.009823788
SMOKE · validación técnica,hum,sty,2408,4987,-0.011275492,-0.012726266,-0.0014507743
SMOKE · validación técnica,clown,microscope,2737,4381,-0.06961928,-0.03513108,0.034488205
SMOKE · validación técnica,contro,swords,5739,7252,0.029109575,0.029109608,3.3527613e-08
SMOKE · validación técnica,helmet,wall,3935,1502,0.046531968,0.09898301,0.052451044
SMOKE · validación técnica,gun,monsters,2530,5419,-0.019228652,-0.011568532,0.00766012
SMOKE · validación técnica,choices,puddle,6793,2437,-0.08080841,-0.058423236,0.022385173
SMOKE · validación técnica,Ted,marble,4793,3240,-0.10442673,-0.10162944,0.0027972832
SMOKE · validación técnica,lea,surv,1198,7663,-0.023537178,-0.023465622,7.1555376e-05
SMOKE · validación técnica,roads,surrounded,6050,5308,-0.071271874,-0.045981865,0.025290009
SMOKE · validación técnica,blinked,whisp,4740,2576,-0.040565155,-0.051074084,-0.010508928
SMOKE · validación técnica,How,toes,2402,4819,-0.06249787,-0.069127105,-0.006629236
SMOKE · validación técnica,av,tray,2524,3899,-0.010937013,-0.001139544,0.009797469
SMOKE · validación técnica,Ol,routine,5716,7945,-0.053584937,-0.077508554,-0.023923617
SMOKE · validación técnica,Re,sack,5061,2264,0.020220697,0.014294794,-0.005925903
SMOKE · validación técnica,inse,the,4352,263,-0.049344763,-0.06351197,-0.0141672045
SMOKE · validación técnica,fancy,ing,2568,3435,-0.015426952,-0.0037306817,0.011696271
SMOKE · validación técnica,inc,strong,2104,1089,0.011248238,0.03043408,0.019185841
SMOKE · validación técnica,forests,stacked,7480,7376,-0.04299462,-0.026134118,0.0168605
SMOKE · validación técnica,thumb,tore,4697,5069,0.047239304,0.010129593,-0.03710971
SMOKE · validación técnica,comm,mum,6174,1250,0.039582603,0.0346046,-0.004978001
SMOKE · validación técnica,transf,zipping,8078,6849,0.055901967,0.046191204,-0.009710763
SMOKE · validación técnica,Put,mall,6447,5189,-0.008971824,-0.020023644,-0.01105182
SMOKE · validación técnica,requ,worker,4626,6286,-0.04649601,-0.044377245,0.0021187663
SMOKE · validación técnica,explored,therm,3190,4709,0.10065359,0.108325936,0.007672347
SMOKE · validación técnica,drown,numbers,8023,3395,0.05453069,0.039212048,-0.015318643
SMOKE · validación técnica,fi,stopped,858,1032,-0.079591274,-0.11009246,-0.030501187
SMOKE · validación técnica,caught,toe,1948,5237,-0.09362244,-0.06677047,0.026851967
SMOKE · validación técnica,rumble,sailing,6341,4407,0.054634176,0.05524967,0.00061549246
SMOKE · validación técnica,Get,chalk,6656,4201,-0.052983485,-0.05958436,-0.0066008754
SMOKE · validación técnica,Flopsy,stop,6807,1240,-0.009355703,-0.011836264,-0.002480561
SMOKE · validación técnica,inf,watering,4523,7552,-0.005969472,-0.035054076,-0.029084604
SMOKE · validación técnica,Tweetie,fetch,3869,6010,0.04144714,0.06632433,0.02487719
SMOKE · validación técnica,insects,months,6927,7363,0.06814109,0.059888445,-0.008252643
SMOKE · validación técnica,bo,bowed,435,5528,0.06747448,0.0169353,-0.050539177
SMOKE · validación técnica,Mary,greet,1931,5925,0.015006449,-0.0070897844,-0.022096233
SMOKE · validación técnica,Once,memories,5600,4397,0.043083187,0.055867266,0.012784079
SMOKE · validación técnica,however,spending,6201,4759,0.06677041,0.07308371,0.0063133016
SMOKE · validación técnica,bath,penny,1813,3522,-0.100247525,-0.0822252,0.018022321
SMOKE · validación técnica,may,sweep,3741,8030,-0.02340923,0.013831477,0.037240706
SMOKE · validación técnica,entered,lemons,4620,5567,0.034622934,0.0057284962,-0.028894437
SMOKE · validación técnica,anx,turns,3558,1921,-0.02532848,-0.019074226,0.006254254
SMOKE · validación técnica,fine,persistent,2935,3533,-0.016603636,-0.004617854,0.011985782
SMOKE · validación técnica,hor,tune,2114,5575,0.054224163,0.060539164,0.0063150004
SMOKE · validación técnica,cave,digg,2092,4977,-0.072882585,-0.04466509,0.028217494
SMOKE · validación técnica,delivered,gray,6612,2552,-0.113840826,-0.12244863,-0.008607805
SMOKE · validación técnica,b,thing,267,1278,-0.09131606,-0.102356344,-0.011040285
SMOKE · validación técnica,seeker,tricked,6939,6458,-0.016865022,0.016297124,0.033162147
SMOKE · validación técnica,Curious,coach,8160,7591,-0.05405602,-0.04683718,0.0072188377
SMOKE · validación técnica,Sofia,automob,7853,4700,-0.00036513805,-0.00036513433,3.7252903e-09
SMOKE · validación técnica,Just,cleared,2441,7723,0.0341716,-0.028333278,-0.06250488
SMOKE · validación técnica,coloured,rock,6254,947,-0.04895465,-0.04316799,0.005786661
SMOKE · validación técnica,scolded,spir,4596,4035,0.092425264,0.102889344,0.01046408
SMOKE · validación técnica,reversed,tight,7485,1463,0.014589545,0.013765071,-0.00082447473
SMOKE · validación técnica,fixed,qu,2403,740,0.042307466,0.01995415,-0.022353316
SMOKE · validación técnica,dr,sewing,1239,7699,-0.028426636,-0.031794395,-0.0033677593
SMOKE · validación técnica,jobs,screwdriver,8061,7219,-0.105199665,-0.094657704,0.010541961
SMOKE · validación técnica,bank,cray,5696,1850,0.018450737,0.019820116,0.0013693795
SMOKE · validación técnica,favor,potato,1275,3434,0.111223966,0.10829209,-0.002931878
SMOKE · validación técnica,chess,marked,4599,6420,-0.16591178,-0.15520589,0.010705888
SMOKE · validación técnica,cream,sparkling,1563,4731,0.03000313,0.037472736,0.0074696057
SMOKE · validación técnica,Speedy,owner,7803,1672,-0.027295314,-0.034738626,-0.0074433126
SMOKE · validación técnica,Joanna,permitted,8054,7637,-0.04402467,-0.033293504,0.010731164
SMOKE · validación técnica,Robby,front,6541,2226,-0.0629051,-0.027254462,0.03565064
SMOKE · validación técnica,rhinoceros,stones,4315,2804,-0.0018617287,-0.016244216,-0.014382487
SMOKE · validación técnica,lotion,tune,4855,5575,-0.079139434,-0.0724898,0.0066496357
SMOKE · validación técnica,led,oat,3710,4007,-0.0039557936,0.005479956,0.00943575
SMOKE · validación técnica,country,pens,3953,7272,0.0859703,0.120332316,0.034362018
SMOKE · validación técnica,Jim,goodbyes,1709,7707,0.0313893,0.01843942,-0.01294988
SMOKE · validación técnica,plate,rotting,2475,7610,-0.05289188,-0.021605473,0.031286407
SMOKE · validación técnica,swing,whoever,1425,7959,0.05186568,0.021323916,-0.030541763
SMOKE · validación técnica,Everyone,something,1206,560,-0.09477757,-0.098728776,-0.003951207
SMOKE · validación técnica,celebrating,glass,6471,2719,-0.0046812687,0.02524366,0.02992493
SMOKE · validación técnica,screamed,whistled,2293,5265,-0.009319577,0.017085932,0.02640551
SMOKE · validación técnica,Suzy,beans,5581,4888,0.045320816,0.04905152,0.0037307031
SMOKE · validación técnica,board,cared,2892,4668,0.0054753292,0.001420727,-0.0040546022
SMOKE · validación técnica,accidentally,flight,2076,7087,0.0013196729,0.01263658,0.011316907
SMOKE · validación técnica,coloring,scarecrow,6566,7907,0.061062172,0.041114464,-0.019947708
SMOKE · validación técnica,click,val,5885,2285,0.00929104,-0.02758651,-0.03687755
SMOKE · validación técnica,license,nothing,5226,2038,0.056936853,0.05820039,0.0012635365
SMOKE · validación técnica,flashing,string,8112,2453,0.10576479,0.11357653,0.00781174
SMOKE · validación técnica,filled,violin,1461,4360,-0.038473308,-0.09277146,-0.054298155
SMOKE · validación técnica,puddles,wishes,4526,4004,0.042651407,0.09141678,0.048765376
SMOKE · validación técnica,design,towels,3220,6159,-0.04810799,-0.0525146,-0.0044066124
SMOKE · validación técnica,Millie,would,4182,523,-0.11008288,-0.037788667,0.07229421
SMOKE · validación técnica,been,pouted,1127,6532,0.044739995,0.036140595,-0.0085994005
SMOKE · validación técnica,Louise,hero,7291,3018,0.018924521,0.020231863,0.0013073422
SMOKE · validación técnica,shiny,showed,974,1085,0.06868689,0.027592836,-0.04109405
SMOKE · validación técnica,This,hanger,1568,5184,0.06597629,0.12727913,0.06130284
SMOKE · validación técnica,gu,mints,1683,7603,0.03672552,0.036042675,-0.0006828457
SMOKE · validación técnica,ann,ripe,5908,6351,-0.053139616,-0.034365077,0.01877454
SMOKE · validación técnica,each,frag,767,3208,-0.052693956,-0.036430776,0.01626318
SMOKE · validación técnica,exha,sou,6073,7515,-0.00045039877,-0.026634343,-0.026183944
SMOKE · validación técnica,honk,postman,5833,7059,0.078817114,0.0881649,0.009347789
SMOKE · validación técnica,imagining,reached,6937,1225,-0.065526806,-0.108572066,-0.04304526
SMOKE · validación técnica,basket,fearful,1843,3715,-0.06432992,-0.056668237,0.0076616853
SMOKE · validación técnica,cotton,tug,7944,4769,0.050656807,0.048468053,-0.0021887533
SMOKE · validación técnica,Sunny,ign,5920,2327,-0.108611465,-0.11145896,-0.0028474927
SMOKE · validación técnica,billboard,bottles,5314,5740,0.05507004,0.067671716,0.012601677
SMOKE · validación técnica,curtain,either,3929,4136,0.05124762,0.04369408,-0.00755354
SMOKE · validación técnica,costumes,potion,5516,6670,0.13048539,0.11679423,-0.013691157
SMOKE · validación técnica,kicks,waited,6692,1615,-0.11563033,-0.11429715,0.0013331771
SMOKE · validación técnica,humming,s,7931,260,0.043777592,0.046120495,0.0023429021
SMOKE · validación técnica,bandage,mother,3822,1542,0.0112195015,0.029899493,0.018679991
SMOKE · validación técnica,J,prayer,471,6066,-0.020334885,-0.0410695,-0.020734616
SMOKE · validación técnica,apart,creation,4652,5498,-0.076596424,-0.038657628,0.037938796
SMOKE · validación técnica,Instead,warning,4490,5137,0.013316546,0.028266545,0.01495
SMOKE · validación técnica,bill,unsure,4992,7182,-0.017890112,-0.020308383,-0.0024182703
SMOKE · validación técnica,garden,recommended,846,6434,0.07497524,0.08106014,0.006084904
SMOKE · validación técnica,poppy,skirt,5399,4443,-0.031786483,-0.021295404,0.010491079
SMOKE · validación técnica,ducks,lady,2206,1272,-0.023665931,0.02577075,0.04943668
SMOKE · validación técnica,hurric,sidewalk,5329,5279,-0.094718784,-0.08583251,0.008886278
SMOKE · validación técnica,scientist,tank,7184,3183,0.059493948,0.056829102,-0.0026648454
SMOKE · validación técnica,happiness,space,3016,3232,-0.0037661046,0.00851744,0.012283545
SMOKE · validación técnica,bridges,imagined,5675,3446,0.083227396,0.07920246,-0.0040249377
SMOKE · validación técnica,count,refre,1513,4748,-0.010048846,-0.031687267,-0.021638421
SMOKE · validación técnica,Christmas,rusty,6278,6575,-0.007977493,-0.0175905,-0.009613007
SMOKE · validación técnica,Something,horns,5771,5916,0.036747433,0.02394556,-0.012801873
SMOKE · validación técnica,dir,grace,1456,3028,-0.033863693,-0.029530624,0.0043330695
SMOKE · validación técnica,That,menu,1329,5389,-0.045792397,-0.05934152,-0.013549123
SMOKE · validación técnica,flowers,ladybug,1084,6069,0.04234314,0.053589016,0.011245877
SMOKE · validación técnica,Jamie,neighbourhood,6027,5531,-0.019882381,-0.0066287518,0.013253629
SMOKE · validación técnica,When,shirts,933,6702,-0.036708124,-0.0690783,-0.032370172
SMOKE · validación técnica,birdhouse,grab,8050,2118,0.0059432816,0.024236359,0.018293077
SMOKE · validación técnica,candle,type,3812,7835,0.23151542,0.23892488,0.0074094534
SMOKE · validación técnica,missing,poem,3506,4291,0.033832412,0.01904989,-0.014782522
SMOKE · validación técnica,Floppy,dolphin,5692,3660,0.023686089,0.035371285,0.011685196
SMOKE · validación técnica,Jess,barking,4716,4048,0.06907493,0.075671956,0.006597027
SMOKE · validación técnica,frown,told,3032,737,0.013856025,0.07136073,0.057504706
SMOKE · validación técnica,rhy,sub,5214,5018,-0.046049442,-0.021824539,0.024224903
SMOKE · validación técnica,horn,in,2937,317,0.06193236,0.019385107,-0.042547252
SMOKE · validación técnica,ce,hour,2113,6818,0.11746505,0.087500066,-0.029964983
SMOKE · validación técnica,muddy,sandcastle,5452,5011,0.100968786,0.08303771,-0.017931074
SMOKE · validación técnica,available,going,3934,950,0.026660137,0.0019518007,-0.024708336
SMOKE · validación técnica,glasses,raft,6460,4274,-0.084587015,-0.08717434,-0.0025873259
SMOKE · validación técnica,cooler,four,4020,3104,0.023966178,0.03336207,0.00939589
SMOKE · validación técnica,happens,stadium,4542,4976,-0.11607293,-0.13038683,-0.014313899
SMOKE · validación técnica,aut,tubes,4561,7669,0.025122244,0.03816723,0.013044987
SMOKE · validación técnica,spo,sweetheart,2132,4194,-0.012773601,-0.0043736678,0.008399934
SMOKE · validación técnica,lumber,seeds,4920,3493,0.09695672,0.11387694,0.016920216
SMOKE · validación técnica,talk,wrink,1601,7174,-0.004716594,-0.0642531,-0.059536505
SMOKE · validación técnica,cheering,respectful,6015,4108,0.080827296,0.0795301,-0.0012971982
SMOKE · validación técnica,fruit,ide,1804,980,-0.03314128,-0.059095204,-0.025953922
SMOKE · validación técnica,Fro,nowhere,5431,3753,0.04230023,0.010563105,-0.031737126
SMOKE · validación técnica,managed,thro,2971,6121,0.024195988,0.028649377,0.004453389
SMOKE · validación técnica,Jenna,deer,6314,2647,0.032775354,0.012218898,-0.020556455
SMOKE · validación técnica,generous,ride,2637,1608,-0.049175583,-0.04032585,0.008849733
SMOKE · validación técnica,gorilla,tape,3995,2921,-0.11588344,-0.065392576,0.050490864
SMOKE · validación técnica,experien,rhinoceros,6704,4315,0.08044031,0.07853088,-0.0019094348
SMOKE · validación técnica,Gra,squ,1617,1116,-0.096865565,-0.09012398,0.0067415833
SMOKE · validación técnica,claws,plucked,4885,6993,-0.0216375,-0.015912682,0.0057248175
SMOKE · validación técnica,knock,universe,3619,5347,-0.069230676,-0.064579934,0.004650742
SMOKE · validación técnica,dir,emp,1456,2423,-0.037925936,-0.02439569,0.013530247
SMOKE · validación técnica,backpack,lear,3875,4040,-0.016718972,-0.0030956827,0.01362329
SMOKE · validación técnica,bloomed,tough,5718,3022,-0.12176792,-0.09677367,0.024994254
SMOKE · validación técnica,Olive,garbage,6911,7482,0.08134645,0.0824885,0.0011420473
SMOKE · validación técnica,checked,tallest,4166,6299,0.04599712,0.038830318,-0.007166803
SMOKE · validación técnica,Mark,anticip,3010,7560,-0.080169216,-0.069949366,0.01021985
SMOKE · validación técnica,plac,tickled,1910,6255,0.046338618,0.045706008,-0.0006326102
SMOKE · validación técnica,batteries,realize,7119,5657,0.018645994,0.02100901,0.002363015
SMOKE · validación técnica,captain,switch,4980,3821,0.06254859,0.06627518,0.0037265867
SMOKE · validación técnica,enthusiastic,hunt,4089,3039,0.05168026,0.050065253,-0.0016150065
SMOKE · validación técnica,Try,bumped,7622,5045,0.0013765409,0.009301004,0.007924464
SMOKE · validación técnica,Timmy,spooky,514,7583,0.11918475,0.09168682,-0.027497925
SMOKE · validación técnica,lost,obe,1415,5382,-0.032267507,-0.052265286,-0.01999778
SMOKE · validación técnica,be,saving,330,4794,-0.043178257,-0.02831461,0.0148636475
SMOKE · validación técnica,dollars,performing,7054,7240,-0.008812055,-0.014275208,-0.005463153
SMOKE · validación técnica,brother,mister,1222,5428,-0.0520712,-0.044113457,0.007957742
SMOKE · validación técnica,His,neighbourhood,890,5531,-0.0018853806,-0.018259278,-0.016373897
SMOKE · validación técnica,Everybody,kn,6688,479,0.053845942,0.027721256,-0.026124686
SMOKE · validación técnica,she,swim,335,1322,-0.07664085,-0.1067626,-0.030121751
SMOKE · validación técnica,dressing,trop,7858,3950,-0.014185143,-0.004337797,0.009847346
SMOKE · validación técnica,chip,windy,6538,6848,-0.00634744,0.0014514513,0.0077988915
SMOKE · validación técnica,Our,olive,7158,5046,-0.040711246,-0.040456314,0.0002549328
SMOKE · validación técnica,de,gym,1092,4581,-0.017414182,-0.0048804507,0.012533732
SMOKE · validación técnica,cable,dared,4230,6218,-0.11675372,-0.106069714,0.010684006
SMOKE · validación técnica,Elle,Polly,7984,3951,0.05254791,0.06558437,0.01303646
SMOKE · validación técnica,antic,emp,7399,2423,0.032787204,0.013171144,-0.01961606
SMOKE · validación técnica,Joanne,replace,8142,5127,-0.040441364,-0.043819927,-0.0033785626
SMOKE · validación técnica,practiced,warri,3755,6903,0.0060867183,0.003910441,-0.0021762773
SMOKE · validación técnica,Fro,hole,5431,1404,-0.051684298,-0.0449989,0.0066853985
SMOKE · validación técnica,rings,weak,6881,2723,0.12220995,0.10412355,-0.018086404
SMOKE · validación técnica,ex,flap,463,5491,-0.05746245,-0.10232528,-0.044862833
SMOKE · validación técnica,giraffe,roots,4368,6262,-0.003766818,0.0040855203,0.007852338
SMOKE · validación técnica,choose,nood,3102,6961,0.0061113127,0.0023745857,-0.003736727
SMOKE · validación técnica,Lizzy,beyond,6263,6516,-0.04365387,-0.047596313,-0.003942445
SMOKE · validación técnica,afterwards,soccer,6639,4226,-0.004348384,0.019209368,0.023557752
SMOKE · validación técnica,cries,noise,2675,979,0.0066029374,0.08436771,0.07776477
SMOKE · validación técnica,chip,learn,6538,693,-0.0054851994,0.030305682,0.035790883
SMOKE · validación técnica,knock,wipe,3619,4677,0.04412026,0.047239956,0.003119696
SMOKE · validación técnica,artist,horn,6529,2937,-0.01544518,0.021528907,0.036974087
SMOKE · validación técnica,climb,laughing,1012,2079,0.048820324,-0.00024450384,-0.04906483
SMOKE · validación técnica,a,anytime,259,5441,0.098594725,0.05018765,-0.048407074
SMOKE · validación técnica,face,notice,1144,3247,-0.09923501,-0.1144799,-0.015244886
SMOKE · validación técnica,bury,discu,4513,4389,-0.05355832,-0.06517101,-0.011612691
SMOKE · validación técnica,medic,spirit,2761,4125,0.023905788,0.028236814,0.004331026
SMOKE · validación técnica,beauty,nail,3601,3724,-0.050482295,-0.03549436,0.014987934
SMOKE · validación técnica,er,wild,3528,2276,0.04426094,0.018838543,-0.025422398
SMOKE · validación técnica,pit,plucked,4617,6993,0.046734575,0.046680838,-5.3737313e-05
SMOKE · validación técnica,bothering,ech,8073,6735,0.06726273,0.081229895,0.013967164
SMOKE · validación técnica,journey,wiggle,2053,7004,0.07631164,0.08729272,0.010981083
SMOKE · validación técnica,machines,milk,5955,2133,-0.05492896,-0.040351294,0.014577664
SMOKE · validación técnica,grate,ne,1699,401,0.05007571,0.042497687,-0.007578023
SMOKE · validación técnica,bal,fall,2572,1578,-0.03186819,-0.02712509,0.004743099
SMOKE · validación técnica,luckily,yesterday,7533,6344,0.020335585,0.021717755,0.0013821702
SMOKE · validación técnica,gesture,wanted,7783,443,-0.033280097,-0.04765128,-0.014371183
SMOKE · validación técnica,puts,tossed,2232,7359,-0.015450552,-0.036070995,-0.020620443
SMOKE · validación técnica,light,teaspoon,1339,5138,0.025460897,0.028941669,0.0034807716
SMOKE · validación técnica,electric,red,7963,938,0.07594196,0.10582906,0.029887103
SMOKE · validación técnica,focus,marbles,8139,5087,-0.042068798,-0.048848245,-0.006779447
SMOKE · validación técnica,sandwiches,was,3705,280,0.040401883,0.008949358,-0.031452525
SMOKE · validación técnica,dip,waterfall,7312,7437,-0.13503881,-0.13548926,-0.0004504472
SMOKE · validación técnica,advent,honest,954,2516,-0.030550726,-0.010929251,0.019621475
SMOKE · validación técnica,crayons,firefly,2222,7290,0.042546526,0.033502243,-0.009044282
SMOKE · validación técnica,extra,purse,2839,3769,0.039569598,0.014290918,-0.02527868
SMOKE · validación técnica,flowers,visiting,1084,5459,0.06484609,0.039876502,-0.024969589
SMOKE · validación técnica,compassionate,sniffed,3735,4559,0.07686744,0.060424592,-0.016442847
SMOKE · validación técnica,Bee,Tuna,7499,7010,-0.015581497,-0.029324817,-0.01374332
SMOKE · validación técnica,chickens,out,4327,447,-0.025788343,-0.03514535,-0.009357007
SMOKE · validación técnica,colder,kisses,7322,4803,-0.057601802,-0.024001587,0.033600215
SMOKE · validación técnica,sounds,turned,2087,1544,-0.11476159,-0.12013188,-0.005370289
SMOKE · validación técnica,flour,pastels,3725,6076,0.019279031,0.016997974,-0.0022810567
SMOKE · validación técnica,raind,trade,6332,4884,0.09641138,0.092126146,-0.004285231
SMOKE · validación técnica,hits,nuzzled,5073,7997,-0.04742198,-0.049620755,-0.0021987744
SMOKE · validación técnica,brain,wire,4910,3401,-0.06415032,-0.060546316,0.0036040023
SMOKE · validación técnica,act,within,2109,7921,0.21454327,0.19902246,-0.015520811
SMOKE · validación técnica,bar,bell,1753,2338,-0.014772806,-0.0032274872,0.011545319
SMOKE · validación técnica,driveway,filthy,7508,3866,-0.09205874,-0.09711259,-0.005053848
SMOKE · validación técnica,tiss,unl,7562,3140,0.04677031,0.054821514,0.008051205
SMOKE · validación técnica,oats,surrounded,5387,5308,0.03300229,0.06885957,0.03585728
SMOKE · validación técnica,dance,ribbon,1710,4952,0.023267195,0.054553237,0.031286042
SMOKE · validación técnica,Joanne,noses,8142,6751,-0.11218551,-0.11218555,-4.4703484e-08
SMOKE · validación técnica,cannot,copper,2447,5440,-0.04727448,-0.062311955,-0.015037473
SMOKE · validación técnica,cake,grumpy,1177,2738,-0.00015906431,0.043713354,0.043872416
SMOKE · validación técnica,Finn,tunnel,7447,3307,-0.13811268,-0.13313755,0.004975125
SMOKE · validación técnica,quarrel,thing,4351,1278,0.11625469,0.095568016,-0.020686671
SMOKE · validación técnica,have,passen,466,6759,-0.035887096,0.012582585,0.04846968
SMOKE · validación técnica,Nemo,thorns,3256,8141,-0.059247773,-0.042532224,0.016715549
SMOKE · validación técnica,thorn,tiss,7083,7562,0.07637591,0.07637591,0.0
SMOKE · validación técnica,Judy,figures,6963,7775,0.13870598,0.15041792,0.01171194
SMOKE · validación técnica,won,zookeeper,1632,5966,0.043853957,-0.018304238,-0.062158197
SMOKE · validación técnica,Amy,stomped,1661,6775,-0.008313209,-0.018577233,-0.010264024
SMOKE · validación técnica,bits,sack,7527,2264,0.042170994,0.062609516,0.020438522
SMOKE · validación técnica,Zero,fancy,6982,2568,-0.11704036,-0.111856,0.00518436
SMOKE · validación técnica,ceiling,daddy,4452,1558,0.094752654,0.10793717,0.013184518
SMOKE · validación técnica,dug,patted,3695,6148,-0.066707425,-0.06999715,-0.003289722
SMOKE · validación técnica,ate,unf,1245,6394,-0.095269844,-0.10544288,-0.010173038
SMOKE · validación técnica,Cindy,cardboard,6102,4359,0.02345664,0.026437141,0.0029805005
SMOKE · validación técnica,glowing,praying,4376,6983,-0.07285023,-0.06664984,0.006200388
SMOKE · validación técnica,ab,awo,644,7373,-0.019245408,-0.012789326,0.0064560827
SMOKE · validación técnica,banana,numbers,2924,3395,-0.123699956,-0.10278386,0.020916097
SMOKE · validación técnica,lying,rec,2789,2343,0.09351097,0.11060488,0.017093912
SMOKE · validación técnica,earth,sunf,3475,3336,0.0074865213,-0.01750149,-0.02498801
SMOKE · validación técnica,broom,outside,6075,674,0.015986614,0.06492059,0.048933975
SMOKE · validación técnica,Joanna,triangle,8054,4467,0.06204311,0.06382493,0.0017818175
SMOKE · validación técnica,apolog,persistent,3023,3533,-0.019743904,0.00877643,0.028520335
SMOKE · validación técnica,Bun,pigs,4583,5264,0.08695257,0.06562822,-0.021324344
SMOKE · validación técnica,clapped,performing,1829,7240,0.03478253,0.06189884,0.02711631
SMOKE · validación técnica,fixed,starfish,2403,6852,-0.050168067,-0.043797687,0.0063703805
SMOKE · validación técnica,vehicles,wedding,7698,5829,0.04577939,0.06292447,0.017145079
SMOKE · validación técnica,friendly,scent,1446,7851,0.05488591,0.0926438,0.03775789
SMOKE · validación técnica,Fido,aut,6822,4561,0.040987022,0.04000914,-0.0009778813
SMOKE · validación técnica,aff,opened,6389,956,0.06380631,-0.0010927618,-0.06489907
SMOKE · validación técnica,char,hipp,3430,3774,0.10650949,0.11525786,0.008748367
SMOKE · validación técnica,jelly,temp,2728,4149,0.085672244,0.08414768,-0.0015245676
SMOKE · validación técnica,dreaming,pit,3357,4617,-0.04172147,-0.026493348,0.0152281225
SMOKE · validación técnica,al,laughed,501,854,-0.064244315,-0.121801816,-0.0575575
SMOKE · validación técnica,freez,unknown,4349,3367,-0.042002723,-0.050468765,-0.008466043
SMOKE · validación técnica,complained,lead,6887,2783,-0.08483513,-0.06916599,0.015669137
SMOKE · validación técnica,Green,sees,6967,1252,-0.043214336,-0.017236784,0.025977552
SMOKE · validación técnica,Flopsy,gazing,6807,7755,0.016199633,0.015675455,-0.00052417815
SMOKE · validación técnica,stealing,stretching,5664,5662,-0.042859357,-0.05532115,-0.012461793
SMOKE · validación técnica,gather,tipped,2124,7882,-0.0073848274,0.010794653,0.01817948
SMOKE · validación técnica,Do,rad,1318,2642,0.101428084,0.0959713,-0.005456783
SMOKE · validación técnica,change,det,2831,6767,0.050806347,0.02631203,-0.024494316
SMOKE · validación técnica,teddy,urge,1658,5209,0.054403223,0.043881617,-0.010521606
SMOKE · validación técnica,ache,being,7092,1025,-0.032649606,-0.078897715,-0.04624811
SMOKE · validación técnica,continued,permission,1485,4989,0.010000978,0.00036162138,-0.009639356
SMOKE · validación técnica,depend,panic,3059,4921,-0.07069217,-0.07106292,-0.0003707558
SMOKE · validación técnica,begin,discussed,5558,6600,-0.11132641,-0.084571525,0.026754886
SMOKE · validación técnica,en,encouraging,739,7307,0.08570743,0.09507094,0.00936351
SMOKE · validación técnica,die,reve,7125,4481,-0.033390403,-0.026775818,0.0066145845
SMOKE · validación técnica,indeed,urge,6642,5209,0.0768094,0.096559405,0.019750006
SMOKE · validación técnica,leaving,solve,3429,3297,-0.030077133,-0.0010097101,0.029067423
SMOKE · validación técnica,Chirpy,performance,5508,6773,0.004894198,-0.009351337,-0.014245535
SMOKE · validación técnica,eraser,respectful,4146,4108,0.022065556,0.03497502,0.012909463
SMOKE · validación técnica,floor,gazed,1389,6127,-0.040078647,-0.05241611,-0.012337461
SMOKE · validación técnica,Nana,drifted,7766,6477,-0.025688453,-0.017582426,0.008106027
SMOKE · validación técnica,Fro,students,5431,7179,-0.013443977,-0.0155097395,-0.0020657629
SMOKE · validación técnica,other,stay,572,888,0.014712008,0.06434641,0.049634404
SMOKE · validación técnica,Jack,dec,803,587,-0.049998395,-0.05078741,-0.0007890165
SMOKE · validación técnica,stra,ta,2397,691,0.07533657,0.07888819,0.0035516247
SMOKE · validación técnica,bridge,investigate,2676,4586,0.0455506,0.068391986,0.022841386
SMOKE · validación técnica,gorilla,pilot,3995,4021,0.11574554,0.105518304,-0.010227233
SMOKE · validación técnica,freezer,spell,4577,3808,-0.060600128,-0.052981198,0.00761893
SMOKE · validación técnica,Jack,collecting,803,5086,0.0060898233,-0.003040379,-0.009130202
SMOKE · validación técnica,train,wag,1764,7294,-0.003230486,0.027458973,0.03068946
SMOKE · validación técnica,Yes,soot,6279,8088,0.019628469,0.034104344,0.014475875
SMOKE · validación técnica,jump,vict,862,5687,-0.13392657,-0.09940301,0.03452356
SMOKE · validación técnica,boat,lamp,1123,2994,-0.04318025,-0.0071229003,0.03605735
SMOKE · validación técnica,solution,tentacles,5957,8028,0.050539516,0.022033654,-0.028505862
SMOKE · validación técnica,bowls,squash,6543,3563,0.026395759,0.035579987,0.009184228
SMOKE · validación técnica,kay,ourselves,4067,5886,-0.054152876,-0.05586449,-0.0017116144
SMOKE · validación técnica,generous,waited,2637,1615,-0.005518444,0.036426775,0.04194522
SMOKE · validación técnica,inst,trade,1890,4884,-0.08297358,-0.050144132,0.032829445
SMOKE · validación técnica,These,patterns,5745,5219,0.05798287,0.02991654,-0.02806633
SMOKE · validación técnica,man,study,509,3290,-0.021028845,0.00038366765,0.021412512
SMOKE · validación técnica,Emmy,disappeared,6399,2827,0.058487453,0.083175346,0.024687894
SMOKE · validación técnica,hesitated,machines,6659,5955,0.021218197,0.026925338,0.005707141
SMOKE · validación técnica,scissors,that,2740,357,0.02843735,-0.023009066,-0.051446415
SMOKE · validación técnica,anyone,cream,2141,1563,-0.11420274,-0.07678214,0.0374206
SMOKE · validación técnica,crayon,meals,3184,6653,-0.024983555,-0.010154255,0.0148293
SMOKE · validación técnica,Kelly,yelled,7365,2594,-0.07609666,-0.09716138,-0.021064721
SMOKE · validación técnica,Tess,shoulder,6482,4379,0.013862982,0.015596942,0.0017339597
SMOKE · validación técnica,four,lawy,3104,4398,0.044853278,0.039829083,-0.0050241947
SMOKE · validación técnica,friendship,snowfl,3478,6981,-0.14750886,-0.094063565,0.053445294
SMOKE · validación técnica,doctor,napkins,1796,6936,-0.023004297,-0.023849847,-0.0008455496
SMOKE · validación técnica,Ashley,compl,7380,3809,-0.036924496,-0.042405684,-0.0054811873
SMOKE · validación técnica,Alan,encou,8168,3611,0.08035551,0.080355525,1.4901161e-08
SMOKE · validación técnica,grate,quickly,1699,1101,0.023012174,0.047579527,0.024567353
SMOKE · validación técnica,age,cuddly,7032,6926,-0.07105183,-0.097804144,-0.026752315
SMOKE · validación técnica,disgust,passport,3654,4396,-0.008409783,-0.0033778874,0.005031896
SMOKE · validación técnica,Snow,bags,4217,3293,0.06745528,0.07261701,0.0051617324
SMOKE · validación técnica,complain,feather,4640,2242,0.06420982,0.07863599,0.014426172
SMOKE · validación técnica,edge,hat,3132,1290,0.117660895,0.09821537,-0.019445524
SMOKE · validación técnica,hammer,tw,3483,717,0.11900043,0.10836193,-0.010638498
SMOKE · validación técnica,answers,noise,5420,979,0.013078504,0.058059692,0.04498119
SMOKE · validación técnica,Her,million,852,8069,0.061666135,0.101689294,0.04002316
SMOKE · validación técnica,ants,emer,4139,5175,0.1081401,0.093374826,-0.0147652775
SMOKE · validación técnica,Under,ĊĠ,7400,6198,-0.0707653,-0.075331636,-0.004566334
SMOKE · validación técnica,belonged,teasing,3021,5851,-0.03531781,-0.0057000145,0.029617794
SMOKE · validación técnica,anyway,motorcycle,3793,4277,-0.0120714605,-0.020942934,-0.008871473
SMOKE · validación técnica,fresh,screws,3324,6674,0.051754985,0.05624826,0.004493274
SMOKE · validación técnica,crunch,goat,5022,2987,-0.072508074,-0.067855805,0.004652269
SMOKE · validación técnica,passports,seal,7742,3757,-0.037782557,-0.033875935,0.0039066225
SMOKE · validación técnica,Kiki,bows,7569,6850,0.071468,0.07901865,0.0075506493
SMOKE · validación técnica,dreamt,puzzled,6586,7370,-0.097065665,-0.09081292,0.0062527433
SMOKE · validación técnica,brave,spooky,911,7583,0.08395611,0.065301016,-0.018655092
SMOKE · validación técnica,laught,whip,4767,5123,-0.065307796,-0.05720582,0.008101977
SMOKE · validación técnica,missed,shaped,2520,7133,-0.035957374,-0.024322858,0.011634516
SMOKE · validación técnica,allowed,reapp,3423,7653,-0.11980316,-0.11417282,0.005630344
SMOKE · validación técnica,Y,uniforms,6415,7866,0.021283783,0.014656321,-0.006627462
SMOKE · validación técnica,teacher,wis,1838,2760,0.07985227,0.061470646,-0.018381622
SMOKE · validación técnica,runs,shocked,1738,3613,0.034577414,0.054370232,0.019792818
SMOKE · validación técnica,Sp,fabric,1080,5794,-0.052104443,-0.046970278,0.0051341653
SMOKE · validación técnica,dried,sights,4860,5717,-0.06072161,-0.08842677,-0.027705159
SMOKE · validación técnica,trucks,wal,3097,602,0.05881545,0.050581414,-0.008234035
SMOKE · validación técnica,hang,surrendered,2746,7060,0.036878046,0.037419476,0.00054142997
SMOKE · validación técnica,jug,surf,3553,3568,-0.0633293,-0.06740752,-0.004078217
SMOKE · validación técnica,frog,zooming,1433,5530,0.058714673,0.062057674,0.003343001
SMOKE · validación técnica,ink,per,4497,1196,-0.04308153,-0.059511483,-0.016429953
SMOKE · validación técnica,lock,scream,2798,1777,0.030220293,0.075413555,0.045193262
SMOKE · validación técnica,gardener,listen,7171,1069,-0.012377021,0.03230447,0.04468149
SMOKE · validación técnica,exhausted,yawned,6129,4951,-0.017463494,-0.011016876,0.0064466177
SMOKE · validación técnica,lime,painting,4249,3076,0.09591769,0.067775525,-0.028142162
SMOKE · validación técnica,dollhouse,rad,6945,2642,-0.026894897,-0.01334383,0.013551068
SMOKE · validación técnica,crumb,exc,5781,568,-0.016700713,-0.022905767,-0.006205054
SMOKE · validación técnica,Out,vill,6222,2201,0.03975357,0.019654633,-0.020098938
SMOKE · validación técnica,dragged,tax,5909,4148,0.17983058,0.16712433,-0.01270625
SMOKE · validación técnica,introduc,king,5637,2078,0.044150576,0.036169067,-0.007981509
SMOKE · validación técnica,eraser,fre,4146,3179,0.07094275,0.06136432,-0.009578433
SMOKE · validación técnica,rocking,sailor,5875,4118,0.032729484,0.07210293,0.039373443
SMOKE · validación técnica,dog,mechanic,643,4210,-0.036700208,-0.04521295,-0.008512743
SMOKE · validación técnica,chubby,earlier,4011,4779,0.05961388,0.051278193,-0.008335687
SMOKE · validación técnica,competit,shiny,3168,974,0.055145007,0.020847905,-0.0342971
SMOKE · validación técnica,bare,surrendered,5461,7060,0.063855425,0.054920156,-0.008935269
SMOKE · validación técnica,punishment,week,7378,2832,0.00021620467,0.01489038,0.0146741755
SMOKE · validación técnica,few,guessed,1534,5454,-0.091342516,-0.032212805,0.05912971
SMOKE · validación técnica,audience,meowing,6797,8138,0.11991092,0.10865034,-0.011260577
SMOKE · validación técnica,plate,sav,2475,7955,-0.04764783,-0.048495688,-0.00084785745
SMOKE · validación técnica,lay,revealed,2240,5374,-0.03976511,-0.07191464,-0.032149535
SMOKE · validación técnica,many,wiped,796,3392,0.13241553,0.1356275,0.0032119602
SMOKE · validación técnica,cup,disturbing,1681,7811,-0.014340866,-0.037691016,-0.02335015
SMOKE · validación técnica,patience,strugg,6177,4113,-0.0058069266,-0.012313364,-0.0065064374
SMOKE · validación técnica,Stitch,t,7463,258,0.043843895,0.048571803,0.0047279075
SMOKE · validación técnica,rides,twinkling,5570,5799,0.041949674,0.037226923,-0.0047227517
SMOKE · validación técnica,impressive,paddled,3612,6267,0.06822376,0.07067397,0.0024502128
SMOKE · validación técnica,behaved,spaceship,6661,5568,-0.038416505,-0.008489254,0.02992725
SMOKE · validación técnica,rabbit,stud,1103,4491,-0.000937392,-0.020646667,-0.019709274
SMOKE · validación técnica,instr,picnic,4852,2283,-0.0021340712,0.0072836485,0.00941772
SMOKE · validación técnica,task,walking,3571,999,0.0096901655,0.005539617,-0.0041505485
SMOKE · validación técnica,places,scolded,2258,4596,-0.0081242025,-0.022147836,-0.014023634
SMOKE · validación técnica,Everything,mixed,3765,3072,-0.146926,-0.1387091,0.008216903
SMOKE · validación técnica,printed,wondered,5762,2028,-0.07652973,-0.039636776,0.03689295
SMOKE · validación técnica,explain,west,3883,5816,0.008759443,0.0017499328,-0.00700951
SMOKE · validación técnica,blast,sugar,7052,2920,0.05224216,0.04191693,-0.010325231
SMOKE · validación técnica,Princess,thin,6615,2249,0.018017344,0.06497334,0.046955995
SMOKE · validación técnica,late,squares,1922,6558,0.013953881,0.038559314,0.024605433
SMOKE · validación técnica,Jojo,drawing,7630,2776,0.12721747,0.12852393,0.0013064593
SMOKE · validación técnica,beautifully,intellig,7554,3542,-0.0058427304,0.0014686398,0.00731137
SMOKE · validación técnica,voice,wonder,1151,1093,-0.05545226,-0.041496117,0.013956144
SMOKE · validación técnica,colors,lake,1484,1631,0.11210111,0.15315148,0.041050375
SMOKE · validación técnica,baskets,remembers,7368,5319,-0.0031772256,-0.0006784946,0.002498731
SMOKE · validación técnica,candies,ener,6610,3772,-0.050559595,-0.038037404,0.012522191
SMOKE · validación técnica,balancing,ghost,5994,3680,0.056903373,0.059106853,0.0022034794
SMOKE · validación técnica,birthday,emer,2112,5175,-0.12684533,-0.0832756,0.04356973
SMOKE · validación técnica,awake,soaked,6335,5867,0.022400023,0.014539995,-0.007860028
SMOKE · validación técnica,Brown,happens,3011,4542,0.10056615,0.102766365,0.002200216
SMOKE · validación técnica,encouragement,inj,7942,7336,-0.0033535343,-0.002346225,0.0010073092
SMOKE · validación técnica,It,scale,409,3572,0.06684525,-0.010655662,-0.07750092
SMOKE · validación técnica,Mon,ti,6465,6082,-0.11637099,-0.11637105,-5.9604645e-08
SMOKE · validación técnica,competit,newspaper,3168,5255,-0.13209333,-0.12973112,0.0023622066
SMOKE · validación técnica,fills,kitchen,7634,1226,-0.07802325,-0.1305058,-0.052482553
SMOKE · validación técnica,lessons,separate,7364,4507,0.0038985834,-0.030017247,-0.033915833
SMOKE · validación técnica,pinch,refreshing,4534,7215,-0.047568165,-0.03393846,0.013629705
SMOKE · validación técnica,argue,gest,4558,7274,0.07437072,0.0687141,-0.0056566224
SMOKE · validación técnica,beating,climbs,8009,5106,0.007408986,0.00217833,-0.005230656
SMOKE · validación técnica,disturbed,satisfied,5580,5606,0.08042652,0.09075434,0.010327816
SMOKE · validación técnica,ashamed,delivery,2636,6175,-0.1701861,-0.1424386,0.027747497
SMOKE · validación técnica,pipe,pulling,4112,5081,-0.003893435,-0.0151692405,-0.0112758055
SMOKE · validación técnica,seeds,steer,3493,6507,-0.067901425,-0.079388455,-0.0114870295
SMOKE · validación técnica,himself,jud,1259,7897,-0.05771806,-0.0684423,-0.010724239
SMOKE · validación técnica,Together,happen,2584,1868,-0.055623297,-0.08148046,-0.025857162
SMOKE · validación técnica,hurry,pigeons,3761,7737,-0.01460484,-0.019381985,-0.0047771446
SMOKE · validación técnica,Mommy,phot,1165,3687,-0.060488094,-0.08356567,-0.023077574
SMOKE · validación técnica,beds,pie,5492,1625,0.01777133,0.05805771,0.04028638
SMOKE · validación técnica,fair,force,1432,7886,-0.014481869,-0.04237896,-0.02789709
SMOKE · validación técnica,brings,policeman,5450,5915,-0.08009068,-0.04887567,0.031215008
SMOKE · validación técnica,flat,intrigued,6219,7089,-0.11370234,-0.09938374,0.0143186
SMOKE · validación técnica,explored,skip,3190,3965,0.066723935,0.040857647,-0.025866289
SMOKE · validación técnica,believing,exam,7557,2680,0.10158326,0.099857524,-0.0017257333
SMOKE · validación técnica,belt,health,4231,6607,0.08496736,0.06840174,-0.01656562
SMOKE · validación técnica,Dad,tearing,1042,8159,0.0663193,0.024358219,-0.04196108
SMOKE · validación técnica,came,con,622,967,-0.03388202,-0.022494882,0.011387136
SMOKE · validación técnica,blood,delicious,5041,1426,-0.0384601,-0.05314707,-0.014686972
SMOKE · validación técnica,bent,object,3561,3666,0.047601614,0.04728335,-0.00031826273
SMOKE · validación técnica,crocod,gentle,3373,1859,-0.03002692,-0.035251908,-0.005224988
SMOKE · validación técnica,peeled,seems,7968,6189,0.02129526,0.013286717,-0.008008543
SMOKE · validación técnica,Because,party,7850,1691,0.11657008,0.11094415,-0.005625926
SMOKE · validación técnica,dug,scarecrow,3695,7907,0.045533255,0.05875976,0.013226505
SMOKE · validación técnica,television,tour,4682,5631,-0.039825812,-0.05100725,-0.0111814365
SMOKE · validación técnica,Lilly,tricycle,4386,7597,0.02761209,0.00858739,-0.0190247
SMOKE · validación técnica,consid,wrigg,8114,7439,-0.023056332,-0.020239823,0.0028165095
SMOKE · validación técnica,By,visiting,6112,5459,-0.015475024,0.028288038,0.043763064
SMOKE · validación técnica,races,wiggle,7304,7004,0.033379868,0.037464134,0.0040842667
SMOKE · validación técnica,Go,now,2366,962,-0.099902794,-0.1136059,-0.013703108
SMOKE · validación técnica,ast,soap,6155,2862,0.10294479,0.084825784,-0.018119007
SMOKE · validación técnica,friend,pots,414,6308,0.047231272,0.03395827,-0.013273001
SMOKE · validación técnica,queen,throws,2836,4645,0.083673105,0.082460634,-0.0012124702
SMOKE · validación técnica,Speedy,pray,7803,2784,-0.015623139,-0.018320292,-0.002697153
SMOKE · validación técnica,pistol,tax,4911,4148,0.043484896,0.04348492,2.2351742e-08
SMOKE · validación técnica,hers,makes,5052,1614,0.060373105,0.06602877,0.005655661
SMOKE · validación técnica,Up,mor,7446,1125,-0.0062881596,-0.016952407,-0.010664247
SMOKE · validación técnica,reminder,smelling,5388,7729,0.07761139,0.062388025,-0.015223362
SMOKE · validación técnica,cutting,talks,5464,7132,-0.15535116,-0.17281502,-0.017463863
SMOKE · validación técnica,meal,spear,3489,4743,0.073665656,0.080065146,0.00639949
SMOKE · validación técnica,however,worm,6201,2323,-0.059264105,-0.07939966,-0.020135555
SMOKE · validación técnica,Millie,lamb,4182,6170,0.0390511,0.052313037,0.013261937
SMOKE · validación técnica,bear,chopped,801,7257,0.051854767,0.051338613,-0.0005161539
SMOKE · validación técnica,Mandy,bunch,3631,5918,0.004286725,0.021108722,0.016821997
SMOKE · validación técnica,lost,watered,1415,5192,-0.063675,-0.03932322,0.024351783
SMOKE · validación técnica,inspired,strawberries,7870,4826,0.015162752,0.03282293,0.017660178
SMOKE · validación técnica,compass,plates,3371,4897,-0.067556344,-0.07088765,-0.0033313036
SMOKE · validación técnica,myster,visiting,2200,5459,0.0364627,0.025885321,-0.010577381
SMOKE · validación técnica,lucky,swans,2120,7239,0.07945858,0.084397614,0.0049390346
SMOKE · validación técnica,low,me,3268,529,-0.053373497,-0.04192284,0.011450656
SMOKE · validación técnica,Mark,plain,3010,7110,-0.04844389,-0.062903225,-0.014459334
SMOKE · validación técnica,entrance,pedaled,6138,7778,-0.08440854,-0.09354949,-0.009140953
SMOKE · validación técnica,broccoli,earth,3891,3475,0.044668213,0.027868435,-0.016799778
SMOKE · validación técnica,candle,teaspoon,3812,5138,0.011792168,0.012886538,0.0010943701
SMOKE · validación técnica,chamber,freedom,4847,7197,-0.04942019,-0.0429964,0.00642379
SMOKE · validación técnica,beep,teaching,3917,5042,0.0068525914,-0.015999602,-0.022852194
SMOKE · validación técnica,convinced,helping,8183,1750,-0.047817744,-0.05099085,-0.0031731054
SMOKE · validación técnica,avocados,voice,6833,1151,-0.028890517,-0.022993201,0.005897315
SMOKE · validación técnica,boom,outfit,6172,6043,0.07641066,0.06465019,-0.011760466
SMOKE · validación técnica,powder,temper,4338,6451,-0.08771269,-0.08804779,-0.0003350973
SMOKE · validación técnica,crying,stacked,1785,7376,-0.016691104,-0.007314559,0.0093765445
SMOKE · validación técnica,micr,sweat,3939,7935,-0.057686143,-0.05768617,-2.6077032e-08
SMOKE · validación técnica,bri,heel,3816,6142,-0.05390273,-0.05068616,0.003216572
SMOKE · validación técnica,clearly,sprinkled,8107,6877,0.10480082,0.12291688,0.018116057
SMOKE · validación técnica,long,noises,789,1900,0.028682873,0.08756302,0.05888015
SMOKE · validación técnica,Spot,slices,1162,6539,0.004110326,0.035719983,0.03160966
SMOKE · validación técnica,chickens,perfume,4327,4822,0.011701465,0.022819225,0.01111776
SMOKE · validación técnica,dad,leather,645,5344,0.09139144,0.10962139,0.018229954
SMOKE · validación técnica,bare,spider,5461,2315,-0.034629717,-0.035983972,-0.0013542548
SMOKE · validación técnica,collapsed,hold,8076,1388,0.089855686,0.08352858,-0.0063271075
SMOKE · validación técnica,alone,furry,1616,2326,0.01076062,0.03908027,0.02831965
SMOKE · validación técnica,order,whis,3520,2510,-0.020697825,0.016710296,0.03740812
SMOKE · validación técnica,afraid,drinking,2050,5168,0.05457513,0.035325587,-0.019249544
SMOKE · validación técnica,Cat,heavy,5523,1784,0.05424895,0.031130046,-0.023118906
SMOKE · validación técnica,Fox,arrows,6888,6611,0.08882016,0.081806466,-0.0070136935
SMOKE · validación técnica,farther,rooms,6165,4718,-0.15305507,-0.10461146,0.048443615
SMOKE · validación técnica,neighbourhood,sink,5531,3546,-0.08484194,-0.050846107,0.03399583
SMOKE · validación técnica,caused,friendship,6137,3478,-0.0057496987,-0.04265446,-0.03690476
SMOKE · validación técnica,beginning,whis,6423,2510,-0.09288905,-0.0684569,0.024432145
SMOKE · validación técnica,bowed,vine,5528,3936,-0.038113765,-0.05149182,-0.013378054
SMOKE · validación técnica,creature,impre,2059,2272,0.10529756,0.11555835,0.010260791
SMOKE · validación técnica,app,person,1078,2174,-0.064008206,-0.028867573,0.035140634
SMOKE · validación técnica,happ,knight,374,2685,-0.019537436,-0.0020328225,0.017504614
SMOKE · validación técnica,save,toe,2463,5237,0.0027258797,0.0044071237,0.001681244
SMOKE · validación técnica,check,untie,2912,7596,-0.028240368,0.007795036,0.036035404
SMOKE · validación técnica,kept,opening,922,6305,-0.044008862,-0.0154718375,0.028537024
SMOKE · validación técnica,rule,stick,6827,1131,-0.013317138,0.0032520145,0.016569152
SMOKE · validación técnica,learns,x,6192,5487,-0.060102675,-0.038689367,0.021413308
SMOKE · validación técnica,Tommy,scooters,1589,7862,0.020272363,-0.0024515018,-0.022723865
SMOKE · validación técnica,beautifully,enorm,7554,3198,-0.027922597,-0.027823761,9.883568e-05
SMOKE · validación técnica,project,simple,5941,5313,-0.008602075,0.029558195,0.038160272
SMOKE · validación técnica,Jacky,ab,6754,644,-0.05853729,-0.036481768,0.022055522
SMOKE · validación técnica,clum,cute,3355,2081,0.008554678,0.006248992,-0.0023056865
SMOKE · validación técnica,games,recorded,1877,6032,0.03182929,0.027838038,-0.003991252
SMOKE · validación técnica,arrow,lumber,3303,4920,0.063487105,0.04541602,-0.018071085
SMOKE · validación técnica,disc,letters,8057,3719,0.021616787,0.0081358105,-0.013480976
SMOKE · validación técnica,You,pastries,570,6047,0.030659668,0.02504821,-0.005611459
SMOKE · validación técnica,ti,tough,6082,3022,-0.0072155595,-0.030044053,-0.022828493
SMOKE · validación técnica,designs,partic,7350,6118,-0.023392595,-0.023378337,1.4258549e-05
SMOKE · validación técnica,Joe,eats,1299,5874,0.024881063,0.0419413,0.017060237
SMOKE · validación técnica,Amelia,shone,6719,3261,0.005399078,0.0461519,0.04075282
SMOKE · validación técnica,Why,eas,2643,2127,-0.051104173,-0.044264138,0.0068400353
SMOKE · validación técnica,raz,tomato,4730,3458,0.041978866,0.036185484,-0.0057933815
SMOKE · validación técnica,Bobo,rel,3492,1427,0.037674125,0.026982754,-0.010691371
SMOKE · validación técnica,master,upon,7271,441,-0.0013515442,0.0021793228,0.003530867
SMOKE · validación técnica,days,market,2066,3083,-0.0043097073,0.006657725,0.0109674325
SMOKE · validación técnica,she,sorting,335,5873,0.10516071,0.08239269,-0.02276802
SMOKE · validación técnica,new,shoo,575,7652,-0.09359369,-0.0696244,0.023969285
SMOKE · validación técnica,scr,singing,2699,1891,-0.0034573246,0.04319992,0.046657242
SMOKE · validación técnica,What,video,1602,4761,-0.007288754,-0.023334475,-0.016045721
SMOKE · validación técnica,conductor,squir,7706,7765,-0.05327827,-0.051213924,0.0020643473
SMOKE · validación técnica,plants,squeaked,2573,7697,-0.067632996,-0.09344819,-0.025815196
SMOKE · validación técnica,perfect,vibr,1524,8136,-0.085308105,-0.096746266,-0.011438161
SMOKE · validación técnica,driveway,sister,7508,1688,0.09583285,0.07722617,-0.018606678
SMOKE · validación técnica,Henry,Ray,4896,7895,-0.07377791,-0.06711894,0.006658964
SMOKE · validación técnica,sort,succeed,4078,3906,0.08396537,0.06636298,-0.017602392
SMOKE · validación técnica,trying,tunnels,1533,6760,-0.029274791,-0.05927911,-0.030004319
SMOKE · validación técnica,hose,shap,3090,1698,-0.04174991,-0.044251923,-0.002502013
SMOKE · validación técnica,scream,telephone,1777,4791,0.109482355,0.112776116,0.0032937601
SMOKE · validación técnica,diamonds,ones,7666,2805,-0.031560306,-0.017810486,0.013749819
SMOKE · validación técnica,sug,truck,2900,1043,-0.0370058,-0.02819667,0.008809131
SMOKE · validación técnica,flav,guide,5277,8129,0.05476573,0.04129851,-0.013467222
SMOKE · validación técnica,goodby,theirs,7658,6144,-0.059171192,-0.06138672,-0.002215527
SMOKE · validación técnica,slid,wipe,2294,4677,-0.03170135,-0.02624193,0.0054594185
SMOKE · validación técnica,lady,nuzzled,1272,7997,-0.064386375,-0.056505017,0.007881358
SMOKE · validación técnica,aff,pist,6389,4906,-0.063727446,-0.050619848,0.013107598
SMOKE · validación técnica,Now,probably,1492,7512,-0.0704509,-0.09347703,-0.023026131
SMOKE · validación técnica,Frog,sits,6986,5195,0.07023439,0.06527896,-0.004955426
SMOKE · validación técnica,fill,wra,1281,2106,-0.08994257,-0.09942016,-0.009477593
SMOKE · validación técnica,lean,movies,3170,5900,0.03807567,0.029766534,-0.008309137
SMOKE · validación técnica,meet,offer,2211,4426,-0.05660379,-0.09166249,-0.0350587
SMOKE · validación técnica,See,leading,4588,6371,-0.05630777,-0.030937891,0.025369879
SMOKE · validación técnica,bodies,ever,6934,1049,-0.06687252,-0.10088856,-0.034016035
SMOKE · validación técnica,hive,imagined,3931,3446,0.070636556,0.062161863,-0.008474693
SMOKE · validación técnica,advent,nut,954,2532,0.00875102,0.00067578256,-0.008075237
SMOKE · validación técnica,Alan,Everywhere,8168,2385,-0.03618964,-0.032369263,0.0038203783
SMOKE · validación técnica,exactly,threw,5638,1805,0.040349163,0.045127448,0.0047782846
SMOKE · validación técnica,cleaner,goals,7503,5987,-0.05117563,-0.055659555,-0.0044839233
SMOKE · validación técnica,sea,shelf,1881,2497,-0.10857181,-0.024340775,0.084231034
SMOKE · validación técnica,always,dictionary,650,4946,-0.055453066,-0.12110654,-0.06565347
SMOKE · validación técnica,Molly,cool,1766,1336,-0.046008334,-0.045211293,0.00079704076
SMOKE · validación técnica,broom,maker,6075,7564,0.013616544,0.017003015,0.0033864705
SMOKE · validación técnica,Spring,cabinet,8163,4859,0.048617575,0.06255872,0.013941143
SMOKE · validación técnica,baby,receive,1460,5272,-0.05573746,-0.064706065,-0.008968607
SMOKE · validación técnica,Lee,bug,4238,1470,0.025992738,0.018786518,-0.00720622
SMOKE · validación técnica,shark,soaking,3052,7589,0.059700802,0.074653715,0.014952913
SMOKE · validación técnica,cu,gifted,905,3711,-0.038755495,-0.031885255,0.00687024
SMOKE · validación técnica,feelings,tax,4356,4148,-0.1751658,-0.16556028,0.009605527
SMOKE · validación técnica,argued,b,5514,267,0.104236156,0.0643408,-0.039895356
SMOKE · validación técnica,Chirpy,revealed,5508,5374,0.12278638,0.10699057,-0.015795812
SMOKE · validación técnica,robots,twins,7903,1819,0.0924117,0.103178814,0.010767117
SMOKE · validación técnica,finish,qui,2386,7688,-0.013342385,0.0065107974,0.019853182
SMOKE · validación técnica,coup,investig,6724,4509,-0.034625463,-0.035787046,-0.0011615828
SMOKE · validación técnica,oranges,weekend,4856,6625,-0.016744755,-0.021153878,-0.004409123
SMOKE · validación técnica,newspaper,starfish,5255,6852,-0.002688555,0.009315817,0.012004372
SMOKE · validación técnica,bit,slower,1197,6947,-0.112393886,-0.08135605,0.031037837
SMOKE · validación técnica,However,mater,5564,5705,-0.019269649,-0.028854065,-0.009584416
SMOKE · validación técnica,boat,business,1123,7633,0.10300308,0.11934275,0.016339675
SMOKE · validación técnica,crab,excited,2474,609,0.12189868,0.14308433,0.021185651
SMOKE · validación técnica,hello,marshmallows,2067,7244,-0.05136976,-0.0024673268,0.048902433
SMOKE · validación técnica,block,distract,1233,7529,-0.008464785,-0.010092652,-0.0016278671
SMOKE · validación técnica,insect,tigers,4612,6839,0.035592943,0.02830408,-0.007288864
SMOKE · validación técnica,butter,vet,1189,4383,-0.048717674,-0.046298083,0.002419591
SMOKE · validación técnica,creations,wonder,6826,1093,-0.12962756,-0.10692568,0.022701874
SMOKE · validación técnica,clown,white,2737,1577,-0.05760131,-0.07082506,-0.013223752
SMOKE · validación técnica,automob,vegg,4700,7601,-0.1118896,-0.11188963,-2.9802322e-08
SMOKE · validación técnica,share,unfortunately,951,7893,-0.0048423745,0.005805202,0.010647576
SMOKE · validación técnica,Gra,dad,1617,645,0.01107204,0.04451039,0.03343835
SMOKE · validación técnica,bleeding,humming,5622,7931,0.010000007,0.008448334,-0.0015516728
SMOKE · validación técnica,These,soaking,5745,7589,-0.13439098,-0.12816757,0.0062234104
SMOKE · validación técnica,dangerous,matching,1776,5912,0.15302376,0.1262092,-0.026814565
SMOKE · validación técnica,giraff,muscle,6473,6587,0.08857452,0.08640356,-0.0021709576
SMOKE · validación técnica,swe,video,3210,4761,-0.0044588456,-0.005948223,-0.0014893776
SMOKE · validación técnica,Sara,pal,772,4322,-0.010958727,-0.016749712,-0.0057909843
SMOKE · validación técnica,numbers,worried,3395,1678,-0.05120025,-0.009260207,0.04194004
SMOKE · validación técnica,Help,ben,4729,1971,-0.1385937,-0.13327885,0.005314857
SMOKE · validación técnica,important,swam,1096,1899,-0.009272642,0.06533562,0.07460826
SMOKE · validación técnica,attempt,regret,8062,4671,0.04137656,0.03083482,-0.010541741
SMOKE · validación técnica,father,shop,2852,1942,0.05921241,0.04271204,-0.016500369
SMOKE · validación técnica,Poppy,underst,5591,1271,0.079264335,0.06514001,-0.014124326
SMOKE · validación técnica,Ang,wip,7013,2472,-0.06740824,-0.06764684,-0.0002385974
SMOKE · validación técnica,prop,throughout,4800,7016,-0.018326899,-0.022274816,-0.0039479174
SMOKE · validación técnica,drove,struggled,1852,5480,0.069826044,0.0940354,0.024209358
SMOKE · validación técnica,Squ,z,6485,1192,-0.015841715,-0.015841678,3.7252903e-08
SMOKE · validación técnica,finger,hall,2731,3990,0.08503415,0.11138478,0.026350632
SMOKE · validación técnica,Ella,carried,3257,2539,-0.07592179,-0.098017015,-0.022095226
SMOKE · validación técnica,Sunday,bringing,5404,5406,-0.035168882,-0.058667526,-0.023498643
SMOKE · validación técnica,squeak,triang,7289,4043,-0.049016874,-0.048970956,4.591793e-05
SMOKE · validación técnica,party,whisper,1691,4554,0.05436237,0.048840772,-0.005521599
SMOKE · validación técnica,gl,nood,873,6961,0.06816766,0.08379582,0.015628166
SMOKE · validación técnica,Finn,jog,7447,3253,-0.025223464,-0.022471415,0.002752049
SMOKE · validación técnica,baskets,magic,7368,1270,-0.008646458,0.047313597,0.055960055
SMOKE · validación técnica,asks,bags,1669,3293,0.004674185,0.045095887,0.040421702
SMOKE · validación técnica,could,honked,453,7098,0.06565413,0.052538678,-0.013115451
SMOKE · validación técnica,Pet,church,7556,4656,-0.012906618,-0.019365229,-0.0064586103
SMOKE · validación técnica,add,any,2803,707,0.06966599,0.058569495,-0.011096496
SMOKE · validación técnica,dreamt,unfortunately,6586,7893,-0.03846225,-0.035384636,0.003077615
SMOKE · validación técnica,Christ,bec,6224,628,-0.009236945,-0.0092369,4.4703484e-08
SMOKE · validación técnica,E,s,600,260,0.079256885,0.053639915,-0.02561697
SMOKE · validación técnica,pasta,scatter,3445,3509,-0.026052952,-0.02643575,-0.0003827978
SMOKE · validación técnica,ambulance,won,4479,1632,0.10155527,0.10055444,-0.0010008365
SMOKE · validación técnica,Jeff,disco,6052,2071,-0.018712737,-0.02690597,-0.008193234
SMOKE · validación técnica,How,well,2402,1963,0.014214499,-0.024933089,-0.039147586
SMOKE · validación técnica,Libby,hesitated,8074,6659,-0.049434558,-0.041497115,0.0079374425
SMOKE · validación técnica,concert,whistled,7837,5265,-0.021415345,-0.030995809,-0.009580463
SMOKE · validación técnica,Br,Pippa,2711,8140,-0.034586687,-0.041715425,-0.007128738
SMOKE · validación técnica,selfish,snort,2454,7522,0.0141720325,-0.0387355,-0.052907534
SMOKE · validación técnica,disturb,planned,3938,5691,0.113080814,0.105055004,-0.00802581
SMOKE · validación técnica,Davey,water,7576,744,-0.063051194,-0.02924364,0.033807553
SMOKE · validación técnica,pedal,sy,5473,7223,0.054326866,0.06314232,0.008815456
SMOKE · validación técnica,bright,prune,1095,5646,-0.0441299,0.015475381,0.05960528
SMOKE · validación técnica,spray,worker,2384,6286,0.06080617,0.06919327,0.008387096
SMOKE · validación técnica,bye,refrigerator,5678,5008,-0.024167078,-0.023582755,0.00058432296
SMOKE · validación técnica,doors,material,4570,7509,0.07409561,0.09497036,0.020874754
SMOKE · validación técnica,finding,shell,3397,2098,-0.15449953,-0.18447411,-0.02997458
SMOKE · validación técnica,greeted,market,6892,3083,0.1050316,0.06406887,-0.040962733
SMOKE · validación técnica,pre,wakes,1438,7516,0.028871546,0.026614424,-0.0022571217
SMOKE · validación técnica,ha,rubs,297,6557,0.003986324,-0.0001075482,-0.0040938724
SMOKE · validación técnica,hurried,tw,5366,717,0.016863981,0.026994329,0.010130348
SMOKE · validación técnica,Ginger,flowers,8056,1084,-0.13269664,-0.12083273,0.011863917
SMOKE · validación técnica,Everyday,tiptoed,5111,6796,0.092970826,0.08379929,-0.009171538
SMOKE · validación técnica,Lou,stor,6173,929,-0.061892334,-0.07218978,-0.010297444
SMOKE · validación técnica,enc,goodbye,3353,1136,0.04745174,0.07595865,0.028506909
SMOKE · validación técnica,cust,figured,6734,5788,-0.036533747,-0.0567959,-0.020262152
SMOKE · validación técnica,captain,pus,4980,1334,0.03074051,0.027878921,-0.0028615892
SMOKE · validación técnica,boat,door,1123,968,-0.10957183,-0.068787895,0.040783934
SMOKE · validación técnica,fits,vehic,7346,4629,0.08375951,0.07454092,-0.0092185885
SMOKE · validación técnica,target,white,7784,1577,-0.08027638,-0.032969166,0.047307212
SMOKE · validación técnica,spat,tried,7822,733,-0.046011973,-0.04308802,0.0029239543
SMOKE · validación técnica,In,warm,1392,1148,-0.03196436,-0.09981686,-0.0678525
SMOKE · validación técnica,St,sold,2358,2695,0.006399248,-0.021392645,-0.027791893
SMOKE · validación técnica,bigger,scarves,1666,6608,0.023514792,0.03720662,0.013691828
SMOKE · validación técnica,Something,gifts,5771,5147,0.005228849,0.004302211,-0.000926638
SMOKE · validación técnica,gifts,squeezed,5147,4660,0.09452836,0.0607418,-0.03378656
SMOKE · validación técnica,marching,scatter,5300,3509,0.116646186,0.09910534,-0.017540842
SMOKE · validación técnica,bean,start,3399,530,-0.0076916013,-0.049332973,-0.04164137
SMOKE · validación técnica,crumbs,drawn,6215,6715,0.14957084,0.1469952,-0.002575636
SMOKE · validación técnica,eagle,hear,5605,1453,0.05953209,0.059798468,0.00026637688
SMOKE · validación técnica,eye,troubled,2853,4073,0.023328071,0.034475055,0.011146983
SMOKE · validación técnica,bushes,garden,3199,846,-0.071003914,0.029493842,0.10049775
SMOKE · validación técnica,color,forget,993,1870,-0.020943755,-0.060117204,-0.039173447
SMOKE · validación técnica,paused,st,5080,333,-0.025749866,-0.018057864,0.0076920018
SMOKE · validación técnica,Ol,fight,5716,1555,0.09563449,0.094488144,-0.0011463463
SMOKE · validación técnica,Can,microphone,1347,3980,-0.06880183,-0.06482068,0.0039811507
SMOKE · validación técnica,grew,peacefully,2458,6828,0.120325714,0.14711908,0.02679336
SMOKE · validación técnica,blouse,cre,5053,969,0.03855222,0.07209069,0.033538472
SMOKE · validación técnica,ow,touched,3433,2065,-0.122499436,-0.0980269,0.024472535
SMOKE · validación técnica,cord,grandson,3981,7936,-0.058397327,-0.05839735,-2.2351742e-08
SMOKE · validación técnica,beauty,trusted,3601,4763,-0.0824674,-0.08044145,0.002025947
SMOKE · validación técnica,Michael,neatly,7565,6952,-0.15906334,-0.16730323,-0.008239895
SMOKE · validación técnica,mane,sto,6353,973,-0.03703653,-0.042419285,-0.005382754
SMOKE · validación técnica,activities,trouble,6128,2169,-0.04737758,0.04565938,0.09303696
SMOKE · validación técnica,hoop,released,3414,5882,-0.05169195,-0.066189766,-0.014497817
SMOKE · validación técnica,attack,nest,6470,2015,-0.05918189,-0.029678471,0.02950342
SMOKE · validación técnica,Am,firefly,5615,7290,-0.11384018,-0.114320055,-0.000479877
SMOKE · validación técnica,flies,pol,4395,1611,0.09577213,0.07179992,-0.023972213
SMOKE · validación técnica,forgetting,visiting,6794,5459,-0.02600398,0.02183235,0.04783633
SMOKE · validación técnica,burned,fav,4548,1181,0.065912604,0.06998562,0.0040730163
SMOKE · validación técnica,hung,twinkled,3642,7417,0.008719707,-0.016778298,-0.025498005
SMOKE · validación técnica,breathe,fill,5056,1281,-0.0501998,-0.07680632,-0.026606523
SMOKE · validación técnica,tri,wheels,1257,3686,0.057773627,0.07784294,0.020069316
SMOKE · validación técnica,time,y,393,327,-0.05166717,-0.023831088,0.02783608
SMOKE · validación técnica,sizes,slowly,4721,1677,-0.02113562,-0.021273458,-0.0001378376
SMOKE · validación técnica,experien,surprise,6704,1341,-0.07256576,-0.054748975,0.017816782
SMOKE · validación técnica,find,una,633,8152,-0.03673861,-0.035673562,0.0010650493
SMOKE · validación técnica,langu,robber,4209,7421,0.0070459303,0.01507614,0.00803021
SMOKE · validación técnica,dull,track,3363,3163,-0.016106926,0.013049122,0.029156048
SMOKE · validación técnica,hop,point,1159,4107,-0.13003355,-0.119626045,0.010407507
SMOKE · validación técnica,buzz,cautiously,4130,6425,-0.09368827,-0.06516001,0.028528266
SMOKE · validación técnica,rip,vehicles,6633,7698,0.004281834,-0.015491621,-0.019773453
SMOKE · validación técnica,buildings,coug,5231,7790,-0.019084759,-0.0066200225,0.012464737
SMOKE · validación técnica,mistakes,spaghetti,4553,3592,0.009015303,0.011413118,0.0023978148
SMOKE · validación técnica,mom,pinched,365,5556,0.06475166,0.0696946,0.0049429387
SMOKE · validación técnica,bring,drivers,1901,7411,-0.003892324,-0.02093634,-0.017044015
SMOKE · validación técnica,asked,whoever,511,7959,-0.021735536,-0.02992554,-0.008190004
SMOKE · validación técnica,borrowed,trophy,6908,3987,-0.03864616,-0.05053976,-0.0118936
SMOKE · validación técnica,campfire,firemen,7416,5761,0.107468076,0.09090412,-0.01656396
SMOKE · validación técnica,stories,tummy,1906,3197,-0.021117786,-0.014470488,0.006647298
SMOKE · validación técnica,daddy,green,1558,1356,0.110707305,0.07939229,-0.031315014
SMOKE · validación técnica,daisy,mesmer,4913,6647,0.010897289,0.004299141,-0.006598148
SMOKE · validación técnica,comm,impatient,6174,3694,-0.025362369,-0.018455846,0.0069065224
SMOKE · validación técnica,graceful,pupil,3410,5407,-0.07460275,-0.092602015,-0.017999262
SMOKE · validación técnica,feeding,starfish,7178,6852,-0.0011188891,-0.014092434,-0.012973545
SMOKE · validación técnica,Sophie,fur,4279,1576,0.047020324,0.05173394,0.0047136173
SMOKE · validación técnica,Tuesday,packed,5808,2688,0.10410088,0.078804836,-0.025296047
SMOKE · validación técnica,brand,snuck,5400,6385,0.0019784681,0.019058172,0.017079704
SMOKE · validación técnica,bre,saw,1062,411,0.009884978,-0.007043533,-0.01692851
SMOKE · validación técnica,Martha,walking,7701,999,0.025390992,-0.0011629383,-0.02655393
SMOKE · validación técnica,raft,thanked,4274,839,0.020691236,-0.042421866,-0.0631131
SMOKE · validación técnica,favorite,fin,1280,916,-0.04115192,-0.015986633,0.025165286
SMOKE · validación técnica,muddy,quacked,5452,6179,0.021485727,0.040478263,0.018992536
SMOKE · validación técnica,belt,chick,4231,2351,-0.076483555,-0.088678055,-0.012194499
SMOKE · validación técnica,kindness,nam,2988,476,-0.048511647,-0.051654816,-0.003143169
SMOKE · validación técnica,escape,nodded,3150,1030,0.011216044,0.021235425,0.010019381
SMOKE · validación técnica,jail,stops,5104,3524,0.011414871,0.08099727,0.0695824
SMOKE · validación técnica,belts,chop,7409,6594,-0.061533358,-0.06701046,-0.0054771043
SMOKE · validación técnica,enth,flick,3672,7759,0.0062291585,-0.0012964625,-0.007525621
SMOKE · validación técnica,grill,hugging,4717,6005,-0.02239585,-0.020584345,0.0018115044
SMOKE · validación técnica,He,must,314,1713,0.0016461369,0.076956555,0.07531042
SMOKE · validación técnica,hand,wardrobe,734,4597,-0.08145627,-0.0040917303,0.077364534
SMOKE · validación técnica,creat,decoration,1475,7992,0.0836341,0.08363406,-3.7252903e-08
SMOKE · validación técnica,monsters,passed,5419,2648,0.011521969,0.036566913,0.025044944
SMOKE · validación técnica,drank,song,2896,1493,-0.09485498,-0.12498066,-0.030125678
SMOKE · validación técnica,games,hus,1877,6817,0.063274726,0.06815347,0.0048787445
SMOKE · validación técnica,Where,brus,3973,5325,-0.11698928,-0.11935475,-0.00236547
SMOKE · validación técnica,dressing,same,7858,1773,0.030505395,0.028961405,-0.0015439894
SMOKE · validación técnica,brus,co,5325,565,0.032103643,0.01350221,-0.018601432
SMOKE · validación técnica,Maya,it,6574,304,-0.07465703,-0.03187576,0.04278127
SMOKE · validación técnica,breeze,refused,4448,3512,0.0048835715,0.014933217,0.010049646
SMOKE · validación técnica,rocked,winked,5635,6410,0.019891277,0.027142353,0.0072510764
SMOKE · validación técnica,includ,power,4965,2083,0.031214057,0.041295826,0.01008177
SMOKE · validación técnica,behave,standing,4042,2571,0.009770725,-0.021678327,-0.03144905
SMOKE · validación técnica,miss,tuck,1981,7222,-0.05960669,-0.04492524,0.014681451
SMOKE · validación técnica,dressed,mark,4465,2019,-0.015714277,-0.048350412,-0.032636136
SMOKE · validación técnica,fair,matter,1432,2194,-0.110748366,-0.10752982,0.0032185465
SMOKE · validación técnica,climbing,wish,4138,1962,-0.056720443,-0.050877012,0.0058434308
SMOKE · validación técnica,cop,doesn,3286,3504,0.011588144,-0.0048329383,-0.016421083
SMOKE · validación técnica,peek,stud,4257,4491,0.04274685,0.038435876,-0.004310973
SMOKE · validación técnica,fair,pur,1432,4722,-0.03392279,-0.033744536,0.00017825514
SMOKE · validación técnica,rewarded,safely,6643,3017,-0.1329602,-0.11772051,0.015239693
SMOKE · validación técnica,ph,tunnels,1969,6760,0.04659863,0.040758096,-0.0058405325
SMOKE · validación técnica,carpet,velvet,3814,5260,0.16429418,0.18608654,0.021792352
SMOKE · validación técnica,disappear,disappeared,4787,2827,-0.041878108,-0.0286032,0.013274908
SMOKE · validación técnica,choose,point,3102,4107,0.058914997,0.07868367,0.01976867
SMOKE · validación técnica,seats,whisp,5379,2576,0.059180375,0.05268429,-0.0064960867
SMOKE · validación técnica,flood,rushing,5207,7164,-0.035345178,-0.047029138,-0.0116839595
SMOKE · validación técnica,called,complet,931,3525,0.018655665,0.04479973,0.026144065
SMOKE · validación técnica,Buddy,modern,3964,3469,0.064900406,0.04846046,-0.016439945
SMOKE · validación técnica,apart,gun,4652,2530,0.08248796,0.123444095,0.040956132
SMOKE · validación técnica,Froggy,breath,7744,2535,0.004986599,0.006247591,0.0012609921
SMOKE · validación técnica,al,joins,501,7988,0.015958445,0.013791213,-0.0021672323
SMOKE · validación técnica,bubble,secrets,4164,5413,-0.013162132,-0.009994487,0.003167645
SMOKE · validación técnica,organize,pretti,3977,5626,0.028806325,0.0114925485,-0.017313777
SMOKE · validación técnica,Ro,coral,4287,7246,0.044301264,0.025092239,-0.019209025
SMOKE · validación técnica,bang,bikes,5089,4178,0.086591706,0.10037996,0.013788253
SMOKE · validación técnica,judge,sur,4303,2215,0.015370857,0.00424641,-0.011124447
SMOKE · validación técnica,luckily,oven,7533,2306,-0.05653886,-0.033487074,0.023051787
SMOKE · validación técnica,L,remembering,591,7155,0.04262937,0.011784693,-0.030844675
SMOKE · validación técnica,Goodbye,dot,6890,7712,0.03957926,0.041126516,0.0015472546
SMOKE · validación técnica,horiz,video,6544,4761,0.0145001765,0.016051497,0.0015513208
SMOKE · validación técnica,parked,tired,5680,1269,-0.09276216,-0.08988064,0.0028815195
SMOKE · validación técnica,bitten,cross,8150,2830,-0.02091275,-0.0072131334,0.013699616
SMOKE · validación técnica,peanut,yacht,3356,4172,0.089712426,0.09753458,0.007822156
SMOKE · validación técnica,caterpill,rotting,2659,7610,0.043760404,0.033290524,-0.01046988
SMOKE · validación técnica,filling,pan,6439,2364,0.07883046,0.053573657,-0.025256801
SMOKE · validación técnica,covers,post,6334,3328,7.452816e-05,0.020133182,0.020058654
SMOKE · validación técnica,achie,past,4945,1841,0.0055134445,-0.0142523125,-0.019765757
SMOKE · validación técnica,leave,shopping,1639,5391,-0.039420243,-0.053596336,-0.014176093
SMOKE · validación técnica,alert,budge,3862,5712,-0.14626126,-0.06171987,0.084541395
SMOKE · validación técnica,Sammy,agreement,2085,5394,-0.034221172,-0.058883544,-0.024662372
SMOKE · validación técnica,bulb,flight,4285,7087,-0.03665954,-0.08240016,-0.04574062
SMOKE · validación técnica,discovery,earthquake,5148,5395,-0.015496677,-0.007794217,0.0077024596
SMOKE · validación técnica,Mummy,rad,3428,2642,0.060535777,0.055655133,-0.0048806444
SMOKE · validación técnica,blooming,rad,5993,2642,-0.00536024,-0.00020873267,0.0051515074
SMOKE · validación técnica,drink,goodies,1965,7794,-0.004691506,-0.0044069607,0.00028454512
SMOKE · validación técnica,join,until,1746,802,0.07591513,0.10725475,0.031339623
SMOKE · validación técnica,Buzzy,tour,6016,5631,-0.111014724,-0.08737786,0.023636863
SMOKE · validación técnica,colours,emb,3959,2284,0.022571951,0.032376215,0.009804264
SMOKE · validación técnica,birdcage,mark,5153,2019,-0.055465605,-0.04933124,0.0061343648
SMOKE · validación técnica,appear,widened,5299,6645,0.049731143,0.04871633,-0.0010148138
SMOKE · validación técnica,hairdresser,husband,7839,6914,-0.063339636,-0.07123253,-0.007892892
SMOKE · validación técnica,granted,preparing,6835,7351,-0.055267524,-0.052139234,0.0031282902
SMOKE · validación técnica,ripe,wanting,6351,5358,-0.048926227,-0.08629289,-0.037366666
SMOKE · validación técnica,Ke,genie,5803,6950,-0.007050559,-0.0070505664,-7.450581e-09
SMOKE · validación técnica,cleaner,writing,7503,4551,0.029902533,0.04466779,0.014765259
SMOKE · validación técnica,Whenever,rhythm,3173,5330,-0.013995856,-0.010201067,0.0037947893
SMOKE · validación técnica,directions,wal,6462,602,-0.024406243,-0.0077426136,0.01666363
SMOKE · validación técnica,embarrassed,gathered,2424,2601,-0.024015918,-0.055159885,-0.031143967
SMOKE · validación técnica,cries,know,2675,694,0.10871253,0.093809895,-0.014902636
SMOKE · validación técnica,Jan,selling,5923,5393,0.06908352,0.045499973,-0.023583546
SMOKE · validación técnica,bite,gently,1809,2304,0.065753475,0.08366828,0.017914802
SMOKE · validación técnica,blueberries,crew,4864,6966,-0.037026696,-0.0383538,-0.0013271049
SMOKE · validación técnica,expression,polite,8178,2693,-0.050072405,-0.034574836,0.015497569
SMOKE · validación técnica,gathering,genie,5786,6950,0.009858783,-0.011150607,-0.02100939
SMOKE · validación técnica,seas,spir,4511,4035,0.040824972,0.03503479,-0.0057901815
SMOKE · validación técnica,mush,rocking,3811,5875,0.04789093,0.041599434,-0.0062914975
SMOKE · validación técnica,norm,room,3035,763,0.020282667,0.05936401,0.039081343
SMOKE · validación técnica,Ellie,love,3503,830,-0.03338699,-0.052485928,-0.019098938
SMOKE · validación técnica,Snowy,blond,4879,8015,-0.0066814814,-0.029190121,-0.02250864
SMOKE · validación técnica,Suddenly,oasis,1044,4550,-0.17041272,-0.17124307,-0.0008303523
SMOKE · validación técnica,fo,until,800,802,-0.05310475,-0.018094484,0.035010267
SMOKE · validación técnica,bang,tank,5089,3183,-0.020258818,-0.0017671064,0.018491711
SMOKE · validación técnica,Ducky,modest,3172,4005,-0.004746264,-0.00886748,-0.004121216
SMOKE · validación técnica,changing,mu,7395,582,-0.0032725967,-0.003638383,-0.00036578625
SMOKE · validación técnica,starfish,una,6852,8152,-0.058387123,-0.061363723,-0.0029766
SMOKE · validación técnica,budge,logs,5712,6504,-0.05090088,-0.039979696,0.010921184
SMOKE · validación técnica,da,song,5985,1493,0.05425647,0.046568323,-0.007688146
SMOKE · validación técnica,film,insisted,4095,4971,0.051214967,0.03564752,-0.015567448
SMOKE · validación técnica,bott,vent,1734,5711,0.16614339,0.17121302,0.0050696284
SMOKE · validación técnica,Cla,doors,5548,4570,-0.029017057,-0.028116787,0.0009002704
SMOKE · validación técnica,dictionary,encouraging,4946,7307,0.1358454,0.13292013,-0.0029252619
SMOKE · validación técnica,talent,witch,5453,3537,0.101041585,0.08606924,-0.014972344
SMOKE · validación técnica,push,rug,2392,3596,-0.04372993,-0.04899905,-0.0052691177
SMOKE · validación técnica,Enjoy,vehicle,6605,5021,-0.031519882,-0.026060253,0.005459629
SMOKE · validación técnica,Hoppy,twinkled,5503,7417,-0.11911039,-0.11386059,0.0052497983
SMOKE · validación técnica,grandma,wished,1531,1400,0.029302835,-0.028489452,-0.057792287
SMOKE · validación técnica,blocks,ignoring,1417,7072,-0.073256776,-0.091555595,-0.01829882
SMOKE · validación técnica,book,present,932,2189,-0.0862297,-0.060056172,0.026173525
SMOKE · validación técnica,alert,sped,3862,8011,-0.0676868,-0.08126466,-0.013577856
SMOKE · validación técnica,allig,fit,4199,2029,-0.04163056,-0.041709926,-7.936731e-05
SMOKE · validación técnica,Kim,means,3649,3106,0.030018587,0.026919639,-0.003098948
SMOKE · validación técnica,curiosity,permit,5444,5482,0.110237576,0.12432363,0.014086053
SMOKE · validación técnica,neat,stuffed,3673,4170,0.023259483,0.029479133,0.0062196497
SMOKE · validación técnica,Jessie,pride,6413,4907,-0.015577693,0.004948858,0.02052655
SMOKE · validación técnica,Jeff,p,6052,282,0.028387062,0.0063004866,-0.022086576
SMOKE · validación técnica,flex,sewing,3517,7699,-0.014396934,-0.014453642,-5.670823e-05
SMOKE · validación técnica,off,waffle,781,4970,-0.08097772,-0.02679859,0.054179132
SMOKE · validación técnica,Frog,frag,6986,3208,0.040518947,0.035622764,-0.0048961826
SMOKE · validación técnica,buzzed,exploring,7040,1915,0.09114504,0.11263999,0.021494955
SMOKE · validación técnica,downstairs,sunf,5647,3336,0.016518889,0.022986678,0.0064677894
SMOKE · validación técnica,scampered,widened,7145,6645,0.060032196,0.06918133,0.009149134
SMOKE · validación técnica,bu,sa,791,296,0.036687225,0.046622418,0.009935193
SMOKE · validación técnica,rub,throw,3555,1923,-0.028440882,0.029060002,0.057500884
SMOKE · validación técnica,gesture,row,7783,4927,-0.061477512,-0.05501793,0.0064595826
SMOKE · validación técnica,envelope,rice,3462,3854,-0.13897473,-0.11570885,0.023265876
SMOKE · validación técnica,comb,switch,3683,3821,-0.058375295,-0.07243973,-0.014064435
SMOKE · validación técnica,bookshe,tore,5083,5069,-0.08538999,-0.07842001,0.0069699734
SMOKE · validación técnica,factory,some,4667,519,0.048856206,0.022006903,-0.026849303
SMOKE · validación técnica,cones,web,5802,5838,-0.01791627,-0.013607655,0.004308615
SMOKE · validación técnica,star,stubborn,1991,3108,0.029882021,0.046541873,0.016659852
SMOKE · validación técnica,inc,silver,2104,3940,0.08069208,0.07530456,-0.0053875223
SMOKE · validación técnica,bouncy,including,5670,6776,0.0022475608,-0.003920149,-0.00616771
SMOKE · validación técnica,ob,whis,1999,2510,-0.13022529,-0.12141187,0.008813418
SMOKE · validación técnica,goose,read,3326,1375,0.034378145,0.025009621,-0.009368524
SMOKE · validación técnica,neighbourhood,zebra,5531,3726,-0.0072025238,-0.0033403412,0.0038621826
SMOKE · validación técnica,God,vi,4738,4024,-0.09213974,-0.081299245,0.010840498
SMOKE · validación técnica,second,silence,3975,5834,-0.0010831486,0.018999655,0.020082803
SMOKE · validación técnica,bubble,coll,4164,1801,0.102850616,0.092901394,-0.009949222
SMOKE · validación técnica,robot,rocket,2415,2431,0.03210896,0.039827228,0.007718269
SMOKE · validación técnica,Red,rubbed,4091,3523,0.11338922,0.06706282,-0.0463264
SMOKE · validación técnica,eggs,expect,2775,5989,-0.055725053,-0.027241101,0.028483951
SMOKE · validación técnica,dess,pass,3858,2324,0.05941432,0.061673112,0.0022587925
SMOKE · validación técnica,present,ticket,2189,4804,0.052797258,0.060430445,0.007633187
SMOKE · validación técnica,bent,prune,3561,5646,-0.09210539,-0.05417013,0.037935257
SMOKE · validación técnica,Don,fr,2677,983,-0.012328196,-0.031410716,-0.01908252
SMOKE · validación técnica,purred,reflection,5846,7292,-0.07714817,-0.07176869,0.0053794757
SMOKE · validación técnica,overcome,pipe,7477,4112,-0.08471571,-0.06713019,0.017585516
SMOKE · validación técnica,sh,swe,381,3210,0.107110746,0.1150423,0.007931553
SMOKE · validación técnica,exc,rain,568,1068,0.06691865,0.020997103,-0.045921545
SMOKE · validación técnica,dressed,sweep,4465,8030,0.057563722,0.009910721,-0.047653
SMOKE · validación técnica,Cl,Tilly,3836,6120,0.064998716,0.122386776,0.05738806
SMOKE · validación técnica,Els,mush,6342,3811,-0.0031544846,-0.0031544566,2.7939677e-08
SMOKE · validación técnica,ner,waff,2633,3847,-0.08746347,-0.08598027,0.001483202
SMOKE · validación técnica,Here,neatly,3746,6952,-0.034576546,-0.059330933,-0.024754386
SMOKE · validación técnica,disturbed,greedy,5580,4633,0.10998404,0.103854515,-0.0061295256
SMOKE · validación técnica,newfound,sleepy,7474,2588,0.027607098,0.028606057,0.000998959
SMOKE · validación técnica,objects,solved,6547,5043,0.05240293,0.06399189,0.011588961
SMOKE · validación técnica,although,fell,7686,1210,-0.010520743,0.02220249,0.032723233
SMOKE · validación técnica,great,jumping,1055,2503,-0.024447778,0.011815823,0.0362636
SMOKE · validación técnica,windy,wonder,6848,1093,0.013635199,0.0027494011,-0.010885797
SMOKE · validación técnica,Jill,gears,1768,7313,-0.019868433,-0.02133765,-0.0014692172
SMOKE · validación técnica,family,going,910,950,-0.12648477,-0.15706697,-0.030582204
SMOKE · validación técnica,tim,wrapped,6092,2997,0.024723483,-0.013790795,-0.03851428
SMOKE · validación técnica,hid,rele,1447,5651,-0.050749324,-0.045829915,0.0049194098
SMOKE · validación técnica,cheer,result,2212,5951,-0.0013090647,-0.008273926,-0.006964861
SMOKE · validación técnica,deserve,shelf,6893,2497,0.13843831,0.1398651,0.0014267862
SMOKE · validación técnica,clowns,foot,6743,2291,0.05083015,0.062439907,0.011609759
SMOKE · validación técnica,Suzy,ambul,5581,4428,-0.011808421,-0.025645709,-0.013837287
SMOKE · validación técnica,skills,vacation,4818,4905,-0.06591313,-0.03467686,0.031236272
SMOKE · validación técnica,offered,too,2941,436,0.0184835,-0.047176957,-0.06566046
SMOKE · validación técnica,Bill,opinion,3972,6238,-0.06082,-0.0429354,0.017884597
SMOKE · validación técnica,barber,familiar,3556,6987,-0.029092772,-0.03231051,-0.0032177363
SMOKE · validación técnica,Spring,shot,8163,5014,0.0045629404,-0.0015226547,-0.006085595
SMOKE · validación técnica,creating,travelled,6038,6646,0.057573598,0.055265523,-0.0023080744
SMOKE · validación técnica,John,Tara,1185,6700,-0.05171348,-0.04905898,0.0026545003
SMOKE · validación técnica,Jojo,tong,7630,4844,0.011622433,0.010740243,-0.0008821897
SMOKE · validación técnica,Mimi,bin,5002,3999,-0.06613194,-0.05278669,0.013345253
SMOKE · validación técnica,Joanna,bet,8054,3845,-0.027916986,-0.022897223,0.0050197635
SMOKE · validación técnica,chirping,shy,5075,2372,0.033477433,0.066440634,0.0329632
SMOKE · validación técnica,battery,diving,4789,6500,-0.0026345104,-0.02636659,-0.02373208
SMOKE · validación técnica,cakes,ham,5256,3015,0.012137249,-0.026141122,-0.03827837
SMOKE · validación técnica,attached,deter,5114,2480,-0.075896196,-0.08338302,-0.00748682
SMOKE · validación técnica,awo,understands,7373,7568,-0.014649073,-0.009225039,0.005424034
SMOKE · validación técnica,regretted,up,6164,358,-0.0057011824,0.006633034,0.012334216
SMOKE · validación técnica,cape,convinced,5919,8183,-0.057855774,-0.062031325,-0.0041755512
SMOKE · validación técnica,permitted,snack,7637,1731,-0.03844956,-0.035177484,0.0032720752
SMOKE · validación técnica,shivered,sunf,5826,3336,0.0072298925,0.01281547,0.0055855773
SMOKE · validación técnica,ash,plants,2387,2573,-0.0007167775,-0.005472022,-0.0047552446
SMOKE · validación técnica,clear,row,2908,4927,-0.032969393,-0.051814258,-0.018844865
SMOKE · validación técnica,cloudy,scampered,7571,7145,0.053652313,0.049331725,-0.004320588
SMOKE · validación técnica,Elsie,hidden,7869,2508,0.051672447,0.051329914,-0.000342533
SMOKE · validación técnica,concer,incl,6870,4169,0.028719656,0.033689585,0.0049699284
SMOKE · validación técnica,fruit,nodded,1804,1030,0.016834956,0.030402994,0.013568038
SMOKE · validación técnica,talent,weep,5453,4547,-0.048917063,-0.03154835,0.017368712
SMOKE · validación técnica,drinking,happen,5168,1868,0.05210394,0.057426065,0.005322125
SMOKE · validación técnica,swaying,ty,8033,6337,0.0639928,0.0619781,-0.0020146966
SMOKE · validación técnica,pushing,sneezed,3969,5447,-0.0039444156,-0.03116209,-0.027217675
SMOKE · validación técnica,image,mosquitoes,5442,8137,0.05060002,0.04393263,-0.0066673867
SMOKE · validación técnica,bulb,mood,4285,7680,-0.032052603,-0.018269794,0.013782809
SMOKE · validación técnica,basement,plenty,7003,5936,0.030435555,0.04635395,0.015918396
SMOKE · validación técnica,exercise,hive,4919,3931,0.060960412,0.085867494,0.024907082
SMOKE · validación técnica,finding,treat,3397,1638,0.07120715,0.049639076,-0.021568075
SMOKE · validación técnica,at,gar,452,2742,0.09553239,0.0808059,-0.01472649
SMOKE · validación técnica,salad,sweet,3348,1207,-0.0090376185,-0.02865679,-0.01961917
SMOKE · validación técnica,lightning,separated,4057,6644,-0.08571041,-0.051894452,0.033815954
SMOKE · validación técnica,cleaning,sna,3194,2619,-0.07543139,-0.08181825,-0.006386861
SMOKE · validación técnica,Being,pop,6322,2224,0.024144322,0.037856266,0.013711944
SMOKE · validación técnica,frogs,horns,4373,5916,0.05876742,0.07354657,0.014779154
SMOKE · validación técnica,blueberries,puts,4864,2232,-0.13823397,-0.14198413,-0.0037501603
SMOKE · validación técnica,bottle,hissed,2176,6437,-0.005623184,0.019184321,0.024807505
SMOKE · validación técnica,ordinary,really,3622,1254,-0.06844117,-0.047677558,0.02076361
SMOKE · validación técnica,mouths,panicked,5392,7444,0.010674402,0.027121097,0.016446695
SMOKE · validación técnica,Tw,storekeeper,5779,5910,0.15773198,0.1621414,0.0044094175
SMOKE · validación técnica,noses,store,6751,1107,0.037542257,0.0543171,0.016774844
SMOKE · validación técnica,root,vict,5149,5687,-0.017215189,-0.016657291,0.0005578976
SMOKE · validación técnica,hear,poppy,1453,5399,-0.088279255,-0.104187556,-0.0159083
SMOKE · validación técnica,Un,fan,4460,2082,0.073482126,0.05773031,-0.015751816
SMOKE · validación técnica,gloves,needed,5623,1383,-0.0021359138,-0.018661778,-0.016525865
SMOKE · validación técnica,caterpillar,observe,2721,5239,-0.044480607,-0.026724277,0.01775633
SMOKE · validación técnica,favor,scary,1275,1516,0.014938986,0.015671901,0.0007329155
SMOKE · validación técnica,knowledge,volcano,5857,3716,-0.054246515,-0.07766361,-0.023417093
SMOKE · validación técnica,dis,race,1071,1694,-0.09001001,-0.087017015,0.002992995
SMOKE · validación técnica,grass,truth,1216,3614,-0.016464327,0.034389902,0.05085423
SMOKE · validación técnica,fa,wrapped,537,2997,-0.026860017,-0.06776139,-0.040901374
SMOKE · validación técnica,breathing,creative,7668,2459,-0.0044141887,-0.013073723,-0.008659534
SMOKE · validación técnica,destroyed,milk,4940,2133,-0.0742102,-0.07081878,0.0033914149
SMOKE · validación técnica,screamed,wr,2293,1027,-0.07814751,-0.032571502,0.045576006
SMOKE · validación técnica,handful,lot,6654,662,-0.014809091,0.045003146,0.059812237
SMOKE · validación técnica,digg,tomato,4977,3458,-0.014225539,-0.021231694,-0.0070061553
SMOKE · validación técnica,Bear,door,3957,968,0.09602603,0.12274392,0.026717886
SMOKE · validación técnica,preparing,slam,7351,6714,0.0040096324,0.012574832,0.0085652
SMOKE · validación técnica,Here,fragile,3746,3266,0.0038770922,0.022748297,0.018871205
SMOKE · validación técnica,curiosity,grabbed,5444,1184,-0.014172397,-0.081039436,-0.06686704
SMOKE · validación técnica,fairy,pony,1827,3792,0.045494378,0.07684274,0.031348363
SMOKE · validación técnica,inse,rules,4352,3859,0.013729292,0.020842671,0.0071133794
SMOKE · validación técnica,powder,shelf,4338,2497,0.033599,0.069697395,0.036098395
SMOKE · validación técnica,mattress,raincoat,4482,6333,-0.062962815,-0.06876824,-0.0058054253
SMOKE · validación técnica,budge,enthusiastic,5712,4089,-0.0012438893,-0.009558151,-0.008314261
SMOKE · validación técnica,gate,pres,2671,2136,0.04371045,0.045670953,0.001960501
SMOKE · validación técnica,choo,remembers,6466,5319,-0.096855596,-0.05145008,0.045405515
SMOKE · validación técnica,pouring,sorted,5787,5938,-0.012829326,-4.1245483e-05,0.012788081
SMOKE · validación técnica,rained,straight,5377,4466,0.05593279,0.05242497,-0.003507819
SMOKE · validación técnica,serious,swayed,3372,7913,0.016475618,0.021894783,0.005419165
SMOKE · validación técnica,Ray,arms,7895,2009,0.089489736,0.081650935,-0.007838801
SMOKE · validación técnica,battery,cuddly,4789,6926,-0.0346938,-0.049504377,-0.014810577
SMOKE · validación técnica,spe,taste,2434,2448,0.054349527,0.07552482,0.021175295
SMOKE · validación técnica,attention,more,4298,692,0.093887925,0.0868516,-0.0070363283
SMOKE · validación técnica,neigh,scarf,1823,2749,-0.008541271,0.015092038,0.023633309
SMOKE · validación técnica,exactly,foot,5638,2291,0.023173273,0.049169865,0.025996592
SMOKE · validación técnica,moved,owned,1902,5640,-0.021663947,0.01663192,0.038295865
SMOKE · validación técnica,increased,lips,7043,5541,-0.019031642,-0.035961635,-0.016929993
SMOKE · validación técnica,beyond,crash,6516,4862,0.034613445,0.037462734,0.0028492883
SMOKE · validación técnica,sparkled,squee,3451,3005,-0.022378013,-0.036577165,-0.014199153
SMOKE · validación técnica,mos,needles,4415,6738,-0.13670625,-0.14651152,-0.009805277
SMOKE · validación técnica,agrees,rest,6432,1242,0.08037721,0.06835978,-0.012017436
SMOKE · validación técnica,an,get,412,604,-0.02792199,0.0066591837,0.034581173
SMOKE · validación técnica,pad,snowballs,4128,6745,-0.024116572,-0.02897162,-0.004855048
SMOKE · validación técnica,key,twin,1977,6446,-0.026869612,-0.011874957,0.014994655
SMOKE · validación técnica,encouragement,sadd,7942,7248,0.0126800835,0.026763204,0.014083121
SMOKE · validación técnica,steady,tent,7281,2715,0.029086895,0.033343706,0.004256811
SMOKE · validación técnica,pieces,pretend,1673,1321,0.025670156,-0.017256202,-0.042926356
SMOKE · validación técnica,cre,geese,969,7081,-0.020233726,-0.045819804,-0.025586078
SMOKE · validación técnica,mass,sk,4929,725,-0.0124890525,-0.013095785,-0.00060673244
SMOKE · validación técnica,fluffy,hopping,2822,2732,0.017796615,0.0017056353,-0.01609098
SMOKE · validación técnica,sidewalk,yoga,5279,4733,0.07828276,0.057097036,-0.021185722
SMOKE · validación técnica,Robbie,two,7041,904,0.04675091,0.0060309954,-0.040719915
SMOKE · validación técnica,movements,tax,8164,4148,0.013784325,0.011629684,-0.0021546409
SMOKE · validación técnica,tall,trotted,1403,7674,-0.023755655,-0.011844199,0.011911456
SMOKE · validación técnica,experience,mitten,4842,5285,-0.044231754,-0.019595478,0.024636276
SMOKE · validación técnica,ended,horizon,4064,6560,0.0077156164,0.013206724,0.0054911077
SMOKE · validación técnica,anywhere,opin,3685,5757,-0.025932826,-0.02918984,-0.0032570139
SMOKE · validación técnica,Pam,sal,6740,2309,0.0033874214,0.012087107,0.008699685
SMOKE · validación técnica,Today,Zoe,3180,5481,0.036390968,0.06348458,0.027093612
SMOKE · validación técnica,sk,vegetable,725,2461,0.055925414,0.07105171,0.015126295
SMOKE · validación técnica,basket,six,1843,5519,-0.00478711,-0.036010966,-0.031223856
SMOKE · validación técnica,Kiki,dif,7569,1036,0.047784913,0.047784884,-2.9802322e-08
SMOKE · validación técnica,instrum,observe,6601,5239,-0.08212741,-0.0952368,-0.013109393
SMOKE · validación técnica,roaring,speak,5847,4059,-0.043026604,-0.031236548,0.011790056
SMOKE · validación técnica,Suzie,blooming,6235,5993,-0.05437983,-0.051491804,0.0028880239
SMOKE · validación técnica,cape,chases,5919,6085,-0.020603526,-0.01524859,0.0053549362
SMOKE · validación técnica,bill,writes,4992,5714,0.090805985,0.06689125,-0.023914732
SMOKE · validación técnica,harsh,pad,3949,4128,-0.024436522,-0.015149139,0.009287383
SMOKE · validación técnica,Poppy,tal,5591,1110,-0.08433185,-0.078983605,0.005348243
SMOKE · validación técnica,depend,liqu,3059,6226,0.04712584,0.046630118,-0.00049572065
SMOKE · validación técnica,fasc,ground,5146,975,-0.0075960085,-0.080422744,-0.072826736
SMOKE · validación técnica,Suzie,hurry,6235,3761,0.05784913,0.033481322,-0.02436781
SMOKE · validación técnica,Do,finish,1318,2386,0.0338083,0.044706352,0.010898054
SMOKE · validación técnica,Both,keeper,6352,5405,-0.010865241,-0.007592883,0.0032723583
SMOKE · validación técnica,Ann,struc,2612,4988,0.05534888,0.07018178,0.014832899
SMOKE · validación técnica,rip,rot,6633,4332,0.021982744,0.03836893,0.016386185
SMOKE · validación técnica,hundred,imagination,7918,4420,-0.06942571,-0.05462666,0.014799051
SMOKE · validación técnica,Mary,munching,1931,8180,-0.041941725,-0.048041835,-0.0061001107
SMOKE · validación técnica,Mel,sitting,6536,2041,-0.07006629,-0.07495191,-0.0048856214
SMOKE · validación técnica,frightened,vent,3117,5711,0.021098621,0.021248471,0.0001498498
SMOKE · validación técnica,frowned,oats,4104,5387,-0.08957398,-0.05242828,0.0371457
SMOKE · validación técnica,anymore,diamonds,1173,7666,0.061082512,0.101826005,0.040743493
SMOKE · validación técnica,festival,todd,5120,6454,0.025656324,0.035802983,0.010146659
SMOKE · validación técnica,doors,pops,4570,7531,-0.047469135,-0.051873952,-0.004404817
SMOKE · validación técnica,careless,pengu,3411,3877,-0.03155181,-0.050996553,-0.019444741
SMOKE · validación técnica,fresh,sprink,3324,4216,-0.08928779,-0.11356832,-0.024280533
SMOKE · validación técnica,Pandy,swayed,6804,7913,-0.038056124,-0.022805583,0.015250541
SMOKE · validación técnica,act,brilliant,2109,3130,0.04757579,0.06082383,0.013248041
SMOKE · validación técnica,beha,get,5648,604,0.027694404,-0.0028778408,-0.030572245
SMOKE · validación técnica,petted,wrigg,5425,7439,0.018651575,0.0097761955,-0.008875379
SMOKE · validación técnica,apron,brus,4810,5325,-0.14132582,-0.12086713,0.020458683
SMOKE · validación técnica,bull,window,3299,1384,-0.20479098,-0.19435546,0.010435522
SMOKE · validación técnica,Peter,wet,2653,1557,0.06902501,0.06649303,-0.002531983
SMOKE · validación técnica,fro,standing,1342,2571,0.101079196,0.09261194,-0.008467257
SMOKE · validación técnica,Velvet,gl,7670,873,0.017064068,0.030538037,0.013473969
SMOKE · validación técnica,woods,wraps,1605,6832,0.04952278,0.03765133,-0.01187145
SMOKE · validación técnica,pillows,refu,5500,6685,-0.056360967,-0.052380234,0.0039807335
SMOKE · validación técnica,Am,heroes,5615,7238,-0.04813226,-0.048132297,-3.7252903e-08
SMOKE · validación técnica,hon,save,2218,2463,0.021838024,0.025225127,0.0033871029
SMOKE · validación técnica,super,waterfall,3835,7437,0.04069127,0.03337858,-0.0073126927
SMOKE · validación técnica,dripping,returned,8024,2560,-0.11357002,-0.09088177,0.022688247
SMOKE · validación técnica,One,climbed,505,1567,-0.16214916,-0.12543312,0.036716044
SMOKE · validación técnica,flip,pants,7795,3651,0.0014919713,-0.005119391,-0.006611362
SMOKE · validación técnica,Owl,scale,6853,3572,-0.08069666,-0.09164185,-0.0109451935
SMOKE · validación técnica,pretend,quest,1321,2195,-0.05318035,-0.024148569,0.029031783
SMOKE · validación técnica,rail,scored,4714,7190,0.03370212,0.039872512,0.006170392
SMOKE · validación técnica,siblings,worse,6779,5244,0.086310014,0.08489381,-0.0014162064
SMOKE · validación técnica,buying,fauc,6300,4409,0.022967752,0.028330171,0.0053624194
SMOKE · validación técnica,Toby,bott,3664,1734,0.033544652,0.036165867,0.0026212148
SMOKE · validación técnica,fighting,picnics,2404,8167,0.023399387,0.032976896,0.009577509
SMOKE · validación técnica,oy,shivered,3945,5826,0.0839718,0.0406736,-0.0432982
SMOKE · validación técnica,gloomy,wo,3736,883,-0.049308468,-0.017106023,0.032202445
SMOKE · validación técnica,crew,darkness,6966,6231,0.01821156,0.032674946,0.014463386
SMOKE · validación técnica,completely,sails,6079,7116,-0.05731684,-0.064257964,-0.006941125
SMOKE · validación técnica,kingdom,spat,4323,7822,-0.06709115,-0.08745277,-0.020361617
SMOKE · validación técnica,Squeaky,finally,7539,1504,-0.019299999,-0.01541478,0.0038852189
SMOKE · validación técnica,houses,sneaky,3300,6326,0.070347324,0.09325065,0.022903323
SMOKE · validación técnica,closer,fuzzy,1143,6309,-0.047120742,-0.0702513,-0.023130558
SMOKE · validación técnica,electric,refriger,7963,5006,0.05331251,0.05710522,0.0037927106
SMOKE · validación técnica,dancers,mo,6490,727,0.04126514,0.041265175,3.3527613e-08
SMOKE · validación técnica,mum,toilet,1250,4463,-0.0630747,-0.08149804,-0.018423341
SMOKE · validación técnica,He,glove,314,4243,0.028932355,-0.00030058436,-0.02923294
SMOKE · validación técnica,helping,teasing,1750,5851,-0.0374549,-0.012822991,0.024631908
SMOKE · validación técnica,knows,smart,3270,1775,-0.007973749,-0.041453227,-0.03347948
SMOKE · validación técnica,Tweet,we,2185,367,-0.016390158,-0.0577284,-0.041338243
SMOKE · validación técnica,beauty,drawers,3601,7131,0.14142688,0.16516669,0.023739815
SMOKE · validación técnica,magazine,maker,4768,7564,0.083656974,0.0840209,0.0003639236
SMOKE · validación técnica,better,zipping,815,6849,-0.027459396,-0.036028076,-0.00856868
SMOKE · validación técnica,escaped,saf,5340,2186,0.055828303,0.06500109,0.00917279
SMOKE · validación técnica,flags,old,6323,690,0.002571078,0.011845627,0.009274549
SMOKE · validación técnica,cupcakes,hand,6596,734,-0.061912578,-0.048516657,0.01339592
SMOKE · validación técnica,surf,weather,3568,4267,-0.04572779,-0.062417,-0.016689211
SMOKE · validación técnica,mil,ordered,2054,5346,-0.05657188,-0.07131775,-0.014745869
SMOKE · validación técnica,Co,tweet,4996,7987,0.072230116,0.07392354,0.0016934276
SMOKE · validación técnica,fascin,helper,5200,4750,0.00081534684,0.002982757,0.0021674102
SMOKE · validación técnica,Mo,welc,6563,1744,-0.008838523,0.011971045,0.020809568
SMOKE · validación técnica,Mabel,ti,7433,6082,-0.049337305,-0.046099707,0.0032375976
SMOKE · validación técnica,Sl,fair,7820,1432,0.0525425,0.05954162,0.00699912
SMOKE · validación técnica,block,comes,1233,2088,0.07287128,0.110504046,0.037632763
SMOKE · validación técnica,norm,swords,3035,7252,0.05053273,0.05254977,0.0020170398
SMOKE · validación técnica,pout,wal,6003,602,0.011152262,-0.0035255468,-0.014677809
SMOKE · validación técnica,bones,stranger,5520,3460,0.05064044,0.062140837,0.011500396
SMOKE · validación técnica,lived,respectful,903,4108,-0.017305456,0.009534841,0.026840298
SMOKE · validación técnica,lad,whole,2302,2199,-0.07136747,-0.07893805,-0.0075705796
SMOKE · validación técnica,Both,While,6352,3479,-0.020810433,0.0025243834,0.023334816
SMOKE · validación técnica,properly,spin,5730,2150,0.023425136,0.06773451,0.044309374
SMOKE · validación técnica,respond,would,7117,523,0.0025618467,0.0036227182,0.0010608714
SMOKE · validación técnica,Sandy,equ,4100,4972,-0.06600137,-0.07837446,-0.01237309
SMOKE · validación técnica,moo,tired,7247,1269,-0.05120606,-0.01899542,0.03221064
SMOKE · validación técnica,contin,writing,1440,4551,0.008063592,-0.012754902,-0.020818494
SMOKE · validación técnica,neighbors,points,5610,4608,0.019070236,0.00015602075,-0.018914215
SMOKE · validación técnica,Well,climbs,7394,5106,0.058848873,0.052528836,-0.006320037
SMOKE · validación técnica,Els,haircut,6342,4228,-0.05903457,-0.0462362,0.012798373
SMOKE · validación técnica,neighbors,scrambled,5610,7705,-0.020025307,-0.030470517,-0.010445209
SMOKE · validación técnica,ser,stirring,2337,5741,-0.012719915,-0.020198062,-0.007478147
SMOKE · validación técnica,She,sew,313,5097,-0.014627297,-0.023474721,-0.008847424
SMOKE · validación técnica,That,chick,1329,2351,0.048392534,0.048685737,0.0002932027
SMOKE · validación técnica,bun,trot,5536,7170,-0.023123872,-0.02312389,-1.8626451e-08
SMOKE · validación técnica,foc,hurt,6146,894,0.03581293,0.051513705,0.015700776
SMOKE · validación técnica,charac,nuzz,7128,7385,-0.0081918575,-0.008191869,-1.1175871e-08
SMOKE · validación técnica,coming,helper,1291,4750,-0.015768137,-0.027632441,-0.011864305
SMOKE · validación técnica,Davey,ducks,7576,2206,0.120778844,0.12541482,0.0046359748
SMOKE · validación técnica,life,yarn,2032,3227,-0.052164204,-0.04625626,0.0059079453
SMOKE · validación técnica,napping,on,7384,346,-0.10093248,-0.10461381,-0.0036813319
SMOKE · validación técnica,form,point,8090,4107,-0.032028385,-0.01626918,0.015759204
SMOKE · validación técnica,comfortable,offic,2627,7553,0.095972255,0.08983457,-0.006137684
SMOKE · validación técnica,Will,ink,4371,4497,-0.00066895783,-0.020843865,-0.020174908
SMOKE · validación técnica,answer,watering,2279,7552,-0.04856386,-0.041175403,0.0073884577
SMOKE · validación técnica,cleared,objects,7723,6547,0.013437276,0.021742286,0.00830501
SMOKE · validación técnica,Mat,barked,5323,2429,-0.068437636,-0.08084519,-0.012407556
SMOKE · validación técnica,presents,reve,4385,4481,0.07739015,0.06061956,-0.01677059
SMOKE · validación técnica,Froggy,ow,7744,3433,-0.017765092,-0.01269227,0.005072822
SMOKE · validación técnica,joins,melting,7988,6372,-0.052574597,-0.05681625,-0.004241653
SMOKE · validación técnica,lick,memb,5185,7655,-0.02209888,-0.016963428,0.0051354524
SMOKE · validación técnica,vibr,woman,8136,2154,0.1378982,0.14336616,0.0054679513
SMOKE · validación técnica,parties,pointed,6468,2116,0.014826708,0.004076965,-0.010749742
SMOKE · validación técnica,muscles,tumbled,5727,7817,-0.051838763,-0.03444366,0.017395101
SMOKE · validación técnica,envel,happen,3331,1868,0.09954572,0.10281562,0.0032699034
SMOKE · validación técnica,passed,understands,2648,7568,0.124638066,0.12606451,0.0014264435
SMOKE · validación técnica,sne,sweetie,3486,2864,-0.0071979575,0.005620938,0.012818895
SMOKE · validación técnica,acorns,short,5655,4051,0.07454822,0.09038972,0.015841499
SMOKE · validación técnica,ca,wash,1949,2501,-0.015370442,0.031191753,0.046562195
SMOKE · validación técnica,instr,lap,4852,6296,0.03185872,0.053627245,0.021768525
SMOKE · validación técnica,company,stri,5316,3302,-0.17547743,-0.16339467,0.012082756
SMOKE · validación técnica,apart,ha,4652,297,0.006714314,0.0028382149,-0.0038760994
SMOKE · validación técnica,tools,yel,3167,7718,0.07762056,0.07143297,-0.006187588
SMOKE · validación técnica,boxes,burying,2982,7326,0.018691268,0.00793525,-0.010756018
SMOKE · validación técnica,beds,then,5492,586,0.0620537,0.059695642,-0.0023580566
SMOKE · validación técnica,most,stre,1721,1799,-0.05710282,-0.029325174,0.027777648
SMOKE · validación técnica,sel,weeks,2396,5020,0.020917887,0.038547464,0.017629577
SMOKE · validación técnica,billboard,the,5314,263,-0.04657647,-0.06932422,-0.022747748
SMOKE · validación técnica,lonely,sparkle,1887,4719,-0.073301874,-0.069254585,0.0040472895
SMOKE · validación técnica,coins,ste,3013,1294,-0.05183284,-0.05338557,-0.0015527308
SMOKE · validación técnica,hissed,pouring,6437,5787,-0.0036553591,-0.011540651,-0.007885292
SMOKE · validación técnica,fairy,shake,1827,3009,0.045963366,0.048650306,0.0026869401
SMOKE · validación técnica,changes,designed,8095,6910,0.050452266,0.039950605,-0.01050166
SMOKE · validación técnica,Susie,lamp,2953,2994,-0.055939287,-0.027944047,0.02799524
SMOKE · validación técnica,campfire,kid,7416,1209,-0.04093033,-0.03461501,0.0063153207
SMOKE · validación técnica,spear,wonders,4743,5751,-0.018313438,-0.041701637,-0.0233882
SMOKE · validación técnica,came,surrendered,622,7060,0.04816882,0.0995843,0.051415477
SMOKE · validación técnica,cere,poked,3279,4837,0.08477299,0.07783727,-0.0069357157
SMOKE · validación técnica,anyone,curious,2141,1170,-0.01367426,0.008866663,0.022540923
SMOKE · validación técnica,bicy,grin,3909,4575,0.1497021,0.14786665,-0.0018354505
SMOKE · validación técnica,reads,snowballs,6398,6745,0.09496159,0.069994554,-0.024967037
SMOKE · validación técnica,dances,tal,7173,1110,0.03153006,0.031530086,2.6077032e-08
SMOKE · validación técnica,soon,swaying,936,8033,0.006233681,0.010293018,0.004059337
SMOKE · validación técnica,sailors,spaceship,6969,5568,-0.04963801,-0.04192547,0.0077125393
SMOKE · validación técnica,Am,expl,5615,753,-0.029035375,-0.014246639,0.014788736
SMOKE · validación técnica,deeper,tut,5084,4865,0.05483404,0.041366797,-0.013467245
SMOKE · validación técnica,bed,sw,1015,610,0.08516556,0.07044323,-0.014722332
SMOKE · validación técnica,mach,opera,2245,4664,-0.057488848,-0.040207867,0.017280981
SMOKE · validación técnica,intere,ste,2077,1294,0.018723328,0.022839302,0.0041159745
SMOKE · validación técnica,bat,value,1987,3806,0.057210118,0.046889022,-0.010321096
SMOKE · validación técnica,in,screw,317,4622,0.00047002174,-0.022334557,-0.022804579
SMOKE · validación técnica,lift,practiced,2089,3755,-0.041434668,-0.058887243,-0.017452575
SMOKE · validación técnica,grown,rubbed,3045,3523,0.02560988,-0.0055169594,-0.03112684
SMOKE · validación técnica,E,packing,600,6368,-0.046688598,-0.06965645,-0.022967849
SMOKE · validación técnica,hissed,push,6437,2392,-0.10405328,-0.1095863,-0.005533017
SMOKE · validación técnica,sur,warn,2215,5311,-0.026867514,-0.019477166,0.0073903482
SMOKE · validación técnica,growled,tracks,4882,5318,-0.031068502,0.020447541,0.05151604
SMOKE · validación técnica,M,grand,405,3346,-0.01803454,-0.004584588,0.013449952
SMOKE · validación técnica,pets,wal,5562,602,-0.044680007,-0.041152857,0.0035271496
SMOKE · validación técnica,angel,wa,3285,270,-0.05958674,-0.15670411,-0.09711737
SMOKE · validación técnica,Bet,miles,4672,6370,-0.018607484,-0.018607503,-1.8626451e-08
SMOKE · validación técnica,Spidey,luckily,7457,7533,-0.15061179,-0.15061183,-4.4703484e-08
SMOKE · validación técnica,Cindy,James,6102,4867,0.03403221,0.057487123,0.023454912
SMOKE · validación técnica,drifted,wrapping,6477,6830,0.038162135,0.024361014,-0.01380112
SMOKE · validación técnica,chat,relax,5969,2714,-0.038866,-0.07659432,-0.037728325
SMOKE · validación técnica,Stop,sp,5943,448,-0.059264895,-0.05738953,0.0018753633
SMOKE · validación técnica,diffic,sails,2996,7116,0.14041853,0.14677781,0.006359279
SMOKE · validación técnica,hurry,taxi,3761,4191,0.026377335,0.015426941,-0.010950394
SMOKE · validación técnica,King,indeed,4974,6642,0.041755676,0.046349455,0.0045937784
SMOKE · validación técnica,poking,pupil,5963,5407,0.01268952,0.022886936,0.010197416
SMOKE · validación técnica,hugged,touches,780,7183,-0.032117758,-0.0601358,-0.028018042
SMOKE · validación técnica,sett,sweaty,3621,8031,0.031214386,0.036465224,0.0052508377
SMOKE · validación técnica,lose,trees,2863,1353,-0.01671048,-0.058936357,-0.042225875
SMOKE · validación técnica,bumped,exha,5045,6073,0.13024521,0.13439763,0.004152417
SMOKE · validación técnica,recogn,would,3985,523,-0.07964591,-0.060451545,0.019194365
SMOKE · validación técnica,forgotten,pots,4406,6308,-0.035937905,-0.038034365,-0.0020964593
SMOKE · validación técnica,green,waving,1356,4306,0.0006437758,-0.028276453,-0.02892023
SMOKE · validación técnica,cushions,impossible,7160,6467,-0.018967688,-0.010184646,0.008783042
SMOKE · validación técnica,kneel,lived,4848,903,-0.03143469,-0.021260262,0.010174427
SMOKE · validación técnica,comfort,eat,2093,756,0.0087106,0.053327523,0.044616923
SMOKE · validación técnica,find,inspired,633,7870,0.043673776,0.056978885,0.013305109
SMOKE · validación técnica,nam,provided,476,6376,0.03235372,0.021690212,-0.010663509
SMOKE · validación técnica,horiz,locked,6544,3405,-0.023201551,-0.017191358,0.0060101934
SMOKE · validación técnica,gl,underst,873,1271,0.03828682,0.029125964,-0.009160856
SMOKE · validación técnica,curly,land,6078,1647,-0.08659428,-0.116738215,-0.030143932
SMOKE · validación técnica,Bessie,hair,6882,1351,0.065337956,0.08845943,0.023121476
SMOKE · validación técnica,attractive,shakes,3813,4401,-0.06006696,-0.08048596,-0.020419002
SMOKE · validación técnica,pirates,yog,4521,3214,0.06608297,0.06809583,0.0020128638
SMOKE · validación técnica,doors,trans,4570,7889,-0.04246198,-0.041144684,0.0013172962
SMOKE · validación técnica,adorable,cleaning,3967,3194,-0.056201912,-0.05219473,0.004007183
SMOKE · validación técnica,coup,noises,6724,1900,0.04451642,0.08798412,0.0434677
SMOKE · validación técnica,direction,si,6019,5865,-0.099324316,-0.107676044,-0.008351728
SMOKE · validación técnica,guest,soft,5844,1262,-0.05070845,-0.073430814,-0.022722363
SMOKE · validación técnica,nearly,neck,7233,1937,0.056293625,0.049850058,-0.0064435676
SMOKE · validación técnica,bri,chosen,3816,7078,-0.10802521,-0.1000509,0.007974312
SMOKE · validación técnica,ask,snug,1140,8099,0.021830507,0.038057495,0.016226988
SMOKE · validación técnica,Bobo,avo,3492,3452,0.036239784,0.05397857,0.017738786
SMOKE · validación técnica,Every,hits,731,5073,-0.1447916,-0.088723086,0.056068517
SMOKE · validación técnica,any,jungle,707,2460,0.087577224,0.092654064,0.0050768405
SMOKE · validación técnica,replace,walk,5127,1064,-0.01591438,-0.01913079,-0.00321641
SMOKE · validación técnica,digg,machine,4977,2377,0.043749616,0.07708889,0.033339277
SMOKE · validación técnica,Other,seashells,7930,7581,-0.015033785,-0.011760332,0.0032734536
SMOKE · validación técnica,carried,young,2539,1905,-0.012695026,0.017263336,0.029958362
SMOKE · validación técnica,Happy,planets,6535,5804,-0.018143388,-0.011614057,0.0065293303
SMOKE · validación técnica,cookies,jogging,1585,5135,0.041870907,0.082772434,0.040901527
SMOKE · validación técnica,feathers,snug,2823,8099,0.050874725,0.04397578,-0.0068989433
SMOKE · validación técnica,Pinky,king,6772,2078,-0.13716899,-0.108096585,0.029072404
SMOKE · validación técnica,cotton,seed,7944,2586,0.031259917,0.026056934,-0.0052029826
SMOKE · validación técnica,table,tast,1469,1297,0.008919587,-0.007726839,-0.016646426
SMOKE · validación técnica,dirty,troubled,1797,4073,0.025885625,0.0796033,0.053717673
SMOKE · validación técnica,nicely,uns,3418,6871,-0.05427713,-0.07413534,-0.019858211
SMOKE · validación técnica,accept,relaxed,3049,4506,-0.005556315,-0.03328013,-0.027723815
SMOKE · validación técnica,delic,lid,1301,4179,0.019637726,0.017315513,-0.0023222137
SMOKE · validación técnica,P,future,953,5183,0.104904965,0.08322965,-0.021675311
SMOKE · validación técnica,Betty,cheerful,6433,3062,-0.06755732,-0.06805885,-0.0005015284
SMOKE · validación técnica,balls,bits,2793,7527,0.13842195,0.14113127,0.0027093142
SMOKE · validación técnica,gem,wobbled,3192,6999,-0.06633257,-0.026039608,0.040292963
SMOKE · validación técnica,cubes,mechanic,7075,4210,-0.019624716,-0.016397959,0.003226757
SMOKE · validación técnica,exhausted,lecture,6129,5259,0.020359138,0.025108783,0.0047496445
SMOKE · validación técnica,buying,curly,6300,6078,-0.060237236,-0.034430403,0.025806833
SMOKE · validación técnica,Stella,instruct,7159,5650,0.0665389,0.0663425,-0.0001963973
SMOKE · validación técnica,birdcage,zookeeper,5153,5966,0.019481158,0.008983947,-0.010497211
SMOKE · validación técnica,prince,sk,2546,725,-0.09727421,-0.08358228,0.0136919245
SMOKE · validación técnica,beehive,flick,8037,7759,0.001037173,-0.0004521571,-0.0014893301
SMOKE · validación técnica,became,vo,1134,1075,0.037414424,0.05149864,0.014084216
SMOKE · validación técnica,crowns,struc,8106,4988,-0.009565193,-0.009565238,-4.4703484e-08
SMOKE · validación técnica,mirror,observed,2905,6178,0.04425665,0.03600193,-0.008254722
SMOKE · validación técnica,chirping,ol,5075,3873,0.027553223,0.04847265,0.020919427
SMOKE · validación técnica,enthusi,satisfied,7039,5606,0.071903124,0.041612163,-0.030290961
SMOKE · validación técnica,advent,bread,954,2163,-0.06798331,-0.0738906,-0.0059072897
SMOKE · validación técnica,Mart,reverse,6261,4883,-0.06514991,-0.053465255,0.011684656
SMOKE · validación técnica,cutting,whoever,5464,7959,-0.008241214,-0.016066257,-0.007825043
SMOKE · validación técnica,He,mistakes,314,4553,0.13561183,0.03791943,-0.0976924
SMOKE · validación técnica,delay,soap,4745,2862,0.12320667,0.09560264,-0.027604029
SMOKE · validación técnica,Dad,Jenny,1042,2405,0.13445933,0.1489824,0.014523074
SMOKE · validación técnica,brave,tickled,911,6255,0.06327437,0.08632217,0.023047805
SMOKE · validación técnica,fruits,spinning,2821,3343,-0.0014682263,0.007030515,0.008498741
SMOKE · validación técnica,steps,we,3984,367,0.0046560466,0.017562032,0.012905985
SMOKE · validación técnica,fasc,stuffed,5146,4170,0.03622377,0.03949958,0.0032758117
SMOKE · validación técnica,flew,stare,918,6083,0.070713356,0.04974084,-0.020972516
SMOKE · validación técnica,Alan,sausages,8168,6068,-0.09568037,-0.089001656,0.0066787153
SMOKE · validación técnica,gate,touc,2671,6991,-0.018009126,-0.021156333,-0.0031472072
SMOKE · validación técnica,dump,shady,7818,7626,0.0011139512,-0.0008476805,-0.0019616317
SMOKE · validación técnica,First,high,5538,1146,0.06863056,0.045961827,-0.022668734
SMOKE · validación técnica,conversation,discoveries,7582,7808,-0.020001668,-0.010778595,0.009223074
SMOKE · validación técnica,enthusi,sunshine,7039,2046,-0.00013415702,-0.04663517,-0.04650101
SMOKE · validación técnica,Any,bread,7757,2163,0.00868522,0.0075315125,-0.0011537075
SMOKE · validación técnica,ear,video,2110,4761,0.05758267,0.054927595,-0.002655074
SMOKE · validación técnica,coins,zoo,3013,2227,0.03489088,0.02709065,-0.007800229
SMOKE · validación técnica,nicer,tidying,5686,8104,-0.088283956,-0.1175511,-0.029267147
SMOKE · validación técnica,balan,separ,4935,3840,0.15093254,0.15093248,-5.9604645e-08
SMOKE · validación técnica,special,wear,689,1711,0.0049329796,-0.037212342,-0.042145323
SMOKE · validación técnica,company,napping,5316,7384,-0.041762285,-0.033971053,0.0077912323
SMOKE · validación técnica,joyful,loo,7018,428,-0.0052552246,-0.0039618965,0.0012933281
SMOKE · validación técnica,cooking,prun,3569,6117,0.06517479,0.065679975,0.0005051866
SMOKE · validación técnica,pun,strawberries,3932,4826,0.016394824,0.021296363,0.0049015395
SMOKE · validación técnica,blueberry,drawn,5198,6715,-0.13680044,-0.13533288,0.0014675558
SMOKE · validación técnica,printing,sticky,6756,4634,-0.023734402,0.004836928,0.02857133
SMOKE · validación técnica,crumb,flower,5781,1310,0.008133955,0.012965597,0.004831642
SMOKE · validación técnica,parents,storekeeper,1305,5910,0.08334298,0.11179951,0.028456531
SMOKE · validación técnica,mine,weapon,2045,5158,0.025038239,0.050543435,0.025505196
SMOKE · validación técnica,hops,stain,7070,7066,0.011595614,0.024923239,0.013327625
SMOKE · validación técnica,f,perm,272,3545,0.05938395,0.14215909,0.08277514
SMOKE · validación técnica,chirp,dollhouse,4402,6945,0.022141233,0.008116106,-0.0140251275
SMOKE · validación técnica,believed,wasted,5024,6390,-0.109494686,-0.094564244,0.014930442
SMOKE · validación técnica,cereal,mist,3352,2117,0.044557966,0.04308154,-0.0014764257
SMOKE · validación técnica,okay,val,1133,2285,0.056545436,0.016178932,-0.040366504
SMOKE · validación técnica,covered,grows,2880,7600,-0.03971966,-0.0414488,-0.0017291419
SMOKE · validación técnica,gener,luckily,2547,7533,0.044412926,0.04441293,3.7252903e-09
SMOKE · validación técnica,smelled,stretched,2196,3693,-0.034163162,-0.032184545,0.0019786172
SMOKE · validación técnica,congratulated,wagon,7613,3003,0.0009208247,-0.03579563,-0.036716454
SMOKE · validación técnica,steak,waved,4334,1284,0.07727653,0.08634692,0.009070389
SMOKE · validación técnica,hearts,r,4863,329,-0.090192765,-0.105910525,-0.01571776
SMOKE · validación técnica,flew,onion,918,4033,0.08726227,0.06197884,-0.025283433
SMOKE · validación técnica,knowledge,nibbled,5857,7875,0.015281759,0.016041204,0.00075944513
SMOKE · validación técnica,Ginger,trave,8056,4427,-0.042293668,-0.034439836,0.007853832
SMOKE · validación técnica,Momo,agreed,6228,1512,0.10101743,0.109510615,0.008493185
SMOKE · validación técnica,relief,weap,6048,4866,0.0036071502,0.0018464774,-0.0017606728
SMOKE · validación técnica,bedtime,damaged,6429,7641,0.051896155,0.04273142,-0.009164736
SMOKE · validación técnica,these,vanish,2656,6233,-0.010974079,-0.055383254,-0.044409174
SMOKE · validación técnica,laid,perfume,5161,4822,-0.017943691,-0.026840901,-0.00889721
SMOKE · validación técnica,gesture,stadium,7783,4976,0.04786913,0.03030179,-0.01756734
SMOKE · validación técnica,catch,guide,1313,8129,-0.09286749,-0.052661844,0.04020565
SMOKE · validación técnica,Rachel,sn,4651,847,-0.020385426,0.012587126,0.032972552
SMOKE · validación técnica,beetle,ti,3361,6082,0.06180779,0.04650513,-0.015302658
SMOKE · validación técnica,J,could,471,453,0.00069111027,0.011075448,0.010384338
SMOKE · validación técnica,bigger,blood,1666,5041,-0.027299788,-0.0352813,-0.007981513
SMOKE · validación técnica,indeed,sway,6642,5980,0.043643624,0.06621029,0.022566669
SMOKE · validación técnica,lid,sniff,4179,3415,-0.051969066,-0.02316235,0.028806716
SMOKE · validación técnica,For,provide,6094,5096,-0.03845498,-0.025243055,0.013211925
SMOKE · validación técnica,That,crocod,1329,3373,-0.010162236,0.014298713,0.024460949
SMOKE · validación técnica,Today,twisty,3180,7213,0.032551736,0.015264913,-0.017286822
SMOKE · validación técnica,gaze,keys,6265,5823,-0.01517353,-0.031969182,-0.016795652
SMOKE · validación técnica,return,stranger,2069,3460,-0.036737867,-0.031017855,0.005720012
SMOKE · validación técnica,baked,scratches,6088,6809,0.13413729,0.13095866,-0.0031786263
SMOKE · validación técnica,melon,spaceship,3720,5568,0.010589398,0.0013204794,-0.009268919
SMOKE · validación técnica,clo,gl,732,873,0.008968692,0.026356477,0.017387785
SMOKE · validación técnica,int,remembered,687,1359,0.03473635,0.016160233,-0.018576117
SMOKE · validación técnica,daddy,rays,1558,7848,0.01917776,0.02358445,0.0044066887
SMOKE · validación técnica,Robbie,seek,7041,2683,-0.03709291,-0.03195523,0.0051376782
SMOKE · validación técnica,decisions,lear,7721,4040,-0.025955854,-0.015658015,0.010297839
SMOKE · validación técnica,checked,loop,4166,4168,-0.025556626,-0.019447686,0.0061089396
SMOKE · validación técnica,Clara,awo,4841,7373,0.081146084,0.08205975,0.0009136647
SMOKE · validación técnica,joking,quacked,6621,6179,-0.094571814,-0.088093385,0.006478429
SMOKE · validación técnica,drive,suddenly,2373,1833,0.0561556,0.04805982,-0.0080957785
SMOKE · validación técnica,lecture,signed,5259,6657,0.083532505,0.083617695,8.518994e-05
SMOKE · validación técnica,control,putting,5891,4211,-0.030880753,0.021513388,0.05239414
SMOKE · validación técnica,bark,beans,2316,4888,-0.035357106,-0.030886129,0.004470978
SMOKE · validación técnica,Nutty,avoid,5443,6856,0.118389644,0.12115455,0.002764903
SMOKE · validación técnica,clouds,sailing,2187,4407,0.10810001,0.13455269,0.026452675
SMOKE · validación técnica,Sh,raced,4008,3254,-0.027841281,-0.02262358,0.005217701
SMOKE · validación técnica,airplane,poking,4966,5963,-0.075607866,-0.055974063,0.019633804
SMOKE · validación técnica,decor,gesture,2514,7783,-0.015848506,-0.027008431,-0.011159925
SMOKE · validación técnica,avo,bags,3452,3293,0.073660076,0.057205968,-0.016454108
SMOKE · validación técnica,knot,softly,4195,4269,-0.0058366647,0.01770561,0.023542274
SMOKE · validación técnica,garbage,napkin,7482,4297,0.103510976,0.08765063,-0.015860349
SMOKE · validación técnica,Gigi,bet,6492,3845,0.058667265,0.04854734,-0.010119926
SMOKE · validación técnica,bathe,machines,5085,5955,0.0142772,0.005328051,-0.008949149
SMOKE · validación técnica,dir,dro,1456,1354,0.06288284,0.062882826,-1.4901161e-08
SMOKE · validación técnica,Unfortunately,sh,6062,381,0.012197398,0.009590702,-0.0026066955
SMOKE · validación técnica,awoke,waters,7540,8097,0.12678163,0.12611678,-0.0006648451
SMOKE · validación técnica,em,safe,1687,895,-0.050584145,-0.07275014,-0.022165999
SMOKE · validación técnica,harm,lovely,3056,2184,-0.06283182,-0.062270824,0.0005609952
SMOKE · validación técnica,quack,starting,4627,4000,0.0038160123,-0.019794872,-0.023610884
SMOKE · validación técnica,air,maze,1413,4423,-0.0856469,-0.013480607,0.072166294
SMOKE · validación técnica,enthusiastic,melted,4089,4969,0.063203245,0.024142696,-0.039060548
SMOKE · validación técnica,address,encouraging,7558,7307,-0.008212136,0.013875839,0.022087976
SMOKE · validación técnica,joining,wal,7258,602,0.057494793,0.051956173,-0.00553862
SMOKE · validación técnica,hel,pirate,2654,3474,-0.056586273,-0.03405001,0.022536263
SMOKE · validación técnica,fake,repeating,2844,7667,0.030516751,0.022718383,-0.007798368
SMOKE · validación técnica,judge,vi,4303,4024,-0.010208555,-0.013826255,-0.0036177002
SMOKE · validación técnica,click,followed,5885,1436,-0.033130527,0.0065304916,0.03966102
SMOKE · validación técnica,protected,without,5653,1842,-0.035179406,-0.021135285,0.014044121
SMOKE · validación técnica,opposite,wave,7972,2355,-0.15385363,-0.12357514,0.030278482
SMOKE · validación técnica,health,important,6607,1096,0.09649959,0.07303255,-0.023467042
SMOKE · validación técnica,destroy,scur,3750,5206,0.034928486,0.0358154,0.0008869134
SMOKE · validación técnica,gloves,mosquito,5623,4431,-0.13525212,-0.15144862,-0.016196504
SMOKE · validación técnica,honking,rings,7771,6881,0.043321453,0.04691194,0.003590487
SMOKE · validación técnica,Bun,cheering,4583,6015,-0.08570919,-0.0855566,0.00015259534
SMOKE · validación técnica,blows,meeting,6609,4538,0.014283273,-0.00604365,-0.020326924
SMOKE · validación técnica,charge,glow,7341,2825,0.09569894,0.13054705,0.03484811
SMOKE · validación técnica,direct,wasted,6237,6390,0.088866375,0.07763371,-0.011232667
SMOKE · validación técnica,deser,firefighter,5950,6928,0.06021645,0.08790916,0.027692713
SMOKE · validación técnica,chance,warn,3658,5311,0.10355611,0.09946526,-0.004090853
SMOKE · validación técnica,gazing,refused,7755,3512,-0.019614294,-0.025385574,-0.0057712793
SMOKE · validación técnica,pieces,resisted,1673,6941,0.09594135,0.07604483,-0.019896522
SMOKE · validación técnica,Slowly,fascinated,6241,5532,0.09938526,0.09647925,-0.0029060096
SMOKE · validación técnica,beautifully,safe,7554,895,-0.04639613,-0.03585292,0.010543209
SMOKE · validación técnica,Suzy,bulb,5581,4285,0.034712397,0.022905016,-0.01180738
SMOKE · validación técnica,teac,wobbled,1800,6999,-0.035776407,-0.043472163,-0.007695757
SMOKE · validación técnica,rhino,yours,4122,2949,0.04593336,0.08586009,0.03992673
SMOKE · validación técnica,exercises,separ,7740,3840,-0.058105096,-0.073965676,-0.01586058
SMOKE · validación técnica,fragile,happening,3266,2910,-0.12079857,-0.07813294,0.04266563
SMOKE · validación técnica,fake,right,2844,1106,-0.10431975,-0.06524321,0.039076544
SMOKE · validación técnica,c,sign,276,1789,0.09858358,0.08138938,-0.017194197
SMOKE · validación técnica,drop,snuck,2802,6385,0.036065385,0.070114344,0.03404896
SMOKE · validación técnica,hides,safari,7156,5169,-0.0074982867,-0.007498294,-7.450581e-09
SMOKE · validación técnica,enth,sc,3672,497,0.11437095,0.12970836,0.015337415
SMOKE · validación técnica,disturb,wagged,3938,2759,0.05350639,0.06886774,0.015361354
SMOKE · validación técnica,bunch,tun,5918,2251,-0.053314976,-0.054706298,-0.0013913214
SMOKE · validación técnica,int,provide,687,5096,0.007213075,0.018789364,0.011576289
SMOKE · validación técnica,Louise,pushes,7291,4141,0.019347433,0.02444249,0.005095057
SMOKE · validación técnica,nature,screams,3586,5529,0.023616005,0.053670373,0.030054368
SMOKE · validación técnica,applauded,fever,5805,6499,0.019424368,0.003505133,-0.015919235
SMOKE · validación técnica,True,twice,4760,6901,0.010776071,0.02087109,0.010095019
SMOKE · validación técnica,Slowly,dif,6241,1036,-0.0355995,-0.037840873,-0.002241373
SMOKE · validación técnica,board,safety,2892,4746,0.015868641,0.037416678,0.021548036
SMOKE · validación técnica,deter,hurric,2480,5329,-0.038789157,-0.03878917,-1.4901161e-08
SMOKE · validación técnica,candles,hand,4959,734,0.011633046,0.011662802,2.9755756e-05
SMOKE · validación técnica,e,wandered,321,4764,-0.0391591,-0.046931997,-0.0077728964
SMOKE · validación técnica,carefully,gift,1387,2037,-0.02383043,-0.023081942,0.00074848905
SMOKE · validación técnica,sculp,whisp,8156,2576,0.0050564986,-0.0002565179,-0.0053130165
SMOKE · validación técnica,Carl,doing,5841,1399,-0.13854295,-0.13926008,-0.0007171333
SMOKE · validación técnica,balanced,in,6378,317,0.09779375,0.12798707,0.030193321
SMOKE · validación técnica,guide,puzzle,8129,2603,-0.09017847,-0.09671774,-0.0065392703
SMOKE · validación técnica,Bessie,pe,6882,702,-0.01940751,-0.031065598,-0.011658087
SMOKE · validación técnica,he,oranges,279,4856,0.04452736,0.058926005,0.014398646
SMOKE · validación técnica,chickens,swinging,4327,4079,-0.0017992118,-0.004579953,-0.002780741
SMOKE · validación técnica,bouncy,grey,5670,5193,0.053165838,0.06626116,0.013095319
SMOKE · validación técnica,flat,mosquitoes,6219,8137,0.117689654,0.109797284,-0.00789237
SMOKE · validación técnica,bringing,interesting,5406,2178,-0.006923684,-0.032753088,-0.025829405
SMOKE · validación técnica,aimed,arrive,7269,6104,0.13046293,0.13390523,0.0034423023
SMOKE · validación técnica,Buddy,spilled,3964,3519,-0.002799563,-0.010003131,-0.007203568
SMOKE · validación técnica,marry,unt,4235,794,0.09325427,0.10424159,0.010987319
SMOKE · validación técnica,planning,smiled,6873,506,-0.0500166,-0.03767346,0.012343142
SMOKE · validación técnica,aff,create,6389,3566,0.025471171,-0.0012462595,-0.026717432
SMOKE · validación técnica,coloring,studied,6566,5545,0.04285457,0.05468154,0.01182697
SMOKE · validación técnica,liqu,running,6226,1365,0.06946842,0.08585484,0.01638642
SMOKE · validación técnica,antic,rocks,7399,1924,0.09894533,0.096170686,-0.002774641
SMOKE · validación técnica,kicked,muscles,3318,5727,-0.059986863,-0.07358108,-0.013594214
SMOKE · validación técnica,navy,pointy,5370,6758,0.060868617,0.052038528,-0.008830089
SMOKE · validación técnica,Din,sock,7888,4234,-0.015473194,-0.012652498,0.0028206967
SMOKE · validación técnica,arg,plane,3012,2179,-0.0050265323,0.0022375714,0.0072641037
SMOKE · validación técnica,aren,balance,6620,3065,0.00060963444,0.026265059,0.025655424
SMOKE · validación técnica,contain,missile,5224,4997,-0.038893584,-0.05447416,-0.015580576
SMOKE · validación técnica,carpet,villagers,3814,5533,0.06404331,0.035549708,-0.028493606
SMOKE · validación técnica,folded,grip,5385,8045,0.018983841,0.014258746,-0.004725095
SMOKE · validación técnica,ideas,otters,4918,7484,-0.018413192,-0.0073989807,0.011014211
SMOKE · validación técnica,driver,insist,2075,4185,0.04556677,0.03561031,-0.00995646
SMOKE · validación técnica,fed,reason,5242,7205,0.0020372765,0.002432268,0.0003949916
SMOKE · validación técnica,cloud,others,1646,1543,-0.078325406,-0.06524349,0.013081916
SMOKE · validación técnica,colours,wash,3959,2501,0.047052838,0.006567167,-0.040485673
SMOKE · validación técnica,grass,scissors,1216,2740,0.0013575163,0.007500384,0.0061428677
SMOKE · validación técnica,slippery,streets,4472,7157,0.0216872,0.071947254,0.050260052
SMOKE · validación técnica,upon,yoga,441,4733,0.04547163,0.02737093,-0.018100701
SMOKE · validación técnica,Ducky,apologized,3172,4250,-0.11907838,-0.12109725,-0.002018869
SMOKE · validación técnica,late,microphone,1922,3980,0.03471244,0.13872184,0.1040094
SMOKE · validación técnica,My,fireman,3250,4133,-0.0469546,-0.030533742,0.016420856
SMOKE · validación técnica,boys,cabinet,2893,4859,-0.1098239,-0.12738413,-0.017560229
SMOKE · validación técnica,det,experienced,6767,7815,0.0021739155,-0.03283321,-0.035007127
SMOKE · validación técnica,dec,rolling,587,3910,-0.09601497,-0.085549966,0.010465004
SMOKE · validación técnica,aisle,changes,7874,8095,-0.0321489,-0.011309333,0.020839568
SMOKE · validación técnica,exam,seagulls,2680,7914,-0.081682056,-0.061267436,0.02041462
SMOKE · validación técnica,map,moved,2829,1902,-0.17449133,-0.16629124,0.008200094
SMOKE · validación técnica,honey,ser,2192,2337,-0.03317894,-0.02793011,0.0052488297
SMOKE · validación técnica,anger,reg,7627,2673,0.07124514,0.082165815,0.010920674
SMOKE · validación técnica,calls,tells,4877,2553,-0.051378965,-0.041421015,0.009957951
SMOKE · validación técnica,Mandy,face,3631,1144,0.100833565,0.121815905,0.02098234
SMOKE · validación técnica,edge,talent,3132,5453,-0.009008186,-0.030214638,-0.021206452
SMOKE · validación técnica,kayak,nuts,4278,3749,0.032347426,0.07448757,0.04214014
SMOKE · validación técnica,introduc,seconds,5637,6876,-0.0905025,-0.06449269,0.026009813
SMOKE · validación técnica,helpers,stitches,6843,7408,-0.025000893,-0.03482507,-0.009824179
SMOKE · validación técnica,Quack,understands,6913,7568,0.042639956,0.034090023,-0.008549932
SMOKE · validación técnica,bikes,instruct,4178,5650,-0.10656259,-0.102253914,0.004308678
SMOKE · validación técnica,Grandma,staring,1998,6064,0.009951396,0.005789075,-0.004162321
SMOKE · validación técnica,charge,fork,7341,3417,0.045855712,0.06371257,0.017856855
SMOKE · validación técnica,control,ow,5891,3433,0.002894435,0.004550472,0.0016560368
SMOKE · validación técnica,Although,Mom,7371,648,0.050044335,0.04633075,-0.0037135854
SMOKE · validación técnica,flame,leave,4403,1639,-0.095491305,-0.08248082,0.013010487
SMOKE · validación técnica,puppet,welc,7671,1744,0.024127595,0.016356464,-0.0077711307
SMOKE · validación técnica,Mo,ribb,6563,4157,0.022936594,0.019850347,-0.0030862466
SMOKE · validación técnica,Mia,underground,861,5627,0.036989063,0.02208798,-0.014901083
SMOKE · validación técnica,advice,pearl,3531,5723,0.033606376,0.054015025,0.020408649
SMOKE · validación técnica,Mon,cones,6465,5802,0.0276156,0.02761562,2.0489097e-08
SMOKE · validación técnica,declared,great,8077,1055,0.03817164,0.112946495,0.074774854
SMOKE · validación técnica,Rosie,health,4522,6607,0.07424271,0.07825534,0.0040126294
SMOKE · validación técnica,broom,traffic,6075,5701,0.01102531,0.00992655,-0.0010987595
SMOKE · validación técnica,acc,lazy,1782,2764,0.021247096,0.04390037,0.022653274
SMOKE · validación técnica,know,lab,694,3330,0.036656573,-0.039142832,-0.075799406
SMOKE · validación técnica,crunchy,otter,5241,3557,0.043764237,0.026577216,-0.017187022
SMOKE · validación técnica,bro,honking,1076,7771,-0.014029248,-0.0069935787,0.007035669
SMOKE · validación técnica,Bobby,pic,3114,948,0.012097947,-0.013580706,-0.025678653
SMOKE · validación técnica,flags,vanish,6323,6233,-0.00034768134,0.010879304,0.011226986
SMOKE · validación técnica,balloons,fit,3030,2029,-0.18890753,-0.18130083,0.0076067
SMOKE · validación técnica,ash,ed,2387,2925,-0.04659732,-0.04574826,0.0008490607
SMOKE · validación técnica,apples,bun,2216,5536,-0.033217903,-0.051462527,-0.018244624
SMOKE · validación técnica,ech,thermometer,6735,4780,0.0612651,0.096634045,0.035368945
SMOKE · validación técnica,Daddy,su,1798,1978,-0.054093666,-0.09459248,-0.040498815
SMOKE · validación técnica,cap,wags,2846,4765,0.066481866,0.06905941,0.0025775433
SMOKE · validación técnica,slowly,trop,1677,3950,0.019861957,0.047467828,0.02760587
SMOKE · validación técnica,incre,jewel,4699,3040,0.097129814,0.09421691,-0.0029129013
SMOKE · validación técnica,fascin,loyal,5200,2947,-0.0060533844,0.012422901,0.018476285
SMOKE · validación técnica,bloomed,triang,5718,4043,0.053556424,0.040074818,-0.013481606
SMOKE · validación técnica,poking,poppy,5963,5399,-0.03878124,-0.04901042,-0.010229178
SMOKE · validación técnica,swollen,vroom,8038,4850,-0.012190383,-0.019884847,-0.007694464
SMOKE · validación técnica,always,towels,650,6159,0.04541559,0.06119067,0.015775077
SMOKE · validación técnica,doctors,their,5728,460,-0.047180668,-0.03357403,0.013606638
SMOKE · validación técnica,hot,sits,1450,5195,-0.010776272,-0.00336962,0.007406652
SMOKE · validación técnica,Matt,company,6051,5316,0.035448775,0.046961278,0.011512503
SMOKE · validación técnica,V,wake,5068,3230,0.041034684,0.031039516,-0.009995168
SMOKE · validación técnica,characters,elevator,7996,3925,-0.048633248,-0.04934755,-0.00071430206
SMOKE · validación técnica,confident,repe,5860,4003,-0.07858977,-0.09792767,-0.0193379
SMOKE · validación técnica,few,peeking,1534,6162,-0.059725024,-0.024567373,0.03515765
SMOKE · validación técnica,Cindy,spider,6102,2315,-0.080426015,-0.07000192,0.010424092
SMOKE · validación técnica,Put,pile,6447,2230,-0.008456696,-0.035841383,-0.027384687
SMOKE · validación técnica,neatly,pl,6952,352,0.07674372,0.06611346,-0.010630265
SMOKE · validación técnica,empty,pizz,2430,2540,-0.0067051062,0.006605642,0.013310748
SMOKE · validación técnica,class,leaves,2645,1499,0.034346696,0.083022445,0.04867575
SMOKE · validación técnica,fills,screen,7634,3453,0.031201925,0.010759519,-0.020442406
SMOKE · validación técnica,lets,pots,5544,6308,0.010516525,0.0016724551,-0.00884407
SMOKE · validación técnica,flavor,square,6495,3620,-0.003990746,0.00542501,0.009415756
SMOKE · validación técnica,easier,movements,5248,8164,0.045621842,0.03565523,-0.009966612
SMOKE · validación técnica,pins,waits,7517,5493,-0.017038058,-0.009694908,0.0073431507
SMOKE · validación técnica,Din,ashtray,7888,5109,-0.02233971,-0.03357759,-0.011237882
SMOKE · validación técnica,flower,k,1310,398,-0.034369983,-0.036646925,-0.0022769421
SMOKE · validación técnica,attacked,tires,8177,7605,-0.0009007063,0.010918711,0.011819418
SMOKE · validación técnica,belong,coup,1939,6724,0.05453981,0.06589814,0.011358332
SMOKE · validación técnica,Pr,prep,7504,3393,0.011901932,0.011901962,2.9802322e-08
SMOKE · validación técnica,cub,curly,5105,6078,0.10725874,0.10085623,-0.0064025074
SMOKE · validación técnica,angels,grate,7905,1699,0.077070266,0.073509425,-0.003560841
SMOKE · validación técnica,sliding,untie,5266,7596,0.09435083,0.10734009,0.01298926
SMOKE · validación técnica,clean,laughing,952,2079,-0.0018721055,0.03238657,0.03425868
SMOKE · validación técnica,knee,mysterious,2425,2566,0.092398636,0.0873204,-0.005078234
SMOKE · validación técnica,his,wigg,350,4639,0.024684193,0.060707036,0.036022842
SMOKE · validación técnica,Both,dan,6352,941,0.11353343,0.102336735,-0.011196695
SMOKE · validación técnica,knight,raindrops,2685,6402,-0.0052216593,0.024749959,0.029971618
SMOKE · validación técnica,cere,relaxing,3279,8105,-0.11553024,-0.124968134,-0.009437896
SMOKE · validación técnica,questioned,scary,8108,1516,0.036937032,0.02450145,-0.012435582
SMOKE · validación técnica,Finn,Someone,7447,5470,0.16506383,0.16176745,-0.0032963753
SMOKE · validación técnica,bowls,opinion,6543,6238,0.14522603,0.13159336,-0.01363267
SMOKE · validación técnica,Y,s,6415,260,0.19817148,0.17396799,-0.024203494
SMOKE · validación técnica,Our,mentioned,7158,5720,0.028649125,0.030829776,0.0021806508
SMOKE · validación técnica,character,thr,7147,1008,-0.021433588,-0.023082165,-0.0016485769
SMOKE · validación técnica,reply,snowman,6412,2241,-0.12680797,-0.10428407,0.022523902
SMOKE · validación técnica,expl,final,753,7230,0.05612453,0.030161113,-0.025963418
SMOKE · validación técnica,grown,teasp,3045,5136,-0.012110293,-0.011327999,0.0007822942
SMOKE · validación técnica,climbing,thirsty,4138,3370,0.060285263,0.061832048,0.0015467852
SMOKE · validación técnica,chase,shark,3069,3052,-0.09174234,-0.08580286,0.005939476
SMOKE · validación técnica,relax,swim,2714,1322,0.002194603,-0.016932849,-0.01912745
SMOKE · validación técnica,ingredients,trying,3530,1533,-0.067982405,0.02472929,0.092711695
SMOKE · validación técnica,Even,days,2542,2066,-0.028704103,-0.055921998,-0.027217895
SMOKE · validación técnica,Paula,covers,8127,6334,0.06998303,0.07463935,0.0046563223
SMOKE · validación técnica,apart,engine,4652,3767,-0.048127115,-0.046405956,0.0017211586
SMOKE · validación técnica,hosp,sy,2620,7223,-0.03184969,-0.031849675,1.4901161e-08
SMOKE · validación técnica,calm,shopkeeper,2369,4081,-0.077724606,-0.06110709,0.016617514
SMOKE · validación técnica,girls,respected,5132,7135,0.03316892,0.04057441,0.0074054897
SMOKE · validación técnica,camping,lon,6033,1874,-0.016881973,-0.030426402,-0.013544429
SMOKE · validación técnica,Pet,gir,7556,3770,-0.0461653,-0.043998063,0.002167236
SMOKE · validación técnica,stopped,wip,1032,2472,0.02427401,0.0193418,-0.00493221
SMOKE · validación técnica,ranch,shining,5177,2166,-0.05623544,-0.050285455,0.0059499852
SMOKE · validación técnica,lawn,pockets,4518,5906,-0.03600602,-0.009323146,0.026682872
SMOKE · validación técnica,Cindy,buzzing,6102,5074,0.058242142,0.065607324,0.007365182
SMOKE · validación técnica,peeked,theirs,3422,6144,0.088200495,0.091490604,0.0032901093
SMOKE · validación técnica,flas,stands,6899,7367,-0.1734989,-0.1819408,-0.008441895
SMOKE · validación técnica,loc,mailbox,8093,3472,-0.058875863,-0.05598587,0.0028899908
SMOKE · validación técnica,instruments,pleasure,7836,6508,0.040992312,0.03408183,-0.0069104806
SMOKE · validación técnica,hut,wisdom,4394,5415,0.0027222903,0.02617973,0.023457441
SMOKE · validación técnica,marriage,thoughtful,5853,3162,-0.024259007,-0.033004686,-0.00874568
SMOKE · validación técnica,Fr,purred,3662,5846,0.042303607,0.03807453,-0.004229076
SMOKE · validación técnica,fake,gold,2844,2570,-0.0053717247,0.046014525,0.05138625
SMOKE · validación técnica,bathtub,tap,3691,3796,0.013417348,0.011149887,-0.0022674613
SMOKE · validación técnica,swimmer,watches,7925,5228,-0.06549213,-0.07070203,-0.0052099004
SMOKE · validación técnica,Buzz,sank,5125,7146,-0.015849188,-0.015084483,0.00076470524
SMOKE · validación técnica,cudd,wolf,3255,2609,-0.011128083,-0.037572745,-0.026444662
SMOKE · validación técnica,filled,mountain,1461,2313,0.019629788,-0.008356422,-0.02798621
SMOKE · validación técnica,faces,relax,2342,2714,-0.058938082,-0.06326216,-0.004324075
SMOKE · validación técnica,ostri,resc,3853,3340,-0.040136483,-0.052297022,-0.01216054
SMOKE · validación técnica,Watch,sorts,6770,3548,-0.11603546,-0.13301402,-0.016978562
SMOKE · validación técnica,enormous,though,3204,1958,0.04450079,0.014951274,-0.029549517
SMOKE · validación técnica,notebook,sorts,4071,3548,0.051903583,0.056744263,0.0048406795
SMOKE · validación técnica,Chloe,Toby,5889,3664,-0.023586143,0.0073565403,0.030942682
SMOKE · validación técnica,hug,stumble,584,7719,0.041695245,0.018263238,-0.023432007
SMOKE · validación técnica,healing,source,7134,6808,-0.0260638,-0.05798196,-0.03191816
SMOKE · validación técnica,she,steps,335,3984,-0.045809917,-0.062523186,-0.016713269
SMOKE · validación técnica,enthusi,kid,7039,1209,-0.071624175,-0.082227096,-0.010602921
SMOKE · validación técnica,activities,examine,6128,5036,0.011156514,0.009566503,-0.0015900116
SMOKE · validación técnica,cop,creamy,3286,6570,0.032831326,0.03461976,0.0017884336
SMOKE · validación técnica,mint,uncomfort,4788,3496,0.08986163,0.10169329,0.011831656
SMOKE · validación técnica,puzz,theater,2255,4205,-0.030256674,-0.03299679,-0.002740115
SMOKE · validación técnica,St,adventure,2358,1011,-0.0018593129,-0.07300086,-0.07114155
SMOKE · validación técnica,impossible,pizzas,6467,8132,0.041360293,0.064346276,0.022985984
SMOKE · validación técnica,swings,visitor,1880,7768,0.022157388,0.0058181128,-0.016339276
SMOKE · validación técnica,spilled,vendor,3519,4391,0.047484096,0.0047251955,-0.0427589
SMOKE · validación técnica,mud,tossed,2270,7359,-0.0369388,-0.01090491,0.026033891
SMOKE · validación técnica,consid,movies,8114,5900,-0.08856478,-0.080030374,0.008534409
SMOKE · validación técnica,patterns,stored,5219,7856,0.027602255,0.036258243,0.008655988
SMOKE · validación técnica,cheer,cowboy,2212,7702,-0.09807423,-0.090830445,0.0072437823
SMOKE · validación técnica,rat,wheels,3161,3686,-0.09322664,-0.10184656,-0.008619919
SMOKE · validación técnica,drives,roar,6096,2871,-0.0071274936,0.013371803,0.020499296
SMOKE · validación técnica,cotton,sm,7944,407,-0.08558382,-0.09171441,-0.006130591
SMOKE · validación técnica,lively,stro,3903,4658,0.022834934,0.033161104,0.010326169
SMOKE · validación técnica,gotten,humble,5463,3594,0.012889978,-0.010628171,-0.023518149
SMOKE · validación técnica,But,bes,553,5294,-0.09305587,-0.077893466,0.015162401
SMOKE · validación técnica,Froggy,makeup,7744,4754,0.02013047,0.037584793,0.017454322
SMOKE · validación técnica,poor,ramp,2652,8047,0.030606896,0.010326043,-0.020280853
SMOKE · validación técnica,picks,whistling,2898,5128,0.0044974573,0.0015146267,-0.0029828306
SMOKE · validación técnica,growl,neatly,6272,6952,0.039483353,0.050621387,0.011138033
SMOKE · validación técnica,banana,robots,2924,7903,0.036819723,0.047198527,0.010378804
SMOKE · validación técnica,crossing,observe,7237,5239,0.038652487,0.07049916,0.031846672
SMOKE · validación técnica,coat,rel,2091,1427,-0.023391426,-0.044443116,-0.02105169
SMOKE · validación técnica,seagulls,sofa,7914,3780,-0.14085919,-0.10650334,0.03435585
SMOKE · validación técnica,flavor,tickets,6495,5682,-0.059682056,-0.059599638,8.241832e-05
SMOKE · validación técnica,gum,yard,3644,1858,0.10268864,0.12428482,0.021596178
SMOKE · validación técnica,Pam,felt,6740,508,-0.0022176225,0.013573192,0.015790815
SMOKE · validación técnica,shined,singing,6122,1891,-0.02377617,-0.029557701,-0.0057815313
SMOKE · validación técnica,both,started,902,552,0.034485385,0.0599836,0.025498215
SMOKE · validación técnica,Ann,will,2612,679,-0.036661934,-0.023941897,0.012720037
SMOKE · validación técnica,pri,weekend,2527,6625,-0.0004073549,0.004081947,0.0044893017
SMOKE · validación técnica,slammed,strength,7328,4494,0.07575846,0.08125682,0.0054983646
SMOKE · validación técnica,looked,tim,516,6092,0.05724618,0.06332269,0.0060765147
SMOKE · validación técnica,G,ma,1046,1010,-0.011823803,0.018287785,0.030111589
SMOKE · validación técnica,microphone,wrist,3980,6367,0.0010845196,0.06951992,0.0684354
SMOKE · validación técnica,cozy,several,2105,7549,-0.053165674,-0.041257042,0.011908632
SMOKE · validación técnica,network,nods,6124,2686,-0.11369774,-0.0430429,0.07065484
SMOKE · validación técnica,bath,terrible,1813,3441,0.041689325,0.05931001,0.017620686
SMOKE · validación técnica,Go,hill,2366,1437,-0.041086525,-0.03769858,0.003387943
SMOKE · validación técnica,My,restless,3250,3760,-0.077136405,-0.07085425,0.006282158
SMOKE · validación técnica,Keep,cute,6614,2081,-0.0044553727,-0.006702224,-0.002246851
SMOKE · validación técnica,Lena,reunited,7657,7468,-0.099717855,-0.100151464,-0.0004336089
SMOKE · validación técnica,Finally,off,2014,781,0.056110743,0.06465408,0.008543339
SMOKE · validación técnica,added,el,2990,1474,0.046370655,0.04736432,0.0009936653
SMOKE · validación técnica,Bu,neighbors,3226,5610,0.04004305,0.036626674,-0.0034163743
SMOKE · validación técnica,Stella,importance,7159,6087,-0.036077045,-0.019409362,0.016667683
SMOKE · validación técnica,both,whose,902,7475,0.084448695,0.120243,0.035794303
SMOKE · validación técnica,barked,wagged,2429,2759,0.034891967,-0.06609277,-0.10098474
SMOKE · validación técnica,beetle,comfy,3361,5164,-0.08278714,-0.072280735,0.010506406
SMOKE · validación técnica,easy,ripe,2632,6351,0.057930797,0.033322483,-0.024608314
SMOKE · validación técnica,fan,ord,2082,2885,-0.030183122,-0.030012865,0.00017025694
SMOKE · validación técnica,Until,earthquake,7037,5395,0.021492044,0.013183074,-0.008308969
SMOKE · validación técnica,annoy,liquid,6784,6239,0.0025676545,0.0039570797,0.0013894252
SMOKE · validación técnica,ok,wine,2811,4871,-0.008872207,0.018459681,0.027331889
SMOKE · validación técnica,Angel,trusted,7673,4763,-0.049290515,-0.04630082,0.0029896945
SMOKE · validación técnica,Can,emerged,1347,7813,0.113394395,0.12313256,0.009738162
SMOKE · validación técnica,lose,unknown,2863,3367,0.041910537,0.020937776,-0.02097276
SMOKE · validación técnica,gap,sack,7588,2264,0.15543243,0.17112751,0.01569508
SMOKE · validación técnica,clearing,fav,5282,1181,0.013291815,0.010498535,-0.0027932804
SMOKE · validación técnica,loving,video,5645,4761,-0.012635428,-0.016198069,-0.0035626404
SMOKE · validación técnica,Un,ignoring,4460,7072,-0.021890473,-0.015159605,0.0067308675
SMOKE · validación técnica,in,summer,317,4082,0.040812656,0.034605216,-0.00620744
SMOKE · validación técnica,com,tip,778,5586,0.1405285,0.07430829,-0.06622021
SMOKE · validación técnica,spins,target,7127,7784,-0.069630235,-0.07673547,-0.0071052313
SMOKE · validación técnica,gained,snowball,5569,5870,-0.001522895,0.016710427,0.018233322
SMOKE · validación técnica,dried,yelped,4860,7785,-0.027869327,-0.062309988,-0.03444066
SMOKE · validación técnica,off,sick,781,2022,0.073875695,0.06332376,-0.010551937
SMOKE · validación técnica,Fuzzy,petted,7343,5425,-0.015708674,-0.016369548,-0.00066087395
SMOKE · validación técnica,grinned,veggies,5273,7676,-0.0010174364,0.05534786,0.056365296
SMOKE · validación técnica,dragon,torn,1747,3834,-0.046332717,-0.04790849,-0.0015757717
SMOKE · validación técnica,creature,mor,2059,1125,0.084672175,0.12111802,0.03644584
SMOKE · validación técnica,color,sil,993,2928,0.12395086,0.15259314,0.028642274
SMOKE · validación técnica,arr,awoke,6791,7540,0.03538888,0.03402341,-0.0013654679
SMOKE · validación técnica,hurried,neck,5366,1937,-0.0067383796,-0.0047380775,0.002000302
SMOKE · validación técnica,Watch,collapsed,6770,8076,0.024312675,0.01747643,-0.006836245
SMOKE · validación técnica,cann,scru,2422,6106,-0.07882731,-0.07151132,0.007315986
SMOKE · validación técnica,balance,manager,3065,7970,-0.09301917,-0.09727135,-0.0042521805
SMOKE · validación técnica,pray,qui,2784,7688,-0.063552745,-0.03489421,0.028658535
SMOKE · validación técnica,sor,tw,713,717,-0.015448796,-0.028931536,-0.01348274
SMOKE · validación técnica,golf,snowman,3913,2241,-0.030930609,-0.019136976,0.011793632
SMOKE · validación técnica,bal,battery,2572,4789,0.041458756,0.047396537,0.005937781
SMOKE · validación técnica,although,teac,7686,1800,-0.031237219,-0.030248309,0.00098891
SMOKE · validación técnica,introduc,su,5637,1978,0.06445253,0.055366572,-0.009085957
SMOKE · validación técnica,buzzing,petted,5074,5425,0.05713302,0.039293207,-0.017839812
SMOKE · validación técnica,future,terrible,5183,3441,-0.012381714,0.024609093,0.036990806
SMOKE · validación técnica,dances,never,7173,741,0.062772684,0.053590357,-0.0091823265
SMOKE · validación técnica,buy,gives,1410,2181,-0.060832433,-0.021599518,0.039232917
SMOKE · validación técnica,police,wears,2622,6684,0.011552211,-0.03410936,-0.045661572
SMOKE · validación técnica,danced,frame,2237,3979,-0.0042051785,-0.029206583,-0.025001405
SMOKE · validación técnica,pretti,rolls,5626,6186,-0.014560862,-0.0041517094,0.010409153
SMOKE · validación técnica,bookcase,relief,4703,6048,-0.08566938,-0.03894721,0.046722174
SMOKE · validación técnica,caught,images,1948,7770,-0.06267384,-0.047965836,0.014708001
SMOKE · validación técnica,buttons,uncle,3075,3582,0.09177217,0.1338381,0.042065933
SMOKE · validación técnica,Pr,strawber,7504,3080,0.007659762,0.007659749,-1.3038516e-08
SMOKE · validación técnica,Sandy,lotion,4100,4855,-0.005940566,-0.012123793,-0.0061832275
SMOKE · validación técnica,blinking,helmets,7722,6857,-0.1406664,-0.13166066,0.00900574
SMOKE · validación técnica,card,costum,2322,3273,0.0008444041,0.023112837,0.022268433
SMOKE · validación técnica,Michael,shoot,7565,2781,0.027420415,0.016658306,-0.0107621085
SMOKE · validación técnica,lion,saving,1431,4794,-0.011249607,-0.0021682214,0.009081386
SMOKE · validación técnica,gener,horses,2547,4587,0.026174348,0.02299931,-0.003175037
SMOKE · validación técnica,bringing,instrum,5406,6601,0.0239124,0.028224714,0.004312314
SMOKE · validación técnica,stuff,waiting,2736,2380,0.101549834,0.08039822,-0.021151617
SMOKE · validación técnica,hear,surround,1453,4527,-0.13097768,-0.13975939,-0.008781716
SMOKE · validación técnica,Pam,boot,6740,4687,0.061782807,0.06227594,0.0004931316
SMOKE · validación técnica,helicopter,leap,4288,6227,-0.06585366,-0.074475765,-0.008622102
SMOKE · validación técnica,Under,waters,7400,8097,-0.07294184,-0.068292305,0.004649535
SMOKE · validación técnica,bel,smil,1160,461,-0.087613575,-0.08761357,7.450581e-09
SMOKE · validación técnica,Jessica,problem,6452,2157,0.011388025,0.019491768,0.008103742
SMOKE · validación técnica,husband,stranger,6914,3460,-0.0950569,-0.060474236,0.034582663
SMOKE · validación técnica,prom,radio,1315,4015,0.065199345,0.07324791,0.008048564
SMOKE · validación técnica,diffic,matches,2996,4891,-0.008770302,0.010755878,0.01952618
SMOKE · validación técnica,Jojo,treated,7630,7923,-0.0010359343,-0.0013419669,-0.0003060326
SMOKE · validación técnica,beautiful,staff,870,4454,-0.01244659,-0.01860863,-0.00616204
SMOKE · validación técnica,book,pretend,932,1321,0.011174168,0.015803784,0.0046296157
SMOKE · validación técnica,gotten,me,5463,529,-0.096793175,-0.08088577,0.015907407
SMOKE · validación técnica,recommend,voice,4711,1151,-0.061738748,-0.09881995,-0.0370812
SMOKE · validación técnica,Tilly,stripes,6120,5620,-0.008023143,0.003406465,0.011429608
SMOKE · validación técnica,bike,bringing,1754,5406,0.008401253,-0.00032407977,-0.008725333
SMOKE · validación técnica,add,l,2803,275,0.055385213,0.05488734,-0.0004978739
SMOKE · validación técnica,mar,split,1540,3727,-0.0706102,-0.074016914,-0.003406711
SMOKE · validación técnica,ju,lonely,1535,1887,0.053625505,0.022347514,-0.03127799
SMOKE · validación técnica,cast,grinned,1451,5273,-0.09652577,-0.07076006,0.025765717
SMOKE · validación técnica,cupcakes,goodbye,6596,1136,0.0549277,0.060756132,0.0058284327
SMOKE · validación técnica,camping,warn,6033,5311,-0.069218844,-0.0792549,-0.010036059
SMOKE · validación técnica,aer,weather,4339,4267,-0.07650277,-0.06476371,0.01173906
SMOKE · validación técnica,barely,today,5656,1851,0.03185693,0.035703763,0.0038468316
SMOKE · validación técnica,chocolates,wear,7664,1711,0.012714028,0.011992019,-0.0007220097
SMOKE · validación técnica,twenty,vet,8017,4383,0.011878008,-0.017763913,-0.02964192
SMOKE · validación técnica,buzzed,sweetheart,7040,4194,0.00077927066,0.015077803,0.014298532
SMOKE · validación técnica,darlings,saving,8144,4794,-0.09117132,-0.07026434,0.020906977
SMOKE · validación técnica,creature,prom,2059,1315,0.08349453,0.10344273,0.0199482
SMOKE · validación técnica,Jay,what,6498,543,-0.073594615,-0.044288505,0.02930611
SMOKE · validación técnica,peach,sib,4097,6590,-0.05818132,-0.052046545,0.0061347745
SMOKE · validación técnica,batter,hard,3295,881,0.017529417,-0.042194746,-0.059724163
SMOKE · validación técnica,ostri,tramp,3853,6867,0.011441357,0.011441324,-3.3527613e-08
SMOKE · validación técnica,bars,wisdom,6426,5415,-0.04647883,-0.04439389,0.0020849407
SMOKE · validación técnica,mor,mustache,1125,4644,-0.025188215,-0.012326155,0.01286206
SMOKE · validación técnica,siblings,wins,6779,6933,0.04050048,0.04733699,0.0068365075
SMOKE · validación técnica,exact,sent,5543,3998,0.015745923,0.015977819,0.0002318956
SMOKE · validación técnica,sparkles,wardrobe,5092,4597,0.057191446,0.07065338,0.013461933
SMOKE · validación técnica,breathing,escape,7668,3150,-0.035237245,-0.03755887,-0.0023216233
SMOKE · validación técnica,freez,wanting,4349,5358,0.088315755,0.097018495,0.00870274
SMOKE · validación técnica,hats,yourselves,3176,6565,0.001733996,0.010555945,0.008821949
SMOKE · validación técnica,exerc,onion,4295,4033,0.023606092,0.024962995,0.0013569035
SMOKE · validación técnica,hugging,weekend,6005,6625,0.0077092815,0.027487822,0.01977854
SMOKE · validación técnica,hopping,revealed,2732,5374,0.043324217,0.02771185,-0.015612368
SMOKE · validación técnica,admired,blank,3284,1682,0.061725505,0.04092132,-0.020804185
SMOKE · validación técnica,alright,great,5030,1055,-0.07044347,-0.08174956,-0.011306092
SMOKE · validación técnica,rout,whispers,7050,7445,-0.1178751,-0.117875054,4.4703484e-08
SMOKE · validación técnica,jars,spikes,7957,7251,-0.011901206,0.01607987,0.027981076
SMOKE · validación técnica,These,whispered,5745,3416,0.04976151,0.031518545,-0.018242966
SMOKE · validación técnica,skunk,worth,6923,4512,-0.0121063255,-0.022634277,-0.010527952
SMOKE · validación técnica,mixer,puddles,4080,4526,-0.052977767,-0.03836642,0.0146113485
SMOKE · validación técnica,dusty,loudly,6040,3020,-0.05209215,-0.019026639,0.033065513
SMOKE · validación técnica,happening,resisted,2910,6941,-0.05724704,-0.056025945,0.0012210943
SMOKE · validación técnica,aisle,their,7874,460,-0.047421202,-0.069566116,-0.022144914
SMOKE · validación técnica,It,jazz,409,4967,0.07999358,0.051031478,-0.028962106
SMOKE · validación técnica,beauti,steal,868,3376,0.07296431,0.081060626,0.008096315
SMOKE · validación técnica,crew,materi,6966,5709,-0.010631604,-0.018063836,-0.0074322317
SMOKE · validación técnica,telephone,vegetable,4791,2461,0.04511597,0.050783962,0.005667992
SMOKE · validación técnica,event,nearly,5409,7233,0.054201324,0.06944281,0.015241485
SMOKE · validación técnica,cann,destroy,2422,3750,0.11478395,0.12835726,0.013573311
SMOKE · validación técnica,great,stuffed,1055,4170,-0.006142581,0.060045257,0.066187836
SMOKE · validación técnica,bunnies,crayons,5589,2222,0.022754751,0.024069026,0.001314275
SMOKE · validación técnica,curt,sniff,3922,3415,-0.04333233,-0.0637244,-0.020392068
SMOKE · validación técnica,balloon,gold,1587,2570,0.0042025633,0.010937545,0.006734982
SMOKE · validación técnica,loop,rumble,4168,6341,0.06971547,0.071559444,0.001843974
SMOKE · validación técnica,circle,rin,3156,7791,0.06432775,0.084801756,0.02047401
SMOKE · validación técnica,inspired,tunn,7870,3043,0.06166894,0.0576772,-0.0039917417
SMOKE · validación técnica,lun,talks,6553,7132,0.01244254,0.014087424,0.0016448833
SMOKE · validación técnica,growled,wild,4882,2276,-0.015560737,0.021339208,0.036899947
SMOKE · validación técnica,Those,stomach,7130,5093,0.03727878,0.032422632,-0.004856147
SMOKE · validación técnica,holds,ta,3671,691,0.016015857,0.055339556,0.0393237
SMOKE · validación técnica,fever,weight,6499,5398,-0.08177952,-0.06758076,0.014198758
SMOKE · validación técnica,scrambled,spoke,7705,3674,-0.004226174,-0.00058555976,0.0036406144
SMOKE · validación técnica,blouse,lovely,5053,2184,-0.10896402,-0.112653784,-0.003689766
SMOKE · validación técnica,knew,toug,697,2969,0.036126796,0.036801893,0.0006750971
SMOKE · validación técnica,clearly,what,8107,543,-0.099539965,-0.05110515,0.048434816
SMOKE · validación técnica,tid,worse,2334,5244,-0.0101608485,-0.0094485395,0.00071230903
SMOKE · validación técnica,pause,sunshine,6348,2046,0.054533836,0.039941017,-0.014592819
SMOKE · validación técnica,beautiful,happ,870,374,-0.056822702,-0.014133554,0.04268915
SMOKE · validación técnica,bubble,group,4164,2550,-0.013729826,0.042749867,0.056479692
SMOKE · validación técnica,swe,whole,3210,2199,0.043800782,0.05048032,0.0066795386
SMOKE · validación técnica,fier,silence,3171,5834,0.021239433,0.017065894,-0.0041735396
SMOKE · validación técnica,determination,vis,6422,1514,-0.023303155,-0.0136873275,0.009615827
SMOKE · validación técnica,block,worked,1233,1337,-0.029099591,-0.035853542,-0.0067539513
SMOKE · validación técnica,Ro,available,4287,3934,-0.024199244,0.00017865002,0.024377894
SMOKE · validación técnica,adorable,long,3967,789,0.033731412,0.09665079,0.06291938
SMOKE · validación técnica,pig,speed,1975,3640,0.029147891,0.04740444,0.018256547
SMOKE · validación técnica,fisherman,within,4348,7921,0.035181135,0.018413123,-0.016768012
SMOKE · validación técnica,forgive,passed,2381,2648,0.056629922,0.044600323,-0.012029599
SMOKE · validación técnica,Zara,collection,7830,5163,-0.14745489,-0.15331925,-0.005864367
SMOKE · validación técnica,chir,knew,5186,697,-0.08915602,-0.059101593,0.030054424
SMOKE · validación técnica,forgot,onward,1449,7249,-0.09458049,-0.119443715,-0.024863228
SMOKE · validación técnica,fills,judge,7634,4303,-0.01723507,-0.02207366,-0.0048385896
SMOKE · validación técnica,thoughtful,wrote,3162,2842,-0.07451781,-0.08945567,-0.014937863
SMOKE · validación técnica,To,o,1598,285,0.08363111,0.03346911,-0.050162002
SMOKE · validación técnica,basketball,pull,4345,1200,0.05001525,0.04741863,-0.0025966167
SMOKE · validación técnica,earthquake,spray,5395,2384,0.02709979,0.0386549,0.011555111
SMOKE · validación técnica,imag,puppies,2122,6954,0.015242368,0.013365958,-0.0018764101
SMOKE · validación técnica,shivered,steam,5826,4591,-0.09582709,-0.09672662,-0.00089953095
SMOKE · validación técnica,Birthday,power,7196,2083,-0.03294685,-0.025085198,0.007861653
SMOKE · validación técnica,brand,lift,5400,2089,-0.025537092,-0.03444503,-0.0089079365
SMOKE · validación técnica,bow,stored,1393,7856,-0.045387752,-0.042320788,0.0030669644
SMOKE · validación técnica,jewels,laund,5063,4242,0.09765835,0.073694505,-0.023963846
SMOKE · validación técnica,not,thermometer,395,4780,0.1193273,0.060923904,-0.058403395
SMOKE · validación técnica,sometimes,tumbled,1561,7817,-0.005405467,0.0024140514,0.007819518
SMOKE · validación técnica,di,jackets,2261,6783,0.006106374,0.020548115,0.014441741
SMOKE · validación técnica,mole,sisters,3304,5913,-0.04905152,-0.07631217,-0.02726065
SMOKE · validación técnica,airplane,foods,4966,5688,-0.050099194,-0.04770791,0.0023912825
SMOKE · validación técnica,pumpkins,superheroes,6909,7243,0.019292874,0.02625789,0.006965015
SMOKE · validación técnica,high,twenty,1146,8017,0.070770964,0.06546059,-0.0053103715
SMOKE · validación técnica,burned,carried,4548,2539,-0.054772016,-0.025041431,0.029730584
SMOKE · validación técnica,lines,pil,5607,3151,-0.035103884,-0.009861797,0.025242086
SMOKE · validación técnica,Chirpy,Jenny,5508,2405,-0.01823513,-0.0065299133,0.011705217
SMOKE · validación técnica,knowing,penguins,2519,6108,-0.033936407,-0.041747898,-0.0078114904
SMOKE · validación técnica,seagull,toddler,6113,6879,-0.0035590846,0.0025075115,0.006066596
SMOKE · validación técnica,Sam,fi,686,858,-0.05714884,-0.0367272,0.02042164
SMOKE · validación técnica,dresser,pole,7192,4333,-0.0009753546,0.038745865,0.03972122
SMOKE · validación técnica,off,pours,781,7383,-0.0075278003,-0.012651119,-0.005123319
SMOKE · validación técnica,Just,jobs,2441,8061,-0.14490512,-0.1530796,-0.008174479
SMOKE · validación técnica,thick,wh,2847,394,0.01657976,0.028931297,0.012351537
SMOKE · validación técnica,her,pige,309,3515,-0.029966354,0.007343713,0.037310068
SMOKE · validación técnica,fire,norm,1236,3035,0.066215746,0.09015906,0.023943312
SMOKE · validación técnica,manag,mood,7206,7680,-0.05112546,-0.05278993,-0.0016644709
SMOKE · validación técnica,driver,squ,2075,1116,-0.037442416,-0.017957803,0.019484613
SMOKE · validación técnica,Gra,microsc,1617,4367,0.0016072402,0.0003789682,-0.001228272
SMOKE · validación técnica,diamond,lady,3248,1272,0.03724377,0.04778856,0.010544792
SMOKE · validación técnica,allig,crossing,4199,7237,0.019024696,0.030217612,0.011192916
SMOKE · validación técnica,kings,star,8092,1991,0.05736099,0.075896956,0.018535964
SMOKE · validación técnica,model,setting,5049,5026,-0.021951921,0.002988644,0.024940565
SMOKE · validación técnica,finds,letters,4176,3719,-0.07550511,-0.0835074,-0.008002289
SMOKE · validación técnica,biting,highest,7661,6014,-0.071377456,-0.07891336,-0.0075359046
SMOKE · validación técnica,honest,rout,2516,7050,-0.012449132,-0.016142478,-0.003693346
SMOKE · validación técnica,fishing,future,4350,5183,0.036433686,0.074270874,0.03783719
SMOKE · validación técnica,followed,growls,1436,7071,-0.0095654,0.00010290695,0.009668307
SMOKE · validación técnica,cor,sailing,6788,4407,0.122012585,0.12355633,0.0015437454
SMOKE · validación técnica,bec,roll,628,1569,0.11019735,0.102777496,-0.0074198544
SMOKE · validación técnica,M,sil,405,2928,0.0022587776,0.0033725528,0.0011137752
SMOKE · validación técnica,rotten,these,7390,2656,0.07548736,0.0754149,-7.2456896e-05
SMOKE · validación técnica,ha,oatmeal,297,7448,0.0684175,0.087907754,0.019490257
SMOKE · validación técnica,peppers,smell,6823,1358,0.094829634,0.10826392,0.013434283
SMOKE · validación técnica,Zoey,glowed,6925,5112,-0.069741964,-0.053934194,0.01580777
SMOKE · validación técnica,scale,them,3572,450,0.024221309,0.035798077,0.011576768
SMOKE · validación técnica,pist,warned,4906,3461,0.08406985,0.067614585,-0.016455263
SMOKE · validación técnica,contin,ruin,1440,5783,-0.0011352664,-0.0043228846,-0.0031876182
SMOKE · validación técnica,door,operation,968,5348,-0.005464766,-0.029147528,-0.023682762
SMOKE · validación técnica,Gr,floated,6203,5004,-0.08823296,-0.092979506,-0.004746549
SMOKE · validación técnica,scooped,yog,4898,3214,0.029396554,0.03797071,0.008574156
SMOKE · validación técnica,rescue,slap,4142,6145,0.0024257954,0.07961542,0.077189624
SMOKE · validación técnica,Ginger,O,8056,2070,0.059489958,0.06691149,0.007421531
SMOKE · validación técnica,opens,wish,3678,1962,0.17008348,0.19773278,0.027649298
SMOKE · validación técnica,sailboat,shivered,6493,5826,0.07720247,0.07003681,-0.0071656555
SMOKE · validación técnica,gear,rocks,4978,1924,-0.037553623,-0.010819381,0.026734242
SMOKE · validación técnica,silly,snowmen,1645,6851,-0.008937429,-0.0007886896,0.008148739
SMOKE · validación técnica,Sunday,slither,5404,7595,-0.0059764497,0.0012119357,0.0071883854
SMOKE · validación técnica,explore,plate,957,2475,-0.050690442,-0.023959901,0.026730541
SMOKE · validación técnica,reapp,trucks,7653,3097,0.03672712,0.032009386,-0.0047177337
SMOKE · validación técnica,Spot,showing,1162,3265,0.05645084,0.059942238,0.003491398
SMOKE · validación técnica,Bunny,Mat,4223,5323,0.11584936,0.107040785,-0.008808576
SMOKE · validación técnica,creative,novels,2459,8072,-0.054228056,-0.052934077,0.0012939796
SMOKE · validación técnica,creative,magical,2459,1692,-0.13497616,-0.115194656,0.019781508
SMOKE · validación técnica,above,milk,3153,2133,-0.025854778,-0.03286992,-0.0070151426
SMOKE · validación técnica,demanded,shaped,5932,7133,0.032363858,0.04374006,0.011376202
SMOKE · validación técnica,tossed,wrapping,7359,6830,-0.05885641,-0.05544165,0.0034147575
SMOKE · validación técnica,jug,soil,3553,4328,-0.015932005,-0.020050064,-0.004118059
SMOKE · validación técnica,chimney,tear,4455,4384,0.0578866,0.047279455,-0.010607146
SMOKE · validación técnica,anytime,port,5441,4814,0.03841912,0.030873585,-0.0075455345
SMOKE · validación técnica,inst,performing,1890,7240,0.029543739,0.037536006,0.007992268
SMOKE · validación técnica,museum,suggested,4324,3229,0.06695576,0.086620644,0.019664884
SMOKE · validación técnica,Prin,card,6491,2322,0.04006969,0.031492032,-0.00857766
SMOKE · validación técnica,Fox,gazing,6888,7755,-0.058877192,-0.058924638,-4.7445297e-05
SMOKE · validación técnica,muff,weren,4010,5373,0.044104777,0.03289837,-0.011206407
SMOKE · validación técnica,organ,we,2225,367,-0.0012832861,0.004013991,0.005297277
SMOKE · validación técnica,vendor,walls,4391,3145,-0.09600497,-0.09331297,0.002691999
SMOKE · validación técnica,cust,ra,6734,878,-0.080271885,-0.08936402,-0.009092137
SMOKE · validación técnica,coal,dizzy,4899,2995,0.07530895,0.064056,-0.011252947
SMOKE · validación técnica,beh,rain,1247,1068,-0.07429859,-0.09611316,-0.02181457
SMOKE · validación técnica,giraffes,pretty,6496,965,0.037975002,0.06207491,0.024099909
SMOKE · validación técnica,Who,rock,4890,947,-0.0419814,-0.029972421,0.012008978
SMOKE · validación técnica,freez,succeeded,4349,5515,-0.035323177,-0.039931085,-0.0046079084
SMOKE · validación técnica,country,keeping,3953,4808,-0.028021075,0.0021396917,0.030160766
SMOKE · validación técnica,clicked,lect,8176,5243,-0.09731071,-0.096405834,0.000904873
SMOKE · validación técnica,pushing,ticket,3969,4804,-0.096927844,-0.114391685,-0.01746384
SMOKE · validación técnica,Susan,buildings,6157,5231,-0.06915585,-0.063633636,0.005522214
SMOKE · validación técnica,son,they,3272,362,0.07960342,0.08919306,0.009589642
SMOKE · validación técnica,massage,stealing,5199,5664,0.044526342,0.057514053,0.012987711
SMOKE · validación técnica,beyond,uses,6516,6409,-0.034532465,-0.03558808,-0.0010556132
SMOKE · validación técnica,Will,went,4371,467,-0.10649905,-0.12576261,-0.019263558
SMOKE · validación técnica,TV,mesmer,2551,6647,0.12925021,0.1036682,-0.025582016
SMOKE · validación técnica,Squ,do,6485,391,-0.025121953,-0.040870875,-0.015748922
SMOKE · validación técnica,Elsa,Sue,7535,1167,-0.05514627,-0.015367468,0.039778803
SMOKE · validación técnica,crack,hid,2826,1447,0.03649483,0.032517176,-0.0039776526
SMOKE · validación técnica,parade,shining,3902,2166,-0.0040700324,-0.014154909,-0.010084877
SMOKE · validación técnica,beehive,camel,8037,8134,-0.04666671,-0.050481573,-0.0038148612
SMOKE · validación técnica,obeyed,spotted,8174,2207,-0.040470406,-0.04333669,-0.002866283
SMOKE · validación técnica,Leave,grow,6472,1624,-0.051492143,-0.04529798,0.006194163
SMOKE · validación técnica,gently,meow,2304,5490,0.0020449646,0.050237726,0.04819276
SMOKE · validación técnica,branches,pull,2897,1200,0.02190271,0.034244068,0.012341358
SMOKE · validación técnica,grandmother,upstairs,5524,5095,0.015919188,0.02114927,0.005230082
SMOKE · validación técnica,faded,players,7270,6842,0.027857251,0.011117673,-0.016739579
SMOKE · validación técnica,How,genie,2402,6950,-0.088042215,-0.081464775,0.0065774396
SMOKE · validación técnica,Thomas,glee,6355,6363,-0.16085696,-0.15137245,0.009484515
SMOKE · validación técnica,avocados,goodbye,6833,1136,-0.0034543145,0.010449752,0.013904067
SMOKE · validación técnica,batteries,campfire,7119,7416,0.036764182,0.04212012,0.0053559393
SMOKE · validación técnica,castle,forth,1530,3365,0.022145826,0.049489014,0.027343187
SMOKE · validación técnica,thanks,wonders,4158,5751,-0.01489272,-0.037062984,-0.022170264
SMOKE · validación técnica,nowhere,sweat,3753,7935,-0.0054444466,-0.0115037905,-0.006059344
SMOKE · validación técnica,able,pumpkin,1452,3342,0.14052619,0.056720994,-0.083805196
SMOKE · validación técnica,hugging,stool,6005,7084,0.07197921,0.07406959,0.0020903796
SMOKE · validación técnica,claps,search,5890,3079,0.027103417,0.024695154,-0.0024082623
SMOKE · validación técnica,arrows,bows,6611,6850,0.05446394,0.055579357,0.0011154152
SMOKE · validación técnica,blocks,talked,1417,2156,-0.00053814985,-0.004720561,-0.0041824114
SMOKE · validación técnica,appeared,asking,2217,2741,0.1039549,0.10727876,0.0033238605
SMOKE · validación técnica,Bow,cup,7684,1681,0.0035939924,0.0072952583,0.003701266
SMOKE · validación técnica,many,she,796,335,0.08905004,-0.033552054,-0.12260209
SMOKE · validación técnica,Bubbles,deal,5636,6506,0.0771746,0.06202706,-0.015147537
SMOKE · validación técnica,discover,working,3588,2725,-0.04343216,-0.030077286,0.013354875
SMOKE · validación técnica,Please,officer,2536,5504,0.0007139202,0.02511191,0.02439799
SMOKE · validación técnica,hugs,sec,1957,1664,0.09003271,0.10882368,0.018790968
SMOKE · validación técnica,decor,laug,2514,700,0.023154892,0.023154888,-3.7252903e-09
SMOKE · validación técnica,leaf,telephone,2445,4791,0.09797518,0.12192978,0.0239546
SMOKE · validación técnica,delivery,giraffe,6175,4368,-0.046673954,-0.019198518,0.027475435
SMOKE · validación técnica,charge,nuts,7341,3749,0.03926634,0.039826617,0.0005602762
SMOKE · validación técnica,dessert,operation,3943,5348,-0.046619516,-0.063619345,-0.01699983
SMOKE · validación técnica,Bessie,one,6882,626,-0.014345203,0.006374182,0.020719385
SMOKE · validación técnica,Looking,mama,8158,4271,0.04479206,0.04063327,-0.004158791
SMOKE · validación técnica,Spring,watering,8163,7552,0.0109975785,0.004885718,-0.0061118603
SMOKE · validación técnica,manage,painted,5133,3305,0.01919739,0.017545108,-0.0016522817
SMOKE · validación técnica,creamy,shined,6570,6122,0.06404836,0.06533463,0.0012862757
SMOKE · validación técnica,settle,steam,5427,4591,0.0813311,0.055322364,-0.026008733
SMOKE · validación técnica,bill,mat,4992,1478,0.14902233,0.1637035,0.014681175
SMOKE · validación técnica,mass,radishes,4929,6430,0.11616433,0.12359355,0.00742922
SMOKE · validación técnica,Zara,bounced,7830,3947,-0.07309478,-0.07806629,-0.0049715117
SMOKE · validación técnica,dolphins,sizes,5962,4721,0.02399443,0.017781876,-0.006212555
SMOKE · validación técnica,folding,grab,6526,2118,-0.022761285,0.06962478,0.09238607
SMOKE · validación técnica,glob,squish,8100,6556,-0.012175081,-0.009319153,0.0028559286
SMOKE · validación técnica,Kayla,visiting,6731,5459,0.1029474,0.095702924,-0.007244475
SMOKE · validación técnica,Josh,joined,5894,3166,0.038453996,0.050348125,0.011894129
SMOKE · validación técnica,God,Momo,4738,6228,-0.019639943,-0.01213599,0.007503953
SMOKE · validación técnica,pigs,round,5264,2023,0.055998024,0.020758731,-0.035239294
SMOKE · validación técnica,inchworm,sweat,8111,7935,0.006582436,0.006582426,-1.0244548e-08
SMOKE · validación técnica,bare,reply,5461,6412,-0.085497156,-0.08008275,0.005414404
SMOKE · validación técnica,photos,rather,6387,7885,0.04332045,0.05174409,0.008423638
SMOKE · validación técnica,grinned,swollen,5273,8038,-0.020177444,-0.021594282,-0.0014168378
SMOKE · validación técnica,agre,cir,4607,2042,-0.06182412,-0.06182409,2.9802322e-08
SMOKE · validación técnica,eld,preparing,2810,7351,0.004067842,0.012642711,0.0085748695
SMOKE · validación técnica,bored,cake,2704,1177,0.038882934,0.09263142,0.05374849
SMOKE · validación técnica,bottom,muffin,2950,4849,-0.009861238,0.017094892,0.02695613
SMOKE · validación técnica,actually,cheeks,5179,6548,-0.017867412,-0.03186435,-0.013996936
SMOKE · validación técnica,dra,tummy,978,3197,0.097825974,0.08372256,-0.014103413
SMOKE · validación técnica,bones,celebration,5520,6345,0.02320354,0.042673133,0.019469593
SMOKE · validación técnica,ran,scurry,555,7534,0.014265449,0.031082705,0.016817257
SMOKE · validación técnica,headed,make,4405,551,-0.04532723,-0.03221342,0.013113812
SMOKE · validación técnica,bully,hides,6846,7156,0.026171606,0.028676376,0.0025047697
SMOKE · validación técnica,bad,simp,919,4931,0.1370535,0.1229478,-0.014105707
SMOKE · validación técnica,journey,refuse,2053,7703,-0.03258418,-0.00441752,0.02816666
SMOKE · validación técnica,manners,only,7922,1215,-0.060635507,-0.03391597,0.026719537
SMOKE · validación técnica,Squirrel,kn,6956,479,0.015583724,0.01840559,0.0028218664
SMOKE · validación técnica,disob,stripes,7505,5620,-0.13116919,-0.13745618,-0.0062869936
SMOKE · validación técnica,cloudy,oven,7571,2306,0.013239548,0.053950056,0.04071051
SMOKE · validación técnica,bec,reindeer,628,4171,-0.023365164,-0.038801584,-0.01543642
SMOKE · validación técnica,dressed,port,4465,4814,0.046720363,0.054853953,0.00813359
SMOKE · validación técnica,chose,taken,3212,2672,-0.061390236,0.008573942,0.06996418
SMOKE · validación técnica,answered,cows,2717,3887,0.020664094,0.0014460534,-0.01921804
SMOKE · validación técnica,And,sold,849,2695,0.06282383,0.04625624,-0.016567592
SMOKE · validación técnica,Hoppy,opera,5503,4664,-0.074505046,-0.076868445,-0.0023633987
SMOKE · validación técnica,letter,ornam,2057,4801,-0.012727355,-0.01676713,-0.0040397746
SMOKE · validación técnica,properly,toe,5730,5237,0.04906226,0.048197035,-0.00086522475
SMOKE · validación técnica,Th,consequences,1205,6780,0.09411421,0.09681882,0.002704613
SMOKE · validación técnica,drinks,ham,5426,3015,-0.0014047911,-0.03961871,-0.038213916
SMOKE · validación técnica,freezer,scoop,4577,5527,-0.04791006,-0.041399695,0.0065103658
SMOKE · validación técnica,haircut,sal,4228,2309,0.030168913,0.007966779,-0.022202134
SMOKE · validación técnica,buried,cottage,4881,7510,-0.021794014,-0.019074075,0.0027199388
SMOKE · validación técnica,seal,shelves,3757,5973,-0.046277795,-0.019889675,0.02638812
SMOKE · validación técnica,aside,restless,7393,3760,-0.01282151,0.017970813,0.030792324
SMOKE · validación técnica,club,wall,3876,1502,0.09954071,0.108254015,0.008713305
SMOKE · validación técnica,deep,surprises,1607,4744,-0.014233105,0.0018945187,0.016127624
SMOKE · validación técnica,lime,mug,4249,3941,-0.03503885,-0.036654234,-0.0016153827
SMOKE · validación técnica,married,urged,4537,5827,-0.0054276297,0.004368102,0.009795732
SMOKE · validación técnica,lead,ribb,2783,4157,0.0061160326,-0.017807491,-0.023923524
SMOKE · validación técnica,humming,today,7931,1851,-0.03022834,-0.012960024,0.017268315
SMOKE · validación técnica,chir,pops,5186,7531,-0.053179853,-0.053179923,-7.0780516e-08
SMOKE · validación técnica,band,cloth,2095,2407,0.033249576,0.036202744,0.002953168
SMOKE · validación técnica,berries,original,3164,3349,-0.030700732,0.016011065,0.046711795
SMOKE · validación técnica,m,standing,281,2571,-0.03826834,-0.014017291,0.024251048
SMOKE · validación técnica,rusty,shoes,6575,1904,-0.02597517,-0.020334208,0.005640961
SMOKE · validación técnica,junk,valu,4778,3146,-0.0028478242,-0.0028478,2.4214387e-08
SMOKE · validación técnica,Mama,stomach,2100,5093,-0.009484146,-0.016839156,-0.00735501
SMOKE · validación técnica,Freddy,guard,5025,3521,-0.06492575,-0.04733041,0.017595343
SMOKE · validación técnica,flight,salty,7087,6673,0.023989707,0.011118595,-0.012871113
SMOKE · validación técnica,complaining,salt,6762,3842,0.053445645,0.07123431,0.017788664
SMOKE · validación técnica,Nana,bored,7766,2704,-0.076754354,-0.076448865,0.0003054887
SMOKE · validación técnica,hurric,liked,5329,619,-0.040573396,-0.015145212,0.025428183
SMOKE · validación técnica,Whiskers,writes,4184,5714,-0.06285912,-0.058645688,0.00421343
SMOKE · validación técnica,Mark,television,3010,4682,-0.1448546,-0.1294967,0.015357912
SMOKE · validación técnica,goes,pa,2346,1171,0.020280357,0.011964414,-0.008315943
SMOKE · validación técnica,musician,snowman,4775,2241,0.1046405,0.115369506,0.010729007
SMOKE · validación técnica,noodles,tired,7218,1269,0.045035895,0.049835846,0.004799951
SMOKE · validación técnica,fur,reminder,1576,5388,-0.023082498,-0.021792939,0.0012895595
SMOKE · validación técnica,finish,sizes,2386,4721,0.003885705,-0.044157572,-0.048043277
SMOKE · validación técnica,ours,thr,5360,1008,-0.019513967,-0.026903156,-0.0073891897
SMOKE · validación técnica,feel,fluttered,637,6572,0.05313179,0.053925242,0.0007934533
SMOKE · validación técnica,planets,umbre,5804,3409,0.14236774,0.14226179,-0.000105947256
SMOKE · validación técnica,pause,triangles,6348,7139,0.011539549,0.009733364,-0.0018061846
SMOKE · validación técnica,cla,drift,1394,5597,0.020407254,0.03652125,0.016113995
SMOKE · validación técnica,Snuggles,laser,7073,3841,-0.006334831,-0.018563228,-0.012228397
SMOKE · validación técnica,favor,heroes,1275,7238,0.023383923,0.025120717,0.0017367937
SMOKE · validación técnica,Prin,heel,6491,6142,-0.06142428,-0.06445013,-0.0030258484
SMOKE · validación técnica,dip,full,7312,1330,-0.011675369,0.032089863,0.043765232
SMOKE · validación técnica,celebrate,hurric,3580,5329,0.10132629,0.09759406,-0.0037322268
SMOKE · validación técnica,Remy,flav,5576,5277,0.07387191,0.079554744,0.0056828335
SMOKE · validación técnica,June,cord,6883,3981,0.028705224,0.005474629,-0.023230596
SMOKE · validación técnica,cause,shining,6280,2166,-0.025359206,-0.032111883,-0.0067526773
SMOKE · validación técnica,age,crowd,7032,5956,-0.11607985,-0.08952716,0.026552692
SMOKE · validación técnica,interesting,likes,2178,1428,0.13474873,0.106578335,-0.028170392
SMOKE · validación técnica,pops,soared,7531,5257,0.06819779,0.051142827,-0.01705496
SMOKE · validación técnica,continue,unicorn,5361,5588,-0.14169028,-0.13499226,0.0066980273
SMOKE · validación técnica,helm,inchworm,3539,8111,0.037786562,0.03778661,4.8428774e-08
SMOKE · validación técnica,ease,heat,7337,5339,-0.030681457,-0.022257378,0.008424079
SMOKE · validación técnica,daring,kneeled,7202,6109,-0.043518566,-0.04614198,-0.0026234128
SMOKE · validación técnica,aff,hold,6389,1388,-0.0023065582,-0.057723805,-0.055417247
SMOKE · validación técnica,giving,masterp,3001,7488,-0.009717613,-0.017734885,-0.008017272
SMOKE · validación técnica,forgave,wondered,4019,2028,-0.01911655,-0.053190924,-0.034074374
SMOKE · validación técnica,prom,stealing,1315,5664,0.07375604,0.06366727,-0.010088772
SMOKE · validación técnica,nightmare,steep,5795,5887,-0.027664412,-0.0027217139,0.024942698
SMOKE · validación técnica,mic,storekeeper,2773,5910,-0.11621778,-0.123290956,-0.007073179
SMOKE · validación técnica,snowmen,stu,6851,2016,0.0031244718,0.023324944,0.020200472
SMOKE · validación técnica,supported,tickets,7863,5682,0.021670096,0.019251019,-0.0024190769
SMOKE · validación técnica,damaged,sunglasses,7641,4653,0.0037903674,-0.00059268624,-0.0043830536
SMOKE · validación técnica,Zip,beside,6938,5364,0.11076967,0.08776917,-0.023000494
SMOKE · validación técnica,laugh,lawn,1418,4518,-0.042548656,-0.047369085,-0.004820429
SMOKE · validación técnica,attention,stair,4298,5755,-0.001187358,0.01622348,0.017410839
SMOKE · validación técnica,dreaming,nod,3357,2973,0.013737414,0.021923427,0.0081860125
SMOKE · validación técnica,eats,sponge,5874,7007,-0.0834005,-0.06995822,0.013442285
SMOKE · validación técnica,pilot,pretended,4021,2367,0.090816416,0.0792745,-0.011541918
SMOKE · validación técnica,thrown,villagers,7055,5533,0.051524624,0.06465752,0.013132893
SMOKE · validación técnica,Charlie,Karen,4747,7528,0.006614078,0.016286822,0.009672744
SMOKE · validación técnica,hide,listened,1652,1579,-0.05554826,-0.058054782,-0.0025065206
SMOKE · validación técnica,angel,sque,3285,4532,-0.041271433,-0.03486354,0.006407894
SMOKE · validación técnica,embarrass,walk,6597,1064,0.03464867,0.035727385,0.0010787137
SMOKE · validación técnica,goodnight,healed,5988,6039,0.053673405,0.043031,-0.010642406
SMOKE · validación técnica,ig,wra,4649,2106,0.020088224,0.025310371,0.0052221473
SMOKE · validación técnica,disappeared,gone,2827,1467,-0.12637568,-0.06120025,0.06517543
SMOKE · validación técnica,square,tunn,3620,3043,0.092411086,0.09912242,0.006711334
SMOKE · validación técnica,bars,still,6426,876,0.034194503,-0.017825933,-0.052020438
SMOKE · validación técnica,Car,great,5831,1055,0.0059871487,0.008206598,0.0022194497
SMOKE · validación técnica,doorbell,serve,8162,4825,-0.00070891716,-0.014749662,-0.014040745
SMOKE · validación técnica,ahead,luck,3668,4032,-0.032194704,0.022095043,0.054289747
SMOKE · validación técnica,buying,scru,6300,6106,-0.022181885,-0.020832492,0.0013493933
SMOKE · validación técnica,Those,meas,7130,3708,0.10063657,0.10063657,0.0
SMOKE · validación técnica,Els,vo,6342,1075,0.03194999,0.036421917,0.004471928
SMOKE · validación técnica,Snowy,watering,4879,7552,-0.11307332,-0.10692656,0.006146759
SMOKE · validación técnica,Che,disapp,6622,1779,-0.030019887,-0.044354305,-0.014334418
SMOKE · validación técnica,clum,towards,3355,1653,0.13091786,0.13615727,0.005239412
SMOKE · validación técnica,examined,impossible,5539,6467,-0.016830921,-0.022429507,-0.005598586
SMOKE · validación técnica,Bo,flat,6519,6219,0.017889516,0.041238353,0.023348836
SMOKE · validación técnica,buzz,uniforms,4130,7866,0.016324932,-0.020075534,-0.036400467
SMOKE · validación técnica,losing,respond,6604,7117,0.096092805,0.09297192,-0.0031208843
SMOKE · validación técnica,Qu,wh,5815,394,-0.08551807,-0.076632984,0.008885086
SMOKE · validación técnica,sil,zip,2928,3510,0.004642804,0.010267586,0.0056247823
SMOKE · validación técnica,eats,knee,5874,2425,0.012279643,0.029277079,0.016997436
SMOKE · validación técnica,flown,screwdriver,7191,7219,-0.06319914,-0.070739254,-0.007540114
SMOKE · validación técnica,slept,window,4399,1384,-0.06891136,-0.07107802,-0.0021666586
SMOKE · validación técnica,scarecrow,up,7907,358,-0.028680265,-0.020699615,0.00798065
SMOKE · validación técnica,brighter,pinched,3648,5556,0.012175752,-0.015769914,-0.027945666
SMOKE · validación técnica,By,character,6112,7147,-0.172434,-0.18289629,-0.010462284
SMOKE · validación técnica,ambul,gate,4428,2671,0.027484808,0.027435197,-4.9611554e-05
SMOKE · validación técnica,mule,shouts,4302,4018,0.009810802,0.004270089,-0.0055407127
SMOKE · validación técnica,Rain,tickets,7827,5682,0.016897462,0.021002963,0.004105501
SMOKE · validación técnica,sculp,waters,8156,8097,0.05781886,0.060117755,0.0022988953
SMOKE · validación técnica,doll,handed,971,3543,-0.06150753,-0.09573986,-0.034232326
SMOKE · validación técnica,more,remembered,692,1359,-0.04132394,-0.056283426,-0.014959484
SMOKE · validación técnica,hammer,resisted,3483,6941,-0.08654224,-0.10043857,-0.013896331
SMOKE · validación técnica,faraway,with,6181,343,0.06731873,0.00095747784,-0.06636125
SMOKE · validación técnica,beds,napping,5492,7384,-0.0044280365,0.0019980427,0.006426079
SMOKE · validación técnica,brick,tun,5312,2251,-0.06397723,-0.035169855,0.028807372
SMOKE · validación técnica,cou,whistle,1983,2443,0.0039354954,0.0067046853,0.00276919
SMOKE · validación técnica,amount,reun,7094,7275,0.0036901152,0.012021975,0.0083318595
SMOKE · validación técnica,caused,leak,6137,4868,-0.026678137,-0.049892426,-0.023214288
SMOKE · validación técnica,parked,veterinarian,5680,4438,-0.03145705,-0.01747261,0.013984442
SMOKE · validación técnica,bags,boat,3293,1123,-0.10360177,-0.06829598,0.03530579
SMOKE · validación técnica,kitty,refused,4268,3512,-0.08030075,-0.10205063,-0.021749884
SMOKE · validación técnica,Buzz,dragon,5125,1747,-0.012986758,0.01017578,0.023162538
SMOKE · validación técnica,difficult,spilled,3014,3519,-0.0024427865,0.016457073,0.01889986
SMOKE · validación técnica,cocoa,straight,3721,4466,0.0021545887,0.016073305,0.013918716
SMOKE · validación técnica,rope,walls,2180,3145,0.04097061,0.04776042,0.006789811
SMOKE · validación técnica,Ruby,stung,5023,7067,-0.0398083,-0.044468988,-0.0046606883
SMOKE · validación técnica,Halloween,mushroom,7747,3920,-0.026641358,-0.02210036,0.0045409985
SMOKE · validación técnica,banan,thankful,2418,2565,-0.13796647,-0.11639118,0.021575287
SMOKE · validación técnica,plastic,worm,4457,2323,-0.08410165,-0.070350215,0.013751432
SMOKE · validación técnica,a,decision,259,5217,0.0861066,0.06777886,-0.018327735
SMOKE · validación técnica,drum,themselves,2756,3315,0.025331127,0.037119504,0.011788378
SMOKE · validación técnica,import,response,1081,7347,0.12145866,0.12852839,0.0070697293
SMOKE · validación técnica,cautiously,frightened,6425,3117,0.024721332,0.027944574,0.0032232422
SMOKE · validación técnica,moder,worry,3426,1302,0.0067030564,0.017687956,0.0109848995
SMOKE · validación técnica,Yes,faraway,6279,6181,-0.058827356,-0.024971265,0.03385609
SMOKE · validación técnica,friends,guy,477,5165,0.07383697,0.022273421,-0.051563546
SMOKE · validación técnica,Kayla,wider,6731,7141,0.010927249,-0.012551021,-0.02347827
SMOKE · validación técnica,countryside,tim,5975,6092,-0.024930514,-0.039526466,-0.014595952
SMOKE · validación técnica,snowmen,vehic,6851,4629,-0.09774486,-0.08708544,0.010659419
SMOKE · validación técnica,stack,strings,3807,5820,0.067100406,0.07120155,0.0041011423
SMOKE · validación técnica,father,palm,2852,4846,-0.053569656,-0.075199656,-0.02163
SMOKE · validación técnica,Together,pushes,2584,4141,0.11539121,0.10714863,-0.008242577
SMOKE · validación técnica,Fred,chir,3211,5186,0.08848162,0.08457506,-0.003906563
SMOKE · validación técnica,seesaw,whispered,6176,3416,-0.058854274,-0.07020901,-0.011354737
SMOKE · validación técnica,attach,ear,4505,2110,0.0036395453,-0.0067931414,-0.010432687
SMOKE · validación técnica,bloom,flock,2974,7887,0.023853468,0.013366948,-0.01048652
SMOKE · validación técnica,fastest,into,4807,729,-0.057965726,-0.077470094,-0.019504368
SMOKE · validación técnica,adorable,arrows,3967,6611,0.14203238,0.1309078,-0.011124581
SMOKE · validación técnica,jackets,tr,6783,710,0.10619743,0.09057777,-0.015619665
SMOKE · validación técnica,dinosaurs,repe,5341,4003,-0.067871936,-0.079191595,-0.01131966
SMOKE · validación técnica,read,scent,1375,7851,-0.06490622,-0.025920723,0.038985495
SMOKE · validación técnica,send,thanked,3706,839,-0.12953782,-0.07831423,0.05122359
SMOKE · validación técnica,mist,taking,2117,1913,-0.028493304,-0.0153276045,0.013165699
SMOKE · validación técnica,firm,pre,6110,1438,-0.009996757,0.0072298646,0.017226622
SMOKE · validación técnica,shouted,the,1267,263,0.19252016,0.0906623,-0.101857856
SMOKE · validación técnica,dirt,importance,2301,6087,-0.016030412,-0.0059911488,0.010039263
SMOKE · validación técnica,bounce,robots,3282,7903,0.07208274,0.081551485,0.009468742
SMOKE · validación técnica,praised,throughout,4880,7016,0.10486187,0.112936124,0.008074254
SMOKE · validación técnica,tallest,theater,6299,4205,-0.03477589,-0.03465282,0.00012306869
SMOKE · validación técnica,he,warri,279,6903,0.031322464,0.04408107,0.012758605
SMOKE · validación técnica,cocoon,knife,7704,2938,0.07201943,0.052641757,-0.019377671
SMOKE · validación técnica,glasses,ste,6460,1294,0.05010467,0.039470866,-0.010633804
SMOKE · validación técnica,basement,delayed,7003,7910,-0.071718305,-0.047568798,0.024149507
SMOKE · validación técnica,law,travelled,3252,6646,-0.019503199,0.0048641916,0.02436739
SMOKE · validación técnica,Jones,anger,6114,7627,0.023163967,0.046310898,0.023146931
SMOKE · validación técnica,Have,langu,5130,4209,0.06285224,0.044444233,-0.018408008
SMOKE · validación técnica,mum,vines,1250,7760,-0.005425253,-0.00018333271,0.0052419202
SMOKE · validación técnica,achieve,invit,5995,5067,-0.031567052,-0.02972792,0.0018391311
SMOKE · validación técnica,ourselves,please,5886,1496,0.095388785,0.0922246,-0.003164187
SMOKE · validación técnica,perm,rubbing,3545,5901,-0.019415196,-0.023425948,-0.004010752
SMOKE · validación técnica,express,steer,7002,6507,-0.0769365,-0.051896572,0.025039926
SMOKE · validación técnica,petted,trotted,5425,7674,-0.027321754,-0.02715067,0.00017108396
SMOKE · validación técnica,damaged,slices,7641,6539,0.09528371,0.10174118,0.0064574704
SMOKE · validación técnica,having,pond,1243,1296,0.015753843,-0.013765002,-0.029518845
SMOKE · validación técnica,decorated,necklaces,5642,7349,0.084646225,0.078320965,-0.00632526
SMOKE · validación técnica,Maybe,runs,1606,1738,-0.013839666,-0.035145067,-0.0213054
SMOKE · validación técnica,Something,cleared,5771,7723,0.09369523,0.08554095,-0.0081542805
SMOKE · validación técnica,Her,bal,852,2572,-0.05197249,-0.007238416,0.044734076
SMOKE · validación técnica,pleasure,pu,6508,1176,0.05519183,0.05801626,0.0028244294
SMOKE · validación técnica,following,plants,4839,2573,0.019882966,-0.0057010595,-0.025584025
SMOKE · validación técnica,die,vine,7125,3936,-0.0052836817,-0.007444231,-0.0021605492
SMOKE · validación técnica,cuddles,singer,7777,5940,-0.08018623,-0.086993404,-0.006807171
SMOKE · validación técnica,live,tried,2318,733,-0.008333476,-0.025571786,-0.01723831
SMOKE · validación técnica,Sometimes,unsure,2467,7182,-0.012033295,-0.00058901496,0.01144428
SMOKE · validación técnica,awake,nuzz,6335,7385,0.09615448,0.09590132,-0.00025316328
SMOKE · validación técnica,Our,setting,7158,5026,0.014814289,0.028739648,0.013925359
SMOKE · validación técnica,Thank,changing,2043,7395,0.023477904,-0.011273187,-0.03475109
SMOKE · validación técnica,anytime,tomorrow,5441,2399,-0.0050984332,-0.013069171,-0.007970738
SMOKE · validación técnica,buckle,knocked,5336,2487,-0.1046904,-0.1082138,-0.0035233945
SMOKE · validación técnica,cracked,upstairs,6324,5095,0.0013709404,-0.00804585,-0.009416791
SMOKE · validación técnica,pers,went,1828,467,0.0335861,0.03722354,0.0036374405
SMOKE · validación técnica,restored,settled,6230,4827,-0.009448649,-0.0087976195,0.00065102987
SMOKE · validación técnica,TV,prick,2551,8027,-0.04479151,-0.05127599,-0.0064844824
SMOKE · validación técnica,escape,reminding,3150,7691,-0.011946616,-0.031358875,-0.01941226
SMOKE · validación técnica,ends,impress,8098,3487,-0.039561376,-0.03747454,0.0020868368
SMOKE · validación técnica,humming,spread,7931,2383,-0.070548505,-0.062299363,0.008249141
SMOKE · validación técnica,No,object,3044,3666,-0.052060932,-0.073407784,-0.021346852
SMOKE · validación técnica,making,waving,1282,4306,0.05027959,0.01189485,-0.038384743
SMOKE · validación técnica,edges,listens,7194,6567,0.020856917,0.03318707,0.012330152
SMOKE · validación técnica,freezer,warnings,4577,6862,-0.009887096,-0.011275865,-0.0013887696
SMOKE · validación técnica,honked,name,7098,1317,-0.06914683,-0.06737542,0.0017714053
SMOKE · validación técnica,cried,hand,1348,734,0.009868292,0.06960859,0.059740297
SMOKE · validación técnica,headed,suffered,4405,7264,-0.1012546,-0.08525351,0.01600109
SMOKE · validación técnica,anticipation,pumpkins,7647,6909,0.007059619,0.051265668,0.04420605
SMOKE · validación técnica,be,cough,330,6455,0.009252522,-0.06555199,-0.074804515
SMOKE · validación técnica,modern,surprises,3469,4744,-0.04895045,-0.06516154,-0.016211092
SMOKE · validación técnica,delay,dreams,4745,3107,0.03880816,0.03394091,-0.0048672482
SMOKE · validación técnica,chefs,spells,7142,7696,0.013494199,0.0044573992,-0.0090368
SMOKE · validación técnica,seemed,starts,1926,3868,0.01746085,0.1310368,0.11357595
SMOKE · validación técnica,lifted,special,3116,689,0.12383695,0.03209076,-0.09174619
SMOKE · validación técnica,necklace,wants,2578,1526,-0.031605795,-0.019606065,0.01199973
SMOKE · validación técnica,relaxing,she,8105,335,0.011561103,0.008076174,-0.003484929
SMOKE · validación técnica,Jo,lake,825,1631,0.02106753,0.01865089,-0.0024166405
SMOKE · validación técnica,counting,see,3584,520,0.027711598,0.018251732,-0.009459866
SMOKE · validación técnica,Unfortunately,reminder,6062,5388,-0.03233695,-0.07290524,-0.040568292
SMOKE · validación técnica,banan,berries,2418,3164,0.10477173,0.11980359,0.015031859
SMOKE · validación técnica,Zip,pushed,6938,1857,-0.04443923,-0.063619986,-0.019180756
SMOKE · validación técnica,bathtub,cuddle,3691,5654,0.014573121,0.00027595088,-0.014297171
SMOKE · validación técnica,op,scampered,728,7145,-0.04710728,-0.04440187,0.0027054101
SMOKE · validación técnica,knee,windy,2425,6848,0.00011659041,-0.010824909,-0.0109415
SMOKE · validación técnica,east,refrigerator,5809,5008,-0.010386764,-0.016437568,-0.0060508037
SMOKE · validación técnica,climbed,napkin,1567,4297,0.045715425,0.08179356,0.036078136
SMOKE · validación técnica,insects,whatever,6927,5561,-0.0058793183,-0.015116537,-0.009237219
SMOKE · validación técnica,bully,giggle,6846,3888,-0.056097034,-0.007298501,0.04879853
SMOKE · validación técnica,infant,prayers,4835,7774,-0.038553208,0.001459728,0.040012937
SMOKE · validación técnica,giraff,peacefully,6473,6828,0.052991193,0.05248582,-0.0005053729
SMOKE · validación técnica,forgot,logs,1449,6504,0.030700698,0.024086833,-0.0066138655
SMOKE · validación técnica,Louise,laught,7291,4767,-0.08761568,-0.08678566,0.0008300245
SMOKE · validación técnica,Lily,grey,364,5193,0.15678614,0.17080446,0.014018312
SMOKE · validación técnica,screaming,uns,5928,6871,-0.04364214,-0.029135983,0.0145061575
SMOKE · validación técnica,fishing,quest,4350,2195,0.027108569,0.034594685,0.007486116
SMOKE · validación técnica,glasses,separ,6460,3840,0.039888304,0.017187655,-0.022700649
SMOKE · validación técnica,Bunny,video,4223,4761,0.011277136,-0.004322113,-0.015599249
SMOKE · validación técnica,John,gather,1185,2124,0.03441611,0.009192208,-0.025223901
SMOKE · validación técnica,hurting,learned,4770,812,-0.004585821,0.026554732,0.031140553
SMOKE · validación técnica,Bob,bedtime,1132,6429,0.04628907,0.034026407,-0.012262665
SMOKE · validación técnica,metal,piece,3368,1889,-0.010435212,-0.00066102296,0.009774189
SMOKE · validación técnica,muffins,so,6017,347,-0.023333296,-0.0339002,-0.010566905
SMOKE · validación técnica,delay,pinched,4745,5556,0.051875073,0.032754146,-0.019120928
SMOKE · validación técnica,catching,shap,5512,1698,-0.0057509355,-0.0015619695,0.004188966
SMOKE · validación técnica,O,tower,2070,1835,0.004670266,-0.015233804,-0.01990407
SMOKE · validación técnica,knew,splash,697,2555,0.063355036,0.05390133,-0.009453706
SMOKE · validación técnica,nurse,shield,3374,3626,0.00036415178,0.009871706,0.009507555
SMOKE · validación técnica,punished,realised,5763,2886,-0.039176546,-0.047683187,-0.008506641
SMOKE · validación técnica,admired,mach,3284,2245,-0.019644069,-0.013359889,0.006284179
SMOKE · validación técnica,steep,teaspoon,5887,5138,-0.022176929,-0.023563605,-0.001386676
SMOKE · validación técnica,explorers,surf,6448,3568,-0.076434374,-0.08191112,-0.005476743
SMOKE · validación técnica,env,shared,3513,1663,-0.064984426,-0.08803329,-0.023048863
SMOKE · validación técnica,Sam,designs,686,7350,0.053386502,0.01621383,-0.03717267
SMOKE · validación técnica,diffic,mosquitoes,2996,8137,-0.010269336,-0.010269253,8.381903e-08
SMOKE · validación técnica,Mike,sque,3636,4532,0.01517389,0.015254131,8.024089e-05
SMOKE · validación técnica,cook,fingers,1174,3283,0.06862877,0.050132647,-0.018496126
SMOKE · validación técnica,boy,cons,524,7892,-0.030758351,-0.039166708,-0.008408356
SMOKE · validación técnica,Elsie,talking,7869,2344,-0.046889983,-0.057375673,-0.01048569
SMOKE · validación técnica,fara,wakes,6169,7516,-0.022113333,-0.016774539,0.0053387936
SMOKE · validación técnica,disappear,lift,4787,2089,0.019762963,0.021919971,0.0021570083
SMOKE · validación técnica,persistent,recogn,3533,3985,0.026981313,0.051417034,0.024435721
SMOKE · validación técnica,Both,achie,6352,4945,-0.06479123,-0.07588001,-0.011088781
SMOKE · validación técnica,medic,valued,2761,6253,-0.04153585,-0.04701154,-0.0054756887
SMOKE · validación técnica,couple,whatever,6763,5561,0.0069815554,0.011280106,0.004298551
SMOKE · validación técnica,Lilly,church,4386,4656,0.10025717,0.10015641,-0.00010076165
SMOKE · validación técnica,stage,stands,3591,7367,0.08765794,0.082321994,-0.0053359494
SMOKE · validación técnica,mark,widened,2019,6645,0.0038227104,0.023395142,0.019572431
SMOKE · validación técnica,buzzing,shampoo,5074,4938,-0.0444331,-0.02028328,0.024149818
SMOKE · validación técnica,quiet,vol,1718,3629,-0.11365776,-0.06996323,0.043694526
SMOKE · validación técnica,Sophia,windowsill,7082,8135,0.033065267,0.042756416,0.009691149
SMOKE · validación técnica,spider,steak,2315,4334,0.0502544,0.042099528,-0.008154873
SMOKE · validación técnica,jellyfish,usual,4446,6194,0.022017686,0.03268478,0.010667095
SMOKE · validación técnica,completely,jellyfish,6079,4446,-0.045347277,-0.065798536,-0.020451259
SMOKE · validación técnica,overcome,strong,7477,1089,0.045402594,0.045637425,0.00023483112
SMOKE · validación técnica,B,bran,371,1676,-0.03814003,-0.049790464,-0.011650436
SMOKE · validación técnica,Rob,worth,6095,4512,0.04118841,0.056965724,0.015777312
SMOKE · validación técnica,danger,drop,1633,2802,-0.0862095,-0.07472124,0.011488259
SMOKE · validación técnica,Charlie,strugg,4747,4113,-0.0021390952,0.0052028485,0.0073419437
SMOKE · validación técnica,chocol,jumped,2391,1211,0.13062659,0.13925238,0.0086257905
SMOKE · validación técnica,honest,seven,2516,6456,0.109430954,0.10952772,9.676814e-05
SMOKE · validación técnica,head,playful,1104,3381,0.032434374,0.08443469,0.052000314
SMOKE · validación técnica,reco,spear,3849,4743,0.12404126,0.12626854,0.0022272766
SMOKE · validación técnica,couldn,nicer,736,5686,0.0045931647,-0.033072338,-0.0376655
SMOKE · validación técnica,comforting,shade,8103,4280,-0.049943022,-0.048010327,0.0019326955
SMOKE · validación técnica,These,glow,5745,2825,-0.043356813,-0.044395544,-0.0010387301
SMOKE · validación técnica,amaz,cher,1059,3008,-0.021812716,-0.023252575,-0.0014398582
SMOKE · validación técnica,shap,used,1698,1286,0.01690974,-0.0041221157,-0.021031857
SMOKE · validación técnica,bad,those,919,3437,-0.044955272,-0.028867092,0.01608818
SMOKE · validación técnica,kneel,removed,4848,6220,0.069649115,0.07585661,0.006207496
SMOKE · validación técnica,Chirp,towels,5218,6159,-0.058216535,-0.055668727,0.002547808
SMOKE · validación técnica,Kitty,stolen,2957,6242,-0.1253095,-0.10798549,0.017324008
SMOKE · validación técnica,bows,gl,6850,873,-0.055515014,-0.04275085,0.012764163
SMOKE · validación técnica,June,wishing,6883,6874,0.0093893185,0.020368978,0.01097966
SMOKE · validación técnica,Fido,engine,6822,3767,0.036712714,0.023298934,-0.013413779
SMOKE · validación técnica,bal,gray,2572,2552,-0.10237701,-0.108827226,-0.0064502135
SMOKE · validación técnica,Ralph,tomato,7114,3458,0.032190423,0.031175926,-0.0010144971
SMOKE · validación técnica,fix,sec,1287,1664,-0.0031851307,-0.013605761,-0.010420631
SMOKE · validación técnica,cape,cle,5919,833,-0.066199265,-0.084647596,-0.01844833
SMOKE · validación técnica,bad,flashlight,919,3407,-0.07497531,-0.05107489,0.023900423
SMOKE · validación técnica,drifted,pump,6477,2991,0.024156233,0.030980134,0.006823901
SMOKE · validación técnica,snatched,unique,6559,2967,-0.10417616,-0.15048441,-0.04630825
SMOKE · validación técnica,these,touch,2656,1331,-0.02358764,-0.079355285,-0.055767644
SMOKE · validación técnica,Dad,bags,1042,3293,0.030831175,0.06457994,0.03374877
SMOKE · validación técnica,drop,folding,2802,6526,0.011583842,0.041816987,0.030233145
SMOKE · validación técnica,freeze,walks,5563,2812,0.087817766,0.09558389,0.0077661276
SMOKE · validación técnica,bowl,shape,1792,3218,0.007964769,0.036788426,0.028823657
SMOKE · validación técnica,reminds,smile,8065,1009,-0.07497656,-0.10469708,-0.029720515
SMOKE · validación técnica,decorated,snapped,5642,4979,0.010057982,0.017096736,0.0070387535
SMOKE · validación técnica,note,provided,3443,6376,-0.030893883,-0.02860395,0.0022899322
SMOKE · validación técnica,But,turns,553,1921,0.005705299,-0.020339217,-0.026044516
SMOKE · validación técnica,crow,sent,4440,3998,0.10759395,0.09636834,-0.011225611
SMOKE · validación técnica,competitive,self,3739,8131,-0.1101062,-0.07755018,0.03255602
SMOKE · validación técnica,costum,pupp,3273,5702,0.02023673,0.020236732,1.8626451e-09
SMOKE · validación técnica,afterwards,reve,6639,4481,-0.044772185,-0.033650257,0.011121929
SMOKE · validación técnica,lower,spices,6436,7012,0.023803528,0.018276658,-0.0055268705
SMOKE · validación técnica,idea,jacket,992,3468,0.0071966443,0.028987262,0.021790618
SMOKE · validación técnica,impro,opera,3748,4664,-0.058408316,-0.061858993,-0.0034506768
SMOKE · validación técnica,ad,slept,821,4399,0.06761054,0.06093164,-0.006678898
SMOKE · validación técnica,occas,such,7356,1685,-0.0010989085,0.030322878,0.031421788
SMOKE · validación técnica,birdhouse,shivered,8050,5826,-0.0040679835,-0.052845664,-0.04877768
SMOKE · validación técnica,clay,drifted,3125,6477,-0.020681676,-0.03644059,-0.015758913
SMOKE · validación técnica,tide,wardrobe,5066,4597,-0.0027216375,0.0033095852,0.0060312226
SMOKE · validación técnica,chop,polite,6594,2693,-0.04047122,-0.05839031,-0.01791909
SMOKE · validación técnica,journ,request,4419,4690,-0.029274978,-0.04048383,-0.011208851
SMOKE · validación técnica,overcome,way,7477,869,0.110548705,0.07768769,-0.032861017
SMOKE · validación técnica,farther,swinging,6165,4079,-0.07866734,-0.06806217,0.010605171
SMOKE · validación técnica,Din,going,7888,950,0.07291351,0.041638166,-0.031275347
SMOKE · validación técnica,permission,squir,4989,7765,0.00561196,0.026333459,0.020721499
SMOKE · validación técnica,gaze,weird,6265,3057,0.06028451,0.046539083,-0.013745427
SMOKE · validación técnica,looking,ter,1031,3109,0.015883822,0.0031420626,-0.012741759
SMOKE · validación técnica,hopping,spark,2732,1586,0.010947853,-0.0027038157,-0.013651669
SMOKE · validación técnica,bra,silent,844,6886,0.01895729,0.025940832,0.006983541
SMOKE · validación técnica,study,tim,3290,6092,-0.04760135,-0.043592744,0.004008606
SMOKE · validación técnica,camp,would,3756,523,-0.031622782,-0.115717664,-0.08409488
SMOKE · validación técnica,animals,postman,889,7059,-0.0075463243,0.018264323,0.025810648
SMOKE · validación técnica,cash,hours,6141,2509,0.061986968,0.07873559,0.016748622
SMOKE · validación técnica,encount,marks,8067,6221,0.041987587,0.03664166,-0.0053459257
SMOKE · validación técnica,drawings,langu,4144,4209,-0.009223226,-0.019717503,-0.010494277
SMOKE · validación técnica,knock,modest,3619,4005,-0.06980656,-0.09550482,-0.02569826
SMOKE · validación técnica,adventurous,vehic,2919,4629,0.051145487,0.08023588,0.029090397
SMOKE · validación técnica,strange,thanks,1565,4158,-0.009866152,-0.018799938,-0.008933786
SMOKE · validación técnica,pebbles,tem,5850,3702,0.13003159,0.119439915,-0.010591671
SMOKE · validación técnica,cond,whistled,6821,5265,-0.022243265,-0.03314082,-0.010897554
SMOKE · validación técnica,hose,imagined,3090,3446,-0.003085997,-0.014465135,-0.011379138
SMOKE · validación técnica,insisting,request,7609,4690,-0.045857616,-0.030558798,0.015298817
SMOKE · validación técnica,fashion,obeyed,5495,8174,0.046033837,0.033203073,-0.012830764
SMOKE · validación técnica,kitchen,suggest,1226,2878,0.04474572,0.042437144,-0.0023085773
SMOKE · validación técnica,activ,watering,5513,7552,0.03824091,0.033312194,-0.0049287155
SMOKE · validación técnica,fall,fancy,1578,2568,0.09461237,0.116228074,0.021615706
SMOKE · validación técnica,mug,stuck,3941,1803,0.04953601,0.049123615,-0.00041239336
SMOKE · validación técnica,gigg,job,2094,1726,-0.06378644,-0.060110096,0.0036763437
SMOKE · validación técnica,Sque,rhinoceros,7126,4315,0.07061062,0.05552853,-0.015082091
SMOKE · validación técnica,Josh,nectar,5894,6303,-0.08565216,-0.06906297,0.016589187
SMOKE · validación técnica,picks,rabbit,2898,1103,0.0842583,0.052389465,-0.031868838
SMOKE · validación técnica,faded,whistled,7270,5265,-0.088273,-0.07531651,0.012956493
SMOKE · validación técnica,counts,mater,7690,5705,0.03425663,0.033875566,-0.00038106367
SMOKE · validación técnica,Tom,nod,496,2973,0.019336846,0.03756398,0.018227134
SMOKE · validación técnica,called,rolls,931,6186,-0.089799084,-0.06489573,0.024903357
SMOKE · validación técnica,dresses,grandfather,4869,7937,-0.044002544,-0.038452122,0.005550422
SMOKE · validación técnica,response,source,7347,6808,-0.062482,-0.046202175,0.016279824
SMOKE · validación técnica,Something,fun,5771,490,-0.026286874,-0.060682546,-0.034395672
SMOKE · validación técnica,behaved,goodnight,6661,5988,0.008321568,-0.0032997318,-0.0116213
SMOKE · validación técnica,chocol,vendor,2391,4391,0.075435884,0.066180214,-0.00925567
SMOKE · validación técnica,shade,yawned,4280,4951,-0.03266329,-0.022960145,0.009703144
SMOKE · validación técnica,lets,team,5544,2755,-0.013998099,-0.018373061,-0.0043749623
SMOKE · validación técnica,bent,hung,3561,3642,-0.02118405,-0.03800442,-0.016820371
SMOKE · validación técnica,grin,office,4575,3142,-0.064440556,-0.07718578,-0.012745224
SMOKE · validación técnica,dip,touch,7312,1331,-0.037294332,-0.001263041,0.03603129
SMOKE · validación técnica,jars,took,7957,659,0.02028469,-0.008734298,-0.029018987
SMOKE · validación técnica,Everyday,explain,5111,3883,0.006729116,-0.020946756,-0.027675873
SMOKE · validación técnica,felt,wings,508,1854,0.047339235,-0.014446116,-0.06178535
SMOKE · validación técnica,coral,favour,7246,2962,-0.007429624,-0.017290741,-0.009861117
SMOKE · validación técnica,branches,teeth,2897,2409,0.106645174,0.18945315,0.08280798
SMOKE · validación técnica,Mom,Red,648,4091,-0.05464974,-0.01849611,0.03615363
SMOKE · validación técnica,Elly,need,7319,785,-0.052935187,-0.06893609,-0.0160009
SMOKE · validación técnica,brush,decorations,2866,5196,-0.08213134,-0.071618974,0.010512367
SMOKE · validación técnica,inspired,twenty,7870,8017,-0.01093936,-0.00022134557,0.010718014
SMOKE · validación técnica,provided,puzz,6376,2255,0.0226717,0.02171024,-0.0009614602
SMOKE · validación técnica,character,neighb,7147,1830,-0.019024719,-0.018534034,0.00049068406
SMOKE · validación técnica,gardener,scar,7171,2561,-0.037876077,-0.031141933,0.006734144
SMOKE · validación técnica,anyway,worms,3793,4958,-0.051525097,-0.019325282,0.032199815
SMOKE · validación técnica,curtain,own,3929,1052,-0.11845048,-0.13399287,-0.015542388
SMOKE · validación técnica,file,travelling,4676,7354,-0.057487436,-0.05437298,0.0031144544
SMOKE · validación técnica,grandfather,mass,7937,4929,0.032325927,0.030589422,-0.001736505
SMOKE · validación técnica,Sometimes,lightning,2467,4057,-0.06659465,-0.05543655,0.011158101
SMOKE · validación técnica,Before,relaxed,5019,4506,-0.09229091,-0.13336879,-0.041077882
SMOKE · validación técnica,cute,hi,2081,6380,0.046597347,0.06760512,0.021007776
SMOKE · validación técnica,Julie,watering,5694,7552,0.07779815,0.06917347,-0.00862468
SMOKE · validación técnica,acted,tune,5877,5575,-0.034674477,-0.023144174,0.011530302
SMOKE · validación técnica,lied,toddler,5819,6879,0.008399341,0.008241687,-0.00015765429
SMOKE · validación técnica,vanished,veil,4776,4674,-0.012090838,-0.014438653,-0.0023478158
SMOKE · validación técnica,investigate,which,4586,2203,0.1146612,0.048608787,-0.066052414
SMOKE · validación técnica,line,mon,2529,1220,-0.03020401,-0.02734835,0.0028556585
SMOKE · validación técnica,Like,envelope,5959,3462,-0.012066646,-0.0309666,-0.018899955
SMOKE · validación técnica,beha,simple,5648,5313,0.01904928,0.04814615,0.029096872
SMOKE · validación técnica,breaking,opinion,5715,6238,0.036585048,0.032348663,-0.004236385
SMOKE · validación técnica,Brownie,trembling,4039,6021,0.055251975,0.04538955,-0.009862423
SMOKE · validación técnica,consid,work,8114,1091,-0.009653375,-0.047180526,-0.03752715
SMOKE · validación técnica,scaring,swans,6583,7239,0.057686888,0.0366401,-0.021046788
SMOKE · validación técnica,Someone,pancakes,5470,5598,-0.081414364,-0.05618605,0.025228314
SMOKE · validación técnica,batteries,shiver,7119,3485,0.011359455,0.014677206,0.003317751
SMOKE · validación técnica,Two,grandmother,6929,5524,-0.0254568,-0.032360744,-0.0069039445
SMOKE · validación técnica,beamed,envious,4889,3790,-0.055894088,-0.09708629,-0.0411922
SMOKE · validación técnica,peck,shock,6965,5921,0.09049301,0.0813163,-0.009176709
SMOKE · validación técnica,mailed,pizzas,7461,8132,0.031073831,0.05212763,0.021053798
SMOKE · validación técnica,Buzzy,prob,6016,7501,0.068241544,0.06934208,0.0011005327
SMOKE · validación técnica,Sadly,argum,6156,7861,-0.027099118,-0.025057565,0.0020415522
SMOKE · validación técnica,Whenever,wobbled,3173,6999,0.0035025883,-0.026833389,-0.030335978
SMOKE · validación técnica,bloom,difference,2974,5102,0.0033023618,-0.0160145,-0.019316861
SMOKE · validación técnica,gaze,shap,6265,1698,0.0058887824,0.0132586025,0.00736982
SMOKE · validación técnica,lizard,mild,3616,4165,-0.026151408,-0.0278529,-0.0017014928
SMOKE · validación técnica,brother,wr,1222,1027,0.048927322,0.022919592,-0.02600773
SMOKE · validación técnica,dipped,space,6361,3232,-0.057544004,-0.07343616,-0.01589216
SMOKE · validación técnica,acted,pray,5877,2784,-0.0625498,-0.075098485,-0.012548685
SMOKE · validación técnica,convers,faraway,7034,6181,0.06795956,0.06328697,-0.0046725944
SMOKE · validación técnica,noon,respectful,6651,4108,-0.020234993,0.01088029,0.031115282
SMOKE · validación técnica,bottles,through,5740,1241,-0.12054249,-0.16884848,-0.048305996
SMOKE · validación técnica,admired,interest,3284,5942,-0.13172813,-0.1051587,0.026569426
SMOKE · validación técnica,cann,floated,2422,5004,0.05108549,0.015802458,-0.035283033
SMOKE · validación técnica,bridge,ruined,2676,2833,0.028559208,0.04627357,0.017714363
SMOKE · validación técnica,felt,wrap,508,3158,-0.12121646,-0.1277773,-0.0065608323
SMOKE · validación técnica,guns,increased,5628,7043,-0.09872188,-0.08314845,0.015573427
SMOKE · validación técnica,Being,pets,6322,5562,0.04136069,0.045787238,0.0044265464
SMOKE · validación técnica,presents,shake,4385,3009,0.0032837093,0.0060578734,0.002774164
SMOKE · validación técnica,collected,mole,4514,3304,-0.073798954,-0.06821142,0.005587533
SMOKE · validación técnica,dig,understands,2914,7568,-0.004781943,0.008799771,0.013581714
SMOKE · validación técnica,climbed,rice,1567,3854,-0.06460168,-0.08951181,-0.02491013
SMOKE · validación técnica,airpl,napkin,4673,4297,0.07131904,0.08733362,0.016014576
SMOKE · validación técnica,talented,trembled,6441,7140,0.06992382,0.051175475,-0.018748343
SMOKE · validación técnica,entered,w,4620,261,0.031380884,-0.018267596,-0.04964848
SMOKE · validación técnica,frowns,learned,7932,812,-0.0073504373,-0.0020268224,0.005323615
SMOKE · validación técnica,Every,response,731,7347,-0.018342998,-0.010239385,0.008103613
SMOKE · validación técnica,observed,stage,6178,3591,-0.026909152,-0.058796786,-0.031887636
SMOKE · validación técnica,smo,walls,1856,3145,-0.104140475,-0.092185855,0.0119546205
SMOKE · validación técnica,nice,understood,787,2564,0.018030958,0.014063857,-0.0039671017
SMOKE · validación técnica,died,headed,5666,4405,-0.05850357,-0.04932629,0.009177279
SMOKE · validación técnica,dishwasher,meal,4539,3489,-0.09216847,-0.07572065,0.01644782
SMOKE · validación técnica,Squ,wheel,6485,2819,0.031154223,0.01981438,-0.011339843
SMOKE · validación técnica,restaurant,top,3730,1304,0.09119334,0.06628996,-0.02490338
SMOKE · validación técnica,immediately,napping,4838,7384,-0.0017502569,-0.0013525859,0.000397671
SMOKE · validación técnica,op,strange,728,1565,-0.006010958,-0.043900274,-0.037889317
SMOKE · validación técnica,Maya,scoot,6574,3597,0.1599648,0.17322607,0.0132612735
SMOKE · validación técnica,Who,gra,4890,652,0.09808943,0.07771438,-0.020375043
SMOKE · validación técnica,anticip,treated,7560,7923,-0.055520393,-0.055518895,1.4975667e-06
SMOKE · validación técnica,materi,teasing,5709,5851,0.034132928,0.033882327,-0.00025060028
SMOKE · validación técnica,Bo,furry,6519,2326,-0.08102811,-0.06801869,0.0130094215
SMOKE · validación técnica,Am,W,5615,528,0.0873858,0.093927994,0.006542191
SMOKE · validación técnica,Jeff,sneak,6052,4296,0.051458575,0.04395716,-0.007501416
SMOKE · validación técnica,two,wallet,904,4124,0.013341695,0.0009369217,-0.012404773
SMOKE · validación técnica,flex,tasty,3517,2143,0.0337032,0.04581479,0.012111589
SMOKE · validación técnica,grew,vanilla,2458,7036,-0.028872997,0.0019575097,0.030830506
SMOKE · validación técnica,exc,were,568,429,-0.06092547,-0.049373887,0.011551581
SMOKE · validación técnica,Baby,louder,4519,2963,-0.032132015,-0.058814384,-0.02668237
SMOKE · validación técnica,curled,enthusi,5208,7039,-0.08204426,-0.059266426,0.022777833
SMOKE · validación técnica,success,their,2583,460,-0.030957405,0.004667368,0.035624772
SMOKE · validación técnica,Zara,chirped,7830,5201,-0.041032948,-0.03431857,0.0067143776
SMOKE · validación técnica,bracelet,cheers,3837,7854,-0.03691745,-0.012460966,0.024456486
SMOKE · validación técnica,caught,says,1948,578,0.012173068,-0.0035004634,-0.015673531
SMOKE · validación técnica,rushed,twisted,3309,5151,0.04475927,0.042603657,-0.0021556132
SMOKE · validación técnica,Leave,reaching,6472,6187,-0.012006685,0.006043246,0.018049931
SMOKE · validación técnica,apologized,dolphin,4250,3660,-0.010619612,0.0010133125,0.011632925
SMOKE · validación técnica,cotton,visiting,7944,5459,0.07447946,0.021105526,-0.053373933
SMOKE · validación técnica,cobweb,succeeded,4637,5515,0.078938305,0.066784345,-0.012153961
SMOKE · validación técnica,direction,rele,6019,5651,0.11100426,0.114552245,0.0035479814
SMOKE · validación técnica,blueberries,jug,4864,3553,-0.028813727,-0.027571015,0.0012427121
SMOKE · validación técnica,moder,nosy,3426,3113,-0.0077439044,0.008026848,0.015770752
SMOKE · validación técnica,coug,pound,7790,7713,-0.055535007,-0.069825724,-0.0142907165
SMOKE · validación técnica,burning,closes,5099,6638,0.0010639988,-0.0009540734,-0.0020180722
SMOKE · validación técnica,ham,weapon,3015,5158,0.00023072958,0.0069252476,0.006694518
SMOKE · validación técnica,imagine,mark,4388,2019,-0.0023873635,-0.011359476,-0.008972112
SMOKE · validación técnica,lent,pile,7563,2230,-0.042981405,-0.030782286,0.012199119
SMOKE · validación técnica,mother,x,1542,5487,-0.030552411,-0.04855357,-0.01800116
SMOKE · validación técnica,Li,chimney,6771,4455,-0.048919402,-0.04064341,0.008275993
SMOKE · validación técnica,air,teaches,1413,6356,-0.0789718,-0.08287366,-0.0039018542
SMOKE · validación técnica,struggled,weekend,5480,6625,-0.17185825,-0.18591103,-0.0140527785
SMOKE · validación técnica,Spike,base,4968,3733,0.025392337,0.014231812,-0.011160525
SMOKE · validación técnica,crane,snee,3665,3440,0.010118436,0.025609322,0.015490886
SMOKE · validación técnica,Each,birdhouse,4836,8050,-0.07378392,-0.08702956,-0.013245642
SMOKE · validación técnica,acting,prob,6971,7501,0.027937084,0.02743261,-0.0005044751
SMOKE · validación técnica,lily,veterinarian,5070,4438,-0.003657855,-0.0012539066,0.0024039485
SMOKE · validación técnica,m,wedding,281,5829,0.12561068,0.08995375,-0.03565693
SMOKE · validación técnica,drawings,sandwich,4144,2587,0.016495507,0.0441404,0.027644891
SMOKE · validación técnica,counter,hears,4336,2545,-0.03642322,-0.07063433,-0.034211107
SMOKE · validación técnica,breathed,build,7020,1458,-0.078645855,-0.041430607,0.037215248
SMOKE · validación técnica,brace,respect,3587,2299,-0.13286084,-0.12788473,0.0049761087
SMOKE · validación técnica,S,mil,298,2054,0.02634828,0.05014651,0.02379823
SMOKE · validación técnica,deser,heart,5950,1817,0.03581057,0.063073836,0.027263265
SMOKE · validación técnica,soon,who,936,588,-0.04436462,-0.09389942,-0.0495348
SMOKE · validación técnica,holding,train,2086,1764,-0.008313339,-0.052572303,-0.044258963
SMOKE · validación técnica,Bella,around,3457,510,-0.0066810395,-0.027628258,-0.020947218
SMOKE · validación técnica,groceries,medic,6310,2761,-0.025091823,-0.03666942,-0.011577595
SMOKE · validación técnica,anx,while,3558,1002,0.08103247,0.0344638,-0.04656867
SMOKE · validación técnica,ask,intere,1140,2077,-0.08320898,-0.06793151,0.015277468
SMOKE · validación técnica,bringing,cuddly,5406,6926,0.042328294,0.040644486,-0.0016838089
SMOKE · validación técnica,Ashley,relaxed,7380,4506,0.07056823,0.054938935,-0.015629292
SMOKE · validación técnica,neck,picnics,1937,8167,-0.0036695749,0.0043706913,0.008040266
SMOKE · validación técnica,Ollie,beep,5301,3917,-0.005469134,-0.018729273,-0.013260139
SMOKE · validación técnica,Zip,frowning,6938,7414,-0.110663585,-0.077722676,0.03294091
SMOKE · validación técnica,girls,lamb,5132,6170,0.044466667,0.0746028,0.03013613
SMOKE · validación técnica,Tom,crew,496,6966,0.005513074,0.0128764175,0.0073633436
SMOKE · validación técnica,glad,or,1229,745,-0.06261708,-0.033457235,0.029159844
SMOKE · validación técnica,puts,te,2232,872,0.05070228,0.026285484,-0.024416797
SMOKE · validación técnica,kitten,praying,2412,6983,-0.0137717035,-0.015624406,-0.0018527023
SMOKE · validación técnica,kn,wood,479,1376,-0.024619166,-0.0032253899,0.021393776
SMOKE · validación técnica,crawling,telling,4611,3412,0.11100273,0.10534969,-0.0056530386
SMOKE · validación técnica,mop,yet,4487,3345,0.042513732,0.03422388,-0.008289851
SMOKE · validación técnica,flavor,waist,6495,5559,0.006905943,0.008371152,0.0014652088
SMOKE · validación técnica,pack,questions,1831,2806,0.03659605,0.03296896,-0.003627088
SMOKE · validación técnica,parent,worse,4603,5244,-0.04998464,-0.06699118,-0.017006539
SMOKE · validación técnica,blank,leather,1682,5344,-0.016703922,-0.035881802,-0.01917788
SMOKE · validación técnica,Wednesday,flower,5848,1310,0.106858045,0.09702445,-0.009833597
SMOKE · validación técnica,missed,widened,2520,6645,-0.01192946,-0.0058219247,0.006107535
SMOKE · validación técnica,final,teaching,7230,5042,0.10667539,0.08535741,-0.021317974
SMOKE · validación técnica,decision,obedient,5217,3112,-0.008081099,0.025068494,0.033149593
SMOKE · validación técnica,still,umb,876,3403,0.009213941,-0.009743484,-0.018957425
SMOKE · validación técnica,They,ambul,322,4428,-0.14483327,-0.15143743,-0.006604165
SMOKE · validación técnica,Fr,pepper,3662,3670,0.12417553,0.13435069,0.010175154
SMOKE · validación técnica,hearts,played,4863,761,-0.008487888,0.03018118,0.03866907
SMOKE · validación técnica,letting,wine,4785,4871,-0.028697815,-0.05565072,-0.026952904
SMOKE · validación técnica,cartoons,dod,5307,7189,0.030694721,0.020804785,-0.009889936
SMOKE · validación técnica,barber,memb,3556,7655,-0.03244758,-0.05472717,-0.02227959
SMOKE · validación técnica,goes,politely,2346,7460,-0.031409487,-0.04336259,-0.011953104
SMOKE · validación técnica,missile,slowly,4997,1677,0.011661202,0.009909252,-0.00175195
SMOKE · validación técnica,creature,value,2059,3806,0.15626323,0.14732978,-0.008933455
SMOKE · validación técnica,encouraged,trusted,5055,4763,0.12959749,0.16923214,0.03963466
SMOKE · validación técnica,fight,jokes,1555,3946,0.035490107,0.03094263,-0.004547477
SMOKE · validación técnica,Ruby,vet,5023,4383,0.008026833,0.008682057,0.00065522455
SMOKE · validación técnica,charming,ostrich,3667,3986,0.14713036,0.1551125,0.00798215
SMOKE · validación técnica,blanket,sym,1700,3880,-0.015576977,0.0055901557,0.021167133
SMOKE · validación técnica,Izzy,fara,7920,6169,0.016935043,0.016935045,1.8626451e-09
SMOKE · validación técnica,buck,feeling,1814,986,0.07108353,0.08068978,0.00960625
SMOKE · validación técnica,So,surfing,829,7241,0.06594505,0.04517089,-0.020774163
SMOKE · validación técnica,ann,chimney,5908,4455,-0.05365645,-0.067963205,-0.014306754
SMOKE · validación técnica,Le,dusty,2548,6040,0.1021779,0.10506202,0.0028841197
SMOKE · validación técnica,breathing,folding,7668,6526,0.12378324,0.13445666,0.010673426
SMOKE · validación técnica,activ,consequences,5513,6780,0.08217566,0.07520155,-0.0069741085
SMOKE · validación técnica,Robby,butterflies,6541,3602,0.044376306,0.030119192,-0.014257114
SMOKE · validación técnica,crab,stone,2474,2465,-0.07490182,-0.058459703,0.016442116
SMOKE · validación técnica,Bubbles,squish,5636,6556,-0.015278426,-0.012012618,0.0032658083
SMOKE · validación técnica,captain,pan,4980,2364,0.0023161955,0.008450929,0.0061347336
SMOKE · validación técnica,ladybug,pout,6069,6003,-0.06255069,-0.05550609,0.0070445947
SMOKE · validación técnica,glo,waist,5547,5559,0.007682085,-0.0033086538,-0.010990739
SMOKE · validación técnica,burn,half,2613,3463,-0.038244132,-0.016489495,0.021754637
SMOKE · validación técnica,flow,photos,826,6387,0.008476043,0.010144124,0.0016680807
SMOKE · validación técnica,We,fond,777,8018,0.031246684,0.11224365,0.08099697
SMOKE · validación técnica,grocer,shore,4361,2558,-0.10737011,-0.09522925,0.012140855
SMOKE · validación técnica,intrigued,shiver,7089,3485,-0.059648223,0.010203967,0.06985219
SMOKE · validación técnica,apologized,wires,4250,6325,-0.008625146,-0.018563434,-0.0099382885
SMOKE · validación técnica,draws,mermaid,5965,7745,-0.008754242,-0.007546641,0.0012076013
SMOKE · validación técnica,Owl,swo,6853,7985,-0.009432383,-0.0074969064,0.0019354764
SMOKE · validación técnica,celebrated,what,4310,543,0.041442506,0.030710788,-0.010731718
SMOKE · validación técnica,fragile,seen,3266,1283,0.045871817,0.013686258,-0.03218556
SMOKE · validación técnica,tuck,valu,7222,3146,0.07146472,0.07146473,1.4901161e-08
SMOKE · validación técnica,George,someone,4001,1498,0.048824403,0.05275,0.0039255954
SMOKE · validación técnica,Pat,understanding,3752,4809,0.029780088,0.021157082,-0.008623006
SMOKE · validación técnica,Gary,buy,7660,1410,0.023073826,-0.0101265535,-0.03320038
SMOKE · validación técnica,Sometimes,collect,2467,2090,0.023594746,0.0036677197,-0.019927027
SMOKE · validación técnica,trouble,yourself,2169,2752,0.07333182,0.11876793,0.045436114
SMOKE · validación técnica,allow,fre,5601,3179,-0.0038973913,0.007820295,0.011717686
SMOKE · validación técnica,lasers,raising,7792,8020,-0.055356286,-0.06286116,-0.007504873
SMOKE · validación técnica,ent,money,2160,1679,-0.06658725,-0.077926524,-0.011339277
SMOKE · validación técnica,Sp,cried,1080,1348,0.027396888,0.026083264,-0.001313623
SMOKE · validación técnica,colour,quilt,2365,7961,-0.0014381967,-0.0098250825,-0.008386886
SMOKE · validación técnica,pretended,who,2367,588,0.0014439039,-0.023745418,-0.025189321
SMOKE · validación técnica,faster,sneak,1704,4296,-0.016992692,-0.053519093,-0.0365264
SMOKE · validación técnica,blank,explained,1682,1885,-0.031627066,-0.06383479,-0.03220772
SMOKE · validación técnica,mo,mother,727,1542,-0.10011186,-0.112833805,-0.012721948
SMOKE · validación técnica,Come,knelt,2188,5489,-0.06526796,-0.041410346,0.023857612
SMOKE · validación técnica,eraser,same,4146,1773,-0.013260225,-0.029222988,-0.015962763
SMOKE · validación técnica,burrow,op,5796,728,0.05651007,0.070942,0.014431931
SMOKE · validación técnica,grant,king,5830,2078,0.015763614,0.0077751875,-0.007988427
SMOKE · validación técnica,proudly,surf,3139,3568,-0.01817169,-0.04479741,-0.026625719
SMOKE · validación técnica,Where,went,3973,467,-0.05135398,-0.05559616,-0.004242182
SMOKE · validación técnica,message,young,3968,1905,-0.06592466,-0.08655692,-0.02063226
SMOKE · validación técnica,Because,Next,7850,4832,-0.085617565,-0.08890973,-0.0032921657
SMOKE · validación técnica,happens,po,4542,670,-0.06699249,-0.059798926,0.0071935654
SMOKE · validación técnica,seashells,younger,7581,6518,0.055468857,0.041183718,-0.01428514
SMOKE · validación técnica,friendship,sweat,3478,7935,0.030415565,0.05692938,0.026513815
SMOKE · validación técnica,poke,sandcast,4589,4244,0.081802525,0.08230071,0.0004981831
SMOKE · validación técnica,afraid,frowns,2050,7932,-0.026146257,-0.021533893,0.004612364
SMOKE · validación técnica,cold,sunset,1402,4202,-0.06703463,-0.032653794,0.03438084
SMOKE · validación técnica,Tim,caterpillar,440,2721,0.029042235,0.062010452,0.032968216
SMOKE · validación técnica,chased,puzz,2410,2255,-0.06966498,-0.100317374,-0.030652396
SMOKE · validación técnica,first,solving,1187,7773,-0.053119477,-0.071073964,-0.017954487
SMOKE · validación técnica,Jill,rake,1768,4663,-0.06356296,-0.07912436,-0.015561402
SMOKE · validación técnica,ago,pl,5732,352,-0.022229917,-0.018275999,0.003953919
SMOKE · validación técnica,encourag,hurts,7138,3073,0.12605006,0.114198074,-0.011851981
SMOKE · validación técnica,country,pengu,3953,3877,-0.04074112,-0.05132453,-0.010583412
SMOKE · validación técnica,ingredients,right,3530,1106,-0.020085916,-0.010617591,0.0094683245
SMOKE · validación técnica,favorite,surprising,1280,7478,-0.0098950565,0.014929408,0.024824465
SMOKE · validación técnica,good,low,597,3268,-0.07924791,-0.04527849,0.033969417
SMOKE · validación técnica,Fluffy,bridges,1955,5675,-0.06265609,-0.06233386,0.00032223016
SMOKE · validación técnica,tell,weap,1168,4866,0.0188854,0.040647015,0.021761615
SMOKE · validación técnica,po,would,670,523,-0.044404633,-0.11735345,-0.07294881
SMOKE · validación técnica,Daisy,freed,1488,6133,-0.07776185,-0.057787374,0.019974478
SMOKE · validación técnica,Elle,tells,7984,2553,-0.03496212,-0.015382533,0.01957959
SMOKE · validación técnica,gen,tide,2450,5066,0.025156131,0.03678787,0.01163174
SMOKE · validación técnica,dinosaurs,moved,5341,1902,0.0025554858,-0.047782075,-0.05033756
SMOKE · validación técnica,roots,sniff,6262,3415,0.02447327,0.03956522,0.01509195
SMOKE · validación técnica,shoulder,stadium,4379,4976,0.050893895,0.047171995,-0.0037219003
SMOKE · validación técnica,grocer,superheroes,4361,7243,-0.045833115,-0.04583308,3.3527613e-08
SMOKE · validación técnica,follows,snatched,4858,6559,-0.031866718,-0.017169343,0.014697375
SMOKE · validación técnica,dir,except,1456,7654,-0.0154494345,-0.033026777,-0.017577343
SMOKE · validación técnica,afternoon,dire,3676,4845,-0.029817693,-0.036397234,-0.0065795407
SMOKE · validación técnica,dire,plates,4845,4897,-0.031583317,-0.0406411,-0.009057783
SMOKE · validación técnica,birds,mixed,1204,3072,-0.035118945,-0.092868924,-0.05774998
SMOKE · validación técnica,My,Tweet,3250,2185,0.014320793,-0.0003995821,-0.014720375
SMOKE · validación técnica,Katie,furniture,5494,4414,0.023238325,0.04421828,0.020979954
SMOKE · validación técnica,paddle,smoke,6450,3077,0.12637106,0.12872478,0.0023537278
SMOKE · validación técnica,beneath,har,5469,4531,0.01944445,0.020445934,0.0010014828
SMOKE · validación técnica,med,weekend,2277,6625,0.05465816,0.054658175,1.4901161e-08
SMOKE · validación técnica,because,chirping,771,5075,-0.059967145,-0.10047315,-0.040506005
SMOKE · validación técnica,bookcase,hurry,4703,3761,0.06352172,0.08527887,0.021757148
SMOKE · validación técnica,act,comb,2109,3683,-0.010099847,-0.040572096,-0.030472249
SMOKE · validación técnica,Sh,sits,4008,5195,0.006619812,-0.003965036,-0.010584848
SMOKE · validación técnica,intrigued,partic,7089,6118,0.044747613,0.069029115,0.024281502
SMOKE · validación técnica,rep,respectful,2421,4108,-0.12100633,-0.088796064,0.032210268
SMOKE · validación técnica,mouths,sing,5392,1228,-0.012566285,-0.006523951,0.0060423343
SMOKE · validación técnica,Patty,mean,7695,1114,0.044095494,0.0098581165,-0.034237377
SMOKE · validación técnica,smoke,swam,3077,1899,-0.021756733,-0.012733562,0.009023171
SMOKE · validación técnica,see,wild,520,2276,0.0059642307,0.0087244045,0.0027601738
SMOKE · validación técnica,caught,planes,1948,5017,0.0775494,0.070317335,-0.0072320625
SMOKE · validación técnica,Beth,barber,5632,3556,0.13630873,0.13666269,0.00035396218
SMOKE · validación técnica,extra,genie,2839,6950,-0.050214425,-0.075972915,-0.02575849
SMOKE · validación técnica,Tweety,gap,3473,7588,0.17241551,0.15665023,-0.01576528
SMOKE · validación técnica,brilli,touched,3120,2065,0.022874216,0.008407101,-0.014467115
SMOKE · validación técnica,Matt,cor,6051,6788,0.017067576,0.017067552,-2.4214387e-08
SMOKE · validación técnica,coffee,dad,3958,645,0.035360802,0.055674184,0.020313382
SMOKE · validación técnica,heavy,mystery,1784,4456,0.050237037,0.056336597,0.0060995594
SMOKE · validación técnica,magazine,staff,4768,4454,-0.033481732,-0.019699626,0.013782106
SMOKE · validación técnica,bodies,did,6934,459,0.020071955,-0.009906145,-0.0299781
SMOKE · validación técnica,grip,guide,8045,8129,0.0074080136,0.009943534,0.0025355201
SMOKE · validación técnica,jogged,saving,5758,4794,0.06472345,0.06389717,-0.00082627684
SMOKE · validación técnica,burning,large,5099,2376,0.15718004,0.16203019,0.004850149
SMOKE · validación técnica,Santa,outdo,5801,5595,-0.069630496,-0.06980917,-0.00017867237
SMOKE · validación técnica,aut,foot,4561,2291,-0.08787506,-0.11260325,-0.024728186
SMOKE · validación técnica,When,h,933,269,0.030788247,-0.06996938,-0.10075763
SMOKE · validación técnica,sports,yoga,6861,4733,-0.030668363,-0.037512265,-0.006843902
SMOKE · validación técnica,merma,something,7537,560,0.061145965,0.022134837,-0.03901113
SMOKE · validación técnica,folded,someone,5385,1498,-0.03208233,-0.04328593,-0.011203598
SMOKE · validación técnica,passed,takes,2648,2074,-0.012891658,0.009875443,0.0227671
SMOKE · validación técnica,hanging,harmless,4549,3595,-0.023349069,-0.007540472,0.015808597
SMOKE · validación técnica,coal,opens,4899,3678,-0.06560984,-0.029908326,0.035701517
SMOKE · validación técnica,no,wobbled,493,6999,-0.020159468,-0.051786434,-0.031626966
SMOKE · validación técnica,Bee,space,7499,3232,0.033751253,0.030955628,-0.0027956255
SMOKE · validación técnica,coat,penny,2091,3522,-0.050865375,-0.02574063,0.025124744
SMOKE · validación técnica,H,crib,308,4289,0.032648183,-0.01279857,-0.045446754
SMOKE · validación técnica,Joan,These,7209,5745,0.07067652,0.042451914,-0.028224606
SMOKE · validación técnica,expected,throughout,5914,7016,0.06405898,0.08964288,0.0255839
SMOKE · validación técnica,printed,reason,5762,7205,-0.0054554213,0.004446236,0.009901658
SMOKE · validación técnica,rotten,slid,7390,2294,0.052099176,0.0664322,0.014333025
SMOKE · validación técnica,empty,examine,2430,5036,0.048609138,0.016908692,-0.031700447
SMOKE · validación técnica,clay,dess,3125,3858,0.03590564,0.017096173,-0.018809468
SMOKE · validación técnica,evil,pens,7511,7272,-0.024652747,-0.024027944,0.0006248038
SMOKE · validación técnica,key,loop,1977,4168,-0.07158915,-0.07148256,0.000106588006
SMOKE · validación técnica,equ,from,4972,573,0.11377214,0.07322402,-0.040548116
SMOKE · validación técnica,painting,trophy,3076,3987,0.04354911,0.05538998,0.0118408725
SMOKE · validación técnica,socks,talent,5296,5453,-0.094601765,-0.09171644,0.0028853267
SMOKE · validación técnica,insisted,went,4971,467,0.08930932,0.052910764,-0.036398556
SMOKE · validación técnica,jog,veggies,3253,7676,-0.047443412,-0.03507498,0.012368433
SMOKE · validación técnica,budge,fond,5712,8018,-0.058615997,-0.030332187,0.02828381
SMOKE · validación técnica,bee,correct,1790,7449,0.015258882,0.033062454,0.017803572
SMOKE · validación técnica,noticed,requ,1051,4626,0.006257113,-0.02073757,-0.026994683
SMOKE · validación técnica,barking,ob,4048,1999,0.06867449,0.06987542,0.0012009293
SMOKE · validación técnica,picture,tur,1037,3801,-0.018645171,-0.03710437,-0.018459197
SMOKE · validación técnica,Jojo,real,7630,976,-0.07290554,-0.07674426,-0.003838718
SMOKE · validación técnica,celery,ign,4111,2327,-0.08746141,-0.0887528,-0.0012913868
SMOKE · validación técnica,complaining,inviting,6762,6232,0.095062524,0.08174506,-0.013317466
SMOKE · validación técnica,Lizzy,Sammy,6263,2085,0.027346835,0.041186623,0.013839789
SMOKE · validación técnica,breakfast,brid,2955,5624,-0.058994018,-0.062588885,-0.003594868
SMOKE · validación técnica,grapes,middle,4135,2745,0.0362875,0.016487863,-0.019799639
SMOKE · validación técnica,OK,goodbyes,2796,7707,-0.040285897,-0.027224265,0.0130616315
SMOKE · validación técnica,blocks,whistled,1417,5265,0.053561777,0.05835892,0.004797142
SMOKE · validación técnica,God,ideas,4738,4918,0.0026824623,0.012773903,0.010091441
SMOKE · validación técnica,Try,behavior,7622,7467,-0.03811403,-0.051358655,-0.013244625
SMOKE · validación técnica,owl,own,1897,1052,0.01260981,-0.0067895576,-0.019399367
SMOKE · validación técnica,hearing,sew,6603,5097,-0.072550215,-0.07215193,0.0003982857
SMOKE · validación técnica,Put,seashell,6447,6475,-0.068002135,-0.0509987,0.017003436
SMOKE · validación técnica,clum,leash,3355,3914,-0.09409106,-0.11043884,-0.01634778
SMOKE · validación técnica,H,shoes,308,1904,0.054224383,-0.0021052118,-0.056329593
SMOKE · validación técnica,agree,chefs,4735,7142,-0.035078045,-0.046397597,-0.011319552
SMOKE · validación técnica,respond,thumb,7117,4697,0.019485388,0.020716526,0.0012311377
SMOKE · validación técnica,butterflies,quarrel,3602,4351,0.07751713,0.11506618,0.03754905
SMOKE · validación técnica,Gina,threat,7802,6119,-0.009414474,-0.006239306,0.0031751674
SMOKE · validación técnica,fork,rude,3417,2411,0.13159473,0.14906475,0.017470017
SMOKE · validación técnica,polish,rep,4013,2421,0.028992008,0.015193835,-0.0137981735
SMOKE · validación técnica,Spot,puzzled,1162,7370,-0.011148411,-0.03818749,-0.027039077
SMOKE · validación técnica,remained,soapy,5182,8169,-0.017138194,-0.02165103,-0.0045128353
SMOKE · validación técnica,borrowed,inv,6908,1982,-0.11953433,-0.11473643,0.0047978982
SMOKE · validación técnica,forth,relaxed,3365,4506,0.024167221,0.012155248,-0.012011973
SMOKE · validación técnica,Frog,recognized,6986,5292,-0.056259647,-0.088749714,-0.032490067
SMOKE · validación técnica,rece,skip,3632,3965,0.16015764,0.14997715,-0.010180488
SMOKE · validación técnica,bit,trees,1197,1353,0.014037663,-0.028000552,-0.042038217
SMOKE · validación técnica,belong,loo,1939,428,-0.039561268,-0.05318463,-0.013623361
SMOKE · validación técnica,becoming,sheet,5937,4248,0.11222136,0.12581134,0.013589978
SMOKE · validación técnica,No,afar,3044,7828,-0.040956616,-0.044583052,-0.003626436
SMOKE · validación técnica,mailman,motorcycle,4833,4277,-0.04771022,-0.028486853,0.019223368
SMOKE · validación técnica,salt,yelling,3842,5689,0.05947891,0.080504045,0.021025136
SMOKE · validación técnica,opened,rides,956,5570,-0.023133138,-0.017065324,0.0060678143
SMOKE · validación técnica,hills,neighbourhood,4755,5531,-0.0024645003,0.020580191,0.02304469
SMOKE · validación técnica,eagle,forks,5605,6855,0.026526343,0.013944074,-0.0125822695
SMOKE · validación técnica,Fin,dollhouse,3347,6945,0.128068,0.13491869,0.0068506896
SMOKE · validación técnica,creamy,tummy,6570,3197,-0.075396255,-0.08370675,-0.008310497
SMOKE · validación técnica,activ,rusty,5513,6575,0.059027694,0.044351336,-0.014676359
SMOKE · validación técnica,brilli,mall,3120,5189,0.035731114,0.052940913,0.017209798
SMOKE · validación técnica,fr,socks,983,5296,0.017343968,0.017180264,-0.00016370416
SMOKE · validación técnica,Mama,alright,2100,5030,-0.042168897,-0.06434422,-0.022175323
SMOKE · validación técnica,neat,vibr,3673,8136,0.072406635,0.09873232,0.026325688
SMOKE · validación técnica,It,wandering,409,6151,-0.044391375,-0.055519354,-0.011127979
SMOKE · validación técnica,behavior,rained,7467,5377,0.03026213,0.042529017,0.012266887
SMOKE · validación técnica,decorated,gym,5642,4581,-0.02338979,-0.026493534,-0.0031037442
SMOKE · validación técnica,quiz,sport,4784,5040,-0.025541086,-0.013620682,0.011920404
SMOKE · validación técnica,flame,surround,4403,4527,-0.031988174,-0.022631962,0.009356212
SMOKE · validación técnica,hadn,tube,4077,4121,-0.0072770724,-0.019911861,-0.012634789
SMOKE · validación técnica,ast,pap,6155,1311,0.06839692,0.07347952,0.0050826
SMOKE · validación técnica,cauliflower,snow,4090,1471,0.06416709,0.10349305,0.03932596
SMOKE · validación técnica,crawled,tug,2933,4769,0.1226542,0.12489681,0.0022426099
SMOKE · validación técnica,min,soup,1848,1938,-0.0014450438,0.0018146522,0.003259696
SMOKE · validación técnica,emergen,fairy,5665,1827,-0.01631995,-0.010074148,0.006245801
SMOKE · validación técnica,otters,shoo,7484,7652,0.0005855169,-0.007992404,-0.0085779205
SMOKE · validación técnica,Even,Love,2542,7521,0.054921873,0.087906614,0.03298474
SMOKE · validación técnica,ba,passport,1202,4396,-0.021913927,-0.04437618,-0.022462253
SMOKE · validación técnica,damaged,rubber,7641,4417,-0.019207148,-0.030965572,-0.011758424
SMOKE · validación técnica,count,parent,1513,4603,0.00021192618,-0.021089306,-0.021301232
SMOKE · validación técnica,rod,yel,3952,7718,-0.11051722,-0.10126801,0.00924921
SMOKE · validación técnica,By,snuggled,6112,3615,0.07752152,0.08825294,0.010731421
SMOKE · validación técnica,at,dough,452,3377,-0.008049867,-0.037658244,-0.029608376
SMOKE · validación técnica,opening,smells,6305,4341,-0.0226629,-0.01750337,0.005159531
SMOKE · validación técnica,blast,luckily,7052,7533,-0.02180035,-0.021800384,-3.3527613e-08
SMOKE · validación técnica,kindness,offer,2988,4426,-0.063221484,-0.021263823,0.04195766
SMOKE · validación técnica,behaved,expensive,6661,2649,-0.026947279,0.0007024128,0.027649691
SMOKE · validación técnica,Josh,destroyed,5894,4940,0.017656736,0.019627843,0.001971107
SMOKE · validación técnica,doing,shoe,1399,3713,0.023826823,0.040905386,0.017078564
SMOKE · validación técnica,In,pours,1392,7383,-0.13801843,-0.1232561,0.014762327
SMOKE · validación técnica,continue,dinner,5361,1548,-0.080928385,-0.044315614,0.03661277
SMOKE · validación técnica,bath,outdoors,1813,5764,-0.07704856,-0.07840592,-0.0013573542
SMOKE · validación técnica,Before,evil,5019,7511,0.0154711455,0.04421573,0.028744586
SMOKE · validación técnica,Stop,toast,5943,3169,-0.037601806,-0.056531787,-0.01892998
SMOKE · validación técnica,Are,balancing,4016,5994,0.041553847,0.012129433,-0.029424414
SMOKE · validación técnica,Bl,ha,2778,297,0.049296662,-0.0088905245,-0.058187187
SMOKE · validación técnica,flag,roared,2710,3978,-0.020736316,0.010745607,0.03148192
SMOKE · validación técnica,beha,crab,5648,2474,-0.12744634,-0.11972013,0.0077262074
SMOKE · validación técnica,climbing,drew,4138,2598,0.022845782,0.028532345,0.0056865625
SMOKE · validación técnica,umb,wing,3403,3529,-0.01868824,-0.017217845,0.0014703944
SMOKE · validación técnica,last,stro,2348,4658,-0.059018005,-0.05228684,0.0067311637
SMOKE · validación técnica,gl,scary,873,1516,0.019241635,0.024391068,0.0051494334
SMOKE · validación técnica,picking,requested,3311,6718,-0.069895625,-0.05712248,0.012773145
SMOKE · validación técnica,always,its,650,914,-0.07220071,-0.052908286,0.019292422
SMOKE · validación técnica,bushes,pizz,3199,2540,0.0768211,0.09030454,0.013483435
SMOKE · validación técnica,indeed,spo,6642,2132,-0.01677917,-0.014469177,0.002309992
SMOKE · validación técnica,Momo,nosy,6228,3113,-0.023653619,-0.023436122,0.00021749735
SMOKE · validación técnica,ropes,tasty,6841,2143,0.04882945,0.06721604,0.018386588
SMOKE · validación técnica,coral,sprinkled,7246,6877,-0.0958051,-0.08961293,0.00619217
SMOKE · validación técnica,fact,yelling,6726,5689,-0.04940679,-0.026762946,0.022643844
SMOKE · validación técnica,com,sub,778,5018,-0.062556796,-0.025221955,0.03733484
SMOKE · validación técnica,having,sometimes,1243,1561,0.039054174,0.024943056,-0.014111118
SMOKE · validación técnica,piano,veterinarian,3718,4438,-0.05606591,-0.05702147,-0.0009555593
SMOKE · validación técnica,Amelia,knowing,6719,2519,0.024861805,-0.0034018885,-0.028263694
SMOKE · validación técnica,class,tipped,2645,7882,0.0044523184,0.012050664,0.0075983456
SMOKE · validación técnica,dangerous,golden,1776,4355,0.07603142,0.07703829,0.0010068715
SMOKE · validación técnica,completed,winner,5695,5773,-0.09765811,-0.112298615,-0.014640503
SMOKE · validación técnica,First,but,5538,408,-0.0063219815,-0.025459472,-0.01913749
SMOKE · validación técnica,eraser,roar,4146,2871,0.030933166,0.034140095,0.0032069292
SMOKE · validación técnica,hides,somebody,7156,6295,-0.06809114,-0.07811233,-0.010021187
SMOKE · validación técnica,Martha,band,7701,2095,0.053966425,0.056669876,0.0027034506
SMOKE · validación técnica,earth,folder,3475,4621,-0.037952386,-0.02362926,0.0143231265
SMOKE · validación técnica,ashtray,fighting,5109,2404,-0.03611639,-0.02364002,0.012476372
SMOKE · validación técnica,oysters,respond,7606,7117,0.02050926,0.0073988475,-0.013110412
SMOKE · validación técnica,spit,twice,5324,6901,-0.05170717,-0.05101635,0.00069082156
SMOKE · validación técnica,en,peppers,739,6823,-0.061875723,-0.079470664,-0.017594941
SMOKE · validación técnica,fest,resp,4994,2035,0.006945839,-0.0051485226,-0.012094362
SMOKE · validación técnica,matters,raincoat,7097,6333,0.1029962,0.10358754,0.0005913377
SMOKE · validación técnica,By,greeted,6112,6892,0.046003763,0.049431838,0.0034280755
SMOKE · validación técnica,pe,places,702,2258,-0.09234246,-0.121323176,-0.028980717
SMOKE · validación técnica,ve,wiggly,1706,7743,-0.12545878,-0.13016172,-0.0047029406
SMOKE · validación técnica,entered,rice,4620,3854,0.058330804,0.016682005,-0.041648798
SMOKE · validación técnica,insisting,meowing,7609,8138,0.003095908,0.013115726,0.010019818
SMOKE · validación técnica,excited,hope,609,2153,-0.05295697,-0.032392655,0.020564314
SMOKE · validación técnica,cand,yawn,2769,3771,0.06550611,0.05469246,-0.01081365
SMOKE · validación técnica,Robert,secret,6953,1892,0.022531535,0.035679653,0.013148118
SMOKE · validación técnica,united,warmly,6147,7826,0.002427794,0.0023630299,-6.476417e-05
SMOKE · validación técnica,Speedy,swords,7803,7252,0.035784155,0.0357842,4.4703484e-08
SMOKE · validación técnica,Sure,prevented,5968,8173,-0.117313236,-0.12057734,-0.0032641068
SMOKE · validación técnica,baseball,fed,4478,5242,-0.065601155,-0.05538905,0.010212105
SMOKE · validación técnica,environ,was,8171,280,0.04254637,0.032035824,-0.010510545
SMOKE · validación técnica,Betty,Rabbit,6433,6414,0.14209318,0.15447493,0.012381747
SMOKE · validación técnica,Mabel,called,7433,931,0.04459765,-0.0041402094,-0.04873786
SMOKE · validación técnica,pr,toys,577,684,-0.06261689,-0.10172548,-0.03910859
SMOKE · validación técnica,hair,listened,1351,1579,0.034186956,-0.013617676,-0.04780463
SMOKE · validación técnica,practiced,rides,3755,5570,-0.06523186,-0.075146385,-0.009914525
SMOKE · validación técnica,lonely,supposed,1887,5098,-0.04403156,-0.024331514,0.019700047
SMOKE · validación técnica,lost,paid,1415,4036,-0.030435383,-0.0070317592,0.023403624
SMOKE · validación técnica,cobwebs,world,7579,1266,0.03419659,0.05109119,0.016894601
SMOKE · validación técnica,den,energy,6339,4109,-0.0772879,-0.055565402,0.021722496
SMOKE · validación técnica,Blue,scient,2945,7168,0.07513503,0.09154643,0.016411401
SMOKE · validación técnica,freezer,squeak,4577,7289,-0.031448603,-0.030893419,0.00055518374
SMOKE · validación técnica,catches,riverbank,6193,8165,0.086096674,0.07363364,-0.012463033
SMOKE · validación técnica,chair,shelter,1873,4088,0.06527918,0.092479125,0.027199946
SMOKE · validación técnica,regretted,rise,6164,4831,-0.092426546,-0.092347816,7.8730285e-05
SMOKE · validación técnica,int,str,687,768,0.033562653,0.0146249635,-0.018937688
SMOKE · validación técnica,restless,stopping,3760,7525,0.09245594,0.1048941,0.012438163
SMOKE · validación técnica,crew,somewhere,6966,3983,0.08861895,0.10065663,0.01203768
SMOKE · validación técnica,barked,sneeze,2429,5044,0.020264033,0.029754207,0.009490173
SMOKE · validación técnica,cross,raising,2830,8020,0.058177166,0.062227007,0.0040498413
SMOKE · validación técnica,continued,yet,1485,3345,-0.050008774,-0.09817312,-0.048164345
SMOKE · validación técnica,If,hallway,2895,6501,0.14947453,0.101005346,-0.048469186
SMOKE · validación técnica,Timmy,gives,514,2181,-0.015003521,-0.031665836,-0.016662315
SMOKE · validación técnica,comfortable,someone,2627,1498,-0.026873002,-0.054253437,-0.027380435
SMOKE · validación técnica,Along,sudden,7604,3442,0.04971829,0.04509867,-0.0046196207
SMOKE · validación técnica,spikes,tallest,7251,6299,-0.083766416,-0.10179427,-0.018027857
SMOKE · validación técnica,activity,crunchy,7941,5241,0.0023730043,-0.0038882885,-0.006261293
SMOKE · validación técnica,case,glowing,4062,4376,-0.024255259,-0.035680786,-0.011425527
SMOKE · validación técnica,hang,plant,2746,1705,-0.005483145,-0.013760576,-0.008277431
SMOKE · validación técnica,disappear,wat,4787,776,-0.098984554,-0.105168715,-0.0061841607
SMOKE · validación técnica,bikes,pointed,4178,2116,-0.045517776,-0.042959973,0.002557803
SMOKE · validación técnica,br,gas,525,2607,-0.05154434,-0.06501813,-0.013473794
SMOKE · validación técnica,Can,rot,1347,4332,0.13772833,0.11525184,-0.022476494
SMOKE · validación técnica,ache,pinch,7092,4534,0.081069246,0.1006563,0.019587055
SMOKE · validación técnica,firmly,timer,7216,6478,-0.10434652,-0.10912052,-0.004773997
SMOKE · validación técnica,kittens,nose,7153,2021,-0.07434482,-0.040910237,0.033434585
SMOKE · validación técnica,Finn,declared,7447,8077,-0.026660146,-0.02997367,-0.0033135246
SMOKE · validación técnica,boat,roared,1123,3978,0.01761102,0.034820132,0.017209113
SMOKE · validación técnica,Try,cabin,7622,3219,-0.023446541,-0.042559825,-0.019113284
SMOKE · validación técnica,grabbing,nod,6900,2973,0.03133694,0.018497452,-0.012839489
SMOKE · validación técnica,least,really,7086,1254,0.012497713,0.0088361725,-0.0036615403
SMOKE · validación técnica,off,twirled,781,3526,-0.09683209,-0.11620058,-0.019368492
SMOKE · validación técnica,aeroplane,wis,4501,2760,0.052749414,0.06021104,0.007461626
SMOKE · validación técnica,ahead,bloom,3668,2974,-0.013345431,0.007733835,0.021079265
SMOKE · validación técnica,Co,creative,4996,2459,0.11948006,0.12548962,0.006009564
SMOKE · validación técnica,aimed,mean,7269,1114,-0.030268412,-0.04874096,-0.018472549
SMOKE · validación técnica,exerc,sl,4295,720,-0.08785018,-0.06568891,0.022161275
SMOKE · validación técnica,awe,getting,5197,1510,0.09013976,0.08689946,-0.0032403022
SMOKE · validación técnica,butterflies,raven,3602,3803,0.1313746,0.14187998,0.010505378
SMOKE · validación técnica,interest,saying,5942,3127,0.07788972,0.062110603,-0.015779115
SMOKE · validación técnica,conn,handful,6522,6654,-0.059418596,-0.056922957,0.002495639
SMOKE · validación técnica,policeman,unif,5915,4758,0.14237565,0.12715806,-0.015217587
SMOKE · validación técnica,buy,precious,1410,5446,0.032192476,0.02145573,-0.010736747
SMOKE · validación técnica,heat,though,5339,1958,0.03238889,0.02792518,-0.004463708
SMOKE · validación técnica,maybe,wise,2499,1947,-0.081973135,-0.07531616,0.0066569746
SMOKE · validación técnica,farmer,iron,1756,4160,-0.0699167,-0.052581,0.017335702
SMOKE · validación técnica,Unfortunately,box,6062,783,-0.064218484,-0.050962057,0.013256427
SMOKE · validación técnica,rubb,sle,3505,4022,0.01747061,0.025339149,0.00786854
SMOKE · validación técnica,ear,hard,2110,881,0.034363583,0.06319973,0.028836146
SMOKE · validación técnica,Emma,sense,1916,6534,-0.007033445,-0.04379515,-0.036761705
SMOKE · validación técnica,cent,squir,6063,7765,0.0045686215,-0.009852944,-0.014421565
SMOKE · validación técnica,animal,creation,807,5498,-0.0875512,-0.06466475,0.022886448
SMOKE · validación técnica,ab,dripping,644,8024,0.068515286,0.06506248,-0.0034528077
SMOKE · validación técnica,Josh,bitter,5894,3141,-0.027987007,-0.016025404,0.011961604
SMOKE · validación técnica,J,inf,471,4523,-0.089946195,-0.09063419,-0.00068799406
SMOKE · validación técnica,drawing,riding,2776,3992,0.06397899,0.039908126,-0.024070866
SMOKE · validación técnica,drank,driving,2896,3514,0.052701548,0.07842241,0.025720865
SMOKE · validación técnica,emb,rode,2284,3251,-0.07113476,-0.10512748,-0.033992723
SMOKE · validación técnica,competit,stops,3168,3524,0.10068637,0.0854252,-0.015261173
SMOKE · validación técnica,choo,friendly,6466,1446,-0.015397778,-0.042145632,-0.026747854
SMOKE · validación técnica,Claus,celebration,7912,6345,-0.043680094,-0.049136024,-0.00545593
SMOKE · validación técnica,Fire,rotting,7551,7610,0.012704449,-0.024671538,-0.037375987
SMOKE · validación técnica,firemen,for,5761,366,-0.037516356,-0.06535059,-0.027834237
SMOKE · validación técnica,prevented,shouts,8173,4018,0.027811745,0.031105302,0.003293557
SMOKE · validación técnica,puddles,young,4526,1905,0.006211996,0.007876731,0.0016647354
SMOKE · validación técnica,blankets,load,4592,3541,0.022863457,0.034992848,0.012129391
SMOKE · validación técnica,officer,tonight,5504,5817,0.015845366,0.004484579,-0.011360787
SMOKE · validación técnica,catching,frowned,5512,4104,-0.07863807,-0.101385646,-0.022747576
SMOKE · validación técnica,diffic,dreaming,2996,3357,-0.06194458,-0.072957836,-0.0110132545
SMOKE · validación técnica,mission,skip,5669,3965,0.006164722,0.0273465,0.021181777
SMOKE · validación técnica,hanging,hit,4549,1839,0.011994101,0.008038896,-0.003955205
SMOKE · validación técnica,cartoons,quickly,5307,1101,0.013841489,0.011936972,-0.0019045174
SMOKE · validación técnica,Jacob,compass,6750,3371,-0.036785193,-0.04167312,-0.0048879273
SMOKE · validación técnica,measure,pins,2876,7517,-0.036715515,-0.02550514,0.0112103745
SMOKE · validación técnica,caterp,helped,2658,1199,0.0313251,0.025505781,-0.0058193207
SMOKE · validación técnica,bri,firemen,3816,5761,-0.027689952,-0.022619989,0.0050699636
SMOKE · validación técnica,Rob,strike,6095,6243,-0.0068544038,-0.017413212,-0.010558808
SMOKE · validación técnica,Tommy,festival,1589,5120,0.006132491,0.029564027,0.023431536
SMOKE · validación técnica,beautifully,glass,7554,2719,-0.009157451,0.004751701,0.013909152
SMOKE · validación técnica,lets,popcorn,5544,3375,0.04865946,0.03306584,-0.015593618
SMOKE · validación técnica,knows,orange,3270,1968,-0.013897439,-0.020146796,-0.006249357
SMOKE · validación técnica,daisy,mass,4913,4929,-0.06073825,-0.06390877,-0.00317052
SMOKE · validación técnica,embarrass,motor,6597,2927,0.0900239,0.06659721,-0.02342669
SMOKE · validación técnica,Gigi,wrist,6492,6367,-0.093981594,-0.073444866,0.020536728
SMOKE · validación técnica,available,world,3934,1266,-0.05813481,-0.03281249,0.025322318
SMOKE · validación técnica,guns,questions,5628,2806,-0.007974798,-0.0069396812,0.0010351166
SMOKE · validación técnica,Joe,pun,1299,3932,0.07852775,0.07994147,0.0014137179
SMOKE · validación técnica,declared,weeping,8077,6315,-0.00031699985,0.015414078,0.015731078
SMOKE · validación técnica,easier,lots,5248,855,0.04317904,0.052650534,0.009471495
SMOKE · validación técnica,cap,cuddles,2846,7777,0.023930099,0.043405328,0.01947523
SMOKE · validación técnica,Nick,disapp,6669,1779,0.06754166,0.064469606,-0.0030720532
SMOKE · validación técnica,grandp,skunk,6752,6923,0.017971268,0.017971268,0.0
SMOKE · validación técnica,heartbroken,twirl,7602,2602,-0.118405044,-0.05776963,0.060635414
SMOKE · validación técnica,loved,saus,499,4241,0.13365647,0.103391156,-0.030265316
SMOKE · validación técnica,Squ,doll,6485,971,0.061854508,0.05133755,-0.010516956
SMOKE · validación técnica,Everybody,guessing,6688,7860,0.017462902,0.023895804,0.006432902
SMOKE · validación técnica,closer,knelt,1143,5489,-0.052856945,-0.017415073,0.03544187
SMOKE · validación técnica,anyone,dir,2141,1456,0.06514925,0.05516348,-0.009985767
SMOKE · validación técnica,barked,early,2429,3560,-0.06093206,-0.025690846,0.035241213
SMOKE · validación técnica,Maya,travelling,6574,7354,-0.07801856,-0.09040457,-0.012386009
SMOKE · validación técnica,herbs,miss,6236,1981,0.1325869,0.13491514,0.0023282468
SMOKE · validación técnica,inch,movements,5836,8164,-0.023741942,-0.049240585,-0.025498644
SMOKE · validación técnica,Mimi,persist,5002,3389,0.07601565,0.06291037,-0.013105281
SMOKE · validación técnica,appl,robots,4203,7903,0.009890476,0.010034395,0.00014391914
SMOKE · validación técnica,diary,parties,4276,6468,0.012908496,0.0037447624,-0.009163734
SMOKE · validación técnica,Jess,sug,4716,2900,0.037031002,0.037030965,-3.7252903e-08
SMOKE · validación técnica,barely,says,5656,578,-0.060435046,-0.061205134,-0.0007700883
SMOKE · validación técnica,King,pig,4974,1975,-0.012688598,0.046678536,0.059367135
SMOKE · validación técnica,Stop,bees,5943,3502,-0.031970732,-0.028893631,0.003077101
SMOKE · validación técnica,everyday,green,5423,1356,0.026249815,-0.0015931744,-0.02784299
SMOKE · validación técnica,digging,quiz,4984,4784,0.019163743,0.006004527,-0.013159215
SMOKE · validación técnica,Curious,carpet,8160,3814,-0.03018422,-0.008116653,0.022067567
SMOKE · validación técnica,meowing,smells,8138,4341,0.04989779,0.05324115,0.0033433586
SMOKE · validación técnica,embarrass,shocked,6597,3613,0.022403382,0.019427791,-0.0029755905
SMOKE · validación técnica,low,poppies,3268,7628,-0.06665071,-0.082148954,-0.015498243
SMOKE · validación técnica,Larry,pleaded,6331,7733,0.051510863,0.0642018,0.012690939
SMOKE · validación técnica,agrees,fi,6432,858,-0.05693053,-0.05911168,-0.00218115
SMOKE · validación técnica,Susan,pa,6157,1171,0.029529126,0.01701567,-0.012513457
SMOKE · validación técnica,hats,mummy,3176,2630,0.0076830946,0.025807958,0.018124864
SMOKE · validación técnica,dinner,feather,1548,2242,-0.022570414,-0.009166881,0.013403533
SMOKE · validación técnica,respons,teasp,5317,5136,-0.056896154,-0.056896158,-3.7252903e-09
SMOKE · validación técnica,independ,spot,3191,1357,-0.03682876,-0.02557937,0.0112493895
SMOKE · validación técnica,own,struggle,1052,6034,0.041770518,0.07353754,0.031767026
SMOKE · validación técnica,little,solut,396,5681,0.044844635,0.02118073,-0.023663905
SMOKE · validación técnica,point,seeing,4107,4281,-0.07648301,-0.08177891,-0.005295895
SMOKE · validación técnica,Susie,mot,2953,2617,-0.02469609,-0.036250487,-0.011554398
SMOKE · validación técnica,grand,unw,3346,7726,-0.03155435,-0.027264021,0.0042903274
SMOKE · validación técnica,Gary,sna,7660,2619,-0.022085944,-0.01590512,0.0061808247
SMOKE · validación técnica,built,shy,3267,2372,0.0076569133,0.037542146,0.029885232
SMOKE · validación técnica,def,universe,6397,5347,-0.036547355,-0.035299465,0.0012478903
SMOKE · validación técnica,Mat,starfish,5323,6852,0.09853764,0.09775363,-0.0007840097
SMOKE · validación técnica,Nina,aw,6968,2958,0.009627913,0.018136475,0.008508562
SMOKE · validación técnica,competit,open,3168,1182,0.020718496,0.027413614,0.006695118
SMOKE · validación técnica,raining,yourselves,4154,6565,0.04789511,0.04649862,-0.0013964921
SMOKE · validación técnica,aeropl,b,4342,267,-0.011522673,-0.0006768033,0.01084587
SMOKE · validación técnica,afterwards,music,6639,1634,0.052424885,0.058378104,0.005953219
SMOKE · validación técnica,Whenever,unknown,3173,3367,-0.119732186,-0.10320398,0.016528204
SMOKE · validación técnica,bowl,time,1792,393,-0.054971017,-0.06046468,-0.0054936633
SMOKE · validación técnica,heard,weren,754,5373,0.13641278,0.10745377,-0.028959014
SMOKE · validación técnica,peck,quack,6965,4627,-0.034207895,-0.02580447,0.008403426
SMOKE · validación técnica,dr,tor,1239,3617,0.05601501,0.05601505,3.7252903e-08
SMOKE · validación técnica,indeed,ve,6642,1706,-0.037217613,-0.031029161,0.0061884522
SMOKE · validación técnica,lap,skeleton,6296,4173,0.0033747475,0.013403868,0.01002912
SMOKE · validación técnica,encouragement,singer,7942,5940,0.061254803,0.07852407,0.017269265
SMOKE · validación técnica,marriage,pans,5853,6782,-0.091615945,-0.097398825,-0.00578288
SMOKE · validación técnica,label,surv,5118,7663,0.05325097,0.06712524,0.01387427
SMOKE · validación técnica,menu,scared,5389,629,0.07174352,0.08744607,0.015702553
SMOKE · validación técnica,ind,street,2861,1966,-0.021137137,-0.02397573,-0.002838593
SMOKE · validación técnica,cheered,riverbank,1818,8165,0.052588243,0.0590088,0.0064205565
SMOKE · validación técnica,Are,ripped,4016,5614,-0.003140891,-0.036704607,-0.03356372
SMOKE · validación técnica,Cl,Wednesday,3836,5848,-0.09800983,-0.108304486,-0.0102946535
SMOKE · validación técnica,freez,ma,4349,1010,0.10515082,0.09970474,-0.0054460764
SMOKE · validación técnica,replaced,spent,6395,2273,0.08289007,0.08332133,0.00043126196
SMOKE · validación técnica,apolog,chocol,3023,2391,-0.0577691,-0.06426416,-0.0064950623
SMOKE · validación técnica,saying,toys,3127,684,-0.06054233,0.0022203084,0.06276264
SMOKE · validación técnica,Nana,match,7766,2750,-0.045125492,-0.03248077,0.012644723
SMOKE · validación técnica,cell,underst,4685,1271,-0.011770502,-0.023308791,-0.0115382895
SMOKE · validación técnica,Something,destro,5771,3570,-0.04434786,-0.03884148,0.0055063814
SMOKE · validación técnica,flashing,suff,8112,4708,0.06354944,0.058952976,-0.0045964606
SMOKE · validación técnica,hate,sick,5368,2022,0.0054829624,-0.021207536,-0.026690498
SMOKE · validación técnica,dest,safety,2779,4746,-0.03873956,-0.045528244,-0.006788686
SMOKE · validación técnica,discussing,oat,7639,4007,-0.031057484,-0.038063288,-0.0070058033
SMOKE · validación técnica,Buzzy,im,6016,816,0.037143614,0.038503956,0.0013603419
SMOKE · validación técnica,Lulu,buried,6029,4881,-0.1423279,-0.14330682,-0.0009789169
SMOKE · validación técnica,bean,shovel,3399,4215,0.06311991,0.054776963,-0.008342948
SMOKE · validación técnica,Chirpy,packing,5508,6368,0.047113206,0.03644737,-0.010665838
SMOKE · validación técnica,blond,disappointed,8015,2521,-0.040216483,-0.06306282,-0.022846334
SMOKE · validación técnica,farther,hill,6165,1437,-0.023518162,-0.012400736,0.011117426
SMOKE · validación técnica,Mummy,vehicles,3428,7698,-0.026763197,-0.046414044,-0.019650847
SMOKE · validación técnica,pit,tricky,4617,6528,-0.119040154,-0.095220014,0.02382014
SMOKE · validación técnica,Everybody,disapp,6688,1779,-0.023424402,-0.026091784,-0.0026673824
SMOKE · validación técnica,paw,wool,2360,4546,-0.03701816,-0.052510716,-0.015492555
SMOKE · validación técnica,flap,langu,5491,4209,-0.022611326,-0.035200357,-0.012589032
SMOKE · validación técnica,adorable,told,3967,737,0.016052723,-0.015191063,-0.031243786
SMOKE · validación técnica,Without,crabs,6906,6210,0.009598145,0.03863228,0.029034136
SMOKE · validación técnica,design,dresser,3220,7192,-0.13123895,-0.11221665,0.0190223
SMOKE · validación técnica,meat,slow,4163,1374,0.064386,0.083593324,0.019207321
SMOKE · validación técnica,mailbox,surprising,3472,7478,-0.041070543,-0.047108945,-0.0060384013
SMOKE · validación técnica,gardener,tw,7171,717,0.13136443,0.10543914,-0.025925294
SMOKE · validación técnica,keep,trips,958,6149,-0.029403532,-0.0353993,-0.005995767
SMOKE · validación técnica,Ma,giggling,6866,5785,0.0027360544,0.024337642,0.021601588
SMOKE · validación técnica,door,visit,968,1627,0.07684723,0.049190212,-0.02765702
SMOKE · validación técnica,melting,ra,6372,878,-0.08601132,-0.0904264,-0.00441508
SMOKE · validación técnica,bunch,clapped,5918,1829,0.022804953,0.036133617,0.013328664
SMOKE · validación técnica,cannot,warned,2447,3461,0.017324284,0.03619556,0.018871278
SMOKE · validación técnica,filthy,universe,3866,5347,-0.06624149,-0.073079586,-0.006838098
SMOKE · validación técnica,billboard,stretch,5314,4049,0.024374988,0.04884308,0.02446809
SMOKE · validación técnica,sparks,zipping,7570,6849,-0.030792335,-0.030572738,0.00021959655
SMOKE · validación técnica,saf,softer,2186,7011,-0.091578476,-0.09775423,-0.0061757565
SMOKE · validación técnica,kingdom,owl,4323,1897,0.017085966,-0.039629642,-0.056715608
SMOKE · validación técnica,roof,slide,3193,1094,0.08461034,0.13341908,0.04880874
SMOKE · validación técnica,fash,hurt,5417,894,-0.07077797,-0.038047247,0.03273072
SMOKE · validación técnica,air,robb,1413,6521,-0.072640516,-0.056521058,0.016119458
SMOKE · validación técnica,city,obedient,3101,3112,0.010269178,0.022355977,0.012086799
SMOKE · validación técnica,cous,groceries,6663,6310,-0.010299481,-0.01617897,-0.005879488
SMOKE · validación técnica,fill,matched,1281,5972,0.02297527,0.03466568,0.011690412
SMOKE · validación técnica,piles,trucks,5672,3097,-0.0058282763,-0.022881914,-0.017053638
SMOKE · validación técnica,seem,tease,3263,5245,0.1073318,0.10673715,-0.00059464574
SMOKE · validación técnica,gest,meant,7274,2496,0.026911078,0.040470798,0.01355972
SMOKE · validación técnica,He,P,314,953,0.028785262,-0.03362056,-0.06240582
SMOKE · validación técnica,provide,rise,5096,4831,0.043726575,0.052907266,0.009180691
SMOKE · validación técnica,scient,vis,7168,1514,0.04355955,0.043559507,-4.4703484e-08
SMOKE · validación técnica,orange,trail,1968,4357,0.0983985,0.07280444,-0.025594056
SMOKE · validación técnica,Holly,bro,7454,1076,-0.030763026,-0.03883573,-0.008072704
SMOKE · validación técnica,wear,weeks,1711,5020,0.104482934,0.07472148,-0.029761456
SMOKE · validación técnica,admiring,congratulated,5342,7613,-0.012843136,0.00580433,0.018647466
SMOKE · validación técnica,purp,sandcast,1988,4244,0.06759706,0.067597084,2.2351742e-08
SMOKE · validación técnica,festival,tightly,5120,2446,0.039298527,0.024723053,-0.014575474
SMOKE · validación técnica,apologized,cray,4250,1850,0.021542564,0.025750663,0.004208099
SMOKE · validación técnica,leap,weather,6227,4267,0.027994761,0.059014946,0.031020185
SMOKE · validación técnica,papers,sandbox,4261,4206,-0.112288095,-0.070464864,0.04182323
SMOKE · validación técnica,flight,weight,7087,5398,0.034560062,0.040351108,0.0057910457
SMOKE · validación técnica,hum,twin,2408,6446,-0.13187806,-0.12200333,0.009874731
SMOKE · validación técnica,nest,pizza,2015,2599,0.018737808,0.04437828,0.025640473
SMOKE · validación técnica,counter,heads,4336,4410,-0.058249358,-0.031257436,0.026991922
SMOKE · validación técnica,attach,curiosity,4505,5444,-0.039407656,-0.04761932,-0.008211665
SMOKE · validación técnica,feather,instrum,2242,6601,0.040796548,0.045206603,0.0044100545
SMOKE · validación técnica,I,caring,339,4710,-0.021059496,-0.016763672,0.004295824
SMOKE · validación técnica,In,moder,1392,3426,0.04104778,0.011589237,-0.029458545
SMOKE · validación técnica,phone,spaceship,2336,5568,-0.018801019,-0.009477938,0.009323081
SMOKE · validación técnica,brus,cleaning,5325,3194,-0.12177915,-0.102827325,0.018951826
SMOKE · validación técnica,hand,pastels,734,6076,-0.02945182,-0.015394614,0.014057205
SMOKE · validación técnica,button,thorns,2170,8141,-0.03788537,-0.027767166,0.010118205
SMOKE · validación técnica,makeup,powers,4754,5749,0.0015243506,0.012122495,0.0105981445
SMOKE · validación técnica,ripped,world,5614,1266,0.052822646,0.09846437,0.045641724
SMOKE · validación técnica,dep,rang,8085,5451,0.07041023,0.07846393,0.008053698
SMOKE · validación técnica,bath,nail,1813,3724,0.0059864335,-0.0067864954,-0.012772929
SMOKE · validación técnica,mus,sauce,1560,3329,-0.05241125,-0.048700027,0.0037112236
SMOKE · validación técnica,dre,finished,828,1398,0.012093075,0.035462484,0.02336941
SMOKE · validación técnica,knowledge,making,5857,1282,-0.031780448,-0.036696218,-0.00491577
SMOKE · validación técnica,day,says,356,578,0.020765131,0.20856526,0.18780014
SMOKE · validación técnica,Adam,tun,6026,2251,-0.038842104,-0.03454396,0.004298143
SMOKE · validación técnica,Hoot,sizes,6681,4721,0.02682433,0.021256687,-0.005567644
SMOKE · validación técnica,recorded,safety,6032,4746,0.018254444,-0.0023270294,-0.020581473
SMOKE · validación técnica,fing,flapping,2108,6686,-0.054040853,-0.0644486,-0.01040775
SMOKE · validación técnica,hockey,pays,4239,7372,0.029415786,0.05330124,0.023885455
SMOKE · validación técnica,Paul,cher,3828,3008,-0.0668403,-0.05935563,0.007484667
SMOKE · validación técnica,heartbroken,images,7602,7770,0.21118537,0.21975058,0.008565217
SMOKE · validación técnica,Ang,exclaimed,7013,3175,-0.050907142,-0.08260151,-0.031694368
SMOKE · validación técnica,Tiger,damage,7919,6955,-0.022544645,-0.022544647,-1.8626451e-09
SMOKE · validación técnica,Bear,slice,3957,5345,-0.013912348,-0.015095746,-0.0011833981
SMOKE · validación técnica,cre,import,969,1081,-0.054622713,-0.04469107,0.009931643
SMOKE · validación técnica,spray,squash,2384,3563,-0.12071425,-0.12303592,-0.0023216754
SMOKE · validación técnica,cott,trop,6338,3950,0.03630711,0.042609353,0.0063022412
SMOKE · validación técnica,cake,writing,1177,4551,-0.07418783,-0.06706687,0.0071209595
SMOKE · validación técnica,fields,neighbourhood,4229,5531,0.012864718,0.0515606,0.03869588
SMOKE · validación técnica,forgotten,men,4406,4246,0.013511229,-0.0086171515,-0.02212838
SMOKE · validación técnica,E,fresh,600,3324,0.022807758,0.048971523,0.026163764
SMOKE · validación técnica,Sh,digging,4008,4984,0.08083028,0.075291045,-0.0055392385
SMOKE · validación técnica,because,tie,771,2797,-0.09091632,-0.10205148,-0.011135161
SMOKE · validación técnica,suggest,teachers,2878,7769,0.11575539,0.10972036,-0.00603503
SMOKE · validación técnica,Each,gloves,4836,5623,-0.036199607,-0.02046949,0.015730117
SMOKE · validación técnica,east,friendly,5809,1446,-0.036610313,0.040495362,0.07710567
SMOKE · validación técnica,People,hissed,5126,6437,-0.08241147,-0.07977667,0.002634801
SMOKE · validación técnica,grinned,swayed,5273,7913,-0.039666682,-0.04021508,-0.00054839626
SMOKE · validación técnica,gr,neighborhood,654,5115,-0.043561075,-0.052687593,-0.009126518
SMOKE · validación técnica,boxes,passen,2982,6759,-0.07865772,-0.07491391,0.003743805
SMOKE · validación técnica,Izzy,mummy,7920,2630,-0.12752,-0.11340052,0.014119476
SMOKE · validación técnica,nose,outfit,2021,6043,-0.057632167,-0.012300547,0.04533162
SMOKE · validación técnica,ants,candle,4139,3812,-0.038726456,-0.026422344,0.012304112
SMOKE · validación técnica,Helen,waste,7717,4792,-0.012581939,-0.011126064,0.0014558751
SMOKE · validación técnica,baskets,sand,7368,1227,0.024801495,0.0714887,0.046687208
SMOKE · validación técnica,ref,warned,3119,3461,-0.10916691,-0.15454492,-0.045378007
SMOKE · validación técnica,fountain,joining,3224,7258,-0.075909615,-0.061847575,0.01406204
SMOKE · validación técnica,curiously,med,7115,2277,-0.06535545,-0.07144837,-0.006092921
SMOKE · validación técnica,coll,flips,1801,7687,-0.050953962,-0.05950588,-0.008551918
SMOKE · validación técnica,Its,repeated,4872,6126,-0.06743452,-0.057553485,0.0098810345
SMOKE · validación técnica,language,likes,4462,1428,0.016954735,-0.019705364,-0.036660098
SMOKE · validación técnica,Mama,temp,2100,4149,-0.0943985,-0.12796207,-0.03356357
SMOKE · validación técnica,board,wrigg,2892,7439,0.043969505,0.045305587,0.0013360828
SMOKE · validación técnica,animals,letting,889,4785,0.04900818,0.028701883,-0.020306297
SMOKE · validación técnica,pil,yourself,3151,2752,0.109949276,0.110907495,0.00095821917
SMOKE · validación técnica,collar,raven,3728,3803,0.085623905,0.09266833,0.007044427
SMOKE · validación técnica,Miss,thro,5001,6121,-0.0010127649,-0.0015536882,-0.0005409233
SMOKE · validación técnica,go,nood,437,6961,-0.07008661,-0.043410055,0.026676558
SMOKE · validación técnica,blinked,wheels,4740,3686,-0.06719414,-0.045956668,0.021237474
SMOKE · validación técnica,Luckily,stays,6392,6636,0.06077019,0.033907276,-0.026862916
SMOKE · validación técnica,objects,persist,6547,3389,-0.03604732,-0.044128746,-0.008081425
SMOKE · validación técnica,guests,sister,7022,1688,0.058225363,0.068906814,0.01068145
SMOKE · validación técnica,Peter,t,2653,258,0.12849201,0.15481152,0.026319504
SMOKE · validación técnica,crept,licked,5401,2894,-0.00980564,-0.036317736,-0.026512096
SMOKE · validación técnica,fence,veggies,1871,7676,0.11753838,0.12789598,0.010357603
SMOKE · validación técnica,advice,trophy,3531,3987,0.09330946,0.09844798,0.0051385164
SMOKE · validación técnica,hardly,thanking,4816,7796,0.06641334,0.051733166,-0.014680177
SMOKE · validación técnica,cooking,tricky,3569,6528,0.022970937,0.03421361,0.011242673
SMOKE · validación técnica,brus,mean,5325,1114,0.0684528,0.046852056,-0.021600742
SMOKE · validación técnica,chases,worrying,6085,7598,-0.02775601,-0.02356108,0.0041949283
SMOKE · validación técnica,Then,wearing,879,2265,-0.00027432851,0.020509945,0.020784274
SMOKE · validación técnica,att,mushroom,1759,3920,-0.14485762,-0.10233952,0.042518094
SMOKE · validación técnica,bill,does,4992,1175,-0.051072128,-0.095271334,-0.044199206
SMOKE · validación técnica,Fuzzy,sew,7343,5097,-0.0005948208,-0.0028112829,-0.002216462
SMOKE · validación técnica,ber,loud,3155,867,-0.05779757,-0.08990152,-0.032103952
SMOKE · validación técnica,sew,teleph,5097,4771,0.13478369,0.13733532,0.0025516301
SMOKE · validación técnica,her,praised,309,4880,-0.04126825,-0.0744504,-0.03318215
SMOKE · validación técnica,ok,stuffed,2811,4170,0.010040463,0.006037445,-0.004003018
SMOKE · validación técnica,armchair,break,4335,1519,-0.0034344024,-0.018733762,-0.015299359
SMOKE · validación técnica,does,min,1175,1848,-0.109238856,-0.11402091,-0.004782051
SMOKE · validación técnica,scampered,witch,7145,3537,-0.01962376,-0.008657075,0.010966685
SMOKE · validación técnica,Earth,leash,6283,3914,0.10433103,0.11251929,0.008188255
SMOKE · validación técnica,family,forever,910,2000,0.008438358,0.07880222,0.070363864
SMOKE · validación técnica,marching,was,5300,280,0.06996524,0.020754728,-0.049210515
SMOKE · validación técnica,everybody,texture,6285,5840,0.022628468,0.03832417,0.015695702
SMOKE · validación técnica,blows,violin,6609,4360,0.11704755,0.100542694,-0.016504854
SMOKE · validación técnica,cans,smelled,6313,2196,-0.050906554,-0.03999805,0.010908503
SMOKE · validación técnica,nine,notebook,7203,4071,0.01336954,0.029253326,0.015883787
SMOKE · validación técnica,chasing,dads,3567,7169,0.10604352,0.11966481,0.013621293
SMOKE · validación técnica,knight,lent,2685,7563,0.025976706,0.018877089,-0.0070996173
SMOKE · validación técnica,laug,paintbrush,700,7804,0.026711764,0.011566278,-0.015145486
SMOKE · validación técnica,emer,ruin,5175,5783,-0.048719388,-0.059476264,-0.010756876
SMOKE · validación técnica,game,playroom,1256,7339,-0.024351373,-0.0092598535,0.01509152
SMOKE · validación técnica,disapp,fake,1779,2844,0.029292518,0.035460852,0.006168334
SMOKE · validación técnica,acc,smelly,1782,2734,-0.038088888,-0.0021740235,0.035914864
SMOKE · validación técnica,butt,near,1807,1087,0.00027522258,0.028473197,0.028197974
SMOKE · validación técnica,Jess,Lilly,4716,4386,-0.08033274,-0.07484817,0.0054845735
SMOKE · validación técnica,octopus,us,3820,1113,0.022681635,0.024482686,0.0018010512
SMOKE · validación técnica,j,sal,444,2309,0.03144561,0.06655058,0.03510497
SMOKE · validación técnica,cre,push,969,2392,-0.01982794,-0.024864018,-0.0050360784
SMOKE · validación técnica,magic,yelled,1270,2594,0.04486839,0.0062893294,-0.03857906
SMOKE · validación técnica,Mad,lead,6444,2783,-0.051026538,-0.03646928,0.014557257
SMOKE · validación técnica,parents,placed,1305,3575,-0.014169348,-0.034958936,-0.020789588
SMOKE · validación técnica,airport,course,4134,1883,0.067494586,0.07662101,0.009126425
SMOKE · validación técnica,Fido,appreci,6822,4132,-0.113203906,-0.10993844,0.0032654628
SMOKE · validación técnica,clean,loved,952,499,-0.029361643,-0.03604784,-0.0066861957
SMOKE · validación técnica,deaf,refle,3794,6598,-0.047526225,-0.055237964,-0.0077117383
SMOKE · validación técnica,peel,rest,5546,1242,0.053321376,0.08399043,0.030669056
SMOKE · validación técnica,shells,umb,3200,3403,-0.005132489,0.0014350004,0.0065674894
SMOKE · validación técnica,blinking,caused,7722,6137,-0.017532226,-0.025917836,-0.00838561
SMOKE · validación técnica,daring,taught,7202,2600,-0.0038412623,6.67274e-05,0.0039079897
SMOKE · validación técnica,explorer,swe,7091,3210,0.069232434,0.07890864,0.009676203
SMOKE · validación técnica,moves,praised,4557,4880,0.08153025,0.048794895,-0.032735355
SMOKE · validación técnica,fought,wider,4684,7141,-0.068152726,-0.10604666,-0.037893936
SMOKE · validación técnica,newspap,water,5129,744,-0.027621672,-0.026499037,0.0011226349
SMOKE · validación técnica,against,wheel,2984,2819,-0.057406276,-0.045517758,0.011888519
SMOKE · validación técnica,es,jewel,1952,3040,-0.015509558,-0.032280713,-0.016771156
SMOKE · validación técnica,bl,rot,624,4332,-0.013538739,-0.0031217737,0.010416965
SMOKE · validación técnica,field,ol,1650,3873,0.008464264,0.012350773,0.0038865097
SMOKE · validación técnica,achie,hairdress,4945,7767,-0.030118562,-0.034938145,-0.004819583
SMOKE · validación técnica,comforted,shaking,5555,3783,-0.017124727,0.0003660284,0.017490756
SMOKE · validación técnica,clapped,tem,1829,3702,0.043396227,0.044030853,0.00063462555
SMOKE · validación técnica,bush,early,2182,3560,0.020816062,0.0837175,0.06290144
SMOKE · validación técnica,microscope,wasn,4381,1556,0.023813171,0.040141247,0.016328076
SMOKE · validación técnica,boun,z,2036,1192,-0.104610234,-0.10461024,-7.450581e-09
SMOKE · validación técnica,attract,stroked,3659,6811,0.05352303,0.049199052,-0.004323978
SMOKE · validación técnica,lighter,walls,6717,3145,-0.054763082,-0.06463543,-0.009872351
SMOKE · validación técnica,mil,pur,2054,4722,-0.04522738,-0.028310928,0.01691645
SMOKE · validación técnica,Sm,hawk,3779,6484,0.023190636,0.02319058,-5.5879354e-08
SMOKE · validación técnica,sill,soaring,7621,5552,-0.12214797,-0.12492922,-0.0027812496
SMOKE · validación técnica,Jerry,pours,4068,7383,0.0552012,0.04338115,-0.011820048
SMOKE · validación técnica,cute,horn,2081,2937,-0.036055163,-0.03945131,-0.003396146
SMOKE · validación técnica,mother,prob,1542,7501,-0.098636955,-0.11179243,-0.013155475
SMOKE · validación técnica,Benny,behavi,1464,6585,-0.07266788,-0.063972056,0.008695826
SMOKE · validación técnica,cheering,lifts,6015,7369,0.12576059,0.15345453,0.027693942
SMOKE · validación técnica,fill,siblings,1281,6779,-0.025289923,-0.00047796406,0.024811959
SMOKE · validación técnica,list,relaxing,887,8105,0.01102056,0.012821924,0.0018013641
SMOKE · validación técnica,introduced,wanted,5861,443,0.05448687,0.08969289,0.03520602
SMOKE · validación técnica,passport,scra,4396,6115,-0.019633055,-0.0141851455,0.0054479092
SMOKE · validación técnica,Where,wakes,3973,7516,-0.01637426,-0.014143499,0.0022307616
SMOKE · validación técnica,clumsy,fashion,3408,5495,-0.03623649,-0.046986032,-0.010749541
SMOKE · validación técnica,cottage,policeman,7510,5915,0.050569914,0.046829835,-0.0037400797
SMOKE · validación técnica,fragile,wakes,3266,7516,-0.062425405,-0.08488526,-0.022459857
SMOKE · validación técnica,Thanks,bouquet,7057,8079,-0.14073595,-0.14699534,-0.006259382
SMOKE · validación técnica,cra,mass,1350,4929,0.05031269,0.03857732,-0.011735372
SMOKE · validación técnica,airplane,ber,4966,3155,-0.0033347197,-0.008928277,-0.005593557
SMOKE · validación técnica,raising,sharing,8020,2538,0.19650778,0.18905285,-0.0074549317
SMOKE · validación técnica,mane,trip,6353,2247,0.008960817,0.018440478,0.009479661
SMOKE · validación técnica,bunny,enth,1300,3672,0.07351022,0.09208915,0.018578924
SMOKE · validación técnica,Ke,visit,5803,1627,0.010812014,0.006823696,-0.003988318
SMOKE · validación técnica,Milly,Snowy,5365,4879,-0.086450905,-0.033973068,0.052477837
SMOKE · validación técnica,dam,paused,5818,5080,0.0017842408,0.010133015,0.008348774
SMOKE · validación técnica,cane,ow,4353,3433,-0.017723866,-0.020398159,-0.0026742928
SMOKE · validación técnica,face,mailman,1144,4833,-0.05344854,0.010330524,0.06377906
SMOKE · validación técnica,if,squeezed,750,4660,-0.08704846,0.0013310798,0.08837955
SMOKE · validación técnica,naps,upon,6400,441,-0.08070953,-0.054851443,0.02585809
SMOKE · validación técnica,key,pleasure,1977,6508,-0.0024077203,0.024241105,0.026648825
SMOKE · validación técnica,poems,solut,6834,5681,-0.04207199,-0.04918178,-0.007109791
SMOKE · validación técnica,Kelly,separate,7365,4507,-0.12702367,-0.1358928,-0.008869126
SMOKE · validación técnica,kindness,whale,2988,2977,-0.03708987,-0.025295042,0.011794828
SMOKE · validación técnica,k,plac,398,1910,-0.05268488,-0.05206823,0.000616651
SMOKE · validación técnica,herb,lying,4661,2789,-0.0033483878,0.011938367,0.015286755
SMOKE · validación técnica,desp,stra,6049,2397,-0.076511845,-0.08782183,-0.011309981
SMOKE · validación técnica,Take,replied,7295,1109,-0.09947524,-0.06293675,0.03653849
SMOKE · validación técnica,course,twirl,1883,2602,-0.03383649,-0.04181462,-0.00797813
SMOKE · validación técnica,bu,u,791,323,-0.011798095,0.03262948,0.044427574
SMOKE · validación técnica,hum,repeated,2408,6126,0.060905695,0.063661486,0.002755791
SMOKE · validación técnica,biggest,journey,3316,2053,0.040836614,0.03415073,-0.006685883
SMOKE · validación técnica,Sandy,pulls,4100,4052,-0.061036505,-0.07120136,-0.010164857
SMOKE · validación técnica,helper,modest,4750,4005,0.023286082,0.00295458,-0.020331502
SMOKE · validación técnica,settled,spray,4827,2384,0.023292746,-0.013302924,-0.036595672
SMOKE · validación técnica,As,deser,1237,5950,-0.057943404,-0.1178568,-0.059913397
SMOKE · validación técnica,licks,robb,4982,6521,0.034085345,0.05448,0.020394657
SMOKE · validación técnica,gracefully,pushing,6744,3969,0.010264996,0.0015573353,-0.008707661
SMOKE · validación técnica,tallest,tomato,6299,3458,0.058153242,0.027293956,-0.030859286
SMOKE · validación técnica,cuddly,v,6926,632,0.060088154,0.04655879,-0.013529364
SMOKE · validación técnica,favour,salty,2962,6673,0.034473196,0.035631403,0.0011582077
SMOKE · validación técnica,Zoomy,fool,7904,3002,0.017499305,0.020146428,0.0026471224
SMOKE · validación técnica,flow,mir,826,2787,-0.08310643,-0.07621162,0.006894812
SMOKE · validación técnica,Everything,forgiven,3765,6696,0.024197105,0.039939094,0.015741989
SMOKE · validación técnica,scream,shampoo,1777,4938,-0.11307798,-0.09377868,0.019299306
SMOKE · validación técnica,brother,sol,1222,2406,-0.08393091,-0.08679894,-0.002868034
SMOKE · validación técnica,agrees,sometimes,6432,1561,0.0012188479,-0.025066486,-0.026285334
SMOKE · validación técnica,entrance,gem,6138,3192,-0.08270635,-0.102678165,-0.019971818
SMOKE · validación técnica,tempt,wings,6859,1854,0.0097470675,0.0577428,0.04799573
SMOKE · validación técnica,headed,relieved,4405,2025,0.05360633,0.07453001,0.020923682
SMOKE · validación técnica,Lisa,ordered,2485,5346,0.0049541704,-0.02818133,-0.0331355
SMOKE · validación técnica,Ella,gorilla,3257,3995,-0.08774669,-0.09231715,-0.004570462
SMOKE · validación técnica,arrive,moments,6104,4892,0.075663745,0.0873233,0.011659555
SMOKE · validación técnica,key,powerful,1977,2611,-0.044384886,-0.05450788,-0.010122996
SMOKE · validación técnica,pal,reg,4322,2673,-0.00010443386,-0.007877253,-0.007772819
SMOKE · validación técnica,clearing,marry,5282,4235,-0.00057439134,-0.015726525,-0.015152134
SMOKE · validación técnica,diving,reaches,6500,4783,0.061163403,0.085632116,0.024468713
SMOKE · validación técnica,lean,restore,3170,4950,0.0033582337,-0.007977698,-0.011335932
SMOKE · validación técnica,sna,walked,2619,927,0.07828685,0.032823756,-0.045463093
SMOKE · validación técnica,admired,permit,3284,5482,0.030598292,0.02892024,-0.0016780514
SMOKE · validación técnica,block,frame,1233,3979,-0.10877048,-0.10378584,0.0049846396
SMOKE · validación técnica,applauded,vest,5805,4187,-0.05688838,-0.058327,-0.0014386214
SMOKE · validación técnica,being,small,1025,788,-0.061889097,-0.060478814,0.0014102831
SMOKE · validación técnica,Who,mater,4890,5705,0.023173701,0.033652857,0.010479156
SMOKE · validación técnica,cut,e,1293,321,0.029214865,0.0326418,0.0034269337
SMOKE · validación técnica,decoration,vehic,7992,4629,0.00017168163,0.00017163064,-5.098991e-08
SMOKE · validación técnica,learned,sel,812,2396,0.046870254,0.0027193082,-0.044150945
SMOKE · validación técnica,bottom,protected,2950,5653,-0.006509114,-0.00035415962,0.0061549544
SMOKE · validación técnica,crowns,ru,8106,1238,0.005682528,0.005529454,-0.00015307404
SMOKE · validación técnica,sighed,ting,2700,7953,0.08252641,0.06021908,-0.022307329
SMOKE · validación técnica,bulb,saw,4285,411,0.009335039,0.0044488246,-0.0048862146
SMOKE · validación técnica,earthquake,flock,5395,7887,0.013731718,0.011807248,-0.0019244701
SMOKE · validación técnica,fantastic,statue,7357,3689,-0.06258062,-0.07195476,-0.009374134
SMOKE · validación técnica,any,minut,707,2274,-0.0023377761,0.01414622,0.016483996
SMOKE · validación técnica,animal,borrowed,807,6908,0.0022335537,-0.009114867,-0.011348421
SMOKE · validación técnica,noodles,worried,7218,1678,-0.086300746,-0.06911227,0.017188475
SMOKE · validación técnica,How,moder,2402,3426,-0.027493339,-0.035054803,-0.007561464
SMOKE · validación técnica,love,penguins,830,6108,-0.08016373,-0.09310657,-0.012942836
SMOKE · validación técnica,known,skunk,4606,6923,-0.06429775,-0.053412832,0.010884918
SMOKE · validación técnica,banan,trotted,2418,7674,0.0433084,0.04443421,0.0011258088
SMOKE · validación técnica,names,try,3732,808,0.012358835,0.027319908,0.014961073
SMOKE · validación técnica,Hoot,biting,6681,7661,-0.08541079,-0.089275636,-0.0038648471
SMOKE · validación técnica,awesome,races,6197,7304,0.054916944,0.063587815,0.00867087
SMOKE · validación técnica,cries,storms,2675,8064,0.00079667754,0.023607628,0.02281095
SMOKE · validación técnica,catch,ev,1313,7388,-0.09913749,-0.08952834,0.009609155
SMOKE · validación técnica,o,sniffed,285,4559,-0.035305724,-0.029784916,0.0055208076
SMOKE · validación técnica,alligator,bowls,4362,6543,0.077494025,0.07032948,-0.0071645454
SMOKE · validación técnica,True,hair,4760,1351,-0.065714404,-0.030143537,0.035570867
SMOKE · validación técnica,giggled,sandcastle,2757,5011,-0.050472554,-0.07139216,-0.02091961
SMOKE · validación técnica,robb,stepped,6521,1758,-0.017020503,-0.027903944,-0.010883441
SMOKE · validación técnica,firefly,wires,7290,6325,0.06678481,0.068107374,0.0013225675
SMOKE · validación técnica,digg,embarra,4977,2329,0.010360876,0.010360911,3.4458935e-08
SMOKE · validación técnica,pee,smiley,3004,6408,0.08460881,0.070584364,-0.014024444
SMOKE · validación técnica,massage,pull,5199,1200,0.085672654,0.08588222,0.00020956248
SMOKE · validación técnica,alive,writing,4200,4551,0.023631051,0.06152194,0.03789089
SMOKE · validación técnica,mad,plucked,2049,6993,0.13939294,0.12924397,-0.010148972
SMOKE · validación técnica,calmly,weeds,7507,7849,0.0075246394,0.0035624914,-0.003962148
SMOKE · validación técnica,hopping,nest,2732,2015,0.07473823,0.06489445,-0.009843774
SMOKE · validación técnica,return,yach,2069,4137,0.04036349,0.027467107,-0.012896383
SMOKE · validación técnica,Up,ash,7446,2387,-0.045505766,-0.03346941,0.012036357
SMOKE · validación técnica,avocados,rotting,6833,7610,0.03656169,0.03455179,-0.0020098984
SMOKE · validación técnica,berries,towers,3164,3647,-0.020166945,-0.020994756,-0.00082781166
SMOKE · validación técnica,tall,teach,1403,2350,-0.045926005,-0.070002384,-0.02407638
SMOKE · validación técnica,gardens,while,8019,1002,-0.036347166,-0.045673773,-0.009326607
SMOKE · validación técnica,careful,easy,853,2632,0.090179436,0.111603975,0.02142454
SMOKE · validación técnica,din,evil,1362,7511,0.112850964,0.11047502,-0.0023759454
SMOKE · validación técnica,gentle,heav,1859,6171,0.0646314,0.0683095,0.0036780983
SMOKE · validación técnica,Spark,new,5641,575,-0.0050688293,-0.018825948,-0.013757119
SMOKE · validación técnica,comm,healed,6174,6039,-0.047604326,-0.04496723,0.0026370957
SMOKE · validación técnica,cushion,made,3993,559,0.02941725,0.02140572,-0.008011531
SMOKE · validación técnica,arrived,thirst,1454,3298,0.068613835,0.02831383,-0.040300004
SMOKE · validación técnica,bottom,hunt,2950,3039,0.017281096,0.02528454,0.0080034435
SMOKE · validación técnica,allowed,t,3423,258,-0.016023118,-0.004833717,0.011189401
SMOKE · validación técnica,player,vill,4437,2201,-0.007209759,0.00075450726,0.007964266
SMOKE · validación técnica,Le,desk,2548,3400,0.07885164,0.074032605,-0.0048190355
SMOKE · validación técnica,quacked,unusual,6179,2868,-0.026015421,-0.0355179,-0.00950248
SMOKE · validación técnica,forever,weak,2000,2723,-0.00048135966,0.030380003,0.030861363
SMOKE · validación técnica,Peter,Spring,2653,8163,-0.068385735,-0.066763595,0.0016221404
SMOKE · validación técnica,corn,val,1882,2285,-0.00234982,-0.023141436,-0.020791616
SMOKE · validación técnica,husband,trusted,6914,4763,0.0125418315,-0.010922796,-0.023464628
SMOKE · validación técnica,ar,sur,468,2215,0.043374382,0.062256478,0.018882096
SMOKE · validación técnica,salty,someone,6673,1498,-0.035159536,-0.039892595,-0.0047330596
SMOKE · validación técnica,picnics,snack,8167,1731,-0.06896717,-0.06387902,0.0050881505
SMOKE · validación técnica,Libby,separated,8074,6644,-0.09548518,-0.09386703,0.0016181469
SMOKE · validación técnica,screaming,silver,5928,3940,-0.041756056,-0.03152925,0.010226805
SMOKE · validación técnica,alive,visited,4200,4037,0.004883753,-0.052102335,-0.056986086
SMOKE · validación técnica,granddaughter,pirates,7946,4521,0.109458804,0.11685106,0.0073922575
SMOKE · validación técnica,aunt,pointing,3497,3068,0.11915605,0.09612313,-0.023032919
SMOKE · validación técnica,plants,scolded,2573,4596,-0.027254518,-0.048339352,-0.021084834
SMOKE · validación técnica,cand,wakes,2769,7516,0.09045966,0.08742961,-0.0030300468
SMOKE · validación técnica,drum,efforts,2756,7352,-0.04953283,-0.021797733,0.027735097
SMOKE · validación técnica,Suzy,earth,5581,3475,0.009623766,0.022382818,0.012759052
SMOKE · validación técnica,cloth,noticed,2407,1051,-0.101664975,-0.084112845,0.01755213
SMOKE · validación técnica,car,lead,569,2783,-0.036470644,-0.07542093,-0.038950287
SMOKE · validación técnica,scratched,us,5467,1113,-0.11918831,-0.14811322,-0.028924912
SMOKE · validación técnica,Tilly,lawy,6120,4398,0.024924845,0.023319002,-0.0016058423
SMOKE · validación técnica,resist,station,3606,3696,0.11557591,0.12665993,0.01108402
SMOKE · validación técnica,complet,neighbor,3525,2254,0.034541205,0.016490838,-0.018050367
SMOKE · validación técnica,frustr,tiptoed,2557,6796,-0.09549726,-0.09119365,0.0043036044
SMOKE · validación técnica,breat,figured,4072,5788,-0.15139416,-0.14553845,0.0058557093
SMOKE · validación técnica,beam,saving,6709,4794,0.012946043,0.033977345,0.021031301
SMOKE · validación técnica,conn,glass,6522,2719,-0.034838736,-0.030275322,0.0045634136
SMOKE · validación técnica,forehead,sizes,6297,4721,-0.11371411,-0.12370472,-0.00999061
SMOKE · validación técnica,barrel,garbage,4002,7482,0.12025241,0.1172553,-0.0029971078
SMOKE · validación técnica,hairdress,spell,7767,3808,-0.01064464,0.0041481797,0.0147928195
SMOKE · validación técnica,jog,owl,3253,1897,0.14413607,0.14929618,0.005160108
SMOKE · validación técnica,forgave,toolbox,4019,7902,-0.013503013,-0.019293142,-0.0057901293
SMOKE · validación técnica,agreed,form,1512,8090,-0.05956225,-0.037752453,0.021809798
SMOKE · validación técnica,beneath,neighbors,5469,5610,0.013534114,0.0034187473,-0.010115366
SMOKE · validación técnica,an,sharing,412,2538,-0.043668795,-0.014209146,0.02945965
SMOKE · validación técnica,poin,pow,1523,3477,-0.008433227,-0.008433239,-1.1175871e-08
SMOKE · validación técnica,nose,weighed,2021,5479,-0.021425657,0.0019341111,0.023359768
SMOKE · validación técnica,entered,have,4620,466,-0.010852352,0.053437896,0.06429025
SMOKE · validación técnica,stumbled,toilet,3215,4463,-0.031778283,-0.08544286,-0.05366458
SMOKE · validación técnica,card,explore,2322,957,-0.026243407,-0.008302073,0.017941333
SMOKE · validación técnica,g,successful,290,3280,0.03533233,0.051962897,0.016630568
SMOKE · validación técnica,dresses,olives,4869,5483,-0.008879626,-0.006818954,0.0020606723
SMOKE · validación técnica,snakes,sugar,6150,2920,0.054602824,0.062589265,0.007986441
SMOKE · validación técnica,tractor,travell,6584,5649,0.009626744,0.010976084,0.0013493393
SMOKE · validación técnica,aut,teaches,4561,6356,-0.10810906,-0.12087855,-0.0127694905
SMOKE · validación técnica,annoyed,set,7780,1369,-0.11892226,-0.104922324,0.013999939
SMOKE · validación técnica,blood,pears,5041,5756,0.0712363,0.07896612,0.007729821
SMOKE · validación técnica,whatever,x,5561,5487,-0.09049509,-0.06282483,0.027670257
SMOKE · validación técnica,grandchild,ice,7038,1423,-0.0041634887,-0.04257796,-0.03841447
SMOKE · validación técnica,sad,wind,571,970,-0.06367159,-0.070989236,-0.0073176473
SMOKE · validación técnica,powers,san,5749,7025,-0.057749737,-0.06802985,-0.010280114
SMOKE · validación técnica,monsters,pu,5419,1176,0.07793666,0.076026365,-0.0019102916
SMOKE · validación técnica,Prin,gently,6491,2304,0.04923444,0.032935396,-0.016299043
SMOKE · validación técnica,or,streamers,745,7415,0.043859106,0.07836189,0.034502786
SMOKE · validación técnica,parked,stupid,5680,3383,-0.17306538,-0.17672984,-0.0036644638
SMOKE · validación técnica,stared,tall,3893,1403,-0.08958116,-0.016700462,0.0728807
SMOKE · validación técnica,delight,teased,2319,6781,0.0012129992,0.03977377,0.03856077
SMOKE · validación técnica,bull,flying,3299,1649,-0.030496746,-0.037348915,-0.0068521686
SMOKE · validación técnica,catches,likes,6193,1428,0.12085127,0.14171131,0.020860039
SMOKE · validación técnica,coloured,of,6254,344,-0.0039760536,0.027783975,0.03176003
SMOKE · validación técnica,je,true,1748,2720,-0.020139955,-0.042857237,-0.022717282
SMOKE · validación técnica,brace,delic,3587,1301,-0.012260116,-0.004981106,0.0072790096
SMOKE · validación técnica,frowning,rotten,7414,7390,-0.0062630437,-0.005488172,0.00077487156
SMOKE · validación técnica,jewel,park,3040,566,0.07488157,0.1128219,0.03794033
SMOKE · validación técnica,guy,touch,5165,1331,-0.06165029,-0.06614713,-0.0044968426
SMOKE · validación técnica,brick,discuss,5312,5057,0.039603077,0.029309751,-0.010293325
SMOKE · validación técnica,available,mouth,3934,1760,0.11276831,0.10242356,-0.010344744
SMOKE · validación técnica,crashing,meet,7193,2211,-0.08103018,-0.11489026,-0.03386008
SMOKE · validación técnica,pr,roof,577,3193,0.034179196,0.037243705,0.0030645095
SMOKE · validación técnica,stre,wings,1799,1854,-0.006235216,0.052176625,0.05841184
SMOKE · validación técnica,chewing,doing,5991,1399,0.004633177,0.012193577,0.0075604003
SMOKE · validación técnica,exp,voices,1929,5658,0.031966455,0.034984864,0.003018409
SMOKE · validación técnica,grandpa,tipt,3186,6550,0.039884426,0.030911481,-0.008972945
SMOKE · validación técnica,pops,sa,7531,296,0.018967418,0.01687511,-0.0020923074
SMOKE · validación técnica,spong,turtles,6935,8170,0.07869271,0.078692704,-7.450581e-09
SMOKE · validación técnica,refreshing,theater,7215,4205,0.029258512,0.0050145406,-0.024243971
SMOKE · validación técnica,roll,wrinkled,1569,7876,-0.042913392,-0.041690774,0.0012226179
SMOKE · validación técnica,crackers,spaghetti,5992,3592,-0.1143426,-0.09507397,0.019268632
SMOKE · validación técnica,cooked,roses,3800,6666,0.05772996,0.05294575,-0.004784208
SMOKE · validación técnica,fin,powers,916,5749,0.0436401,0.052052513,0.008412413
SMOKE · validación técnica,s,tasting,260,7991,-0.009273317,-0.037663303,-0.028389987
SMOKE · validación técnica,eag,ste,2253,1294,0.105556145,0.09263244,-0.012923703
SMOKE · validación técnica,fascin,kick,5200,2140,-0.048897658,-0.04623711,0.0026605465
SMOKE · validación técnica,unt,whose,794,7475,-0.13237879,-0.12742716,0.004951626
SMOKE · validación técnica,supposed,unl,5098,3140,-0.07430826,-0.104116015,-0.029807754
SMOKE · validación técnica,sings,used,5416,1286,0.101534605,0.10840817,0.006873563
SMOKE · validación técnica,ais,mitten,7124,5285,0.011262709,0.016100472,0.0048377626
SMOKE · validación técnica,mane,pumpkin,6353,3342,0.030353092,0.05838403,0.02803094
SMOKE · validación técnica,sav,short,7955,4051,0.03932944,0.050418667,0.011089228
SMOKE · validación técnica,mor,single,1125,6195,-0.023641473,-0.020308938,0.0033325348
SMOKE · validación técnica,berries,cousin,3164,7144,-0.065791495,-0.058886267,0.006905228
SMOKE · validación técnica,Splash,libr,7715,3148,-0.06624575,-0.06730424,-0.0010584891
SMOKE · validación técnica,beautifully,char,7554,3430,0.036117144,0.05181636,0.015699215
SMOKE · validación técnica,arri,cones,1424,5802,0.1402666,0.14026654,-5.9604645e-08
SMOKE · validación técnica,either,thermometer,4136,4780,0.03930584,0.054424267,0.015118428
SMOKE · validación técnica,lonely,wife,1887,4372,0.020823568,0.02376542,0.0029418524
SMOKE · validación técnica,fits,ret,7346,2047,0.03603382,0.04463475,0.008600928
SMOKE · validación técnica,during,parties,5263,6468,0.06281822,0.048661023,-0.014157198
SMOKE · validación técnica,Tess,promise,6482,2123,0.008616317,0.024068847,0.01545253
SMOKE · validación técnica,bang,bumps,5089,6545,0.049061216,0.06746415,0.018402934
SMOKE · validación técnica,Inside,obser,2001,4058,0.042748615,0.030763097,-0.011985518
SMOKE · validación técnica,perfectly,sy,4255,7223,-0.027976986,-0.013968196,0.01400879
SMOKE · validación técnica,learnt,risk,4050,6340,0.033000212,0.025938466,-0.007061746
SMOKE · validación técnica,speed,watching,3640,2130,0.06552072,0.057933755,-0.0075869635
SMOKE · validación técnica,hor,marbles,2114,5087,-0.008061493,-0.0077838562,0.00027763657
SMOKE · validación técnica,chicken,whale,3029,2977,-0.012771411,0.049995378,0.06276679
SMOKE · validación técnica,guess,scaring,3006,6583,0.013754653,0.0038160328,-0.00993862
SMOKE · validación técnica,cage,red,2840,938,0.0099198595,0.031941958,0.022022098
SMOKE · validación técnica,bags,blackboard,3293,4751,-0.009016905,0.022270901,0.031287804
SMOKE · validación técnica,eye,loud,2853,867,0.06917259,0.08450918,0.015336588
SMOKE · validación técnica,berries,printing,3164,6756,0.023268577,0.036105283,0.012836706
SMOKE · validación técnica,batter,sear,3295,1590,-0.03244704,-0.036155514,-0.0037084743
SMOKE · validación técnica,refused,statues,3512,8068,0.01731423,0.0035248138,-0.013789415
SMOKE · validación técnica,goal,scream,3918,1777,-0.101584285,-0.05840189,0.043182395
SMOKE · validación técnica,fantastic,shel,7357,3438,-0.07696825,-0.083333805,-0.0063655525
SMOKE · validación técnica,gained,pecked,5569,7015,-0.0066467263,-0.016197525,-0.009550799
SMOKE · validación técnica,steady,switch,7281,3821,0.09571105,0.09225472,-0.0034563318
SMOKE · validación técnica,bake,blocked,2843,7459,0.08970122,0.08895391,-0.00074730814
SMOKE · validación técnica,Jay,wipes,6498,6658,0.05831309,0.06057148,0.0022583902
SMOKE · validación técnica,careful,dessert,853,3943,-0.04626999,-0.058372494,-0.012102503
SMOKE · validación técnica,Anna,playroom,792,7339,-0.044246495,-0.030901691,0.013344804
SMOKE · validación técnica,drifted,persistent,6477,3533,-0.051058955,-0.035593122,0.015465833
SMOKE · validación técnica,coloring,lucky,6566,2120,-0.06305979,-0.04890778,0.014152013
SMOKE · validación técnica,This,sunlight,1568,5110,-0.04147202,-0.038335506,0.0031365156
SMOKE · validación técnica,As,sure,1237,1117,-0.017618569,0.0854439,0.103062466
SMOKE · validación técnica,Cle,peanut,7724,3356,0.014303325,0.027932197,0.013628872
SMOKE · validación técnica,tricycle,weigh,7597,4734,0.029920032,0.07906742,0.049147382
SMOKE · validación técnica,How,peaches,2402,5905,-0.052805975,-0.029353024,0.02345295
SMOKE · validación técnica,Tiger,jelly,7919,2728,-0.14032865,-0.126507,0.013821647
SMOKE · validación técnica,elephants,gar,5178,2742,0.030068194,0.043023527,0.012955332
SMOKE · validación técnica,mot,steel,2617,5725,-0.08172402,-0.08904594,-0.007321924
SMOKE · validación técnica,pass,shield,2324,3626,0.026034698,0.021577284,-0.004457414
SMOKE · validación técnica,something,whisp,560,2576,0.034210544,-0.00897393,-0.043184474
SMOKE · validación técnica,fara,w,6169,261,-0.062907495,-0.06149269,0.0014148057
SMOKE · validación técnica,Are,Freddy,4016,5025,-0.05640842,-0.052229602,0.0041788183
SMOKE · validación técnica,seconds,worn,6876,6996,0.053466894,0.045401126,-0.008065768
SMOKE · validación técnica,ignore,scurry,4934,7534,0.00078138895,-0.011325547,-0.0121069355
SMOKE · validación técnica,whatever,yelled,5561,2594,-0.054971218,-0.023010409,0.031960808
SMOKE · validación técnica,squee,tipt,3005,6550,0.024943125,0.013919044,-0.01102408
SMOKE · validación técnica,baking,think,4329,1066,0.10378138,0.05198919,-0.05179219
SMOKE · validación técnica,dr,prot,1239,2208,-0.01329518,-0.02045517,-0.0071599903
SMOKE · validación técnica,chair,robots,1873,7903,-0.091941565,-0.06256618,0.029375382
SMOKE · validación técnica,answer,mister,2279,5428,-0.050546914,-0.04898128,0.0015656352
SMOKE · validación técnica,continue,fr,5361,983,0.031913094,0.028213006,-0.0037000887
SMOKE · validación técnica,bandage,rock,3822,947,0.015648415,0.030343223,0.014694808
SMOKE · validación técnica,original,sett,3349,3621,0.08098334,0.10480061,0.023817271
SMOKE · validación técnica,rotting,slower,7610,6947,0.015054936,0.015054924,-1.1175871e-08
SMOKE · validación técnica,coc,gate,7014,2671,0.04714622,0.06593348,0.018787261
SMOKE · validación técnica,lid,ne,4179,401,0.02567832,0.02181008,-0.003868239
SMOKE · validación técnica,happening,health,2910,6607,0.038089003,0.009963947,-0.028125055
SMOKE · validación técnica,kneeled,wip,6109,2472,0.11330037,0.13810185,0.024801478
SMOKE · validación técnica,cried,melt,1348,3051,0.010492945,0.048971616,0.038478673
SMOKE · validación técnica,cleaning,dif,3194,1036,0.075216055,0.092917494,0.01770144
SMOKE · validación técnica,spoon,sym,2080,3880,-0.083690666,-0.0722095,0.011481166
SMOKE · validación técnica,J,eager,471,2907,-0.017035011,0.037450664,0.054485675
SMOKE · validación técnica,mesmerized,shouldn,7306,4325,-0.0046517104,-0.0156248985,-0.010973188
SMOKE · validación técnica,barber,that,3556,357,0.083406344,0.021933146,-0.0614732
SMOKE · validación técnica,Red,zigzag,4091,5782,-0.1097078,-0.09399229,0.01571551
SMOKE · validación técnica,igloo,seems,4654,6189,-0.07083838,-0.07250598,-0.0016676039
SMOKE · validación técnica,drown,rug,8023,3596,0.05024469,0.038833883,-0.011410806
SMOKE · validación técnica,continue,disagreed,5361,5363,0.030416764,0.03995325,0.009536486
SMOKE · validación técnica,Lizzy,stranger,6263,3460,-0.03338332,-0.025065009,0.0083183125
SMOKE · validación técnica,louder,relie,2963,1950,-0.1326288,-0.1214721,0.011156701
SMOKE · validación técnica,dolls,tied,1757,3516,-0.009847276,-0.040927354,-0.031080078
SMOKE · validación técnica,Pip,backwards,5708,6943,-0.041644104,-0.02711609,0.014528014
SMOKE · validación técnica,bridges,ga,5675,4955,0.018757451,0.023541834,0.004784383
SMOKE · validación técnica,battery,practicing,4789,5402,-0.05405427,-0.068227015,-0.014172744
SMOKE · validación técnica,butter,sandwich,1189,2587,-0.04092421,-0.045454554,-0.004530344
SMOKE · validación técnica,final,und,7230,7338,0.07049003,0.08086791,0.010377876
SMOKE · validación técnica,even,norm,840,3035,0.008775342,0.020011734,0.011236392
SMOKE · validación técnica,Snowy,wow,4879,6417,0.02233202,0.020811092,-0.001520928
SMOKE · validación técnica,money,pops,1679,7531,-0.002318602,-0.0045563765,-0.0022377744
SMOKE · validación técnica,figure,pinch,2932,4534,0.14032881,0.10707979,-0.03324902
SMOKE · validación técnica,after,planes,1054,5017,-0.12456028,-0.1014939,0.02306638
SMOKE · validación técnica,dep,risks,8085,7559,0.021492183,0.013853196,-0.007638987
SMOKE · validación técnica,ahead,healed,3668,6039,-0.05083421,-0.027800612,0.023033597
SMOKE · validación técnica,plays,vel,5072,5253,0.0068722144,-0.0049593374,-0.011831552
SMOKE · validación técnica,bat,gasp,1987,7058,-0.08574678,-0.09770619,-0.011959411
SMOKE · validación técnica,balance,kayak,3065,4278,0.014706889,-0.01629246,-0.03099935
SMOKE · validación técnica,movements,weeke,8164,6619,0.04949903,0.04432341,-0.0051756203
SMOKE · validación técnica,mentioned,oatmeal,5720,7448,0.009199696,0.008724619,-0.00047507696
SMOKE · validación técnica,his,waters,350,8097,0.05353627,0.032311525,-0.021224745
SMOKE · validación técnica,calendar,reapp,4941,7653,0.05014334,0.04783173,-0.0023116097
SMOKE · validación técnica,Sorry,fact,6632,6726,0.060753196,0.06721893,0.006465733
SMOKE · validación técnica,Sometimes,mum,2467,1250,0.037929937,0.026110407,-0.01181953
SMOKE · validación técnica,sadly,shocked,3681,3613,0.060419135,0.05521543,-0.0052037053
SMOKE · validación técnica,knight,r,2685,329,0.030673174,-0.026593728,-0.057266902
SMOKE · validación técnica,What,brightly,1602,3275,-0.042018052,-0.029987687,0.012030365
SMOKE · validación técnica,charac,novels,7128,8072,-0.026912784,-0.02691274,4.4703484e-08
SMOKE · validación técnica,couldn,wre,736,5302,-0.0040353127,0.024869032,0.028904345
SMOKE · validación técnica,Well,hurricane,7394,5349,0.07420624,0.098480195,0.024273954
SMOKE · validación técnica,cho,reco,1728,3849,0.0075671077,0.01513414,0.0075670322
SMOKE · validación técnica,brand,puppy,5400,1546,-0.051809255,-0.042835347,0.008973908
SMOKE · validación técnica,Matt,chew,6051,2739,0.14261594,0.14325067,0.00063472986
SMOKE · validación técnica,bag,strang,1363,5281,-0.020077744,0.0023872415,0.022464987
SMOKE · validación técnica,There,nearest,1500,7873,0.10071412,0.07034671,-0.030367404
SMOKE · validación técnica,marked,sp,6420,448,-0.02505131,-0.03314246,-0.008091148
SMOKE · validación técnica,ext,suddenly,2807,1833,-0.04419697,-0.078322366,-0.034125395
SMOKE · validación técnica,understanding,wall,4809,1502,0.07598555,0.072021484,-0.0039640665
SMOKE · validación técnica,pieces,twist,1673,2944,0.011617462,0.036670566,0.025053103
SMOKE · validación técnica,consequ,din,6729,1362,0.04491098,0.04491102,4.0978193e-08
SMOKE · validación técnica,chewed,correctly,5306,8182,-0.03580346,0.002771102,0.03857456
SMOKE · validación técnica,babies,letting,5868,4785,0.08344693,0.045200977,-0.03824595
SMOKE · validación técnica,flea,stitches,4461,7408,-0.047979336,-0.042704362,0.005274974
SMOKE · validación técnica,scarecrow,separate,7907,4507,-0.025588304,-0.025388017,0.00020028651
SMOKE · validación técnica,bo,gen,435,2450,-0.03678522,-0.047181733,-0.010396514
SMOKE · validación técnica,gu,lovely,1683,2184,0.019911222,0.0088103935,-0.011100829
SMOKE · validación técnica,Jay,birdie,6498,3294,0.07074689,0.06995299,-0.00079390407
SMOKE · validación técnica,kne,screamed,664,2293,0.075311214,0.083028115,0.0077169016
SMOKE · validación técnica,harmless,pink,3595,1521,-0.08397194,-0.07797404,0.0059979036
SMOKE · validación técnica,Y,barely,6415,5656,0.033459026,0.027333869,-0.0061251577
SMOKE · validación técnica,dishwasher,pins,4539,7517,0.0034822067,0.010947528,0.0074653216
SMOKE · validación técnica,Tiger,about,7919,667,-0.105766416,-0.092777595,0.012988821
SMOKE · validación técnica,gathered,of,2601,344,0.02472269,0.08523175,0.060509063
SMOKE · validación técnica,Maybe,pup,1606,3388,0.07885126,0.057373695,-0.021477565
SMOKE · validación técnica,Quick,bathe,7404,5085,0.007215891,0.012726273,0.0055103824
SMOKE · validación técnica,complete,tumbled,4183,7817,0.048696764,0.018809259,-0.029887505
SMOKE · validación técnica,fresh,needles,3324,6738,0.010504663,0.020465277,0.009960614
SMOKE · validación técnica,could,mineral,453,5355,0.14772116,0.094053745,-0.05366741
SMOKE · validación técnica,do,oats,391,5387,0.06848942,0.07239346,0.0039040446
SMOKE · validación técnica,Q,twinkle,6932,6377,0.025127389,0.018111758,-0.0070156306
SMOKE · validación técnica,lived,soot,903,8088,0.0645697,0.061573416,-0.0029962808
SMOKE · validación técnica,months,safer,7363,6208,0.047918417,0.029530296,-0.01838812
SMOKE · validación técnica,Chloe,hour,5889,6818,0.07337665,0.062908076,-0.010468572
SMOKE · validación técnica,event,seashells,5409,7581,-0.08639027,-0.022963578,0.063426696
SMOKE · validación técnica,nervously,patient,7413,2051,0.07804763,0.05609595,-0.021951683
SMOKE · validación técnica,angry,remembering,949,7155,0.07169232,-0.0033043753,-0.074996695
SMOKE · validación técnica,beads,chefs,6316,7142,-0.11284281,-0.10438309,0.0084597245
SMOKE · validación técnica,faced,puddle,6282,2437,0.04905279,0.04451087,-0.0045419186
SMOKE · validación técnica,breaking,vanish,5715,6233,-0.17435588,-0.17219001,0.0021658689
SMOKE · validación técnica,Che,crown,6622,2818,-0.051458675,-0.028741848,0.022716828
SMOKE · validación técnica,conduct,joke,7644,2859,-0.05496095,-0.029082892,0.025878059
SMOKE · validación técnica,Jerry,pirate,4068,3474,-0.022630017,-0.027235653,-0.004605636
SMOKE · validación técnica,munching,smaller,8180,3243,-0.054290246,-0.04002271,0.014267538
SMOKE · validación técnica,penny,tramp,3522,6867,-0.045137655,-0.01900483,0.026132826
SMOKE · validación técnica,beep,rever,3917,4294,0.08816705,0.06071553,-0.027451519
SMOKE · validación técnica,Something,digg,5771,4977,0.066294715,0.0601649,-0.006129816
SMOKE · validación técnica,argue,comput,4558,3333,0.090524025,0.09144324,0.0009192154
SMOKE · validación técnica,Jax,jars,7167,7957,-0.018882185,-0.026652679,-0.0077704936
SMOKE · validación técnica,Give,remember,3991,1063,-0.008402803,0.0030836007,0.011486404
SMOKE · validación técnica,creating,lungs,6038,6864,-0.020676874,-0.0060723834,0.01460449
SMOKE · validación técnica,band,flames,2095,6319,-0.066968165,-0.055567782,0.011400383
SMOKE · validación técnica,comet,slid,4098,2294,0.0596919,0.0620904,0.002398502
SMOKE · validación técnica,captain,dreams,4980,3107,-0.09727125,-0.08719376,0.010077491
SMOKE · validación técnica,grab,veterinarian,2118,4438,0.0053239893,0.01077679,0.0054528005
SMOKE · validación técnica,noses,poss,6751,7207,0.0641512,0.040676232,-0.023474965
SMOKE · validación técnica,Tilly,strength,6120,4494,0.06455763,0.062020842,-0.0025367849
SMOKE · validación técnica,sat,triangles,1385,7139,0.08130392,0.06833488,-0.012969039
SMOKE · validación técnica,discoveries,sausage,7808,5101,-0.068745665,-0.05746895,0.0112767145
SMOKE · validación técnica,bowed,freeze,5528,5563,0.005147334,-0.00035300478,-0.005500339
SMOKE · validación técnica,center,glad,6785,1229,0.0683436,0.06503787,-0.0033057332
SMOKE · validación técnica,recorded,watched,6032,1105,-0.0721344,-0.046267897,0.025866501
SMOKE · validación técnica,broke,cr,1767,1154,0.028863018,0.01330887,-0.015554149
SMOKE · validación técnica,Freddie,arg,7736,3012,0.016311325,0.010807384,-0.0055039413
SMOKE · validación técnica,Claire,Snowman,6257,7812,0.025550481,0.0069757234,-0.018574758
SMOKE · validación técnica,Stop,scrambled,5943,7705,0.03487648,0.030882213,-0.0039942674
SMOKE · validación técnica,She,cudd,313,3255,-0.02858768,-0.04778178,-0.0191941
SMOKE · validación técnica,accept,cooking,3049,3569,-0.06345278,-0.056109127,0.0073436536
SMOKE · validación técnica,beamed,scooters,4889,7862,-0.07676631,-0.054776713,0.021989599
SMOKE · validación técnica,Come,laid,2188,5161,0.052589174,0.05153447,-0.0010547042
SMOKE · validación técnica,stupid,ward,3383,4590,0.063625254,0.07835062,0.014725365
SMOKE · validación técnica,snacks,unite,2549,5091,0.027968988,0.028614359,0.00064537115
SMOKE · validación técnica,attract,thre,3659,1612,-0.045661353,-0.045661375,-2.2351742e-08
SMOKE · validación técnica,bubbles,crazy,2930,3593,-0.021998655,-0.008785263,0.013213392
SMOKE · validación técnica,To,destroyed,1598,4940,0.007433988,0.052818514,0.045384526
SMOKE · validación técnica,exactly,reach,5638,1712,0.09572491,0.12341692,0.027692012
SMOKE · validación técnica,treasures,whose,3970,7475,-0.092911586,-0.103763156,-0.0108515695
SMOKE · validación técnica,ponies,print,7429,3471,-0.06801766,-0.06490116,0.0031165034
SMOKE · validación técnica,lollipop,neighbour,3627,3976,-0.035971493,-0.021546274,0.014425218
SMOKE · validación técnica,thro,writing,6121,4551,0.010189546,0.004468348,-0.0057211984
SMOKE · validación técnica,ant,helicopter,2400,4288,0.08077898,0.07536224,-0.005416736
SMOKE · validación técnica,mint,sunglasses,4788,4653,-0.058804974,-0.0583852,0.00041977316
SMOKE · validación técnica,dentist,wealth,6022,7934,0.10198053,0.10117471,-0.00080581754
SMOKE · validación técnica,Frosty,slimy,7911,6006,-0.014593877,-0.016108323,-0.001514446
SMOKE · validación técnica,Elsa,prince,7535,2546,-0.06936658,-0.046126477,0.023240104
SMOKE · validación técnica,Tim,mo,440,727,0.012041237,0.014363527,0.00232229
SMOKE · validación técnica,napkin,short,4297,4051,-0.043492895,-0.033472516,0.010020379
SMOKE · validación técnica,chocol,postman,2391,7059,-0.020164505,-0.01871425,0.0014502555
SMOKE · validación técnica,flying,glitter,1649,5497,0.023121022,0.023548855,0.00042783283
SMOKE · validación técnica,ordinary,thu,3622,3209,-0.006990417,-0.013914282,-0.0069238655
SMOKE · validación técnica,evil,slipping,7511,7762,0.1406316,0.14109546,0.00046385825
SMOKE · validación técnica,lively,occas,3903,7356,0.035388835,0.019074567,-0.016314268
SMOKE · validación técnica,hoop,toward,3414,7479,-0.029391738,-0.043889478,-0.01449774
SMOKE · validación técnica,from,modern,573,3469,-0.044134848,-0.043336123,0.0007987246
SMOKE · validación técnica,cobwebs,file,7579,4676,0.06247898,0.058892645,-0.0035863332
SMOKE · validación técnica,Abi,cushion,8124,3993,0.025025181,0.03262108,0.0075958967
SMOKE · validación técnica,destroy,grandchild,3750,7038,0.035061732,0.014993078,-0.020068653
SMOKE · validación técnica,cups,truck,4387,1043,0.03687107,0.041478068,0.0046069995
SMOKE · validación técnica,flapped,spread,4574,2383,0.018579949,0.06675162,0.048171673
SMOKE · validación técnica,Mandy,noodles,3631,7218,0.0028395765,0.015094437,0.01225486
SMOKE · validación técnica,candy,says,1739,578,0.022988232,0.032035753,0.009047521
SMOKE · validación técnica,guests,powder,7022,4338,0.012546329,0.012073731,-0.00047259778
SMOKE · validación técnica,opening,wrinkled,6305,7876,0.018270113,0.032422863,0.01415275
SMOKE · validación técnica,El,make,6736,551,-0.012012449,-0.03458281,-0.02257036
SMOKE · validación técnica,Or,siren,4545,6035,-0.1046502,-0.12468411,-0.02003391
SMOKE · validación técnica,accomplishment,stomach,6972,5093,-0.048678726,-0.032594524,0.016084202
SMOKE · validación técnica,begin,need,5558,785,0.04217775,0.0994302,0.05725245
SMOKE · validación técnica,glittering,popular,8175,3467,-0.034567107,-0.01673601,0.017831096
SMOKE · validación técnica,sneak,throwing,4296,4593,0.09050018,0.10449082,0.013990633
SMOKE · validación técnica,Do,perfect,1318,1524,0.039002232,0.042452544,0.0034503117
SMOKE · validación técnica,First,marked,5538,6420,0.073107496,0.07077749,-0.0023300052
SMOKE · validación técnica,neighbors,rude,5610,2411,0.07930168,0.083818346,0.0045166686
SMOKE · validación técnica,investig,sights,4509,5717,-0.061085913,-0.07124168,-0.0101557635
SMOKE · validación técnica,elderly,waits,2904,5493,0.04931368,0.049261026,-5.2653253e-05
SMOKE · validación técnica,lux,printer,5792,5659,-0.077331744,-0.05166559,0.025666155
SMOKE · validación técnica,hears,nearly,2545,7233,-0.11277494,-0.10450065,0.008274287
SMOKE · validación técnica,explored,fam,3190,865,-0.09282708,-0.07698472,0.015842363
SMOKE · validación técnica,Christmas,deser,6278,5950,0.095302284,0.07219611,-0.023106173
SMOKE · validación técnica,Sure,liquid,5968,6239,-0.10579866,-0.097245865,0.008552797
SMOKE · validación técnica,mag,rhino,1145,4122,-0.065794036,-0.065794036,0.0
SMOKE · validación técnica,brave,everywhere,911,1729,-0.0427956,-0.020071462,0.022724137
SMOKE · validación técnica,queen,stool,2836,7084,0.03980027,0.039239533,-0.00056073815
SMOKE · validación técnica,grapes,lear,4135,4040,-0.09532767,-0.09647654,-0.0011488721
SMOKE · validación técnica,Tweet,dri,2185,1382,-0.018685605,-0.028373376,-0.00968777
SMOKE · validación técnica,hoping,quacked,4085,6179,-0.021300275,-0.013267495,0.00803278
SMOKE · validación técnica,last,toe,2348,5237,-0.030209912,0.0055547087,0.03576462
SMOKE · validación técnica,comple,pear,5458,4688,0.07170746,0.089383185,0.017675728
SMOKE · validación técnica,club,favour,3876,2962,0.05418972,0.076680385,0.022490665
SMOKE · validación técnica,Doggy,do,6757,391,0.0236233,0.04502006,0.021396758
SMOKE · validación técnica,copy,ponies,6761,7429,-0.14147311,-0.13737825,0.004094869
SMOKE · validación técnica,Rachel,squirrel,4651,1509,-0.079934984,-0.03533622,0.044598766
SMOKE · validación técnica,jack,real,3092,976,-0.018931676,-0.022239348,-0.0033076722
SMOKE · validación técnica,pap,surround,1311,4527,-0.073884785,-0.073481664,0.0004031211
SMOKE · validación técnica,magnif,matching,8066,5912,0.06667581,0.0772331,0.010557286
SMOKE · validación técnica,bushes,v,3199,632,0.17863297,0.14880118,-0.029831797
SMOKE · validación técnica,present,rays,2189,7848,-0.038868915,-0.04112741,-0.0022584945
SMOKE · validación técnica,birdhouse,loving,8050,5645,-0.076169625,-0.073239155,0.0029304698
SMOKE · validación técnica,Bow,faded,7684,7270,0.094083816,0.08057161,-0.013512209
SMOKE · validación técnica,Clara,west,4841,5816,0.025991425,0.021501876,-0.0044895485
SMOKE · validación técnica,lend,mosquito,4307,4431,-0.050484855,-0.042861857,0.007622998
SMOKE · validación técnica,fold,pal,2435,4322,-0.023863543,-0.025384007,-0.0015204642
SMOKE · validación técnica,dark,glob,1378,8100,-0.06697798,-0.069842726,-0.0028647482
SMOKE · validación técnica,mad,scared,2049,629,0.06684463,0.14862202,0.081777394
SMOKE · validación técnica,calmed,deserve,6476,6893,-0.044056155,-0.05328166,-0.009225506
SMOKE · validación técnica,sun,sweeties,730,6103,-0.12160075,-0.10264597,0.018954776
SMOKE · validación técnica,belts,cuddle,7409,5654,0.047359474,0.0698059,0.022446424
SMOKE · validación técnica,beep,swaying,3917,8033,-0.06333807,-0.04005592,0.023282152
SMOKE · validación técnica,firemen,master,5761,7271,0.098916754,0.08385613,-0.015060626
SMOKE · validación técnica,She,shall,313,7956,-0.05763965,-0.020816669,0.036822982
SMOKE · validación técnica,belongs,forgiven,4544,6696,0.056615576,0.10519461,0.048579037
SMOKE · validación técnica,costume,stored,4044,7856,-0.045191944,-0.06339349,-0.018201545
SMOKE · validación técnica,doctor,wood,1796,1376,0.11307055,0.1689451,0.055874556
SMOKE · validación técnica,Le,yogurt,2548,4540,-0.03487961,-0.043016564,-0.008136954
SMOKE · validación técnica,goal,twin,3918,6446,0.08226461,0.092051,0.00978639
SMOKE · validación técnica,batter,had,3295,359,0.07897148,0.054951165,-0.024020318
SMOKE · validación técnica,Kim,Pinky,3649,6772,0.0066395625,0.00845884,0.0018192772
SMOKE · validación técnica,grateful,independ,1716,3191,0.1187128,0.10880147,-0.009911329
SMOKE · validación técnica,quit,reminds,4273,8065,0.050140053,0.03096412,-0.019175934
SMOKE · validación técnica,cir,neck,2042,1937,0.03767617,0.026527919,-0.011148252
SMOKE · validación técnica,ladder,lift,2347,2089,0.041233398,0.058353804,0.017120406
SMOKE · validación técnica,broke,bunnies,1767,5589,0.0320786,0.03194004,-0.00013856217
SMOKE · validación técnica,Chirpy,wip,5508,2472,-0.031297356,-0.01476332,0.016534036
SMOKE · validación técnica,Satur,gate,8191,2671,0.12144525,0.1299527,0.008507445
SMOKE · validación técnica,drove,teasing,1852,5851,-0.016105792,0.016881336,0.032987125
SMOKE · validación técnica,cush,preparing,3635,7351,-0.10908805,-0.11437429,-0.005286239
SMOKE · validación técnica,dir,picking,1456,3311,0.016680382,0.006842199,-0.009838183
SMOKE · validación técnica,soldiers,willing,5171,6753,0.12097842,0.112427294,-0.008551128
SMOKE · validación técnica,grace,pennies,3028,7442,0.078340024,0.08103536,0.002695337
SMOKE · validación técnica,dam,sighed,5818,2700,0.0027310308,0.014233541,0.01150251
SMOKE · validación técnica,birds,marching,1204,5300,-0.012162764,0.013368257,0.02553102
SMOKE · validación técnica,looks,splashes,1344,6459,-0.12935114,-0.10889186,0.02045928
SMOKE · validación técnica,Ro,supply,4287,4737,0.015014771,-0.000232663,-0.015247434
SMOKE · validación técnica,firefighter,vac,6928,4724,-0.016209695,-0.020037815,-0.0038281195
SMOKE · validación técnica,cla,through,1394,1241,0.0622529,0.067908674,0.005655773
SMOKE · validación técnica,met,sadder,1564,8181,-0.04161012,0.013093165,0.054703288
SMOKE · validación técnica,spoonful,these,6829,2656,0.097163156,0.12864663,0.03148347
SMOKE · validación técnica,business,rope,7633,2180,0.100273475,0.09530406,-0.004969418
SMOKE · validación técnica,langu,trust,4209,2471,0.0201001,0.002589617,-0.017510483
SMOKE · validación técnica,cats,enth,3825,3672,-0.05821915,-0.04501228,0.013206869
SMOKE · validación técnica,alive,coo,4200,2389,-0.0044583827,-0.020715058,-0.016256675
SMOKE · validación técnica,Sw,bell,7430,2338,0.06526669,0.059397113,-0.0058695786
SMOKE · validación técnica,elephant,welc,1934,1744,0.027152997,0.030133124,0.002980128
SMOKE · validación técnica,kitten,neigh,2412,1823,-0.05270034,-0.04793875,0.0047615916
SMOKE · validación técnica,Millie,excitedly,4182,3264,-0.038493477,-0.009241249,0.029252227
SMOKE · validación técnica,bothering,super,8073,3835,0.01611476,0.01774915,0.0016343892
SMOKE · validación técnica,bookcase,radish,4703,4366,-0.018205434,-0.0076193735,0.010586061
SMOKE · validación técnica,bare,dizzy,5461,2995,0.016813587,0.0132202,-0.003593387
SMOKE · validación técnica,bows,thing,6850,1278,-0.02273551,0.012782529,0.03551804
SMOKE · validación técnica,duckling,house,7397,721,0.00876913,0.003553193,-0.0052159373
SMOKE · validación técnica,Sc,pale,7296,3625,0.10284822,0.090765715,-0.012082502
SMOKE · validación técnica,fears,joy,6884,1562,-0.108662434,-0.106513314,0.00214912
SMOKE · validación técnica,chips,microscope,6074,4381,0.030414147,0.023662334,-0.006751813
SMOKE · validación técnica,fence,mach,1871,2245,-0.012210155,-0.0041743056,0.00803585
SMOKE · validación técnica,El,enough,6736,1505,0.051965244,0.044609245,-0.007355999
SMOKE · validación técnica,hesit,trump,5139,3534,0.003315703,-0.008895732,-0.0122114355
SMOKE · validación técnica,Until,candles,7037,4959,0.06453423,0.056739915,-0.007794317
SMOKE · validación técnica,hi,penguins,6380,6108,0.01407215,-0.00037572533,-0.014447875
SMOKE · validación técnica,grandpare,sit,6787,1622,-0.051050276,-0.049916916,0.00113336
SMOKE · validación técnica,forward,miles,2419,6370,-0.08840394,-0.049883198,0.038520742
SMOKE · validación técnica,hair,pants,1351,3651,-0.006116407,0.031702105,0.037818514
SMOKE · validación técnica,ants,slowed,4139,8058,0.00080055185,-0.0050101713,-0.005810723
SMOKE · validación técnica,rope,spray,2180,2384,-0.00048656948,-0.024274,-0.023787431
SMOKE · validación técnica,Fox,welcome,6888,1895,0.049770676,0.0828397,0.033069022
SMOKE · validación técnica,bl,dog,624,643,-0.01608194,0.009689252,0.025771193
SMOKE · validación técnica,dictionary,unpacked,4946,6388,-0.08170834,-0.095629945,-0.013921604
SMOKE · validación técnica,Daisy,won,1488,1632,0.018831905,0.01812186,-0.00071004406
SMOKE · validación técnica,Buzz,got,5125,613,0.016705623,-0.04148995,-0.058195576
SMOKE · validación técnica,mole,wiggle,3304,7004,0.011806565,0.01006409,-0.0017424757
SMOKE · validación técnica,Uncle,remained,5683,5182,0.006997809,0.027775899,0.02077809
SMOKE · validación técnica,exact,shirts,5543,6702,0.019968944,0.0164973,-0.0034716446
SMOKE · validación técnica,appear,wobble,5299,7438,-0.09505369,-0.059789445,0.035264242
SMOKE · validación técnica,bee,blocking,1790,6755,0.04156443,-0.00037577003,-0.0419402
SMOKE · validación técnica,Kim,Z,3649,2650,-0.09468918,-0.097593926,-0.002904743
SMOKE · validación técnica,invit,journ,5067,4419,-0.026866078,-0.026866028,5.029142e-08
SMOKE · validación técnica,D,respond,639,7117,0.0423773,0.040857323,-0.001519978
SMOKE · validación técnica,allowed,bread,3423,2163,-0.081537664,-0.0464339,0.035103764
SMOKE · validación técnica,delic,spread,1301,2383,0.032980002,0.038078055,0.0050980523
SMOKE · validación técnica,itch,pare,4496,1258,-0.027024083,-0.018214844,0.008809239
SMOKE · validación técnica,Mr,chasing,1815,3567,-0.005717486,-0.0071090236,-0.0013915375
SMOKE · validación técnica,respect,scraped,2299,7103,-0.045401253,-0.0010857228,0.04431553
SMOKE · validación técnica,Buzzy,strugg,6016,4113,0.072777614,0.07501667,0.002239056
SMOKE · validación técnica,belongings,glove,7662,4243,0.0562546,0.057822462,0.0015678629
SMOKE · validación técnica,fa,hides,537,7156,-0.028079506,-0.024179986,0.0038995203
SMOKE · validación técnica,garden,plastic,846,4457,-0.07337405,-0.018493526,0.054880522
SMOKE · validación técnica,def,permission,6397,4989,0.06462419,0.05260206,-0.01202213
SMOKE · validación técnica,determination,terrible,6422,3441,0.07351188,0.08022895,0.0067170635
SMOKE · validación técnica,coach,excited,7591,609,-0.002346781,0.028163943,0.030510724
SMOKE · validación técnica,Will,moved,4371,1902,0.08474427,0.056058686,-0.028685581
SMOKE · validación técnica,listened,taste,1579,2448,0.020121599,0.05035067,0.030229071
SMOKE · validación técnica,Maybe,crown,1606,2818,0.102329664,0.05417342,-0.048156243
SMOKE · validación técnica,chocolates,game,7664,1256,0.052981436,0.056631982,0.003650546
SMOKE · validación técnica,attack,clum,6470,3355,0.052252453,0.05693631,0.004683856
SMOKE · validación técnica,felt,speaking,508,6449,0.05691036,0.011861812,-0.045048546
SMOKE · validación técnica,ba,fruits,1202,2821,0.11240913,0.07710788,-0.035301253
SMOKE · validación técnica,demand,shouted,4704,1267,0.016101383,0.015077308,-0.0010240749
SMOKE · validación técnica,fauc,who,4409,588,0.022710413,0.031255774,0.008545361
SMOKE · validación técnica,barks,resisted,4430,6941,-0.007338604,-0.009305619,-0.0019670147
SMOKE · validación técnica,plane,stands,2179,7367,-0.05042731,-0.05909087,-0.008663561
SMOKE · validación técnica,dive,mice,4127,5521,0.11493539,0.12229308,0.0073576868
SMOKE · validación técnica,pres,yes,2136,1486,0.037568904,0.083177805,0.0456089
SMOKE · validación técnica,needed,scattered,1383,4853,0.04494715,0.09272549,0.047778342
SMOKE · validación técnica,float,sights,4695,5717,-0.0068904515,-0.008076746,-0.0011862945
SMOKE · validación técnica,directions,jew,6462,2592,0.031109393,0.061489105,0.030379713
SMOKE · validación técnica,Grace,pause,4014,6348,0.034487918,0.030509852,-0.003978066
SMOKE · validación técnica,giggle,gratitude,3888,8126,0.071045846,0.059729133,-0.011316713
SMOKE · validación técnica,back,dest,486,2779,-0.092314675,-0.0873473,0.0049673766
SMOKE · validación técnica,wandered,wished,4764,1400,-0.00090771075,-0.0019419361,-0.0010342253
SMOKE · validación técnica,hops,self,7070,8131,-0.10375771,-0.12249796,-0.018740252
SMOKE · validación técnica,Soon,remembered,2073,1359,-0.12348836,-0.16756546,-0.044077106
SMOKE · validación técnica,ache,swirl,7092,6427,-0.034080204,-0.021464108,0.012616096
SMOKE · validación técnica,model,try,5049,808,0.0020193886,-0.0200686,-0.02208799
SMOKE · validación técnica,Jamie,ears,6027,3089,-0.045790948,-0.036574703,0.009216245
SMOKE · validación técnica,Mag,sneak,7756,4296,-0.032735646,-0.047253657,-0.014518011
SMOKE · validación técnica,clumsy,its,3408,914,0.017551593,0.051980317,0.034428723
SMOKE · validación técnica,frown,sleeping,3032,3564,0.008180565,0.04100623,0.032825664
SMOKE · validación técnica,jar,sounded,1943,3143,-0.09718036,-0.11215611,-0.014975749
SMOKE · validación técnica,surround,worse,4527,5244,-0.10940716,-0.11471966,-0.0053125024
SMOKE · validación técnica,candles,soaking,4959,7589,0.037268765,0.03710585,-0.0001629144
SMOKE · validación técnica,always,ex,650,463,-0.021295704,-0.09566521,-0.074369505
SMOKE · validación técnica,Ru,begged,8102,5013,-0.07118331,-0.064252034,0.006931275
SMOKE · validación técnica,rout,ru,7050,1238,0.11622274,0.107557654,-0.008665085
SMOKE · validación técnica,Dad,yielded,1042,7061,-0.027900819,-0.03241048,-0.0045096613
SMOKE · validación técnica,Honey,behavi,7884,6585,0.020113088,0.010596983,-0.009516105
SMOKE · validación técnica,express,outside,7002,674,0.07747467,0.07700039,-0.0004742816
SMOKE · validación técnica,musician,relax,4775,2714,0.0130911805,0.013071105,-2.007559e-05
SMOKE · validación técnica,dolphin,roses,3660,6666,0.059921533,0.051181108,-0.008740425
SMOKE · validación técnica,buildings,playing,5231,607,0.05174317,0.066682115,0.014938947
SMOKE · validación técnica,burned,fresh,4548,3324,0.074518606,0.042886574,-0.031632032
SMOKE · validación técnica,free,sneaked,1849,5881,-0.13594067,-0.13482213,0.0011185408
SMOKE · validación técnica,copy,simply,6761,7966,-0.16544588,-0.1584996,0.0069462806
SMOKE · validación técnica,petted,spicy,5425,2486,-0.020988591,-0.016015273,0.0049733184
SMOKE · validación técnica,coats,writing,5062,4551,0.08450777,0.07433747,-0.010170303
SMOKE · validación técnica,guit,planning,3160,6873,-0.005220033,-0.01867536,-0.013455328
SMOKE · validación técnica,chamber,horns,4847,5916,-0.029734164,-0.049434174,-0.01970001
SMOKE · validación técnica,Pam,V,6740,5068,0.08205615,0.071057245,-0.010998905
SMOKE · validación técnica,Car,mitten,5831,5285,0.07084953,0.06432894,-0.0065205917
SMOKE · validación técnica,Frog,felt,6986,508,0.011242593,0.015779575,0.0045369826
SMOKE · validación técnica,collect,recorded,2090,6032,0.018639592,-0.00863076,-0.027270352
SMOKE · validación técnica,curtains,screwdriver,6008,7219,-0.009168725,-0.0137814265,-0.004612701
SMOKE · validación técnica,clothes,reg,1592,2673,-0.11336163,-0.123384446,-0.010022819
SMOKE · validación técnica,load,poems,3541,6834,0.12829238,0.13461143,0.006319046
SMOKE · validación técnica,scoot,sticking,3597,6160,-0.049638934,-0.06256957,-0.012930639
SMOKE · validación técnica,bananas,blank,4412,1682,0.0032262714,-0.014780026,-0.018006297
SMOKE · validación técnica,increase,leads,5719,7483,0.014627542,0.007296836,-0.0073307063
SMOKE · validación técnica,jogging,kinds,5135,3103,0.04093132,0.014808804,-0.026122518
SMOKE · validación técnica,argum,strong,7861,1089,-0.111052215,-0.10752958,0.0035226345
SMOKE · validación técnica,Green,bracelets,6967,7832,-0.015919764,-0.017579453,-0.0016596895
SMOKE · validación técnica,caulif,giraff,3989,6473,0.038371205,0.034732096,-0.0036391094
SMOKE · validación técnica,basket,mother,1843,1542,-0.06443328,-0.07489842,-0.010465145
SMOKE · validación técnica,Tr,neatly,4175,6952,0.008513436,-0.001010377,-0.009523813
SMOKE · validación técnica,ladyb,realized,5690,1231,0.08137686,0.107579425,0.026202567
SMOKE · validación técnica,rice,tricycle,3854,7597,-0.073026955,-0.06921024,0.0038167164
SMOKE · validación técnica,nicer,woman,5686,2154,0.10792302,0.08644362,-0.021479405
SMOKE · validación técnica,runs,tummy,1738,3197,0.047725245,0.09402326,0.046298012
SMOKE · validación técnica,Whenever,throw,3173,1923,-0.0025971513,0.038404144,0.041001298
SMOKE · validación técnica,Ke,rail,5803,4714,0.00011333078,-0.010783222,-0.010896552
SMOKE · validación técnica,gra,sport,652,5040,0.050928727,0.05239059,0.0014618635
SMOKE · validación técnica,dump,zoom,7818,2171,0.058080576,0.054311443,-0.0037691332
SMOKE · validación técnica,da,teddy,5985,1658,-0.055715606,-0.041553527,0.0141620785
SMOKE · validación técnica,pic,sque,948,4532,0.025227139,0.020689625,-0.0045375135
SMOKE · validación técnica,Wh,when,3784,583,0.015965732,-0.010988591,-0.026954323
SMOKE · validación técnica,snack,wore,1731,2449,-0.05247383,-0.093690276,-0.041216448
SMOKE · validación técnica,crow,sweep,4440,8030,-0.033784766,-0.03086683,0.002917936
SMOKE · validación técnica,mineral,pens,5355,7272,-0.0387773,-0.013227724,0.025549576
SMOKE · validación técnica,panda,towers,4347,3647,-0.038696203,-0.026978884,0.0117173195
SMOKE · validación técnica,kid,ple,1209,2401,0.044736728,0.05119967,0.006462943
SMOKE · validación técnica,Joan,squeak,7209,7289,0.04596634,0.04656236,0.00059602037
SMOKE · validación técnica,polite,support,2693,3788,-0.015307136,-0.080303065,-0.06499593
SMOKE · validación técnica,balloons,wedding,3030,5829,0.07008247,0.11022277,0.0401403
SMOKE · validación técnica,items,organize,5485,3977,0.025787685,0.012894401,-0.012893284
SMOKE · validación técnica,quickly,stall,1101,8048,0.117873274,0.10998212,-0.007891156
SMOKE · validación técnica,tonight,wasting,5817,8151,-0.14034252,-0.14764151,-0.007298991
SMOKE · validación técnica,magnif,medic,8066,2761,-0.07161879,-0.071690105,-7.131696e-05
SMOKE · validación técnica,Zip,upset,6938,1896,-0.023904081,0.008137468,0.03204155
SMOKE · validación técnica,end,gain,814,5190,-0.0013950262,0.007891316,0.009286342
SMOKE · validación técnica,driver,pretended,2075,2367,0.100191265,0.089790165,-0.0104011
SMOKE · validación técnica,accept,superheroes,3049,7243,-0.052550588,-0.08926435,-0.03671376
SMOKE · validación técnica,hurts,nobody,3073,3824,-0.110392004,-0.11268689,-0.0022948831
SMOKE · validación técnica,mir,object,2787,3666,0.020115888,0.0067373775,-0.01337851
SMOKE · validación técnica,mummy,sorting,2630,5873,-0.0048737936,-0.010111237,-0.0052374434
SMOKE · validación técnica,bottle,mixing,2176,5929,0.12410375,0.13715537,0.013051622
SMOKE · validación técnica,fins,puppy,7725,1546,0.12285873,0.1035022,-0.019356534
SMOKE · validación técnica,medicine,target,2782,7784,0.037529185,0.05792343,0.020394243
SMOKE · validación técnica,pulled,the,1641,263,-0.041762665,-0.08183555,-0.040072888
SMOKE · validación técnica,ruin,sniffs,5783,7636,-0.0024055708,0.01984575,0.022251321
SMOKE · validación técnica,cour,fields,1861,4229,-0.04882754,-0.05497964,-0.006152101
SMOKE · validación técnica,Timmy,though,514,1958,0.07068257,0.00843443,-0.06224814
SMOKE · validación técnica,happens,were,4542,429,0.030316614,0.023275424,-0.00704119
SMOKE · validación técnica,enjoying,towards,2972,1653,0.04374816,0.13158464,0.08783649
SMOKE · validación técnica,frowning,nature,7414,3586,0.026179746,0.045942023,0.019762278
SMOKE · validación técnica,Ma,actions,6866,6421,0.0027236193,0.021203063,0.018479444
SMOKE · validación técnica,Tommy,eager,1589,2907,0.03733571,-0.0040776813,-0.04141339
SMOKE · validación técnica,behavior,experien,7467,6704,-0.032855086,-0.028842736,0.00401235
SMOKE · validación técnica,soldiers,wag,5171,7294,0.07899369,0.11909994,0.040106244
SMOKE · validación técnica,flashing,wrote,8112,2842,0.022350334,0.0019940147,-0.02035632
SMOKE · validación técnica,bedroom,flowers,2593,1084,0.027555125,0.0640102,0.03645508
SMOKE · validación técnica,pulls,z,4052,1192,0.063442305,0.06763192,0.004189618
SMOKE · validación técnica,packed,poss,2688,7207,0.047325026,0.020125963,-0.027199063
SMOKE · validación técnica,Gigi,laundry,6492,4251,0.052588135,0.047414713,-0.0051734224
SMOKE · validación técnica,avocado,brain,4453,4910,-0.019691072,-0.008642631,0.011048442
SMOKE · validación técnica,edges,playtime,7194,7300,-0.078241855,-0.06954092,0.008700937
SMOKE · validación técnica,bun,cloudy,5536,7571,0.10255151,0.12147767,0.018926159
SMOKE · validación técnica,solut,travelled,5681,6646,-0.087382734,-0.071192235,0.016190499
SMOKE · validación técnica,gently,school,2304,1824,-0.11355715,-0.047970764,0.06558639
SMOKE · validación técnica,activity,bubbles,7941,2930,0.0045147464,0.0061895847,0.0016748384
SMOKE · validación técnica,Watch,safe,6770,895,-0.0020793993,-0.044314135,-0.042234734
SMOKE · validación técnica,mach,night,2245,1156,0.0030620843,-0.0032790788,-0.006341163
SMOKE · validación técnica,bitter,is,3141,415,0.018671293,-0.008293113,-0.026964406
SMOKE · validación técnica,dictionary,fr,4946,983,0.009179432,0.013703924,0.0045244917
SMOKE · validación técnica,family,ro,910,522,0.02968308,0.039284814,0.009601735
SMOKE · validación técnica,above,banana,3153,2924,-0.062925875,-0.0931388,-0.030212924
SMOKE · validación técnica,machine,pouring,2377,5787,0.015975267,0.012799425,-0.0031758416
SMOKE · validación técnica,Tuesday,knees,5808,6555,-0.063079834,-0.051625438,0.011454396
SMOKE · validación técnica,leop,themselves,3707,3315,0.0060006827,0.013081869,0.0070811864
SMOKE · validación técnica,beach,support,1553,3788,0.0076971925,0.03067943,0.022982238
SMOKE · validación técnica,joins,sell,7988,2865,-0.10726437,-0.100059055,0.007205315
SMOKE · validación técnica,fighting,imp,2404,912,-0.04959695,-0.05685981,-0.0072628595
SMOKE · validación técnica,inse,rushing,4352,7164,-0.12908065,-0.12902436,5.6296587e-05
SMOKE · validación técnica,jew,so,2592,347,0.009782305,0.019357018,0.009574713
SMOKE · validación técnica,fireplace,leopard,4536,3838,0.0565665,0.0605392,0.0039727017
SMOKE · validación técnica,bounced,strength,3947,4494,0.06122022,0.055070847,-0.006149374
SMOKE · validación técnica,comforted,eld,5555,2810,0.03705523,0.0339306,-0.003124632
SMOKE · validación técnica,dishwasher,sna,4539,2619,0.09776029,0.11053865,0.012778357
SMOKE · validación técnica,cutting,than,5464,634,0.015068817,0.05486985,0.03980103
SMOKE · validación técnica,normal,woods,3081,1605,-0.033817332,-0.0053924304,0.028424902
SMOKE · validación técnica,det,padd,6767,5517,-0.030086473,0.020064129,0.050150603
SMOKE · validación técnica,restless,shampoo,3760,4938,0.007233668,0.0060934816,-0.0011401866
SMOKE · validación técnica,nut,scr,2532,2699,-0.026298704,-0.045160804,-0.0188621
SMOKE · validación técnica,Owl,off,6853,781,0.08157468,0.07514315,-0.0064315274
SMOKE · validación técnica,broke,burst,1767,6705,0.103506826,0.11217206,0.008665234
SMOKE · validación técnica,ever,museum,1049,4324,0.0050623696,-0.0040851226,-0.009147492
SMOKE · validación técnica,fan,tape,2082,2921,-0.113117315,-0.087819986,0.025297329
SMOKE · validación técnica,earlier,paintbrush,4779,7804,-0.105602615,-0.044870436,0.06073218
SMOKE · validación técnica,berry,birdc,4820,5145,0.08376716,0.085983366,0.002216205
SMOKE · validación técnica,angry,nam,949,476,0.0642123,0.05255653,-0.01165577
SMOKE · validación técnica,newfound,pear,7474,4688,-0.06979953,-0.055096578,0.01470295
SMOKE · validación técnica,hated,statues,5326,8068,0.03907044,0.04078046,0.00171002
SMOKE · validación técnica,Kayla,continued,6731,1485,0.09008446,0.13460194,0.044517472
SMOKE · validación técnica,logs,trade,6504,4884,0.07512621,0.058258265,-0.016867943
SMOKE · validación técnica,anticipation,cont,7647,1190,0.09012428,0.08620171,-0.003922567
SMOKE · validación técnica,aimed,navy,7269,5370,0.016106388,0.016732838,0.0006264504
SMOKE · validación técnica,elevator,witch,3925,3537,-0.11918902,-0.14077318,-0.02158416
SMOKE · validación técnica,globe,place,8115,1121,-0.023743726,-0.07190779,-0.048164062
SMOKE · validación técnica,cobweb,path,4637,2220,0.00410787,-0.009508226,-0.013616096
SMOKE · validación técnica,above,price,3153,5235,-0.07398056,-0.09206161,-0.018081047
SMOKE · validación técnica,Jill,touc,1768,6991,-0.0028181411,-0.0049575716,-0.0021394305
SMOKE · validación técnica,fought,nests,4684,8063,0.06883464,0.054079346,-0.014755294
SMOKE · validación técnica,led,scientist,3710,7184,-0.16923964,-0.15702818,0.012211457
SMOKE · validación técnica,ring,sill,2357,7621,0.05771682,0.04210053,-0.01561629
SMOKE · validación técnica,chance,ripped,3658,5614,-0.0054885913,0.0066888565,0.012177448
SMOKE · validación técnica,j,sit,444,1622,0.051630065,0.0129696475,-0.03866042
SMOKE · validación técnica,shaped,warn,7133,5311,-0.012461737,-0.0064886287,0.005973108
SMOKE · validación técnica,accidentally,necklaces,2076,7349,0.021369528,0.023764953,0.002395425
SMOKE · validación técnica,cabin,ke,3219,647,0.08922626,0.09104771,0.0018214509
SMOKE · validación técnica,corners,rest,7211,1242,-0.06756279,-0.07122833,-0.003665544
SMOKE · validación técnica,attach,purple,4505,2020,0.025841162,0.0044080606,-0.0214331
SMOKE · validación técnica,fl,spe,599,2434,0.0040233545,0.010960111,0.006936757
SMOKE · validación técnica,She,X,313,7427,0.061067116,0.022001117,-0.039065998
SMOKE · validación técnica,bu,rubb,791,3505,-0.068767786,-0.063061416,0.00570637
SMOKE · validación técnica,kn,troubled,479,4073,-0.03861025,-0.043896362,-0.0052861124
SMOKE · validación técnica,Frog,nut,6986,2532,0.028957743,0.026505565,-0.002452178
SMOKE · validación técnica,Whenever,faucet,3173,4447,-0.09756531,-0.10897383,-0.011408523
SMOKE · validación técnica,Well,coffee,7394,3958,0.015589206,-0.0011341758,-0.016723381
SMOKE · validación técnica,Jenny,burn,2405,2613,-0.018072665,-0.030375898,-0.012303233
SMOKE · validación técnica,Spring,paid,8163,4036,0.21646592,0.177027,-0.03943892
SMOKE · validación técnica,rocking,struggle,5875,6034,0.060506515,0.074085414,0.013578899
SMOKE · validación técnica,burrow,loops,5796,7608,0.12297079,0.13703242,0.01406163
SMOKE · validación técnica,bully,to,6846,266,0.07362094,0.04400764,-0.029613297
SMOKE · validación técnica,fear,punishment,2533,7378,-0.0865108,-0.08466684,0.0018439591
SMOKE · validación técnica,bouncing,middle,4525,2745,-0.046633586,0.008291379,0.054924965
SMOKE · validación técnica,easily,leg,4732,2716,0.18262996,0.20238426,0.019754305
SMOKE · validación técnica,av,moments,2524,4892,0.019505445,0.018882954,-0.0006224904
SMOKE · validación técnica,cherry,job,4777,1726,-0.006569216,-0.0005516019,0.006017614
SMOKE · validación técnica,picked,worries,998,6099,0.05654523,0.062481392,0.0059361607
SMOKE · validación técnica,flown,hugging,7191,6005,-0.06962724,-0.09029911,-0.020671867
SMOKE · validación técnica,ants,taught,4139,2600,-0.013973743,-0.03186876,-0.017895017
SMOKE · validación técnica,cust,watching,6734,2130,0.020925725,0.03158497,0.010659246
SMOKE · validación técnica,broken,buzzing,1497,5074,0.016319599,0.011588836,-0.004730763
SMOKE · validación técnica,bee,wolf,1790,2609,-0.042442188,-0.0008328073,0.04160938
SMOKE · validación técnica,bear,useful,801,3149,0.011080034,0.026028177,0.014948143
SMOKE · validación técnica,Rob,searching,6095,3337,-0.018756852,-0.025593579,-0.0068367273
SMOKE · validación técnica,Le,Spark,2548,5641,-0.07291806,-0.06860343,0.004314624
SMOKE · validación técnica,OK,today,2796,1851,0.012063842,0.044179894,0.03211605
SMOKE · validación técnica,awo,diving,7373,6500,0.1342349,0.14740147,0.013166562
SMOKE · validación técnica,fara,nothing,6169,2038,-0.048612654,-0.055114705,-0.006502051
SMOKE · validación técnica,meet,sight,2211,2762,-0.00058231317,0.019500205,0.020082518
SMOKE · validación técnica,Zoe,stronger,5481,3154,-0.015924139,-0.015911758,1.2381002e-05
SMOKE · validación técnica,pressed,took,3895,659,-0.0026753582,0.08308436,0.085759714
SMOKE · validación técnica,wires,wound,6325,6093,0.09398615,0.10732439,0.013338238
SMOKE · validación técnica,golden,perfume,4355,4822,-0.04414007,-0.041492313,0.0026477575
SMOKE · validación técnica,operation,picking,5348,3311,0.081184864,0.074389905,-0.0067949593
SMOKE · validación técnica,present,raincoat,2189,6333,-0.08303624,-0.090486184,-0.0074499473
SMOKE · validación técnica,fit,twinkle,2029,6377,0.012766429,-0.015226186,-0.027992615
SMOKE · validación técnica,Ava,worrying,8012,7598,-0.02339793,-0.023397926,3.7252903e-09
SMOKE · validación técnica,bye,race,5678,1694,0.030681405,0.048439976,0.01775857
SMOKE · validación técnica,accidents,colder,5603,7322,0.0053705582,0.024326585,0.018956028
SMOKE · validación técnica,From,scrat,884,3360,0.019289095,0.043993596,0.024704501
SMOKE · validación técnica,flying,tremble,1649,5462,0.079109564,0.054712333,-0.024397232
SMOKE · validación técnica,bru,saying,7500,3127,0.0074260496,-0.0033564046,-0.010782454
SMOKE · validación técnica,de,higher,1092,1816,0.030481964,0.017880034,-0.012601931
SMOKE · validación técnica,stomach,threw,5093,1805,0.07975089,0.045484364,-0.034266524
SMOKE · validación técnica,Lou,flex,6173,3517,0.06363792,0.062367804,-0.0012701154
SMOKE · validación técnica,cartoon,sug,3714,2900,-0.028048964,-0.022370327,0.005678637
SMOKE · validación técnica,Cra,People,7254,5126,-0.055846848,-0.027249753,0.028597094
SMOKE · validación técnica,encount,refrigerator,8067,5008,0.037670895,0.03238107,-0.0052898265
SMOKE · validación técnica,Or,plane,4545,2179,0.02944212,0.049735844,0.020293724
SMOKE · validación técnica,balloons,inspired,3030,7870,-0.004408721,0.018995307,0.023404028
SMOKE · validación técnica,loving,screen,5645,3453,-0.02627536,-0.025407631,0.00086772814
SMOKE · validación técnica,bikes,nation,4178,5094,-0.063637674,-0.05953732,0.0041003525
SMOKE · validación técnica,cries,island,2675,3085,0.06132262,0.07764992,0.016327303
SMOKE · validación técnica,fig,kind,2615,820,-0.03185506,-0.019004414,0.012850648
SMOKE · validación técnica,glass,jumps,2719,3789,-0.062316686,-0.018379834,0.043936852
SMOKE · validación técnica,journ,winding,4419,7989,-0.070456095,-0.07699168,-0.0065355822
SMOKE · validación técnica,grinned,whistling,5273,5128,-0.0014645141,0.018330473,0.019794988
SMOKE · validación técnica,Beth,Sm,5632,3779,-0.03119504,-0.019341584,0.0118534565
SMOKE · validación técnica,Bun,achieved,4583,6573,0.010472061,-0.0020409673,-0.012513028
SMOKE · validación técnica,beard,shake,5837,3009,-0.064445674,-0.02951115,0.034934524
SMOKE · validación técnica,couch,lie,2339,4317,-0.036193248,-0.0051292144,0.031064034
SMOKE · validación técnica,fur,horns,1576,5916,0.072928295,0.092349954,0.01942166
SMOKE · validación técnica,begged,rule,5013,6827,-0.06884887,-0.06863584,0.000213027
SMOKE · validación técnica,shadow,strawber,3359,3080,-0.041077748,-0.028676484,0.012401264
SMOKE · validación técnica,no,sailor,493,4118,0.11124795,0.09543148,-0.015816472
SMOKE · validación técnica,in,weep,317,4547,0.0888763,0.0098496005,-0.0790267
SMOKE · validación técnica,tempt,weeping,6859,6315,-0.09314157,-0.06887177,0.024269804
SMOKE · validación técnica,Fire,together,7551,563,-0.15367582,-0.14415021,0.009525612
SMOKE · validación técnica,separate,through,4507,1241,0.016216699,0.018932294,0.002715595
SMOKE · validación técnica,castle,playroom,1530,7339,-0.016869694,-0.013728552,0.0031411424
SMOKE · validación técnica,incl,st,4169,333,-0.13848568,-0.1373919,0.0010937899
SMOKE · validación técnica,Frosty,encou,7911,3611,-0.002949275,-0.017904244,-0.014954969
SMOKE · validación técnica,bouncing,urged,4525,5827,-0.033437088,-0.024850087,0.008587001
SMOKE · validación técnica,lemon,squ,2767,1116,-0.05603648,-0.02256258,0.0334739
SMOKE · validación técnica,Nick,vehicle,6669,5021,-0.0220344,-0.043671682,-0.021637283
SMOKE · validación técnica,Momo,exploring,6228,1915,-0.101866744,-0.11358714,-0.011720397
SMOKE · validación técnica,While,ate,3479,1245,-0.033983696,-0.0053776437,0.028606053
SMOKE · validación técnica,chat,pancakes,5969,5598,-0.008542355,-0.0032113716,0.0053309835
SMOKE · validación técnica,factory,scrat,4667,3360,-0.0306411,-0.04344445,-0.0128033515
SMOKE · validación técnica,Farmer,ter,6667,3109,-0.015880646,-0.021879803,-0.005999157
SMOKE · validación técnica,beauti,branch,868,2003,-0.090530306,-0.09254946,-0.002019152
SMOKE · validación técnica,Friends,Nan,7143,7894,-0.040664762,-0.044225737,-0.0035609752
SMOKE · validación técnica,respected,worm,7135,2323,0.10724279,0.09458449,-0.0126583055
SMOKE · validación técnica,Jess,tied,4716,3516,0.016894046,-0.013893131,-0.030787177
SMOKE · validación técnica,applauded,bumped,5805,5045,-0.086736694,-0.06905388,0.017682813
SMOKE · validación técnica,marriage,yard,5853,1858,0.03849311,0.0050102137,-0.033482898
SMOKE · validación técnica,drink,jacket,1965,3468,-0.0061664134,0.010208804,0.016375218
SMOKE · validación técnica,call,flip,818,7795,0.044634447,0.043199737,-0.0014347099
SMOKE · validación técnica,adding,mentioned,6273,5720,-0.011042036,-0.005351048,0.005690988
SMOKE · validación técnica,single,situ,6195,5566,-0.040710874,-0.065178916,-0.024468042
SMOKE · validación técnica,accidents,floor,5603,1389,0.03742505,0.032569602,-0.0048554465
SMOKE · validación técnica,least,tele,7086,3312,0.0006691888,0.0016337037,0.0009645149
SMOKE · validación técnica,other,teacher,572,1838,0.043528836,0.07207692,0.02854808
SMOKE · validación técnica,bed,neighbours,1015,6671,0.12193337,0.16975626,0.047822893
SMOKE · validación técnica,dangerous,razor,1776,4812,0.019025177,0.04569293,0.026667755
SMOKE · validación técnica,Splash,walked,7715,927,0.05285916,0.07614404,0.023284879
SMOKE · validación técnica,next,respons,997,5317,-0.083405256,-0.07408045,0.009324804
SMOKE · validación técnica,mu,restored,582,6230,-0.076684564,-0.07987283,-0.0031882674
SMOKE · validación técnica,different,steps,1147,3984,-0.11667031,-0.081225656,0.035444655
SMOKE · validación técnica,balancing,whistling,5994,5128,-0.0486094,-0.03655739,0.012052007
SMOKE · validación técnica,hall,track,3990,3163,0.031957284,0.065907404,0.03395012
SMOKE · validación técnica,Julie,scientist,5694,7184,0.010362312,0.012019748,0.0016574357
SMOKE · validación técnica,belongings,soaking,7662,7589,-0.021879103,-0.020866387,0.0010127164
SMOKE · validación técnica,Green,lending,6967,7402,-0.023908371,-0.019050946,0.0048574246
SMOKE · validación técnica,Flo,hear,7927,1453,0.036598258,0.020509318,-0.01608894
SMOKE · validación técnica,Hoot,hungry,6681,1550,0.069351636,0.065750286,-0.00360135
SMOKE · validación técnica,Dan,Sque,5015,7126,-0.10261316,-0.106695496,-0.004082337
SMOKE · validación técnica,Sl,hopeful,7820,7096,0.026061095,0.035455152,0.009394057
SMOKE · validación técnica,puppies,vict,6954,5687,0.016204696,0.015114743,-0.0010899529
SMOKE · validación técnica,ble,stung,4517,7067,-0.1154787,-0.10962773,0.0058509707
SMOKE · validación técnica,Chirpy,aside,5508,7393,-0.01358493,-0.016402883,-0.002817953
SMOKE · validación técnica,grandpare,sadder,6787,8181,0.011307726,0.0026206113,-0.008687114
SMOKE · validación técnica,aren,bounce,6620,3282,-0.021011526,-0.019469043,0.0015424825
SMOKE · validación técnica,rele,whoever,5651,7959,-0.0057348823,-0.02256332,-0.016828436
SMOKE · validación técnica,right,scared,1106,629,6.039068e-05,0.022296526,0.022236135
SMOKE · validación técnica,bookshelf,spoke,5152,3674,-0.028256487,-0.013357267,0.01489922
SMOKE · validación técnica,green,struggle,1356,6034,-0.05921209,-0.044530746,0.014681343
SMOKE · validación técnica,rug,underst,3596,1271,0.009656794,-0.0180692,-0.027725995
SMOKE · validación técnica,items,pitch,5485,5356,-0.0001485832,-0.007675629,-0.007527046
SMOKE · validación técnica,stone,wor,2465,538,0.06381973,0.05598806,-0.00783167
SMOKE · validación técnica,needed,responded,1383,7969,-0.030063676,-0.049569614,-0.019505939
SMOKE · validación técnica,Annie,white,4555,1577,0.11652057,0.15009668,0.033576116
SMOKE · validación técnica,Or,nosy,4545,3113,-0.10688644,-0.14593543,-0.039048992
SMOKE · validación técnica,Meg,mach,7580,2245,-0.08752126,-0.08117487,0.0063463897
SMOKE · validación técnica,leop,prettier,3707,6980,0.0092812255,0.035475172,0.026193947
SMOKE · validación técnica,imagination,jelly,4420,2728,-0.017783463,0.0009040454,0.018687509
SMOKE · validación técnica,repe,works,4003,5350,0.06251764,0.066626176,0.0041085333
SMOKE · validación técnica,heel,sweeties,6142,6103,-0.03816703,-0.024096351,0.0140706785
SMOKE · validación técnica,dancing,shoo,2661,7652,-0.059392866,-0.054994557,0.0043983087
SMOKE · validación técnica,avoid,white,6856,1577,0.120473675,0.1403687,0.019895025
SMOKE · validación técnica,change,furniture,2831,4414,-0.08503954,-0.1454965,-0.06045696
SMOKE · validación técnica,fuzzy,laug,6309,700,-0.020277705,-0.025778059,-0.005500354
SMOKE · validación técnica,bravest,showed,7320,1085,0.071082376,0.07126425,0.00018187612
SMOKE · validación técnica,Get,oil,6656,4369,-0.0037568547,0.0012622401,0.005019095
SMOKE · validación técnica,badge,cuddly,6728,6926,-0.120406926,-0.13216633,-0.0117594
SMOKE · validación técnica,tray,unusual,3899,2868,0.027008869,0.045045126,0.018036257
SMOKE · validación técnica,forks,stomped,6855,6775,0.0080756545,0.01772493,0.009649275
SMOKE · validación técnica,side,staff,1642,4454,-0.124416396,-0.08814666,0.03626974
SMOKE · validación técnica,naps,police,6400,2622,-0.07355112,-0.06709223,0.006458886
SMOKE · validación técnica,rail,thief,4714,4034,-0.03861223,-0.0073226877,0.031289544
SMOKE · validación técnica,drove,slices,1852,6539,-0.027616732,-0.028448656,-0.0008319244
SMOKE · validación técnica,roaring,sailboat,5847,6493,0.044800974,0.07489394,0.030092962
SMOKE · validación técnica,poking,vol,5963,3629,0.05321651,0.05318114,-3.5367906e-05
SMOKE · validación técnica,Grandpa,cared,3818,4668,-0.103823,-0.1254251,-0.021602102
SMOKE · validación técnica,exciting,pedaled,2040,7778,-0.0091619175,-0.026270013,-0.017108096
SMOKE · validación técnica,accidentally,heard,2076,754,-0.021177756,-0.010689892,0.010487864
SMOKE · validación técnica,brightly,co,3275,565,-0.040416244,-0.034340627,0.006075617
SMOKE · validación técnica,added,hoo,2990,8084,-0.0026207827,-0.007927079,-0.005306296
SMOKE · validación técnica,vegetable,view,2461,3327,-0.008414954,-0.014707991,-0.006293037
SMOKE · validación técnica,Bu,factory,3226,4667,0.0015488565,-0.012987977,-0.014536833
SMOKE · validación técnica,Bobby,remembers,3114,5319,0.013962371,0.028237376,0.014275005
SMOKE · validación técnica,aff,ashtray,6389,5109,0.0758509,0.068429776,-0.007421121
SMOKE · validación técnica,neighbour,patterns,3976,5219,0.003676623,0.013465714,0.009789091
SMOKE · validación técnica,apart,blue,4652,1073,-0.0087468885,0.026180819,0.034927707
SMOKE · validación técnica,branch,pare,2003,1258,0.015862918,0.034967422,0.019104505
SMOKE · validación técnica,fascinated,scent,5532,7851,0.075897574,0.10528306,0.029385485
SMOKE · validación técnica,picking,short,3311,4051,0.017157152,0.039110206,0.021953054
SMOKE · validación técnica,ride,weekend,1608,6625,0.025560327,0.032253888,0.0066935606
SMOKE · validación técnica,Mimi,collar,5002,3728,-0.036057994,-0.03242949,0.0036285035
SMOKE · validación técnica,fle,yielded,4208,7061,-0.04184433,-0.047752805,-0.0059084743
SMOKE · validación técnica,scar,tor,2561,3617,0.020686314,0.011879735,-0.008806579
SMOKE · validación técnica,face,plucked,1144,6993,0.058258973,0.0588815,0.0006225258
SMOKE · validación técnica,Jojo,usual,7630,6194,-0.07063411,-0.07423132,-0.0035972074
SMOKE · validación técnica,mouse,moves,1316,4557,0.014682969,-0.018626977,-0.033309944
SMOKE · validación técnica,tears,wh,2771,394,0.032578725,0.036377147,0.0037984215
SMOKE · validación técnica,grap,selling,3122,5393,-0.015951118,-0.01506423,0.0008868873
SMOKE · validación técnica,beat,tie,5295,2797,0.10758649,0.12978707,0.022200584
SMOKE · validación técnica,tricks,trunk,4153,3187,0.010090532,0.025898542,0.01580801
SMOKE · validación técnica,caulif,eye,3989,2853,-0.10176771,-0.09393573,0.007831983
SMOKE · validación técnica,present,seen,2189,1283,-0.011025204,-0.020108817,-0.009083613
SMOKE · validación técnica,being,crumbs,1025,6215,0.00072914734,-0.09003771,-0.09076686
SMOKE · validación técnica,tested,zoo,7136,2227,0.010450069,0.016845379,0.00639531
SMOKE · validación técnica,Sw,Those,7430,7130,0.09545634,0.09511647,-0.00033987314
SMOKE · validación técnica,doorway,warmth,7659,4873,-0.008396007,-0.010522278,-0.002126271
SMOKE · validación técnica,fancy,struc,2568,4988,0.011665798,0.013293197,0.0016273996
SMOKE · validación técnica,recognize,sandwich,5612,2587,-0.033098828,-0.044300124,-0.011201296
SMOKE · validación técnica,hid,twinkle,1447,6377,0.034984767,0.055191875,0.020207107
SMOKE · validación técnica,customers,texture,8035,5840,0.0076734275,0.0064002946,-0.0012731329
SMOKE · validación técnica,gi,m,1349,281,0.034002535,0.022639517,-0.011363018
SMOKE · validación técnica,realize,turns,5657,1921,-0.0688249,-0.096353546,-0.027528644
SMOKE · validación técnica,Abby,bottles,6634,5740,-0.057639338,-0.06925437,-0.0116150305
SMOKE · validación técnica,pile,response,2230,7347,-0.08815998,-0.061853863,0.026306115
SMOKE · validación técnica,Pip,string,5708,2453,0.034365006,0.013870135,-0.02049487
SMOKE · validación técnica,beginning,needle,6423,3966,0.047474876,0.06934346,0.021868587
SMOKE · validación técnica,glad,vibr,1229,8136,0.015200706,-0.020293854,-0.03549456
SMOKE · validación técnica,old,warned,690,3461,0.07627914,0.057871107,-0.018408034
SMOKE · validación técnica,ask,sudden,1140,3442,-0.040204372,-0.0287675,0.011436872
SMOKE · validación técnica,lesson,sandcastles,1364,6234,0.04407718,0.099123694,0.055046514
SMOKE · validación técnica,Pin,that,7764,357,-0.13883263,-0.087305024,0.051527604
SMOKE · validación técnica,enthusiasm,gazing,7062,7755,-0.085868225,-0.086990476,-0.0011222512
SMOKE · validación técnica,begin,oper,5558,5162,-0.097434044,-0.11002373,-0.012589686
SMOKE · validación técnica,grateful,the,1716,263,0.095734455,0.07727667,-0.018457785
SMOKE · validación técnica,making,polish,1282,4013,-0.038267042,-0.019410651,0.018856391
SMOKE · validación técnica,dancer,fur,4451,1576,0.13487633,0.133972,-0.00090432167
SMOKE · validación técnica,bran,cap,1676,2846,-0.1038876,-0.093223885,0.010663718
SMOKE · validación técnica,Abby,Luna,6634,5167,-0.012876503,-0.0020383764,0.010838127
SMOKE · validación técnica,Hoot,oy,6681,3945,-0.035262164,-0.035262186,-2.2351742e-08
SMOKE · validación técnica,Hoot,creatures,6681,3603,-0.041943528,-0.03669284,0.0052506886
SMOKE · validación técnica,Splash,dog,7715,643,0.040121272,-0.0030894205,-0.043210693
SMOKE · validación técnica,rain,stud,1068,4491,0.00021197833,-0.031657558,-0.031869538
SMOKE · validación técnica,months,purse,7363,3769,-0.0666319,-0.035879098,0.0307528
SMOKE · validación técnica,exper,shiny,3960,974,0.06374358,0.08294099,0.019197412
SMOKE · validación técnica,Yes,popped,6279,4556,-0.025222508,-0.0075477,0.017674807
SMOKE · validación técnica,ele,wrote,1735,2842,0.0011459999,0.03393932,0.03279332
SMOKE · validación técnica,aeropl,sandcastles,4342,6234,0.03916475,0.058737796,0.019573044
SMOKE · validación técnica,fills,squeezing,7634,7807,0.099358864,0.13116354,0.031804673
SMOKE · validación técnica,chase,tuck,3069,7222,0.009689381,0.021153625,0.011464244
SMOKE · validación técnica,discussing,reun,7639,7275,-0.06628133,-0.07437816,-0.008096829
SMOKE · validación técnica,balloons,marry,3030,4235,-0.10042318,-0.091454424,0.008968756
SMOKE · validación técnica,Pete,flapping,3095,6686,-0.06386684,-0.09108083,-0.02721399
SMOKE · validación técnica,prom,stadium,1315,4976,-0.039515935,-0.036960267,0.0025556684
SMOKE · validación técnica,dream,listening,1421,4041,-0.051099252,0.018466992,0.06956624
SMOKE · validación técnica,Stan,without,7177,1842,0.053075228,0.068426356,0.015351128
SMOKE · validación técnica,b,mes,267,6630,-0.10242951,-0.113401964,-0.010972455
SMOKE · validación técnica,Adam,Helen,6026,7717,0.034105536,0.034105502,-3.3527613e-08
SMOKE · validación técnica,drawings,earthquake,4144,5395,-0.0055567175,-0.0076938644,-0.002137147
SMOKE · validación técnica,chirp,h,4402,269,0.0110725025,0.034252644,0.023180142
SMOKE · validación técnica,regret,right,4671,1106,-0.022723723,0.0076460377,0.03036976
SMOKE · validación técnica,Love,yourself,7521,2752,0.073412314,0.07555873,0.0021464154
SMOKE · validación técnica,discu,passen,4389,6759,-0.019463759,-0.019463763,-3.7252903e-09
SMOKE · validación técnica,eager,sweep,2907,8030,0.103212215,0.11246507,0.009252854
SMOKE · validación técnica,blows,joking,6609,6621,0.005490057,0.020616299,0.015126241
SMOKE · validación técnica,embarra,medicine,2329,2782,-0.12033181,-0.12346184,-0.0031300336
SMOKE · validación técnica,Two,cleaned,6929,2916,0.03187216,0.058370188,0.026498027
SMOKE · validación técnica,hairdress,sunrise,7767,5251,0.007177539,0.03442829,0.027250752
SMOKE · validación técnica,passed,pointy,2648,6758,0.023811247,0.011137765,-0.012673482
SMOKE · validación técnica,hid,shows,1447,2959,0.0333104,0.05718419,0.023873791
SMOKE · validación técnica,responsib,why,7640,1309,0.08563755,0.06319112,-0.022446424
SMOKE · validación técnica,collar,ran,3728,555,-0.029089127,-0.045787662,-0.016698536
SMOKE · validación técnica,drinking,lawyer,5168,4483,-0.0056315684,-0.0068341466,-0.0012025782
SMOKE · validación técnica,materials,sweater,6531,3844,0.042918492,0.05503568,0.012117188
SMOKE · validación técnica,dive,scurrying,4127,7998,-0.038284287,-0.045113593,-0.0068293065
SMOKE · validación técnica,deserve,lungs,6893,6864,-0.091935545,-0.09192394,1.1608005e-05
SMOKE · validación técnica,clues,wat,7983,776,0.015149579,-0.0016531758,-0.016802754
SMOKE · validación técnica,thin,yucky,2249,4821,0.061778225,0.07060516,0.008826934
SMOKE · validación técnica,beha,grandchild,5648,7038,-0.041106418,-0.038706247,0.002400171
SMOKE · validación técnica,passen,send,6759,3706,0.0037628543,0.016321173,0.012558319
SMOKE · validación técnica,refreshing,tre,7215,544,-0.06235835,-0.06970017,-0.007341817
SMOKE · validación técnica,quarreling,spr,7741,1781,-0.021260966,0.0045926385,0.025853604
SMOKE · validación técnica,can,within,480,7921,-0.004038222,-0.0065724887,-0.0025342666
SMOKE · validación técnica,Jim,doggy,1709,5297,-0.0074336156,8.736271e-06,0.007442352
SMOKE · validación técnica,jealous,refle,2808,6598,-0.052555844,-0.036479846,0.016075999
SMOKE · validación técnica,Kim,leopard,3649,3838,-0.017570429,-0.021539344,-0.003968915
SMOKE · validación técnica,craw,cute,2926,2081,0.033039205,0.0058816215,-0.027157582
SMOKE · validación técnica,adventures,sweater,1888,3844,-0.0114221135,-0.0013392726,0.010082841
SMOKE · validación técnica,marry,thinking,4235,3536,0.120980695,0.10405514,-0.016925558
SMOKE · validación técnica,remembered,to,1359,266,-0.060659498,-0.0066772066,0.05398229
SMOKE · validación técnica,sausage,witch,5101,3537,0.06486936,0.07483297,0.009963609
SMOKE · validación técnica,knights,memb,6301,7655,0.063173465,0.053166233,-0.010007232
SMOKE · validación técnica,beard,lemonade,5837,4752,-0.021263529,-0.022307113,-0.0010435842
SMOKE · validación técnica,Miss,unf,5001,6394,0.01773648,0.033243217,0.015506737
SMOKE · validación técnica,beeh,spider,7900,2315,-0.010305535,-0.011673652,-0.0013681166
SMOKE · validación técnica,brand,conflict,5400,7424,0.0014945054,0.0042791907,0.0027846852
SMOKE · validación técnica,em,pretti,1687,5626,-0.02239075,-0.022390792,-4.284084e-08
SMOKE · validación técnica,teddy,wild,1658,2276,0.061617732,0.046402343,-0.015215389
SMOKE · validación técnica,repe,spiders,4003,5617,-0.076321736,-0.09331272,-0.016990982
SMOKE · validación técnica,pass,struck,2324,5590,-0.04839729,-0.040183723,0.0082135685
SMOKE · validación técnica,cutting,value,5464,3806,-0.033403564,-0.028691879,0.0047116857
SMOKE · validación técnica,chased,scaring,2410,6583,-0.006297782,0.04298725,0.04928503
SMOKE · validación técnica,flags,ne,6323,401,-0.03457491,-0.01727543,0.01729948
SMOKE · validación técnica,Me,drift,5372,5597,0.023485601,0.045200378,0.021714777
SMOKE · validación técnica,leaving,una,3429,8152,-0.05506458,-0.09738544,-0.042320855
SMOKE · validación técnica,Try,street,7622,1966,0.032419994,-0.013067299,-0.045487292
SMOKE · validación técnica,rad,ready,2642,1251,-0.045065872,-0.041025165,0.004040707
SMOKE · validación técnica,served,soon,5384,936,0.009843808,-0.017189335,-0.027033143
SMOKE · validación técnica,cracked,nine,6324,7203,-0.083159104,-0.0835125,-0.00035339594
SMOKE · validación técnica,goodbye,pant,1136,3380,-0.018633045,0.0058697686,0.024502814
SMOKE · validación técnica,arr,persistent,6791,3533,-0.038431656,0.0026479065,0.041079562
SMOKE · validación técnica,otters,waffles,7484,5506,-0.11449318,-0.11449325,-7.4505806e-08
SMOKE · validación técnica,Big,tire,5707,3768,-0.07262808,-0.0964593,-0.023831218
SMOKE · validación técnica,computer,mice,3476,5521,-0.027376257,-0.010997189,0.016379068
SMOKE · validación técnica,masterp,tre,7488,544,-0.0093183275,-0.0032402016,0.006078126
SMOKE · validación técnica,mod,tucked,2978,4728,0.21848755,0.212154,-0.006333545
SMOKE · validación técnica,Millie,importance,4182,6087,0.01080437,0.015434903,0.004630533
SMOKE · validación técnica,furniture,struggle,4414,6034,0.014954716,0.011417206,-0.0035375096
SMOKE · validación técnica,Sophia,selling,7082,5393,-0.021926481,-0.027850093,-0.005923612
SMOKE · validación técnica,farmer,veterinarian,1756,4438,-0.07460735,-0.06842115,0.006186202
SMOKE · validación técnica,rooms,thin,4718,2249,0.09676186,0.11865288,0.02189102
SMOKE · validación técnica,may,trip,3741,2247,-0.038784288,-0.016185164,0.022599123
SMOKE · validación técnica,suggested,vict,3229,5687,0.011092525,0.021485163,0.010392638
SMOKE · validación técnica,Instead,sits,4490,5195,-0.043259867,-0.028173655,0.015086211
SMOKE · validación técnica,Owl,shopping,6853,5391,-0.12604663,-0.11414317,0.011903457
SMOKE · validación técnica,curious,girl,1170,442,-0.04086674,-0.030002475,0.010864265
SMOKE · validación técnica,mos,staring,4415,6064,0.08371155,0.067027435,-0.016684115
SMOKE · validación técnica,liquid,sits,6239,5195,0.006215117,0.01068623,0.004471113
SMOKE · validación técnica,breathe,cleared,5056,7723,0.04688679,0.067238726,0.020351935
SMOKE · validación técnica,bott,discover,1734,3588,-0.086221725,-0.08053847,0.005683258
SMOKE · validación técnica,club,one,3876,626,0.099817574,0.1416999,0.04188232
SMOKE · validación técnica,pare,space,1258,3232,0.16264749,0.14888196,-0.013765529
SMOKE · validación técnica,dancer,rail,4451,4714,-0.042518817,-0.02778893,0.014729887
SMOKE · validación técnica,dipped,laughed,6361,854,-0.07128671,-0.097977966,-0.026691258
SMOKE · validación técnica,long,snowmen,789,6851,-0.048841644,-0.009893188,0.038948454
SMOKE · validación técnica,flock,tickle,7887,5899,-0.04282958,-0.027205456,0.015624125
SMOKE · validación técnica,jewelry,spr,4960,1781,0.056835495,0.02965529,-0.027180204
SMOKE · validación técnica,covers,quack,6334,4627,-0.040074322,-0.028091948,0.011982374
SMOKE · validación técnica,sliding,steak,5266,4334,0.020396803,-0.006111064,-0.026507866
SMOKE · validación técnica,Go,planning,2366,6873,0.03625499,0.038953774,0.0026987828
SMOKE · validación técnica,Jess,hitting,4716,6628,-0.03328786,-0.05418823,-0.020900369
SMOKE · validación técnica,healthy,mild,2165,4165,-0.036256324,-0.015851378,0.020404946
SMOKE · validación técnica,belongings,warmly,7662,7826,0.05781578,0.045801297,-0.012014482
SMOKE · validación técnica,Lisa,ha,2485,297,-0.024795825,-0.05470352,-0.029907694
SMOKE · validación técnica,creamy,urged,6570,5827,-0.02976573,-0.03654819,-0.006782459
SMOKE · validación técnica,gra,str,652,768,0.007539671,0.0042496324,-0.0032900386
SMOKE · validación técnica,ground,sent,975,3998,-0.10781425,-0.055499613,0.05231464
SMOKE · validación técnica,bricks,image,5172,5442,-0.0013815421,-0.008090617,-0.006709075
SMOKE · validación técnica,buy,trave,1410,4427,0.001890826,-0.006419288,-0.008310114
SMOKE · validación técnica,banan,blocking,2418,6755,0.021480132,-0.0035470426,-0.025027175
SMOKE · validación técnica,Max,follows,704,4858,0.06641142,0.031407915,-0.035003506
SMOKE · validación técnica,Tara,clouds,6700,2187,0.0049195476,0.011762856,0.006843308
SMOKE · validación técnica,anymore,slower,1173,6947,0.0054987,0.014474523,0.008975823
SMOKE · validación técnica,roar,screaming,2871,5928,0.012733594,-0.015985766,-0.02871936
SMOKE · validación técnica,beep,somebody,3917,6295,-0.10208279,-0.08268604,0.019396752
SMOKE · validación técnica,later,run,2147,726,-0.124169484,-0.14139888,-0.017229393
SMOKE · validación técnica,planning,sank,6873,7146,-0.076292075,-0.08694489,-0.010652818
SMOKE · validación técnica,celebrating,junk,6471,4778,-0.053858712,-0.05981009,-0.0059513785
SMOKE · validación técnica,Fin,was,3347,280,-0.0141283795,-0.05919043,-0.04506205
SMOKE · validación técnica,bakery,hive,6530,3931,-0.029212445,-0.029499613,-0.00028716773
SMOKE · validación técnica,bottom,di,2950,2261,0.062031165,0.08175473,0.019723564
SMOKE · validación técnica,Mrs,bakery,3121,6530,-0.0011402885,0.002236743,0.0033770315
SMOKE · validación técnica,hand,whispering,734,7465,0.029457228,0.070491545,0.04103432
SMOKE · validación técnica,prob,twink,7501,4344,0.016963707,0.009495937,-0.00746777
SMOKE · validación técnica,beetle,told,3361,737,0.04300026,0.046713416,0.003713157
SMOKE · validación técnica,bags,card,3293,2322,0.006024542,0.02647626,0.020451719
SMOKE · validación técnica,den,lies,6339,8122,0.053201497,0.05730664,0.0041051432
SMOKE · validación técnica,herbs,protected,6236,5653,0.06532484,0.07268815,0.0073633045
SMOKE · validación técnica,dough,should,3377,944,-0.035229255,-0.039465852,-0.0042365976
SMOKE · validación técnica,hide,repl,1652,1070,-0.08830792,-0.073741406,0.014566511
SMOKE · validación técnica,flip,recogn,7795,3985,0.023923371,-0.00064851716,-0.024571888
SMOKE · validación técnica,prot,rich,2208,3048,-0.05993154,-0.09747058,-0.037539043
SMOKE · validación técnica,pastries,regretted,6047,6164,0.058486745,0.075772986,0.017286241
SMOKE · validación técnica,bananas,har,4412,4531,-0.001427684,-0.013513161,-0.012085477
SMOKE · validación técnica,birdcage,neighb,5153,1830,0.017795155,-0.0135556795,-0.031350836
SMOKE · validación técnica,parked,robb,5680,6521,-0.051057495,-0.05114165,-8.415431e-05
SMOKE · validación técnica,Zoom,prom,6211,1315,-0.08973299,-0.089649335,8.365512e-05
SMOKE · validación técnica,Sam,soared,686,5257,-0.09534676,-0.124261945,-0.02891519
SMOKE · validación técnica,Freddie,learning,7736,3046,0.06452945,0.04953345,-0.014996
SMOKE · validación técnica,caut,funny,5643,1308,6.49672e-05,-0.016828943,-0.01689391
SMOKE · validación técnica,crept,giraffe,5401,4368,0.055205144,0.04298221,-0.0122229345
SMOKE · validación técnica,coo,expected,2389,5914,0.022447616,0.014327718,-0.008119898
SMOKE · validación técnica,fairy,naps,1827,6400,0.037316933,0.025348388,-0.011968546
SMOKE · validación técnica,swayed,whispering,7913,7465,0.07643613,0.07270435,-0.0037317798
SMOKE · validación técnica,hum,jour,2408,1869,0.008669857,0.0064559914,-0.0022138655
SMOKE · validación técnica,floating,smell,4904,1358,0.029605761,0.014792606,-0.014813155
SMOKE · validación técnica,exha,soaked,6073,5867,-0.06317456,-0.08724372,-0.02406916
SMOKE · validación técnica,helm,playing,3539,607,-0.08530009,-0.10600702,-0.02070693
SMOKE · validación técnica,Ali,piles,7829,5672,-0.0068299808,-0.01084396,-0.004013979
SMOKE · validación técnica,beside,picture,5364,1037,0.090108916,0.08697623,-0.003132686
SMOKE · validación técnica,chilly,warning,7852,5137,-0.018060267,-0.010714792,0.0073454753
SMOKE · validación técnica,Freddy,tunnel,5025,3307,-0.038134135,-0.03903284,-0.00089870393
SMOKE · validación técnica,itchy,shrink,6302,4681,0.09408736,0.098048,0.0039606392
SMOKE · validación técnica,Fire,and,7551,265,-0.015914474,-0.026149428,-0.010234954
SMOKE · validación técnica,gloves,seven,5623,6456,0.048358947,0.0539788,0.0056198537
SMOKE · validación técnica,move,vo,1408,1075,0.048692144,0.07357033,0.024878189
SMOKE · validación técnica,mushroom,realize,3920,5657,-0.05451289,-0.05240361,0.002109278
SMOKE · validación técnica,crumb,diamond,5781,3248,-0.04223816,-0.0425787,-0.00034053996
SMOKE · validación técnica,hive,wagged,3931,2759,0.08685148,0.042469013,-0.044382464
SMOKE · validación técnica,as,captain,417,4980,0.00029649585,-0.013566066,-0.013862561
SMOKE · validación técnica,confidence,wonders,7909,5751,0.11822747,0.13085559,0.012628123
SMOKE · validación técnica,Jessie,honest,6413,2516,0.13448834,0.10867382,-0.025814526
SMOKE · validación técnica,Next,sure,4832,1117,0.03141185,0.050472558,0.019060709
SMOKE · validación técnica,crane,distance,3665,2770,0.011454776,0.049090102,0.037635326
SMOKE · validación técnica,pedals,prot,6599,2208,-0.017469449,-0.02802822,-0.010558771
SMOKE · validación técnica,admiring,may,5342,3741,-0.02546744,-0.04264994,-0.0171825
SMOKE · validación técnica,coat,ur,2091,3982,-0.104702115,-0.11224692,-0.007544808
SMOKE · validación técnica,taxi,works,4191,5350,0.0033252286,0.019806381,0.016481154
SMOKE · validación técnica,frog,really,1433,1254,-0.024230909,-0.044413626,-0.020182718
SMOKE · validación técnica,accomplishment,satis,6972,5230,0.1640225,0.1562905,-0.007732004
SMOKE · validación técnica,bean,stroke,3399,7939,-0.05540786,-0.056207083,-0.0007992238
SMOKE · validación técnica,horizon,ty,6560,6337,0.06600259,0.07837691,0.012374319
SMOKE · validación técnica,let,scatter,915,3509,-0.030072028,-0.06977337,-0.039701343
SMOKE · validación técnica,Mama,followed,2100,1436,0.059968747,0.052743554,-0.007225193
SMOKE · validación técnica,Julie,knew,5694,697,0.077082574,0.090412244,0.01332967
SMOKE · validación técnica,adventures,worked,1888,1337,0.041119404,0.044295967,0.0031765625
SMOKE · validación técnica,foot,moves,2291,4557,0.081246704,0.108863436,0.027616732
SMOKE · validación técnica,He,hears,314,2545,0.031344,0.01745666,-0.01388734
SMOKE · validación técnica,horizon,stor,6560,929,0.003509732,-0.0022145119,-0.005724244
SMOKE · validación técnica,bars,laughed,6426,854,-0.024469037,0.076062314,0.100531355
SMOKE · validación técnica,decide,strength,2948,4494,0.015284244,0.045356248,0.030072004
SMOKE · validación técnica,baby,rubbing,1460,5901,-0.03548647,-0.049879637,-0.014393166
SMOKE · validación técnica,neighbors,police,5610,2622,-0.059465967,-0.019095363,0.040370606
SMOKE · validación técnica,right,time,1106,393,-0.0065821037,-0.029564977,-0.022982873
SMOKE · validación técnica,fake,rabbit,2844,1103,-0.10577276,-0.13115782,-0.025385052
SMOKE · validación técnica,love,miss,830,1981,0.03160078,0.023049764,-0.008551016
SMOKE · validación técnica,not,pots,395,6308,0.16060206,0.19114383,0.030541763
SMOKE · validación técnica,pit,plane,4617,2179,-0.03117215,0.005960108,0.03713226
SMOKE · validación técnica,Pet,poked,7556,4837,0.097278215,0.08647858,-0.0107996315
SMOKE · validación técnica,Jones,days,6114,2066,-0.032188226,-0.019260947,0.012927279
SMOKE · validación técnica,Pe,prom,3855,1315,0.016171057,0.011534698,-0.0046363585
SMOKE · validación técnica,guard,relieved,3521,2025,0.09305702,0.07347483,-0.01958219
SMOKE · validación técnica,exercise,teasing,4919,5851,0.09437315,0.08196196,-0.012411192
SMOKE · validación técnica,One,surrounded,505,5308,-0.00684103,0.055001944,0.061842974
SMOKE · validación técnica,axe,cheer,3927,2212,0.059696224,0.049138017,-0.010558207
SMOKE · validación técnica,drift,wire,5597,3401,0.014129039,0.01478795,0.0006589107
SMOKE · validación técnica,climbing,villagers,4138,5533,-0.039853863,-0.064461894,-0.02460803
SMOKE · validación técnica,must,thanked,1713,839,0.044791337,0.11024969,0.06545836
SMOKE · validación técnica,attractive,reversed,3813,7485,-0.017792273,-0.010161592,0.0076306816
SMOKE · validación técnica,brave,peeled,911,7968,0.026342973,0.031301603,0.0049586296
SMOKE · validación técnica,Thank,sandwich,2043,2587,0.024483478,-0.014177145,-0.038660623
SMOKE · validación técnica,goodbyes,second,7707,3975,0.01587505,0.012508028,-0.0033670226
SMOKE · validación técnica,beautifully,nuzz,7554,7385,-0.04257949,-0.038250927,0.004328564
SMOKE · validación técnica,mate,rocking,7382,5875,-0.04742957,-0.05205658,-0.0046270117
SMOKE · validación técnica,Sammy,leop,2085,3707,-0.14608888,-0.14316615,0.0029227287
SMOKE · validación técnica,arrive,doing,6104,1399,0.018939577,0.020371154,0.0014315769
SMOKE · validación técnica,Z,sear,2650,1590,-0.029404456,-0.031200053,-0.0017955974
SMOKE · validación técnica,Let,wrapped,1277,2997,-0.02221189,0.03865384,0.06086573
SMOKE · validación técnica,guessing,hoped,7860,1853,0.08053444,0.09553056,0.014996119
SMOKE · validación técnica,messy,spells,2575,7696,0.029476577,0.001255862,-0.028220715
SMOKE · validación técnica,coral,rice,7246,3854,0.06075892,0.063844375,0.0030854568
SMOKE · validación técnica,cooler,yes,4020,1486,-0.07096635,0.03035597,0.101322316
SMOKE · validación técnica,sure,talking,1117,2344,-0.10928646,-0.100203454,0.009083003
SMOKE · validación técnica,movies,shrunk,5900,7772,0.04074943,0.051444802,0.010695372
SMOKE · validación técnica,cuts,decision,6252,5217,-0.100563675,-0.10377456,-0.0032108873
SMOKE · validación técnica,Did,imagine,5849,4388,0.06833099,0.09004535,0.02171436
SMOKE · validación técnica,score,tid,5078,2334,0.022432707,0.02177468,-0.0006580278
SMOKE · validación técnica,scram,skin,7574,3138,0.030269211,0.040583424,0.010314213
SMOKE · validación técnica,escape,pastries,3150,6047,-0.031959265,-0.037482757,-0.0055234917
SMOKE · validación técnica,fields,sw,4229,610,-0.061416477,-0.07286284,-0.011446364
SMOKE · validación técnica,fact,playground,6726,2758,-0.048158802,-0.04767455,0.0004842505
SMOKE · validación técnica,fall,potatoes,1578,5468,0.045066837,0.031317428,-0.0137494095
SMOKE · validación técnica,agre,immediately,4607,4838,-0.015564702,-0.008188903,0.007375799
SMOKE · validación técnica,finish,tim,2386,6092,0.061883874,0.00067858724,-0.061205287
SMOKE · validación técnica,Emmy,supp,6399,2298,-0.09364264,-0.09986741,-0.006224774
SMOKE · validación técnica,u,uns,323,6871,-0.018258177,-0.019338029,-0.0010798518
SMOKE · validación técnica,hur,pit,2641,4617,0.046377055,0.048078902,0.0017018467
SMOKE · validación técnica,oper,spills,5162,7967,-0.06233032,-0.053572863,0.008757457
SMOKE · validación técnica,after,shr,1054,2250,-0.05750463,-0.08227129,-0.024766661
SMOKE · validación técnica,nodd,pets,8094,5562,0.1630211,0.14637338,-0.016647726
SMOKE · validación técnica,achie,movie,4945,3098,-0.018864281,-0.020546224,-0.0016819425
SMOKE · validación técnica,chalk,pop,4201,2224,-0.06733295,-0.07352027,-0.0061873198
SMOKE · validación técnica,batteries,bitter,7119,3141,0.03156995,0.015311108,-0.016258843
SMOKE · validación técnica,brand,fixing,5400,5229,-0.013241809,-0.008272711,0.0049690977
SMOKE · validación técnica,scarf,understood,2749,2564,0.07707825,0.09143801,0.014359757
SMOKE · validación técnica,bri,twinkle,3816,6377,0.056752488,0.059680704,0.002928216
SMOKE · validación técnica,crew,doesn,6966,3504,0.02503865,0.008952558,-0.016086092
SMOKE · validación técnica,hig,machines,1772,5955,-0.02959976,-0.033881035,-0.004281275
SMOKE · validación técnica,dance,pleaded,1710,7733,0.055158697,0.036565993,-0.018592704
SMOKE · validación técnica,gardener,shield,7171,3626,-0.049959816,-0.029545076,0.02041474
SMOKE · validación técnica,improved,memory,6346,5267,0.029343985,0.022764679,-0.006579306
SMOKE · validación técnica,delivery,respons,6175,5317,0.1076044,0.11226974,0.0046653375
SMOKE · validación técnica,In,pants,1392,3651,0.052313007,0.017362664,-0.034950346
SMOKE · validación técnica,radio,wis,4015,2760,0.14388572,0.13720158,-0.0066841394
SMOKE · validación técnica,felt,hotel,508,4326,0.004240038,-0.055136766,-0.059376806
SMOKE · validación técnica,next,pun,997,3932,-0.043817088,-0.07716566,-0.033348575
SMOKE · validación técnica,settled,source,4827,6808,0.07752901,0.08610807,0.00857906
SMOKE · validación técnica,bugs,pen,2442,1693,-0.043435737,0.004324196,0.047759935
SMOKE · validación técnica,resist,wid,3606,5303,-0.006285511,-0.0054328647,0.0008526463
SMOKE · validación técnica,changes,muff,8095,4010,-0.06810853,-0.06810854,-7.450581e-09
SMOKE · validación técnica,Ava,celery,8012,4111,0.08700593,0.06990644,-0.017099485
SMOKE · validación técnica,bur,painting,4290,3076,0.0985252,0.106395684,0.007870488
SMOKE · validación técnica,pouted,workers,6532,6396,0.0679059,0.053697977,-0.014207926
SMOKE · validación técnica,hot,mitten,1450,5285,0.08029847,0.09592246,0.015623994
SMOKE · validación técnica,encount,scale,8067,3572,0.045207035,0.014948003,-0.030259032
SMOKE · validación técnica,L,prettier,591,6980,-0.019652445,-0.07235281,-0.052700367
SMOKE · validación técnica,blank,fetch,1682,6010,-0.01792424,-0.02523702,-0.0073127802
SMOKE · validación técnica,Fl,wear,1745,1711,0.022069488,-0.017682848,-0.039752334
SMOKE · validación técnica,knights,nuts,6301,3749,-0.01391417,0.0021531973,0.016067367
SMOKE · validación técnica,gone,tired,1467,1269,0.032708835,0.0906257,0.05791687
SMOKE · validación técnica,nest,shining,2015,2166,0.039248634,0.057209216,0.017960582
SMOKE · validación técnica,fam,long,865,789,-0.052240968,-0.041824773,0.010416195
SMOKE · validación técnica,acted,silent,5877,6886,0.0483262,0.044129733,-0.0041964687
SMOKE · validación técnica,stall,uncle,8048,3582,-0.005930299,0.011069655,0.016999954
SMOKE · validación técnica,Cle,cars,7724,1346,-0.025746359,-0.054443832,-0.028697474
SMOKE · validación técnica,arri,cousin,1424,7144,-0.061656903,-0.061656844,5.9604645e-08
SMOKE · validación técnica,refriger,same,5006,1773,0.06601725,0.068013184,0.001995936
SMOKE · validación técnica,shelf,twinkled,2497,7417,0.08944338,0.092362955,0.002919577
SMOKE · validación técnica,experienced,hurting,7815,4770,0.078956954,0.1008428,0.02188585
SMOKE · validación técnica,Jay,otters,6498,7484,-0.027164467,-0.02716453,-6.3329935e-08
SMOKE · validación técnica,Yes,hallway,6279,6501,0.02717888,0.03613836,0.00895948
SMOKE · validación técnica,office,rece,3142,3632,-0.12527362,-0.1393668,-0.01409319
SMOKE · validación técnica,interesting,prince,2178,2546,-0.008910693,-0.0027974248,0.0061132684
SMOKE · validación técnica,aisle,been,7874,1127,0.01723525,0.02587648,0.00864123
SMOKE · validación técnica,joking,trick,6621,3709,-0.009003975,-0.018288236,-0.009284261
SMOKE · validación técnica,mushroom,neighbors,3920,5610,0.025091836,0.024718884,-0.00037295185
SMOKE · validación técnica,accept,underneath,3049,5634,-0.018877417,-0.004735578,0.014141839
SMOKE · validación técnica,pirate,spun,3474,3000,0.07493786,0.04522423,-0.029713627
SMOKE · validación técnica,dads,reach,7169,1712,-0.10658862,-0.09021828,0.016370334
SMOKE · validación técnica,disapp,warnings,1779,6862,0.0025332961,0.007058138,0.004524842
SMOKE · validación técnica,driver,rising,2075,6708,-0.012110969,0.0013689362,0.013479905
SMOKE · validación técnica,apples,today,2216,1851,0.07686092,0.124461286,0.047600366
SMOKE · validación técnica,behaving,hug,7162,584,0.014627151,0.06381192,0.04918477
SMOKE · validación técnica,magnets,whe,6373,1930,0.12597346,0.12597343,-2.9802322e-08
SMOKE · validación técnica,joined,snuck,3166,6385,0.030961046,0.047346216,0.01638517
SMOKE · validación técnica,folded,wiggly,5385,7743,-0.03898722,-0.039352447,-0.00036522746
SMOKE · validación técnica,ink,swim,4497,1322,0.0068598995,0.0253196,0.0184597
SMOKE · validación técnica,desp,grew,6049,2458,-0.14926974,-0.142674,0.0065957457
SMOKE · validación técnica,fears,picked,6884,998,0.08273121,0.080961555,-0.0017696545
SMOKE · validación técnica,Jacob,Sandy,6750,4100,-0.024479471,-0.02397035,0.0005091205
SMOKE · validación técnica,Come,lifts,2188,7369,-0.105162725,-0.09018008,0.014982648
SMOKE · validación técnica,claps,limes,5890,6840,-0.06595346,-0.059862208,0.0060912557
SMOKE · validación técnica,Finally,loose,2014,5667,0.08283159,0.046697833,-0.03613376
SMOKE · validación técnica,norm,reindeer,3035,4171,0.045070194,0.039359424,-0.0057107694
SMOKE · validación técnica,deer,refre,2647,4748,-0.021477662,-0.0028437749,0.018633887
SMOKE · validación técnica,Laura,praised,7592,4880,0.025822816,0.03554266,0.009719843
SMOKE · validación técnica,Friends,automob,7143,4700,0.0054778457,-0.012090892,-0.017568737
SMOKE · validación técnica,thought,wear,680,1711,0.039383817,0.036749452,-0.002634365
SMOKE · validación técnica,kayak,taller,4278,4957,-0.06892621,-0.040884178,0.02804203
SMOKE · validación técnica,remember,skunk,1063,6923,0.091415524,0.08838206,-0.0030334666
SMOKE · validación técnica,back,pride,486,4907,-0.10894544,-0.060117025,0.04882841
SMOKE · validación técnica,Bee,log,7499,3086,-0.08468185,-0.088575065,-0.0038932115
SMOKE · validación técnica,activities,bra,6128,844,0.04838942,-0.006751258,-0.055140678
SMOKE · validación técnica,differe,growls,1115,7071,0.0800261,0.07049006,-0.009536035
SMOKE · validación técnica,spoiled,understanding,3188,4809,0.049776766,0.07039201,0.020615246
SMOKE · validación técnica,Coco,remain,5621,4903,0.011415682,0.010710125,-0.00070555694
SMOKE · validación técnica,micr,thoughtful,3939,3162,0.040866755,0.06258982,0.021723062
SMOKE · validación técnica,boats,quack,3431,4627,-0.026834436,-0.034301013,-0.007466577
SMOKE · validación técnica,cliff,walls,4796,3145,0.062378,0.08473878,0.022360783
SMOKE · validación técnica,chos,lines,7068,5607,-0.015837234,-0.034835164,-0.01899793
SMOKE · validación técnica,holding,leaned,2086,4190,0.0032741036,0.017290175,0.014016071
SMOKE · validación técnica,budge,dinosaurs,5712,5341,-0.057835795,0.027173959,0.08500975
SMOKE · validación técnica,hoping,reliable,4085,3144,-0.068198316,-0.077601895,-0.009403579
SMOKE · validación técnica,Johnson,around,5961,510,-0.030252893,0.0155214695,0.045774363
SMOKE · validación técnica,floor,looked,1389,516,0.022452958,-0.034577213,-0.05703017
SMOKE · validación técnica,during,sal,5263,2309,-0.011187447,-0.005545646,0.0056418013
SMOKE · validación técnica,Zara,painting,7830,3076,-0.028498933,-0.02893874,-0.00043980777
SMOKE · validación técnica,Chr,net,5611,2452,0.008819172,0.0018739253,-0.006945247
SMOKE · validación técnica,grow,lumber,1624,4920,-0.0024259929,0.012716593,0.015142586
SMOKE · validación técnica,flo,suggested,1230,3229,-0.055897884,-0.044886347,0.011011537
SMOKE · validación técnica,guy,ingredients,5165,3530,-0.072010875,-0.06617081,0.005840063
SMOKE · validación técnica,remembering,shops,7155,7095,-0.101016894,-0.10987793,-0.008861035
SMOKE · validación técnica,doctor,oil,1796,4369,-0.024789859,-0.041917212,-0.017127354
SMOKE · validación técnica,responsib,we,7640,367,0.025405906,0.069179446,0.04377354
SMOKE · validación técnica,offered,z,2941,1192,-0.023898115,-0.026649313,-0.0027511977
SMOKE · validación técnica,Jess,repaired,4716,6831,0.054835696,0.04557939,-0.009256307
SMOKE · validación técnica,friendship,refle,3478,6598,0.042017747,0.044315934,0.0022981875
SMOKE · validación técnica,newfound,refreshing,7474,7215,-0.0018403567,0.014986426,0.016826782
SMOKE · validación técnica,mem,separ,3236,3840,-0.011188816,-0.011188809,7.450581e-09
SMOKE · validación técnica,Po,hides,6637,7156,0.010242349,0.0008745827,-0.009367766
SMOKE · validación técnica,better,kitty,815,4268,0.008734817,0.020379871,0.011645054
SMOKE · validación técnica,nectar,sniffed,6303,4559,0.05769731,0.04056727,-0.01713004
SMOKE · validación técnica,softly,why,4269,1309,-0.045071624,-0.11561556,-0.07054394
SMOKE · validación técnica,delicious,ĠĊ,1426,6679,0.007284673,-0.05763864,-0.064923316
SMOKE · validación técnica,laughter,secure,4790,6440,-0.050199576,-0.057937942,-0.0077383667
SMOKE · validación técnica,different,notes,1147,7204,-0.16537988,-0.19448484,-0.029104963
SMOKE · validación técnica,beside,teased,5364,6781,-0.08444981,-0.093430296,-0.008980483
SMOKE · validación técnica,angry,artwork,949,7578,0.0074404534,0.0053103045,-0.002130149
SMOKE · validación técnica,streets,will,7157,679,0.086576,0.034659095,-0.051916905
SMOKE · validación técnica,antic,meow,7399,5490,0.044358905,0.034709863,-0.009649042
SMOKE · validación técnica,may,ward,3741,4590,0.065819256,0.064019,-0.001800254
SMOKE · validación técnica,fearful,meal,3715,3489,2.7889386e-05,0.022627644,0.022599755
SMOKE · validación técnica,exploring,shall,1915,7956,0.061256014,0.07304956,0.011793546
SMOKE · validación técnica,eat,finish,756,2386,0.044100113,0.100778475,0.056678362
SMOKE · validación técnica,cosy,university,7277,5354,0.06499862,0.072660685,0.0076620653
SMOKE · validación técnica,fr,smells,983,4341,0.09842391,0.10775675,0.009332836
SMOKE · validación técnica,decorating,hockey,6951,4239,-0.17285803,-0.18420966,-0.01135163
SMOKE · validación técnica,Do,Lizzy,1318,6263,0.046939474,0.0652368,0.018297326
SMOKE · validación técnica,batteries,cut,7119,1293,-0.08465896,-0.098730415,-0.014071457
SMOKE · validación técnica,That,pick,1329,766,0.026203362,0.017523475,-0.008679887
SMOKE · validación técnica,jug,magical,3553,1692,-0.015400399,-0.012746066,0.0026543336
SMOKE · validación técnica,noon,tick,6651,2662,-0.006585378,-0.026279291,-0.019693913
SMOKE · validación técnica,Els,tra,6342,1135,0.01097076,0.010970861,1.0058284e-07
SMOKE · validación técnica,creature,nodd,2059,8094,-0.02242788,-0.026685076,-0.0042571966
SMOKE · validación técnica,accomplish,sne,6424,3486,0.0058589876,0.023017561,0.017158573
SMOKE · validación técnica,club,encourag,3876,7138,-0.039108686,-0.03629478,0.0028139055
SMOKE · validación técnica,counts,dre,7690,828,0.022396443,0.03104357,0.008647127
SMOKE · validación técnica,favour,teasp,2962,5136,0.014256723,0.014256697,-2.6077032e-08
SMOKE · validación técnica,Todd,bal,6641,2572,-0.03330869,-0.024674065,0.008634623
SMOKE · validación técnica,bedroom,gum,2593,3644,-0.02765163,-0.0026143175,0.025037313
SMOKE · validación técnica,loved,scarf,499,2749,0.04899339,0.0031589754,-0.045834415
SMOKE · validación técnica,kissed,laughter,2766,4790,-0.09058172,-0.111526825,-0.020945102
SMOKE · validación técnica,bush,visits,2182,8060,-0.07948907,-0.13637982,-0.056890756
SMOKE · validación técnica,reward,tasks,3378,6375,-0.0112780705,-0.027372085,-0.016094014
SMOKE · validación técnica,Lola,cl,3802,489,-0.04522686,-0.058111254,-0.012884393
SMOKE · validación técnica,Sammy,moms,2085,3124,0.13707507,0.11977946,-0.017295606
SMOKE · validación técnica,rides,tiss,5570,7562,-0.011021264,-0.021735061,-0.010713797
SMOKE · validación técnica,one,raft,626,4274,-0.01938056,0.0027096514,0.022090212
SMOKE · validación técnica,Or,lab,4545,3330,-0.010782825,-0.029655833,-0.018873008
SMOKE · validación técnica,awesome,shoe,6197,3713,-0.08034601,-0.059786893,0.020559117
SMOKE · validación técnica,ignore,lick,4934,5185,-0.05352673,-0.042539634,0.010987096
SMOKE · validación técnica,enthusi,rings,7039,6881,-0.14047134,-0.14124915,-0.0007778108
SMOKE · validación técnica,Despite,Take,8016,7295,0.07155651,0.08246088,0.010904372
SMOKE · validación técnica,at,rag,452,4272,-0.053490475,-0.05022493,0.0032655448
SMOKE · validación técnica,pengu,wealthy,3877,3276,-0.09845983,-0.09566429,0.0027955398
SMOKE · validación técnica,coach,wadd,7591,6629,-0.048997812,-0.04580436,0.003193453
SMOKE · validación técnica,enthusiastic,sunrise,4089,5251,-0.014703218,-0.022608692,-0.007905474
SMOKE · validación técnica,prune,rad,5646,2642,0.052334547,0.055490397,0.0031558499
SMOKE · validación técnica,Max,butterflies,704,3602,-0.019129138,0.012619495,0.031748634
SMOKE · validación técnica,Curious,Joanne,8160,8142,-0.039210457,-0.043097176,-0.0038867183
SMOKE · validación técnica,scary,waddled,1516,7121,0.012938242,0.024968205,0.012029963
SMOKE · validación técnica,Ash,screams,6640,5529,-0.023199987,0.0018840078,0.025083994
SMOKE · validación técnica,belie,regret,1657,4671,-0.062583685,-0.059557483,0.0030262023
SMOKE · validación técnica,hider,mosquitoes,6885,8137,-0.052887946,-0.040012125,0.012875821
SMOKE · validación técnica,c,experien,276,6704,0.025105009,0.023756793,-0.0013482161
SMOKE · validación técnica,Bl,land,2778,1647,0.063817635,0.09920375,0.035386115
SMOKE · validación técnica,earthquake,gotten,5395,5463,0.14289442,0.15187132,0.008976907
SMOKE · validación técnica,high,pushing,1146,3969,0.009220772,0.0030277716,-0.006193001
SMOKE · validación técnica,full,lit,1330,2665,-0.038684838,-0.046095192,-0.007410355
SMOKE · validación técnica,spade,though,4815,1958,-0.023506101,-0.03562927,-0.0121231675
SMOKE · validación técnica,bedroom,opening,2593,6305,-0.04954234,-0.08126503,-0.03172269
SMOKE · validación técnica,achieve,mane,5995,6353,0.011201866,-0.009526186,-0.020728052
SMOKE · validación técnica,meet,rainy,2211,7396,-0.0009257663,-0.020827921,-0.019902155
SMOKE · validación técnica,Sammy,heav,2085,6171,-0.037707005,-0.049169835,-0.01146283
SMOKE · validación técnica,hits,library,5073,3608,0.103718355,0.08437918,-0.019339174
SMOKE · validación técnica,knows,moves,3270,4557,0.0023453273,0.0057582445,0.0034129173
SMOKE · validación técnica,tasting,teach,7991,2350,0.037538115,0.045746878,0.008208763
SMOKE · validación técnica,sewed,vacation,7418,4905,0.13268921,0.12569477,-0.006994441
SMOKE · validación técnica,frowning,pepper,7414,3670,0.05786155,0.08178297,0.023921415
SMOKE · validación técnica,fit,pigeon,2029,3762,-0.10803471,-0.120244816,-0.012210108
SMOKE · validación técnica,ais,del,7124,1033,0.10968747,0.1096875,2.9802322e-08
SMOKE · validación técnica,brother,repe,1222,4003,0.08026262,0.0607909,-0.019471716
SMOKE · validación técnica,conductor,left,7706,1422,0.054352567,0.040214945,-0.014137622
SMOKE · validación técnica,ocean,tube,2233,4121,-0.081166066,-0.026486238,0.054679826
SMOKE · validación técnica,nest,ornaments,2015,6706,-0.11339901,-0.11034776,0.0030512437
SMOKE · validación técnica,bathrobe,mane,5280,6353,-0.104057714,-0.09594995,0.0081077665
SMOKE · validación técnica,tickled,yawn,6255,3771,0.0036641043,0.019534249,0.015870145
SMOKE · validación técnica,As,energy,1237,4109,0.120165855,0.10520899,-0.014956862
SMOKE · validación técnica,dots,interest,6649,5942,0.08932467,0.09300322,0.0036785528
SMOKE · validación técnica,earthquake,impre,5395,2272,0.10239281,0.09778923,-0.0046035796
SMOKE · validación técnica,ambul,firefighters,4428,6214,-0.008011691,-0.008680274,-0.0006685825
SMOKE · validación técnica,Suzie,bald,6235,3042,0.013541766,-0.017073229,-0.030614994
SMOKE · validación técnica,hay,rich,3338,3048,-0.0112115685,-0.018676165,-0.007464597
SMOKE · validación técnica,one,res,626,5029,0.0015573325,-0.00010406412,-0.0016613966
SMOKE · validación técnica,hug,rare,584,2970,0.029289313,-0.01822653,-0.047515843
SMOKE · validación técnica,balance,husband,3065,6914,-0.007990915,0.002290165,0.01028108
SMOKE · validación técnica,being,motor,1025,2927,0.0034789667,-0.009707823,-0.01318679
SMOKE · validación técnica,congratul,written,7453,5970,0.1248664,0.120443806,-0.0044225976
SMOKE · validación técnica,mineral,sadd,5355,7248,-0.017053986,-0.033962302,-0.016908316
SMOKE · validación técnica,agreed,trash,1512,3785,-0.03735106,-0.02625765,0.01109341
SMOKE · validación técnica,calmly,puppy,7507,1546,-0.018094445,-0.0045858957,0.013508549
SMOKE · validación técnica,plans,reassured,6806,7781,0.05750908,0.040401105,-0.017107975
SMOKE · validación técnica,crack,ret,2826,2047,0.0013352046,0.0037852759,0.0024500713
SMOKE · validación técnica,five,upstairs,4092,5095,-0.019703886,-0.0065614413,0.013142444
SMOKE · validación técnica,drawer,remembering,3704,7155,-0.011225749,-0.034389704,-0.023163956
SMOKE · validación técnica,bought,tear,2126,4384,0.014477062,0.029397666,0.014920604
SMOKE · validación técnica,everything,fant,1595,7332,-0.12756981,-0.13249835,-0.004928544
SMOKE · validación técnica,anytime,forehead,5441,6297,-0.026371285,-0.042280503,-0.015909217
SMOKE · validación técnica,roads,self,6050,8131,0.0033695698,0.0039519146,0.00058234483
SMOKE · validación técnica,eld,glee,2810,6363,-0.039356582,-0.056850296,-0.017493714
SMOKE · validación técnica,astronaut,caut,6777,5643,-0.018566996,-0.03249231,-0.013925314
SMOKE · validación técnica,goodbyes,people,7707,926,-0.07583417,-0.08059571,-0.0047615394
SMOKE · validación técnica,clapping,expect,3900,5989,-0.026294386,-0.04660584,-0.020311454
SMOKE · validación técnica,bow,salt,1393,3842,0.035624124,0.056612153,0.020988028
SMOKE · validación técnica,Brown,to,3011,266,0.0037020072,-0.014815439,-0.018517446
SMOKE · validación técnica,Bill,sk,3972,725,0.059193186,0.07540589,0.016212702
SMOKE · validación técnica,matters,tow,7097,1067,0.13270856,0.12419276,-0.008515805
SMOKE · validación técnica,exactly,restaurant,5638,3730,0.037677392,0.022765687,-0.014911706
SMOKE · validación técnica,important,quickly,1096,1101,-0.036037482,-0.075700775,-0.039663292
SMOKE · validación técnica,loud,pushed,867,1857,0.022895517,0.00055006985,-0.022345446
SMOKE · validación técnica,last,spong,2348,6935,0.037669525,0.03910345,0.0014339238
SMOKE · validación técnica,S,kn,298,479,-0.019696109,-0.05381149,-0.03411538
SMOKE · validación técnica,tell,touc,1168,6991,0.013425212,0.02161058,0.008185368
SMOKE · validación técnica,hungry,stud,1550,4491,-0.05938898,-0.071154326,-0.011765346
SMOKE · validación técnica,Josh,oranges,5894,4856,0.011700787,0.029557826,0.01785704
SMOKE · validación técnica,tri,turned,1257,1544,0.05423569,0.039595336,-0.014640354
SMOKE · validación técnica,exclaimed,pass,3175,2324,0.057702355,0.08850287,0.030800514
SMOKE · validación técnica,dessert,gen,3943,2450,0.027631406,0.041159213,0.013527807
SMOKE · validación técnica,fisher,treasure,4236,1689,-0.06983699,-0.05524028,0.014596708
SMOKE · validación técnica,moved,pan,1902,2364,0.117326505,0.11377717,-0.0035493374
SMOKE · validación técnica,chipmunk,monkeys,7643,4114,-0.006035611,0.008510774,0.014546385
SMOKE · validación técnica,Owl,sewing,6853,7699,0.033058587,0.03462013,0.0015615411
SMOKE · validación técnica,towards,wis,1653,2760,-0.029463697,-0.033187833,-0.0037241355
SMOKE · validación técnica,leather,questioned,5344,8108,0.021011885,0.017329566,-0.003682319
SMOKE · validación técnica,menu,ship,5389,2689,-0.047112755,-0.041021407,0.006091349
SMOKE · validación técnica,recording,robots,6461,7903,0.054476272,0.04788674,-0.006589532
SMOKE · validación técnica,bossy,invited,3189,3174,0.06633508,0.006988774,-0.059346307
SMOKE · validación técnica,button,spun,2170,3000,-0.031476766,-0.00676471,0.024712056
SMOKE · validación técnica,edge,puppet,3132,7671,0.092227995,0.10425826,0.012030266
SMOKE · validación técnica,twinkle,vo,6377,1075,0.0706267,0.07576205,0.00513535
SMOKE · validación técnica,fam,surround,865,4527,-0.014281136,-0.0124616595,0.0018194765
SMOKE · validación técnica,screwd,stolen,7180,6242,-0.05850615,-0.05814906,0.00035709143
SMOKE · validación técnica,shouldn,study,4325,3290,-0.004539269,-0.030346459,-0.02580719
SMOKE · validación técnica,healthy,snee,2165,3440,-0.016946938,-0.008605532,0.008341406
SMOKE · validación técnica,expl,fashion,753,5495,0.081669174,0.052687056,-0.028982118
SMOKE · validación técnica,Bluey,tells,6940,2553,-0.04387752,-0.057100352,-0.013222832
SMOKE · validación técnica,drinks,following,5426,4839,4.0614977e-05,-0.0070166383,-0.0070572533
SMOKE · validación técnica,beeped,going,8172,950,-0.011200942,-0.02378942,-0.012588479
SMOKE · validación técnica,pract,replace,2191,5127,0.032292806,0.0362724,0.0039795935
SMOKE · validación técnica,polishing,valued,6046,6253,0.034968488,0.046727903,0.011759415
SMOKE · validación técnica,roots,snee,6262,3440,0.008187586,-0.000593096,-0.008780682
SMOKE · validación técnica,came,grin,622,4575,0.015142471,0.0012201443,-0.013922326
SMOKE · validación técnica,mess,notebook,1261,4071,0.008377096,0.046533734,0.038156636
SMOKE · validación técnica,rainy,rod,7396,3952,-0.07404192,-0.119125456,-0.045083538
SMOKE · validación técnica,diffic,twist,2996,2944,-0.082125925,-0.0874455,-0.005319573
SMOKE · validación técnica,harbor,weeke,4854,6619,0.111594185,0.09062601,-0.020968176
SMOKE · validación técnica,Rose,pi,3289,1532,-0.034086622,-0.039436303,-0.005349681
SMOKE · validación técnica,ber,stre,3155,1799,-0.00023549795,-0.008496748,-0.00826125
SMOKE · validación técnica,scold,tablet,4047,7410,-0.03695491,-0.053803563,-0.016848654
SMOKE · validación técnica,grinned,share,5273,951,0.08999082,0.07803579,-0.01195503
SMOKE · validación técnica,Buddy,looking,3964,1031,0.08923126,0.11014435,0.020913087
SMOKE · validación técnica,To,encouraged,1598,5055,0.12364571,0.16559535,0.041949645
SMOKE · validación técnica,museum,prin,4324,1260,-0.059757743,-0.046598557,0.013159186
SMOKE · validación técnica,mushrooms,tools,7074,3167,0.09174608,0.07513407,-0.016612008
SMOKE · validación técnica,belts,cryst,7409,3850,0.0067085186,0.010789762,0.0040812436
SMOKE · validación técnica,Bobo,roaring,3492,5847,-0.024943441,0.019655913,0.044599354
SMOKE · validación técnica,health,safety,6607,4746,0.0017778659,-0.0037480146,-0.0055258805
SMOKE · validación técnica,began,greet,1249,5925,0.02680488,-0.017233826,-0.044038706
SMOKE · validación técnica,reverse,vi,4883,4024,0.03679856,0.048994925,0.012196366
SMOKE · validación técnica,during,rainy,5263,7396,0.029723736,0.022711141,-0.0070125945
SMOKE · validación técnica,shel,und,3438,7338,-0.03223379,-0.04521006,-0.01297627
SMOKE · validación técnica,proper,triangles,7181,7139,0.0061999187,0.015968062,0.009768143
SMOKE · validación técnica,es,ground,1952,975,0.0320417,-0.00081815943,-0.032859858
SMOKE · validación técnica,nest,universe,2015,5347,-0.046102945,-0.041946054,0.0041568913
SMOKE · validación técnica,memories,number,4397,2709,-0.057069305,-0.060074642,-0.003005337
SMOKE · validación técnica,sharp,surface,2172,5871,-0.05596976,-0.023345511,0.03262425
SMOKE · validación técnica,hedge,unt,3863,794,0.0074747466,0.003223557,-0.0042511895
SMOKE · validación técnica,disob,reliable,7505,3144,-0.10645236,-0.106007665,0.00044469535
SMOKE · validación técnica,Taking,cott,8005,6338,-0.103797846,-0.1064687,-0.0026708543
SMOKE · validación técnica,Pippin,rides,7536,5570,0.023406485,0.042877384,0.019470898
SMOKE · validación técnica,Nothing,why,6660,1309,0.008679815,0.018460844,0.009781029
SMOKE · validación técnica,Bun,likes,4583,1428,-0.040709212,-0.07302438,-0.032315165
SMOKE · validación técnica,activity,garbage,7941,7482,0.021306956,0.01247477,-0.008832186
SMOKE · validación técnica,conflict,preparing,7424,7351,0.059362568,0.05465975,-0.0047028176
SMOKE · validación técnica,ended,stood,4064,2523,0.0065014325,0.06199046,0.055489026
SMOKE · validación técnica,det,east,6767,5809,-0.10356642,-0.04839372,0.055172704
SMOKE · validación técnica,S,chewed,298,5306,0.023471987,0.02697219,0.0035002027
SMOKE · validación técnica,Dan,hosp,5015,2620,-0.023691915,-0.021343883,0.0023480318
SMOKE · validación técnica,cans,disturbed,6313,5580,-0.026873376,-0.024100363,0.002773013
SMOKE · validación técnica,lazy,outfit,2764,6043,0.010176642,0.029562274,0.019385632
SMOKE · validación técnica,lot,screwdriver,662,7219,0.048141427,0.05572477,0.0075833425
SMOKE · validación técnica,emergency,minutes,5835,2660,0.06766005,0.051603027,-0.016057022
SMOKE · validación técnica,Gary,receive,7660,5272,-0.11610893,-0.11276613,0.0033427998
SMOKE · validación técnica,Jessica,pl,6452,352,0.089968875,0.091265015,0.0012961403
SMOKE · validación técnica,disagree,kn,6080,479,-0.06834422,-0.081492566,-0.013148345
SMOKE · validación técnica,conn,wrapping,6522,6830,-0.056595556,-0.05909837,-0.002502814
SMOKE · validación técnica,Floppy,fallen,5692,4786,0.04698085,0.0682009,0.02122005
SMOKE · validación técnica,def,hur,6397,2641,-0.08034325,-0.08034321,3.7252903e-08
SMOKE · validación técnica,crunch,teles,5022,7523,-0.050217308,-0.05369061,-0.0034733005
SMOKE · validación técnica,mistakes,snack,4553,1731,0.007884614,0.054523557,0.046638943
SMOKE · validación técnica,El,barn,6736,3019,0.13838127,0.12795608,-0.010425195
SMOKE · validación técnica,thr,tug,1008,4769,0.045433708,0.039494507,-0.0059392005
SMOKE · validación técnica,impress,wizard,3487,5009,-0.05111134,-0.05542714,-0.004315801
SMOKE · validación técnica,aut,web,4561,5838,-0.115649566,-0.13084127,-0.015191704
SMOKE · validación técnica,die,paying,7125,6527,0.09014852,0.08326826,-0.006880261
SMOKE · validación técnica,He,ribb,314,4157,0.07781221,0.053679958,-0.024132252
SMOKE · validación técnica,exercises,reef,7740,4162,-0.05121569,-0.046912506,0.0043031834
SMOKE · validación técnica,fuel,recorded,5037,6032,-0.06805852,-0.085144214,-0.017085694
SMOKE · validación técnica,awesome,nobody,6197,3824,0.0012234068,-0.017876241,-0.019099649
SMOKE · validación técnica,fresh,pulling,3324,5081,0.021389456,0.027610097,0.0062206406
SMOKE · validación técnica,hole,wigg,1404,4639,-0.03160047,-0.0349857,-0.0033852272
SMOKE · validación técnica,bak,pizz,5213,2540,0.09785698,0.097857,1.4901161e-08
SMOKE · validación técnica,exam,hated,2680,5326,-0.035449214,-0.015915135,0.01953408
SMOKE · validación técnica,comm,got,6174,613,-0.021808837,-0.0030203238,0.018788513
SMOKE · validación técnica,the,three,263,1178,0.009331145,-0.04683145,-0.056162596
SMOKE · validación técnica,easy,study,2632,3290,-0.013069276,-0.026781116,-0.01371184
SMOKE · validación técnica,ang,squeaked,2946,7697,-0.17028363,-0.15441747,0.01586616
SMOKE · validación técnica,miss,sadder,1981,8181,-0.12312802,-0.1042917,0.01883632
SMOKE · validación técnica,fart,gent,5907,1482,-0.044150047,-0.036918648,0.0072313994
SMOKE · validación técnica,needs,toaster,3047,7101,-0.15577254,-0.1606251,-0.004852563
SMOKE · validación técnica,glue,measuring,2874,5204,-0.035090737,-0.042385068,-0.0072943307
SMOKE · validación técnica,available,blond,3934,8015,0.07640352,0.06882645,-0.007577069
SMOKE · validación técnica,crow,loops,4440,7608,-0.033382647,-0.04340388,-0.010021232
SMOKE · validación técnica,knee,walked,2425,927,0.018553412,-0.0007092734,-0.019262685
SMOKE · validación técnica,appreciated,for,7464,366,-0.039745405,0.008528548,0.048273955
SMOKE · validación técnica,figures,showed,7775,1085,-0.05501859,-0.0537585,0.0012600906
SMOKE · validación técnica,bone,our,2698,1161,-0.047034025,-0.056953788,-0.009919763
SMOKE · validación técnica,popcorn,prot,3375,2208,0.13649683,0.11057821,-0.025918618
SMOKE · validación técnica,catch,z,1313,1192,-0.004771583,-0.014785428,-0.010013845
SMOKE · validación técnica,Ash,afterwards,6640,6639,-0.025277603,0.010415446,0.03569305
SMOKE · validación técnica,begin,declared,5558,8077,-0.0004051188,-0.009680491,-0.009275372
SMOKE · validación técnica,crumbs,sand,6215,1227,-0.04253458,-0.03280659,0.009727988
SMOKE · validación técnica,higher,mil,1816,2054,0.03012381,0.04979451,0.0196707
SMOKE · validación técnica,let,searching,915,3337,0.16175395,0.12230824,-0.039445713
SMOKE · validación técnica,form,haircut,8090,4228,0.0202843,0.021170568,0.00088626705
SMOKE · validación técnica,gent,suitcase,1482,5977,0.11897154,0.11054572,-0.008425824
SMOKE · validación técnica,baking,field,4329,1650,-0.048602797,-0.022319518,0.026283279
SMOKE · validación técnica,knee,picnic,2425,2283,-0.0014067879,0.031994466,0.033401255
SMOKE · validación técnica,bars,rising,6426,6708,0.09675953,0.117719,0.020959474
SMOKE · validación técnica,Everyday,mixer,5111,4080,-0.011004692,-0.037845016,-0.026840324
SMOKE · validación técnica,mailman,yourself,4833,2752,0.072938226,0.08603528,0.013097055
SMOKE · validación técnica,hel,toss,2654,7954,-0.058041282,-0.06047034,-0.002429057
SMOKE · validación técnica,Ryan,bakery,7728,6530,-0.068395436,-0.050639603,0.017755833
SMOKE · validación técnica,refrigerator,son,5008,3272,-0.022415275,-0.003763862,0.018651413
SMOKE · validación técnica,fauc,prob,4409,7501,-0.017983679,-0.017983608,7.0780516e-08
SMOKE · validación técnica,stealing,wet,5664,1557,-0.08665662,-0.013550591,0.073106036
SMOKE · validación técnica,posit,shadows,7593,5550,0.041924357,0.09062815,0.04870379
SMOKE · validación técnica,jam,triangles,3185,7139,-0.011244097,0.022143023,0.03338712
SMOKE · validación técnica,began,design,1249,3220,0.031990018,-0.0030196756,-0.035009693
SMOKE · validación técnica,achie,earthquake,4945,5395,0.066070914,0.065044336,-0.0010265782
SMOKE · validación técnica,Both,rolling,6352,3910,-0.049321197,-0.059010558,-0.009689361
SMOKE · validación técnica,Tuesday,puff,5808,7129,0.10072771,0.08520521,-0.015522495
SMOKE · validación técnica,heavier,tube,6894,4121,0.0297641,0.03406371,0.004299611
SMOKE · validación técnica,Bird,grip,6405,8045,0.06896137,0.06473812,-0.00422325
SMOKE · validación técnica,elderly,loves,2904,2257,-0.007076271,0.0024960674,0.009572338
SMOKE · validación técnica,growing,minutes,3482,2660,0.01849372,0.032487266,0.013993546
SMOKE · validación técnica,Cl,laugh,3836,1418,0.03167801,0.007109469,-0.024568541
SMOKE · validación técnica,gloomy,poppy,3736,5399,0.12649739,0.12119813,-0.0052992553
SMOKE · validación técnica,seesaw,softly,6176,4269,0.067327544,0.06717719,-0.00015035272
SMOKE · validación técnica,behaving,cautiously,7162,6425,0.00041779876,0.013516568,0.013098769
SMOKE · validación técnica,scoop,slam,5527,6714,0.06867261,0.07906245,0.010389835
SMOKE · validación técnica,gasp,humble,7058,3594,0.05260233,0.0628756,0.01027327
SMOKE · validación técnica,Ben,listening,487,4041,-0.013142748,0.0048250183,0.017967766
SMOKE · validación técnica,Princess,fauc,6615,4409,0.0020016432,0.00854145,0.0065398067
SMOKE · validación técnica,scrat,touching,3360,5869,-0.044296823,-0.039841942,0.004454881
SMOKE · validación técnica,laug,table,700,1469,0.06192681,0.048324656,-0.0136021525
SMOKE · validación técnica,learns,passengers,6192,7104,0.07145381,0.07459407,0.0031402633
SMOKE · validación técnica,grassy,yach,6606,4137,0.034600347,0.035952862,0.0013525151
SMOKE · validación técnica,sticking,swimsuit,6160,6863,-0.030833872,-0.026563503,0.004270369
SMOKE · validación técnica,appro,begged,4628,5013,0.07767915,0.07174266,-0.0059364885
SMOKE · validación técnica,calend,soaking,4933,7589,0.14695793,0.14695796,2.9802322e-08
SMOKE · validación técnica,die,eld,7125,2810,0.014737302,0.012366058,-0.0023712441
SMOKE · validación técnica,ide,speed,980,3640,0.07774402,0.07990447,0.0021604449
SMOKE · validación técnica,last,pumpkins,2348,6909,-0.18877566,-0.15861532,0.030160338
SMOKE · validación técnica,cir,has,2042,1034,-0.13430549,-0.05816511,0.07614038
SMOKE · validación técnica,bugs,couch,2442,2339,0.053259026,0.06633251,0.013073485
SMOKE · validación técnica,V,helping,5068,1750,-0.031295743,-0.038936518,-0.0076407753
SMOKE · validación técnica,batter,dis,3295,1071,-0.011935874,-0.002796026,0.009139848
SMOKE · validación técnica,officers,violin,7877,4360,0.0076098293,0.0131616555,0.005551826
SMOKE · validación técnica,bookshelf,puzzles,5152,4900,0.058913644,0.051670782,-0.007242862
SMOKE · validación técnica,football,reun,3897,7275,-0.08990611,-0.091320515,-0.0014144033
SMOKE · validación técnica,manag,save,7206,2463,0.06311208,0.029979637,-0.03313244
SMOKE · validación técnica,loading,soon,7325,936,-0.1539044,-0.16739161,-0.01348722
SMOKE · validación técnica,laid,stairs,5161,3404,-0.074416764,-0.10861772,-0.03420096
SMOKE · validación técnica,flip,pastels,7795,6076,-0.048211835,-0.04242154,0.005790297
SMOKE · validación técnica,finished,pine,1398,4502,-0.053416032,-0.045830518,0.0075855143
SMOKE · validación técnica,except,masks,7654,6613,-0.086842686,-0.09683949,-0.009996802
SMOKE · validación técnica,Doggy,imagined,6757,3446,0.041952305,0.037772447,-0.0041798577
SMOKE · validación técnica,cool,deaf,1336,3794,0.11201715,0.10897008,-0.003047064
SMOKE · validación técnica,masterpiece,recognize,7646,5612,-0.044364225,-0.054053184,-0.0096889585
SMOKE · validación técnica,balan,wheels,4935,3686,0.05438544,0.06781624,0.013430804
SMOKE · validación técnica,Sl,praised,7820,4880,0.036561787,0.048415218,0.01185343
SMOKE · validación técnica,team,ventured,2755,6070,-0.019927356,-0.009004215,0.010923142
SMOKE · validación técnica,strawberries,wife,4826,4372,0.08567842,0.08672198,0.0010435581
SMOKE · validación técnica,afar,hides,7828,7156,0.0078099445,-0.0069461092,-0.014756054
SMOKE · validación técnica,restore,stamp,4950,3296,0.1470995,0.1442729,-0.0028266013
SMOKE · validación técnica,Benny,mar,1464,1540,-0.07041925,-0.07603295,-0.0056136996
SMOKE · validación técnica,inspired,scrambled,7870,7705,0.0711254,0.08340414,0.012278736
SMOKE · validación técnica,bridge,emerged,2676,7813,0.1233168,0.1362439,0.012927093
SMOKE · validación técnica,adventur,laughs,2899,3217,0.0057774424,-0.024222942,-0.030000385
SMOKE · validación técnica,backed,whistling,6505,5128,0.08376855,0.08947846,0.0057099164
SMOKE · validación técnica,mother,muff,1542,4010,-0.1093994,-0.105288744,0.0041106567
SMOKE · validación técnica,admired,can,3284,480,-0.019942697,0.026335958,0.046278656
SMOKE · validación técnica,careful,secrets,853,5413,0.035648413,0.049343336,0.013694923
SMOKE · validación técnica,Judy,oatmeal,6963,7448,-0.016004875,0.0045138095,0.020518685
SMOKE · validación técnica,contin,shr,1440,2250,-0.012991309,0.0013713595,0.014362669
SMOKE · validación técnica,Mittens,giraffe,2303,4368,-0.033658095,-0.019775812,0.013882283
SMOKE · validación técnica,found,trophy,592,3987,-0.11552924,-0.083504476,0.032024764
SMOKE · validación técnica,opera,times,4664,3207,0.029196978,0.050548654,0.021351676
SMOKE · validación técnica,heartbroken,taller,7602,4957,-0.044395458,-0.0007964801,0.04359898
SMOKE · validación técnica,hospital,pra,2625,4598,0.016663648,0.0013357848,-0.015327863
SMOKE · validación técnica,Stop,die,5943,7125,0.027636115,0.016991813,-0.010644302
SMOKE · validación técnica,goodbye,vi,1136,4024,-0.08202058,-0.05925883,0.022761751
SMOKE · validación técnica,dan,waffle,941,4970,0.0934109,0.08681877,-0.006592132
SMOKE · validación técnica,Bee,start,7499,530,0.034699377,0.039147764,0.004448388
SMOKE · validación técnica,searching,squish,3337,6556,0.02032017,0.0029628351,-0.017357334
SMOKE · validación técnica,purple,truly,2020,5964,0.029146474,0.09285039,0.06370391
SMOKE · validación técnica,Jess,bookcase,4716,4703,-0.05538226,-0.0062702075,0.04911205
SMOKE · validación técnica,Everyone,coats,1206,5062,0.07483465,0.073641896,-0.001192756
SMOKE · validación técnica,breaking,tremb,5715,5287,0.06630976,0.056561906,-0.009747852
SMOKE · validación técnica,Pin,lab,7764,3330,0.06733971,0.06522708,-0.0021126345
SMOKE · validación técnica,picked,staying,998,6407,0.025018988,0.008570369,-0.016448619
SMOKE · validación técnica,blankets,dip,4592,7312,0.036895223,0.0065102214,-0.030385002
SMOKE · validación técnica,Just,golf,2441,3913,-0.0930336,-0.11858171,-0.025548115
SMOKE · validación técnica,scattered,yelling,4853,5689,0.027781641,0.011085216,-0.016696425
SMOKE · validación técnica,cliff,ye,4796,1118,-0.114413165,-0.11284136,0.0015718043
SMOKE · validación técnica,clum,prevent,3355,4504,-0.070065856,-0.06159155,0.008474305
SMOKE · validación técnica,appl,fair,4203,1432,-0.07020729,-0.0490577,0.02114959
SMOKE · validación técnica,replaced,tablet,6395,7410,-0.02944957,-0.005207656,0.024241915
SMOKE · validación técnica,embarrass,sweets,6597,6037,-0.0056860223,0.0025922265,0.008278249
SMOKE · validación técnica,O,aff,2070,6389,-0.049567953,-0.030764148,0.018803805
SMOKE · validación técnica,jumping,oppos,2503,7916,-0.041578848,-0.027358904,0.014219943
SMOKE · validación técnica,customers,hospital,8035,2625,0.011317436,0.017099239,0.0057818033
SMOKE · validación técnica,driveway,hills,7508,4755,-0.010341324,-0.032212675,-0.02187135
SMOKE · validación técnica,Quick,needles,7404,6738,-0.06477957,-0.08045272,-0.015673146
SMOKE · validación técnica,Li,ne,6771,401,-0.0962815,-0.10778493,-0.011503428
SMOKE · validación técnica,battle,continued,7462,1485,-0.093920596,-0.0977565,-0.0038359016
SMOKE · validación técnica,ben,lighter,1971,6717,0.030394621,0.038844675,0.008450054
SMOKE · validación técnica,enjoyed,escape,1409,3150,0.052100882,0.0016153809,-0.0504855
SMOKE · validación técnica,challen,poured,5157,3341,-0.11268127,-0.12744647,-0.014765203
SMOKE · validación técnica,all,ripped,474,5614,-0.010900912,-0.030286804,-0.019385893
SMOKE · validación técnica,countryside,valu,5975,3146,-0.13753074,-0.14984524,-0.012314498
SMOKE · validación técnica,restless,stopped,3760,1032,0.027003724,0.06895422,0.041950498
SMOKE · validación técnica,bricks,walls,5172,3145,-0.12932055,-0.136192,-0.006871447
SMOKE · validación técnica,destroyed,rag,4940,4272,-0.09190276,-0.07900949,0.012893274
SMOKE · validación técnica,today,watch,1851,1099,-0.015295424,-0.025706131,-0.010410707
SMOKE · validación técnica,desp,dive,6049,4127,-0.000623405,-0.0035573319,-0.0029339269
SMOKE · validación técnica,Zero,worker,6982,6286,0.045965225,0.046911113,0.00094588846
SMOKE · validación técnica,Emily,worrying,2308,7598,0.0640015,0.038189985,-0.025811516
SMOKE · validación técnica,granddaughter,stack,7946,3807,-0.018253714,-0.021779768,-0.0035260543
SMOKE · validación técnica,col,travelled,899,6646,0.0010330379,-0.009264156,-0.010297194
SMOKE · validación técnica,change,flashing,2831,8112,-0.012482832,-0.01791538,-0.005432547
SMOKE · validación técnica,adorable,follow,3967,1128,0.008111291,-0.006239122,-0.014350412
SMOKE · validación técnica,holiday,items,4471,5485,0.023279436,0.01943741,-0.003842026
SMOKE · validación técnica,kitchen,ribb,1226,4157,-0.0065150894,-0.02600924,-0.01949415
SMOKE · validación técnica,beautiful,papers,870,4261,0.027341438,0.043687154,0.016345715
SMOKE · validación técnica,sure,took,1117,659,0.009838685,0.035501264,0.025662579
SMOKE · validación técnica,fountain,mouth,3224,1760,0.12316019,0.14919674,0.026036553
SMOKE · validación técnica,boring,thoughts,2735,7594,0.053273592,0.069675416,0.016401824
SMOKE · validación técnica,embarrass,prayer,6597,6066,0.02862284,0.037052695,0.008429855
SMOKE · validación técnica,Milly,ve,5365,1706,-0.08292603,-0.09996022,-0.017034195
SMOKE · validación técnica,not,shut,395,3581,0.04983341,0.01088389,-0.03894952
SMOKE · validación técnica,Lizzie,spot,6406,1357,0.009675712,0.009435754,-0.00023995806
SMOKE · validación técnica,King,bouncing,4974,4525,-0.08210693,-0.09445709,-0.012350157
SMOKE · validación técnica,belongs,slides,4544,3589,-0.11836034,-0.14117453,-0.022814184
SMOKE · validación técnica,blackboard,lect,4751,5243,0.017435359,0.018469907,0.0010345485
SMOKE · validación técnica,teacher,thirsty,1838,3370,-0.022724047,-0.033223756,-0.010499708
SMOKE · validación técnica,Momo,families,6228,6327,0.06452134,0.062424794,-0.0020965487
SMOKE · validación técnica,escaped,sponge,5340,7007,0.011754194,-0.016331818,-0.028086012
SMOKE · validación técnica,grap,slither,3122,7595,0.048162665,0.049663164,0.0015004985
SMOKE · validación técnica,stepped,stretching,1758,5662,-0.0008381959,-0.0055516455,-0.0047134496
SMOKE · validación técnica,harbor,scar,4854,2561,0.08812004,0.084561765,-0.003558278
SMOKE · validación técnica,Sun,strawber,6920,3080,0.091595165,0.07963466,-0.011960506
SMOKE · validación técnica,concert,dod,7837,7189,-0.046367493,-0.04584387,0.0005236231
SMOKE · validación técnica,astronaut,sal,6777,2309,-0.0102904625,-0.014599548,-0.004309085
SMOKE · validación técnica,against,probably,2984,7512,-0.0023639323,0.013087165,0.015451097
SMOKE · validación técnica,dro,kicking,1354,6030,0.070722386,0.06698985,-0.0037325397
SMOKE · validación técnica,Tess,poison,6482,4917,-0.119202375,-0.12801158,-0.008809209
SMOKE · validación técnica,wag,yawn,7294,3771,0.023221243,0.055605162,0.03238392
SMOKE · validación técnica,Earth,mate,6283,7382,0.036461562,0.037319764,0.0008582026
SMOKE · validación técnica,j,sense,444,6534,-0.06990862,-0.040060997,0.029847622
SMOKE · validación técnica,belongs,trump,4544,3534,0.11715939,0.114302754,-0.0028566346
SMOKE · validación técnica,spaceship,trophy,5568,3987,-0.10678646,-0.103765756,0.0030207038
SMOKE · validación técnica,had,train,359,1764,0.112822644,0.058720462,-0.054102182
SMOKE · validación técnica,guessed,reindeer,5454,4171,-0.002731435,0.008558895,0.01129033
SMOKE · validación técnica,ambulance,wealthy,4479,3276,-0.012436343,-0.0072937403,0.005142603
SMOKE · validación técnica,future,serious,5183,3372,-0.15152961,-0.08009836,0.07143125
SMOKE · validación técnica,glowed,happen,5112,1868,-0.078959,-0.07076576,0.00819324
SMOKE · validación técnica,flea,hurting,4461,4770,0.041459236,0.04984572,0.008386485
SMOKE · validación técnica,countryside,months,5975,7363,0.00027740095,0.006843757,0.006566356
SMOKE · validación técnica,pause,right,6348,1106,-0.049422327,-0.047122344,0.002299983
SMOKE · validación técnica,hers,mountains,5052,5352,0.0049173348,0.023144886,0.018227551
SMOKE · validación técnica,Am,cowb,5615,6672,-0.066181175,-0.06579898,0.00038219243
SMOKE · validación técnica,father,todd,2852,6454,-0.07231019,-0.069211334,0.003098853
SMOKE · validación técnica,medic,whatever,2761,5561,-0.097838394,-0.10210172,-0.0042633265
SMOKE · validación técnica,Miss,glad,5001,1229,-0.01883018,0.019261971,0.03809215
SMOKE · validación técnica,asked,ends,511,8098,-0.04386971,-0.098002054,-0.054132342
SMOKE · validación técnica,exploring,travell,1915,5649,0.0025282502,-0.023681268,-0.026209518
SMOKE · validación técnica,Friend,cheerful,6595,3062,0.010863451,-0.016347274,-0.027210725
SMOKE · validación técnica,costum,walked,3273,927,0.073395655,0.046821192,-0.026574463
SMOKE · validación técnica,delicate,whisper,3398,4554,-0.027167864,-0.008867469,0.018300395
SMOKE · validación técnica,cand,why,2769,1309,-0.052703153,-0.035926104,0.01677705
SMOKE · validación técnica,hugged,stays,780,6636,-0.054522876,-0.029107701,0.025415175
SMOKE · validación técnica,and,our,265,1161,-0.03567838,-0.063253805,-0.027575426
SMOKE · validación técnica,camp,sea,3756,1881,-0.09141296,-0.09043376,0.0009792
SMOKE · validación técnica,back,bucket,486,1936,-0.04483068,-0.0153944045,0.029436275
SMOKE · validación técnica,muffins,their,6017,460,0.014994217,0.037977315,0.022983098
SMOKE · validación técnica,fountain,grocery,3224,5211,0.0137970345,0.019689478,0.0058924435
SMOKE · validación técnica,satis,tail,5230,1609,0.08864391,0.09993071,0.011286803
SMOKE · validación técnica,fears,spill,6884,5456,0.03582015,0.007288201,-0.028531948
SMOKE · validación técnica,Els,playing,6342,607,0.053977557,0.07425623,0.02027867
SMOKE · validación técnica,helpless,quiz,3846,4784,-0.06257813,-0.05861955,0.0039585754
SMOKE · validación técnica,cell,yelled,4685,2594,0.049804766,0.030020198,-0.019784568
SMOKE · validación técnica,ice,navy,1423,5370,0.010154306,0.014055825,0.0039015189
SMOKE · validación técnica,buckets,forgave,5822,4019,0.023136588,-0.009056771,-0.03219336
SMOKE · validación técnica,jump,near,862,1087,0.06871485,0.050446823,-0.018268026
SMOKE · validación técnica,Nemo,rained,3256,5377,0.03222789,0.021813395,-0.010414494
SMOKE · validación técnica,darl,sna,8118,2619,-0.0682816,-0.07266551,-0.004383914
SMOKE · validación técnica,thanked,weird,839,3057,-0.07762416,-0.13325803,-0.055633873
SMOKE · validación técnica,at,head,452,1104,0.09997849,0.037437234,-0.06254126
SMOKE · validación técnica,hats,stung,3176,7067,0.033883125,0.05637593,0.022492804
SMOKE · validación técnica,release,slip,5982,5424,-0.08539499,-0.06992293,0.015472062
SMOKE · validación técnica,garden,tummy,846,3197,-0.00025042333,-0.030590009,-0.030339586
SMOKE · validación técnica,fixing,mer,5229,6959,0.026783437,0.014104582,-0.012678854
SMOKE · validación técnica,experien,sunf,6704,3336,-0.059638735,-0.057182007,0.0024567284
SMOKE · validación técnica,balloons,serious,3030,3372,-0.032753307,0.010816898,0.043570206
SMOKE · validación técnica,soaring,underground,5552,5627,0.0009667557,-0.0043728263,-0.005339582
SMOKE · validación técnica,birdie,dogs,3294,2872,-0.052973904,-0.05663671,-0.003662806
SMOKE · validación técnica,blackboard,electric,4751,7963,-0.023191627,-0.024634056,-0.0014424287
SMOKE · validación técnica,B,orange,371,1968,0.050779473,0.11146274,0.06068327
SMOKE · validación técnica,hurting,revealed,4770,5374,-0.0777722,-0.040146105,0.037626095
SMOKE · validación técnica,Ru,footsteps,8102,7901,0.07193625,0.07173754,-0.00019870698
SMOKE · validación técnica,pir,se,2690,439,0.008706,0.016182216,0.007476216
SMOKE · validación técnica,chocolates,fa,7664,537,-0.13522597,-0.15736125,-0.022135288
SMOKE · validación técnica,harsh,neatly,3949,6952,0.022623226,0.019195352,-0.0034278743
SMOKE · validación técnica,picnics,wasted,8167,6390,0.05906556,0.055800524,-0.0032650381
SMOKE · validación técnica,accomplish,one,6424,626,-0.010426053,-0.0046027848,0.005823268
SMOKE · validación técnica,comput,first,3333,1187,0.01676422,0.060776003,0.044011783
SMOKE · validación técnica,U,accidentally,3249,2076,0.011608794,0.018890224,0.00728143
SMOKE · validación técnica,crowns,helpless,8106,3846,-0.0008976534,0.0149957165,0.01589337
SMOKE · validación técnica,feathers,plane,2823,2179,0.012067325,-0.00979886,-0.021866186
SMOKE · validación técnica,hoo,scraped,8084,7103,-0.0072758757,-0.019768462,-0.012492586
SMOKE · validación técnica,stom,swan,4181,3115,-0.06820677,-0.06992042,-0.0017136484
SMOKE · validación técnica,concert,des,7837,1960,-0.035146132,-0.034758583,0.0003875494
SMOKE · validación técnica,move,read,1408,1375,0.0078124693,0.004361842,-0.0034506274
SMOKE · validación técnica,rabbit,shr,1103,2250,-0.022549976,0.029607313,0.05215729
SMOKE · validación técnica,model,unl,5049,3140,-0.05757083,-0.071299866,-0.013729036
SMOKE · validación técnica,instrum,measure,6601,2876,-0.013160993,-0.040375818,-0.027214825
SMOKE · validación técnica,H,toil,308,4421,-0.11772638,-0.100353636,0.017372742
SMOKE · validación técnica,beat,fish,5295,1077,0.04314568,0.039435957,-0.0037097223
SMOKE · validación técnica,birdc,nodd,5145,8094,-0.05041176,-0.038679656,0.011732105
SMOKE · validación técnica,Poppy,crowd,5591,5956,-0.13610813,-0.1293588,0.006749332
SMOKE · validación técnica,Luckily,moments,6392,4892,-0.07813968,0.006765317,0.084905
SMOKE · validación técnica,becoming,trumpet,5937,3628,0.01725128,0.02192114,0.00466986
SMOKE · validación técnica,cleaning,remove,3194,4857,-0.043065816,-0.015164793,0.027901024
SMOKE · validación técnica,Sharing,fisher,5619,4236,0.0626536,0.059253436,-0.0034001656
SMOKE · validación técnica,balance,collection,3065,5163,0.007888222,0.018552221,0.010663999
SMOKE · validación técnica,behaving,belongings,7162,7662,-0.0009377673,-0.019947119,-0.019009352
SMOKE · validación técnica,bleed,meowing,5088,8138,-0.06679421,-0.06679417,3.7252903e-08
SMOKE · validación técnica,Poppy,cherry,5591,4777,0.024212983,0.029581428,0.005368445
SMOKE · validación técnica,package,planting,3781,7572,-0.03714758,-0.04200977,-0.0048621893
SMOKE · validación técnica,memories,sty,4397,4987,0.047755107,0.055440444,0.007685337
SMOKE · validación técnica,six,weren,5519,5373,0.0054055145,0.03572162,0.030316103
SMOKE · validación técnica,Jen,notice,1610,3247,0.065190256,0.05442422,-0.010766037
SMOKE · validación técnica,boys,ranch,2893,5177,0.042078104,0.066569604,0.0244915
SMOKE · validación técnica,angels,wag,7905,7294,-0.09963688,-0.08127938,0.0183575
SMOKE · validación técnica,ap,within,2204,7921,0.039043166,0.050372884,0.011329718
SMOKE · validación técnica,snowflakes,sure,7872,1117,-0.043728314,-0.022732057,0.020996258
SMOKE · validación técnica,open,wrist,1182,6367,0.0034634313,0.0026304326,-0.00083299866
SMOKE · validación técnica,cra,enemy,1350,8096,0.15617105,0.15165737,-0.004513681
SMOKE · validación técnica,arr,stone,6791,2465,-0.027754983,-0.0060351156,0.021719867
SMOKE · validación técnica,belonged,dust,3021,3547,-0.03068284,0.0040899646,0.034772806
SMOKE · validación técnica,environment,planning,8184,6873,-0.05272159,-0.05366321,-0.0009416193
SMOKE · validación técnica,four,wise,3104,1947,-0.031747624,0.011557728,0.043305352
SMOKE · validación técnica,bowls,zipped,6543,5289,0.13142051,0.13399225,0.0025717467
SMOKE · validación técnica,heads,looks,4410,1344,-0.0141122285,0.036392182,0.05050441
SMOKE · validación técnica,kite,paintbrush,2052,7804,0.08392751,0.093306154,0.009378642
SMOKE · validación técnica,dipped,sunset,6361,4202,0.052871495,0.04706016,-0.0058113337
SMOKE · validación técnica,ele,weal,1735,3118,0.06121878,0.08721924,0.026000459
SMOKE · validación técnica,complete,pops,4183,7531,0.05982826,0.06442395,0.0045956895
SMOKE · validación técnica,bother,crowd,4691,5956,0.11596148,0.09856489,-0.017396584
SMOKE · validación técnica,int,lear,687,4040,0.010753952,0.009758674,-0.0009952784
SMOKE · validación técnica,Timmy,fetch,514,6010,0.05029536,0.07685064,0.026555277
SMOKE · validación técnica,bit,squished,1197,7962,-0.0037012734,0.0067989263,0.0105002
SMOKE · validación técnica,disob,twinkling,7505,5799,0.0458273,0.05682912,0.011001822
SMOKE · validación técnica,Thanks,ride,7057,1608,0.0120372735,0.012738276,0.0007010028
SMOKE · validación técnica,fut,memory,5174,5267,0.021415878,0.03165243,0.01023655
SMOKE · validación técnica,scissors,stadium,2740,4976,0.12829477,0.12077622,-0.007518545
SMOKE · validación técnica,cous,somebody,6663,6295,-0.10088746,-0.11398717,-0.013099708
SMOKE · validación técnica,grateful,proud,1716,738,0.14765802,0.09817913,-0.04947889
SMOKE · validación técnica,conn,libr,6522,3148,0.009647705,0.009139966,-0.00050773844
SMOKE · validación técnica,Happy,dist,6535,1918,-0.024540903,-0.02261834,0.0019225627
SMOKE · validación técnica,comput,neat,3333,3673,-0.1396761,-0.14217715,-0.0025010556
SMOKE · validación técnica,entire,went,5824,467,-0.099872276,-0.058126625,0.04174565
SMOKE · validación técnica,anymore,cookies,1173,1585,0.0065944763,0.12406459,0.11747011
SMOKE · validación técnica,Squ,lea,6485,1198,0.07326169,0.084231235,0.010969542
SMOKE · validación técnica,destro,whispered,3570,3416,-0.015499696,-0.028735127,-0.013235431
SMOKE · validación técnica,fig,spring,2615,3638,0.13769968,0.14197229,0.00427261
SMOKE · validación técnica,Can,chopped,1347,7257,0.0654687,0.03725928,-0.028209418
SMOKE · validación técnica,app,squealed,1078,6213,0.0722555,0.068888724,-0.0033667758
SMOKE · validación técnica,cookies,flipped,1585,8051,-0.009057915,0.016381778,0.025439693
SMOKE · validación técnica,dull,seems,3363,6189,-0.06827056,-0.075663514,-0.007392958
SMOKE · validación técnica,marshmallows,reun,7244,7275,0.011076743,0.01463832,0.0035615768
SMOKE · validación técnica,ex,snuggle,463,7006,0.0057930322,0.019057525,0.013264493
SMOKE · validación técnica,focus,lun,8139,6553,-0.03136426,-0.025471527,0.0058927312
SMOKE · validación técnica,changed,spade,3292,4815,-0.11630061,-0.14334925,-0.027048633
SMOKE · validación técnica,reading,x,3663,5487,0.07762594,0.032640863,-0.044985075
SMOKE · validación técnica,corners,creation,7211,5498,-0.0811809,-0.062169623,0.019011278
SMOKE · validación técnica,higher,wood,1816,1376,0.005027298,0.07043058,0.06540328
SMOKE · validación técnica,Lilly,vacation,4386,4905,0.021721326,0.023292348,0.001571022
SMOKE · validación técnica,grate,slides,1699,3589,-0.028578108,-0.028719896,-0.00014178827
SMOKE · validación técnica,Je,discovered,5488,2838,-0.042855628,-0.032874335,0.009981293
SMOKE · validación técnica,cobwebs,weeke,7579,6619,0.036434412,0.0352685,-0.0011659116
SMOKE · validación técnica,mother,pen,1542,1693,-0.046486955,-0.019207206,0.02727975
SMOKE · validación técnica,half,kitten,3463,2412,0.005639158,-0.013398949,-0.019038107
SMOKE · validación técnica,cow,realised,2007,2886,0.083294824,0.07125396,-0.012040861
SMOKE · validación técnica,melted,miles,4969,6370,-0.0152615495,0.0033318028,0.018593352
SMOKE · validación técnica,Lily,finishing,364,7231,-0.037496004,-0.022599017,0.014896987
SMOKE · validación técnica,Nick,holds,6669,3671,0.038517866,0.0662349,0.027717035
SMOKE · validación técnica,lesson,response,1364,7347,0.04589287,0.028622683,-0.017270185
SMOKE · validación técnica,carrot,reason,1763,7205,-0.13445549,-0.10273789,0.0317176
SMOKE · validación técnica,magnif,sailed,8066,2774,-0.029643342,-0.00013023522,0.029513106
SMOKE · validación técnica,potatoes,stern,5468,6364,-0.028275928,-0.0431758,-0.014899874
SMOKE · validación técnica,dam,everyone,5818,1072,0.04934975,0.031288013,-0.018061738
SMOKE · validación técnica,glasses,separate,6460,4507,0.070269585,0.10318502,0.032915436
SMOKE · validación técnica,jud,test,7897,2597,0.10630523,0.09990099,-0.006404236
SMOKE · validación técnica,boy,suits,524,7374,0.020208947,0.027262231,0.007053284
SMOKE · validación técnica,echoed,fing,7329,2108,-0.00995123,-0.018959103,-0.009007873
SMOKE · validación técnica,differe,shovel,1115,4215,0.024866354,0.040914442,0.016048089
SMOKE · validación técnica,hardly,wires,4816,6325,-0.013163817,-0.01345656,-0.00029274262
SMOKE · validación técnica,forward,wolf,2419,2609,-0.052486394,-0.08500917,-0.03252278
SMOKE · validación técnica,as,decorated,417,5642,0.038936496,0.06754366,0.028607167
SMOKE · validación técnica,ag,bak,539,5213,-0.051692054,-0.056572426,-0.0048803724
SMOKE · validación técnica,Everything,true,3765,2720,-0.013734853,-0.040716387,-0.026981534
SMOKE · validación técnica,Cla,message,5548,3968,-0.105955444,-0.08660686,0.019348584
SMOKE · validación técnica,scarecrow,tornado,7907,5119,-0.020599391,-0.02804662,-0.007447228
SMOKE · validación técnica,Rock,humble,7175,3594,0.019304723,0.013000779,-0.0063039437
SMOKE · validación técnica,breeze,sweep,4448,8030,0.11897561,0.10672815,-0.012247458
SMOKE · validación técnica,cracked,vehic,6324,4629,0.006671801,0.016182732,0.009510931
SMOKE · validación técnica,math,way,3679,869,-0.043276183,-0.046965837,-0.0036896542
SMOKE · validación técnica,cuts,stuffed,6252,4170,0.065293744,0.077865854,0.01257211
SMOKE · validación técnica,eventually,forgave,2331,4019,-0.057684608,-0.036639675,0.021044932
SMOKE · validación técnica,fridge,min,2992,1848,-0.049081318,-0.038948674,0.010132644
SMOKE · validación técnica,drifted,pirates,6477,4521,-0.114895746,-0.07437188,0.040523864
SMOKE · validación técnica,Nina,onward,6968,7249,-0.103839286,-0.10795933,-0.0041200444
SMOKE · validación técnica,dangers,pond,7801,1296,0.06084246,0.0495985,-0.011243958
SMOKE · validación técnica,material,soaking,7509,7589,-0.07976805,-0.08094652,-0.0011784732
SMOKE · validación técnica,Beth,bir,5632,527,-0.093412295,-0.0900979,0.0033143982
SMOKE · validación técnica,clearing,tip,5282,5586,0.0407009,0.06540713,0.024706226
SMOKE · validación técnica,cooking,inviting,3569,6232,0.051186882,0.05759213,0.0064052492
SMOKE · validación técnica,fl,unicorn,599,5588,0.013607319,0.017569356,0.003962036
SMOKE · validación técnica,simply,vac,7966,4724,0.0733177,0.077586874,0.004269175
SMOKE · validación técnica,George,speaking,4001,6449,0.053865165,0.040779393,-0.013085771
SMOKE · validación técnica,cho,doorbell,1728,8162,-0.1148978,-0.13011886,-0.015221059
SMOKE · validación técnica,closer,saf,1143,2186,0.08593457,0.072026834,-0.013907738
SMOKE · validación técnica,bricks,gust,5172,5090,0.029063236,0.020899326,-0.00816391
SMOKE · validación técnica,Jack,vehicles,803,7698,0.09970628,0.122695126,0.022988848
SMOKE · validación técnica,leaned,pretends,4190,6343,-0.079264954,-0.04634965,0.032915305
SMOKE · validación técnica,Snow,calmed,4217,6476,0.09108436,0.08823869,-0.0028456748
SMOKE · validación técnica,allig,settle,4199,5427,-0.19347396,-0.20560473,-0.012130767
SMOKE · validación técnica,counter,flood,4336,5207,-0.008757105,-0.04488168,-0.036124572
SMOKE · validación técnica,playtime,warmer,7300,7458,-0.07519458,-0.071700886,0.0034936965
SMOKE · validación técnica,freed,rustling,6133,7076,0.09856582,0.09271451,-0.005851306
SMOKE · validación técnica,encouraging,sweep,7307,8030,0.05640338,0.050769188,-0.0056341924
SMOKE · validación técnica,jour,named,1869,494,0.1115856,0.08599485,-0.025590755
SMOKE · validación técnica,triang,trop,4043,3950,0.06482218,0.05998155,-0.004840631
SMOKE · validación técnica,discoveries,watching,7808,2130,-0.01765079,-0.036798365,-0.019147575
SMOKE · validación técnica,Lisa,ang,2485,2946,-0.015753942,-0.0090104155,0.006743526
SMOKE · validación técnica,battery,father,4789,2852,-0.09980147,-0.092720166,0.0070813075
SMOKE · validación técnica,clapped,responsib,1829,7640,-0.04028102,-0.04595934,-0.0056783184
SMOKE · validación técnica,cheap,safer,3350,6208,0.05026803,0.04565593,-0.004612103
SMOKE · validación técnica,wherever,woman,5223,2154,0.006336583,-0.038524915,-0.044861495
SMOKE · validación técnica,minutes,nice,2660,787,-0.10409024,-0.08017118,0.02391906
SMOKE · validación técnica,became,saus,1134,4241,0.13016425,0.1305537,0.00038944185
SMOKE · validación técnica,decided,lonely,616,1887,-0.025869647,-0.008203348,0.017666299
SMOKE · validación técnica,complet,earth,3525,3475,0.0059904307,-0.007502124,-0.013492554
SMOKE · validación técnica,leaving,shock,3429,5921,-0.097449616,-0.10205415,-0.0046045333
SMOKE · validación técnica,I,clicked,339,8176,0.07096468,0.0537609,-0.017203778
SMOKE · validación técnica,dest,squished,2779,7962,0.019455474,0.033188224,0.01373275
SMOKE · validación técnica,herself,obeyed,1430,8174,-0.08432552,-0.07466642,0.009659104
SMOKE · validación técnica,concert,rhinoceros,7837,4315,0.046529796,0.060985968,0.014456172
SMOKE · validación técnica,dirty,someone,1797,1498,0.0041486807,-0.008759834,-0.012908515
SMOKE · validación técnica,Stitch,neighbor,7463,2254,0.08849241,0.08970937,0.0012169629
SMOKE · validación técnica,circles,rolled,3054,2209,0.058962286,0.062834315,0.0038720295
SMOKE · validación técnica,aisle,pupil,7874,5407,-0.0361616,-0.020081114,0.016080488
SMOKE · validación técnica,grin,slices,4575,6539,-0.036843054,-0.045622192,-0.008779138
SMOKE · validación técnica,fast,prun,850,6117,0.0009641722,-0.011642724,-0.012606896
SMOKE · validación técnica,Billy,ang,1536,2946,-0.0637423,-0.030233132,0.033509172
SMOKE · validación técnica,Joanne,alarm,8142,4609,-0.04052025,-0.049289294,-0.008769043
SMOKE · validación técnica,camera,rever,3271,4294,-0.043621063,-0.042418517,0.0012025461
SMOKE · validación técnica,storm,touch,2138,1331,-0.0042380206,-0.039009098,-0.034771077
SMOKE · validación técnica,enorm,seagull,3198,6113,-0.07839224,-0.08510514,-0.006712906
SMOKE · validación técnica,examined,million,5539,8069,0.014391061,0.0155697055,0.0011786446
SMOKE · validación técnica,delayed,muscles,7910,5727,-0.0032068212,0.0316118,0.03481862
SMOKE · validación técnica,Well,provide,7394,5096,0.008182098,0.014647125,0.006465027
SMOKE · validación técnica,inviting,ways,6232,3288,0.06687109,0.050097637,-0.016773455
SMOKE · validación técnica,captain,delay,4980,4745,-0.009298626,-0.005155135,0.0041434914
SMOKE · validación técnica,For,cook,6094,1174,0.04674374,0.03193716,-0.01480658
SMOKE · validación técnica,deser,tid,5950,2334,0.027240835,0.026454387,-0.0007864479
SMOKE · validación técnica,near,season,1087,5812,0.10111648,0.049935747,-0.05118073
SMOKE · validación técnica,incre,sadly,4699,3681,0.073584445,0.07540756,0.0018231124
SMOKE · validación técnica,Anna,turns,792,1921,-0.013380609,-0.024477059,-0.01109645
SMOKE · validación técnica,Jessie,raced,6413,3254,-0.016647443,-0.028548889,-0.011901446
SMOKE · validación técnica,gazed,intelligent,6127,3701,0.042636275,0.06005928,0.017423004
SMOKE · validación técnica,camping,storm,6033,2138,-0.07869038,-0.07481697,0.0038734078
SMOKE · validación técnica,ang,toddler,2946,6879,0.03808441,0.03986921,0.0017848015
SMOKE · validación técnica,slower,voices,6947,5658,0.009950928,0.035875052,0.025924124
SMOKE · validación técnica,emb,roots,2284,6262,0.0754609,0.072836675,-0.0026242286
SMOKE · validación técnica,bumps,gazing,6545,7755,-0.025014684,-0.025053896,-3.9212406e-05
SMOKE · validación técnica,bird,results,535,7377,0.041563585,0.06235517,0.020791583
SMOKE · validación técnica,separ,silly,3840,1645,-0.08402544,-0.09765343,-0.013627991
SMOKE · validación técnica,Its,mill,4872,3643,-0.013236739,0.015646964,0.028883703
SMOKE · validación técnica,great,placed,1055,3575,0.0155589115,0.03940801,0.023849098
SMOKE · validación técnica,Brown,rushing,3011,7164,0.02297398,0.022606267,-0.0003677141
SMOKE · validación técnica,sister,windows,1688,3690,-0.0313678,0.015931657,0.04729946
SMOKE · validación técnica,control,printer,5891,5659,0.011630404,-0.014969254,-0.026599657
SMOKE · validación técnica,prepared,races,5386,7304,-0.023694973,-0.034325905,-0.010630932
SMOKE · validación técnica,ce,changing,2113,7395,0.044863187,0.04060509,-0.004258096
SMOKE · validación técnica,ladyb,scrat,5690,3360,-0.11608272,-0.092191264,0.023891456
SMOKE · validación técnica,bel,efforts,1160,7352,-0.011210737,-0.011821136,-0.00061039906
SMOKE · validación técnica,steak,thermomet,4334,4741,0.06934836,0.06113398,-0.008214377
SMOKE · validación técnica,other,tempt,572,6859,-0.13584173,-0.023465667,0.112376064
SMOKE · validación técnica,nut,shout,2532,1102,-0.00035771728,-0.0080089085,-0.007651191
SMOKE · validación técnica,nodd,secret,8094,1892,-0.05147212,-0.03156853,0.019903589
SMOKE · validación técnica,appreciation,mar,7120,1540,0.028179806,0.027985003,-0.00019480288
SMOKE · validación técnica,mor,outside,1125,674,0.037573338,0.03593445,-0.0016388893
SMOKE · validación técnica,bedtime,unhappy,6429,4188,-0.053422958,-0.055972494,-0.0025495365
SMOKE · validación técnica,breathing,car,7668,569,0.060548358,0.06272635,0.002177991
SMOKE · validación técnica,pain,presses,1194,7288,0.001640954,-0.005609763,-0.007250717
SMOKE · validación técnica,eaten,soldiers,4618,5171,0.023554303,0.030304931,0.0067506284
SMOKE · validación técnica,flapped,toward,4574,7479,0.12774725,0.17222707,0.044479817
SMOKE · validación técnica,darlings,promises,8144,7000,-0.0029473808,-0.006295694,-0.0033483133
SMOKE · validación técnica,onion,squishy,4033,6973,0.14319992,0.14531125,0.0021113306
SMOKE · validación técnica,behaved,burying,6661,7326,-0.048240755,-0.035602726,0.012638029
SMOKE · validación técnica,Who,spirit,4890,4125,-0.051418964,-0.037181538,0.014237426
SMOKE · validación técnica,digging,hor,4984,2114,-0.039249837,-0.024764908,0.014484929
SMOKE · validación técnica,boy,butterfly,524,1412,0.07232925,0.14193131,0.06960206
SMOKE · validación técnica,exch,fountain,7982,3224,0.0043016374,0.019752547,0.01545091
SMOKE · validación técnica,fears,swe,6884,3210,0.10833144,0.14833042,0.03999898
SMOKE · validación técnica,close,skipping,1443,5298,-0.004742209,-0.04749968,-0.04275747
SMOKE · validación técnica,Daddy,hanging,1798,4549,-0.03255804,-0.055903077,-0.023345038
SMOKE · validación técnica,cone,usual,3339,6194,-0.11774948,-0.12988204,-0.012132555
SMOKE · validación técnica,li,suff,378,4708,-0.00095837936,0.00037697703,0.0013353564
SMOKE · validación técnica,petted,unite,5425,5091,0.012698064,0.020051546,0.007353483
SMOKE · validación técnica,blackboard,peppers,4751,6823,0.12838386,0.13069642,0.002312556
SMOKE · validación técnica,cones,lions,5802,4155,-0.011112334,-0.027963351,-0.016851017
SMOKE · validación técnica,glue,shrinking,2874,6693,-0.100111656,-0.066668734,0.033442922
SMOKE · validación técnica,Su,sway,4562,5980,-0.12361506,-0.13696495,-0.013349891
SMOKE · validación técnica,burst,weap,6705,4866,-0.0024364311,-0.010365371,-0.00792894
SMOKE · validación técnica,afford,dive,6786,4127,-0.030783191,-0.032801703,-0.0020185113
SMOKE · validación técnica,crying,picture,1785,1037,-0.036803212,0.018660154,0.055463366
SMOKE · validación técnica,cry,lions,987,4155,-0.007492871,0.0015482325,0.009041104
SMOKE · validación técnica,Jeff,rolls,6052,6186,-0.004826024,-0.025871016,-0.021044992
SMOKE · validación técnica,conversation,fine,7582,2935,-0.0055695027,-0.010764664,-0.0051951613
SMOKE · validación técnica,slices,wild,6539,2276,-0.006441451,-0.014649585,-0.008208133
SMOKE · validación técnica,looked,meet,516,2211,0.018341769,0.013588827,-0.0047529414
SMOKE · validación técnica,racing,tries,5270,2371,0.05227803,0.049905665,-0.0023723654
SMOKE · validación técnica,away,beloved,549,6730,0.05263131,0.059043415,0.006412104
SMOKE · validación técnica,bounce,pitch,3282,5356,-0.010022582,0.0059075765,0.015930157
SMOKE · validación técnica,Bun,beetle,4583,3361,-0.014219396,-0.0038947035,0.010324692
SMOKE · validación técnica,al,baseball,501,4478,-0.07698968,-0.07503462,0.0019550622
SMOKE · validación técnica,low,sink,3268,3546,0.002606241,0.0131652495,0.010559008
SMOKE · validación técnica,caulif,reef,3989,4162,0.029380769,0.030049406,0.00066863745
SMOKE · validación técnica,Jim,mix,1709,1787,-0.110346094,-0.08199732,0.028348774
SMOKE · validación técnica,hundred,well,7918,1963,0.034747787,0.06083858,0.026090793
SMOKE · validación técnica,towards,welcome,1653,1895,-0.055594757,-0.0963037,-0.040708944
SMOKE · validación técnica,enormous,need,3204,785,-0.1203322,-0.10532099,0.015011206
SMOKE · validación técnica,applaud,instrum,4508,6601,0.0029435456,0.0021213293,-0.0008222163
SMOKE · validación técnica,handing,puppy,7763,1546,0.15208334,0.13375822,-0.01832512
SMOKE · validación técnica,Prin,germs,6491,8113,-0.0069763865,-0.006976366,2.0489097e-08
SMOKE · validación técnica,from,hur,573,2641,-0.014276665,0.05143439,0.06571105
SMOKE · validación técnica,U,angel,3249,3285,0.06229379,0.063591465,0.0012976751
SMOKE · validación técnica,exercise,toes,4919,4819,0.06443481,0.09763226,0.033197448
SMOKE · validación técnica,Pip,crashed,5708,5247,0.14841706,0.14841706,0.0
SMOKE · validación técnica,forgets,shoulder,7259,4379,0.041656934,0.05474871,0.0130917765
SMOKE · validación técnica,included,tun,5797,2251,-0.049328126,-0.021428566,0.02789956
SMOKE · validación técnica,eng,vict,3600,5687,-0.017537817,-0.00509993,0.0124378875
SMOKE · validación técnica,bead,squ,6184,1116,-0.032807536,-0.025088582,0.0077189542
SMOKE · validación técnica,angry,sit,949,1622,0.0952941,0.07907189,-0.016222216
SMOKE · validación técnica,hats,puzzle,3176,2603,-0.046282787,-0.057183743,-0.010900956
SMOKE · validación técnica,For,key,6094,1977,0.0016451329,-0.028907023,-0.030552156
SMOKE · validación técnica,stare,wonderful,6083,1459,-0.08215101,-0.068139054,0.014011957
SMOKE · validación técnica,Their,show,2567,715,0.09216872,0.083623946,-0.008544773
SMOKE · validación técnica,encourag,g,7138,290,0.06533609,0.051356778,-0.013979316
SMOKE · validación técnica,boats,leap,3431,6227,-0.0005604131,0.005213213,0.0057736263
SMOKE · validación técnica,Rover,picture,6860,1037,-0.024138685,0.0046695033,0.028808188
SMOKE · validación técnica,blast,pirate,7052,3474,-0.07299175,-0.0758058,-0.002814047
SMOKE · validación técnica,deal,revealed,6506,5374,-0.026328266,-0.055940013,-0.029611748
SMOKE · validación técnica,exerc,unf,4295,6394,-0.04060586,-0.03147182,0.009134043
SMOKE · validación técnica,best,shouted,835,1267,-0.003379278,-0.036690004,-0.033310726
SMOKE · validación técnica,fills,four,7634,3104,0.050960183,0.07156942,0.020609237
SMOKE · validación técnica,birds,opin,1204,5757,0.0175288,0.036835622,0.019306822
SMOKE · validación técnica,beaut,repeating,842,7667,0.112032875,0.11203287,-7.450581e-09
SMOKE · validación técnica,bits,ma,7527,1010,-0.0149732195,-0.010728899,0.00424432
SMOKE · validación técnica,Lizzie,automob,6406,4700,0.05243651,0.036602262,-0.015834246
SMOKE · validación técnica,Mike,fara,3636,6169,-0.010187771,0.003321793,0.013509564
SMOKE · validación técnica,dist,swords,1918,7252,0.040050164,0.045515016,0.005464852
SMOKE · validación técnica,tong,yel,4844,7718,-0.021872383,-0.021872375,7.450581e-09
SMOKE · validación técnica,jacket,wallet,3468,4124,-0.025424289,-0.016310446,0.009113843
SMOKE · validación técnica,necklace,tangled,2578,6723,-0.015251856,-0.001036942,0.014214914
SMOKE · validación técnica,hats,part,3176,1306,-0.08318895,-0.10127264,-0.018083692
SMOKE · validación técnica,Gigi,kid,6492,1209,-0.033880584,-0.021450829,0.012429755
SMOKE · validación técnica,parent,probably,4603,7512,-0.04314077,-0.029778877,0.013361892
SMOKE · validación técnica,explore,poems,957,6834,-0.01804854,-0.016638324,0.0014102161
SMOKE · validación técnica,chirp,gazed,4402,6127,0.04425604,0.03130037,-0.012955669
SMOKE · validación técnica,Please,scampered,2536,7145,-0.05925364,-0.013243146,0.046010494
SMOKE · validación técnica,reward,today,3378,1851,-0.095124885,-0.06814681,0.026978076
SMOKE · validación técnica,project,sweetheart,5941,4194,0.029413836,0.064884365,0.03547053
SMOKE · validación técnica,pic,swings,948,1880,-0.053716168,-0.062788144,-0.009071976
SMOKE · validación técnica,face,waited,1144,1615,0.05844086,0.078655355,0.020214494
SMOKE · validación técnica,Froggy,complain,7744,4640,-0.027667193,-0.03300153,-0.005334338
SMOKE · validación técnica,page,pants,4346,3651,0.11135332,0.11677851,0.005425185
SMOKE · validación técnica,leop,mind,3707,2297,-0.025651347,0.003174711,0.028826058
SMOKE · validación técnica,compet,fallen,3111,4786,0.10110711,0.10066967,-0.00043744594
SMOKE · validación técnica,movies,stories,5900,1906,-0.0927932,-0.043350983,0.049442213
SMOKE · validación técnica,kindness,oven,2988,2306,-0.060091436,-0.009110724,0.050980713
SMOKE · validación técnica,straight,tummy,4466,3197,-0.095852904,-0.100546375,-0.004693471
SMOKE · validación técnica,landsc,min,5652,1848,-0.10281595,-0.10635012,-0.003534168
SMOKE · validación técnica,logs,suddenly,6504,1833,-0.041996963,-0.029711682,0.012285281
SMOKE · validación técnica,hill,sneeze,1437,5044,-0.16880018,-0.10866916,0.060131013
SMOKE · validación técnica,oat,vegetable,4007,2461,-0.010791646,-0.021618968,-0.010827322
SMOKE · validación técnica,built,cons,3267,7892,-0.0005408712,0.012841418,0.01338229
SMOKE · validación técnica,prin,rocks,1260,1924,0.01245521,0.027279861,0.014824651
SMOKE · validación técnica,fed,worked,5242,1337,0.0098810885,0.030149616,0.020268528
SMOKE · validación técnica,Being,room,6322,763,-0.0044102445,0.03274092,0.037151165
SMOKE · validación técnica,giving,jewel,3001,3040,-0.07044795,-0.105443306,-0.034995355
SMOKE · validación técnica,corners,spoke,7211,3674,-0.03164886,-0.045383736,-0.013734877
SMOKE · validación técnica,figure,sausages,2932,6068,-0.007910147,0.0033338442,0.011243992
SMOKE · validación técnica,focus,posit,8139,7593,-0.0062438063,0.010520004,0.01676381
SMOKE · validación técnica,grabbing,skunk,6900,6923,-0.021857522,-0.023837367,-0.0019798446
SMOKE · validación técnica,admired,mod,3284,2978,0.031291,0.03049067,-0.0008003302
SMOKE · validación técnica,card,stream,2322,3094,0.06316122,0.05520512,-0.007956095
SMOKE · validación técnica,mister,so,5428,347,0.0310096,0.077986695,0.046977095
SMOKE · validación técnica,flav,puppy,5277,1546,-0.01663542,-0.011079214,0.005556206
SMOKE · validación técnica,flex,married,3517,4537,-0.026115464,-0.015635006,0.010480458
SMOKE · validación técnica,difficult,excitedly,3014,3264,0.034377925,0.050580867,0.016202942
SMOKE · validación técnica,Abby,wipe,6634,4677,0.03597735,0.03450513,-0.0014722198
SMOKE · validación técnica,almost,top,2511,1304,-0.025310509,-0.019055957,0.006254552
SMOKE · validación técnica,also,artist,1013,6529,0.05723243,0.032053802,-0.025178626
SMOKE · validación técnica,fog,tuck,4543,7222,-0.007944385,-0.013421419,-0.0054770345
SMOKE · validación técnica,napkin,scamp,4297,6994,-0.031022482,-0.0411712,-0.010148719
SMOKE · validación técnica,Mr,Rain,1815,7827,0.036697328,0.0425175,0.005820174
SMOKE · validación técnica,alert,mean,3862,1114,-0.014997795,-0.028475026,-0.01347723
SMOKE · validación técnica,mermaid,wake,7745,3230,-0.071024776,-0.07858053,-0.007555753
SMOKE · validación técnica,confused,en,2314,739,-0.027304359,-0.04513084,-0.017826483
SMOKE · validación técnica,Jamie,middle,6027,2745,-0.04525951,0.0010990202,0.04635853
SMOKE · validación técnica,shed,tube,5058,4121,0.125505,0.15125605,0.025751054
SMOKE · validación técnica,softly,suggested,4269,3229,0.068370536,0.038800694,-0.029569842
SMOKE · validación técnica,rolls,seats,6186,5379,0.08855874,0.09071456,0.002155818
SMOKE · validación técnica,huge,pointy,1997,6758,-0.030345183,0.027422953,0.057768136
SMOKE · validación técnica,does,forgets,1175,7259,-0.11763713,-0.092624255,0.025012873
SMOKE · validación técnica,possible,simp,5334,4931,0.03754327,0.050443165,0.012899894
SMOKE · validación técnica,beh,warri,1247,6903,-0.026917676,-0.028807823,-0.0018901471
SMOKE · validación técnica,While,doorway,3479,7659,0.076624036,0.036818273,-0.039805762
SMOKE · validación técnica,Jenny,grew,2405,2458,-0.028455183,-0.027611028,0.0008441545
SMOKE · validación técnica,emer,magic,5175,1270,-0.016799964,0.020534515,0.03733448
SMOKE · validación técnica,least,sill,7086,7621,-0.0545134,-0.055021066,-0.00050766766
SMOKE · validación técnica,satisfied,searching,5606,3337,0.015747065,0.023473844,0.007726779
SMOKE · validación técnica,Nemo,wear,3256,1711,0.08247039,0.06728779,-0.015182599
SMOKE · validación técnica,brother,sweet,1222,1207,0.038748518,0.045331948,0.00658343
SMOKE · validación técnica,complete,wand,4183,2976,-0.03885734,-0.061887946,-0.023030605
SMOKE · validación técnica,jacket,pretended,3468,2367,0.033996586,0.016982585,-0.017014
SMOKE · validación técnica,Flopsy,allig,6807,4199,-0.03419174,-0.03419174,0.0
SMOKE · validación técnica,min,nuts,1848,3749,0.07481307,0.077887714,0.003074646
SMOKE · validación técnica,counter,early,4336,3560,0.06367515,0.12480329,0.06112814
SMOKE · validación técnica,fan,seagulls,2082,7914,-0.07052638,-0.057370752,0.013155624
SMOKE · validación técnica,bloom,overjoyed,2974,5553,0.09181301,0.10136361,0.009550594
SMOKE · validación técnica,Polly,outdo,3951,5595,-0.017949503,-0.001169119,0.016780384
SMOKE · validación técnica,arrows,pears,6611,5756,0.037562724,0.054900154,0.01733743
SMOKE · validación técnica,Who,blew,4890,2353,0.13329607,0.14726701,0.013970941
SMOKE · validación técnica,believe,pupils,1793,7353,0.017585624,0.032150224,0.0145646
SMOKE · validación técnica,eating,relax,1808,2714,-0.0002998747,-0.009992508,-0.0096926335
SMOKE · validación técnica,cliff,understand,4796,1465,0.020955011,0.025923707,0.0049686953
SMOKE · validación técnica,beautiful,spun,870,3000,0.06491181,0.019410037,-0.045501776
SMOKE · validación técnica,flips,hugs,7687,1957,0.06464816,0.07917665,0.014528491
SMOKE · validación técnica,off,spell,781,3808,0.011442976,0.015071642,0.0036286656
SMOKE · validación técnica,fairies,sparkling,6523,4731,0.029611941,0.045734327,0.016122386
SMOKE · validación técnica,breeze,they,4448,362,0.12802562,0.07498849,-0.05303713
SMOKE · validación técnica,c,norm,276,3035,-0.022113023,-0.025282638,-0.0031696148
SMOKE · validación técnica,anx,licked,3558,2894,0.08248356,0.06299554,-0.019488022
SMOKE · validación técnica,roaring,scen,5847,7318,-0.12285641,-0.14961967,-0.02676326
SMOKE · validación técnica,ref,swayed,3119,7913,-0.06283225,-0.06676432,-0.0039320663
SMOKE · validación técnica,norm,stole,3035,5772,-0.004751537,-0.046951298,-0.04219976
SMOKE · validación técnica,drifted,squash,6477,3563,0.041490212,0.0453279,0.0038376898
SMOKE · validación técnica,c,fire,276,1236,0.063984916,0.054293882,-0.0096910335
SMOKE · validación técnica,Everyday,nuzz,5111,7385,-0.08054961,-0.075743794,0.004805818
SMOKE · validación técnica,cracked,included,6324,5797,0.031958915,0.041224845,0.009265929
SMOKE · validación técnica,foods,marshmallow,5688,7080,-0.055748645,-0.052988116,0.0027605295
SMOKE · validación técnica,fox,released,1648,5882,-0.009604097,-0.02350591,-0.013901812
SMOKE · validación técnica,maybe,n,2499,295,-0.06815352,-0.06395096,0.0042025596
SMOKE · validación técnica,don,fears,863,6884,0.027474089,0.032634173,0.005160084
SMOKE · validación técnica,couldn,unicorn,736,5588,-0.003238203,-0.042822663,-0.039584458
SMOKE · validación técnica,Louise,stat,7291,3484,0.023109552,0.027421746,0.004312195
SMOKE · validación técnica,east,fit,5809,2029,0.100242116,0.13156185,0.03131973
SMOKE · validación técnica,bubbles,pans,2930,6782,-0.053104036,-0.07224552,-0.019141488
SMOKE · validación técnica,Jessica,mom,6452,365,0.039379235,0.05704085,0.017661616
SMOKE · validación técnica,goodbye,pepper,1136,3670,-0.03320865,-0.05243572,-0.019227069
SMOKE · validación técnica,univer,wa,4012,270,0.009051114,-0.0014476739,-0.010498788
SMOKE · validación técnica,fins,toothbrush,7725,7965,0.034719765,0.033027135,-0.0016926304
SMOKE · validación técnica,dinosaurs,folding,5341,6526,-0.0073866984,-0.030421445,-0.023034748
SMOKE · validación técnica,invited,thick,3174,2847,0.058109764,-0.0075524673,-0.065662235
SMOKE · validación técnica,covering,greeted,7693,6892,-0.015178004,0.0071481466,0.02232615
SMOKE · validación técnica,scur,super,5206,3835,-0.027033454,-0.024333054,0.0027003996
SMOKE · validación técnica,pow,share,3477,951,0.07995348,0.07423283,-0.005720645
SMOKE · validación técnica,Un,out,4460,447,-0.10064044,-0.08643177,0.014208667
SMOKE · validación técnica,Without,we,6906,367,-0.014217898,0.017418776,0.031636674
SMOKE · validación técnica,O,once,2070,2906,0.02378051,-0.00857995,-0.03236046
SMOKE · validación técnica,Ray,blueberry,7895,5198,-0.03874176,-0.03615414,0.0025876202
SMOKE · validación técnica,pa,straw,1171,2942,-0.09612061,-0.09238605,0.0037345588
SMOKE · validación técnica,blocks,sandwich,1417,2587,0.020673454,0.01510427,-0.005569184
SMOKE · validación técnica,Patty,rides,7695,5570,-0.00578098,0.0028190278,0.008600008
SMOKE · validación técnica,a,deserve,259,6893,0.06614265,0.07083641,0.0046937615
SMOKE · validación técnica,Spot,gone,1162,1467,-0.07143718,-0.058876585,0.012560595
SMOKE · validación técnica,calend,gave,4933,743,0.033888407,0.029687922,-0.0042004846
SMOKE · validación técnica,bel,wound,1160,6093,-0.0065066107,-0.01947841,-0.0129718
SMOKE · validación técnica,buckle,lonely,5336,1887,-0.053885654,-0.007904502,0.045981154
SMOKE · validación técnica,alright,slam,5030,6714,-0.1471273,-0.1306679,0.016459405
SMOKE · validación técnica,hairdress,pi,7767,1532,-0.02638587,-0.026385935,-6.519258e-08
SMOKE · validación técnica,fin,modest,916,4005,0.116696075,0.13570023,0.019004151
SMOKE · validación técnica,Joe,also,1299,1013,0.07435312,0.0955373,0.021184176
SMOKE · validación técnica,chases,sea,6085,1881,-0.090205036,-0.086170085,0.0040349513
SMOKE · validación técnica,lock,x,2798,5487,-0.03167377,-0.02459694,0.0070768297
SMOKE · validación técnica,Davey,z,7576,1192,-0.058157496,-0.058157504,-7.450581e-09
SMOKE · validación técnica,curt,mood,3922,7680,0.015185289,0.024323918,0.009138629
SMOKE · validación técnica,Grace,mon,4014,1220,-0.041166067,-0.06017716,-0.019011091
SMOKE · validación técnica,Both,ants,6352,4139,0.0027798116,-0.003701616,-0.0064814277
SMOKE · validación técnica,smile,veggies,1009,7676,-0.07323843,-0.02974652,0.043491915
SMOKE · validación técnica,env,pretty,3513,965,-0.04288469,0.010165647,0.053050335
SMOKE · validación técnica,clap,tutor,2809,5033,-0.005028,-0.026163468,-0.021135468
SMOKE · validación técnica,behind,enthus,1377,3700,-0.070162386,-0.0704349,-0.00027251244
SMOKE · validación técnica,dragon,mixture,1747,6624,-0.0032162052,-0.013111079,-0.009894874
SMOKE · validación técnica,Your,cartoons,3552,5307,0.08621851,0.07041988,-0.015798636
SMOKE · validación técnica,Clara,oh,4841,7225,0.06708218,0.06985557,0.0027733892
SMOKE · validación técnica,bookshelf,planted,5152,5290,0.034600567,0.030613203,-0.0039873645
SMOKE · validación técnica,brain,hardly,4910,4816,0.06373274,0.079178914,0.015446171
SMOKE · validación técnica,Lucy,that,1007,357,-0.032952324,-0.049688697,-0.016736373
SMOKE · validación técnica,embarrassed,encourag,2424,7138,0.08144722,0.057065785,-0.024381436
SMOKE · validación técnica,ow,wine,3433,4871,-0.088961944,-0.086411,0.0025509447
SMOKE · validación técnica,months,shop,7363,1942,-0.10603194,-0.11805311,-0.012021169
SMOKE · validación técnica,grabbing,kids,6900,1298,0.041971095,0.008048795,-0.0339223
SMOKE · validación técnica,mention,par,5071,2236,-0.09055842,-0.079186216,0.011372201
SMOKE · validación técnica,Chirp,church,5218,4656,0.038058292,0.040182218,0.0021239258
SMOKE · validación técnica,bikes,swayed,4178,7913,-0.048081137,-0.042166594,0.005914543
SMOKE · validación técnica,Gr,sleeping,6203,3564,-0.07826153,-0.08622807,-0.007966541
SMOKE · validación técnica,drop,neat,2802,3673,-0.106240824,-0.12027557,-0.014034748
SMOKE · validación técnica,earthqu,tied,5291,3516,0.008043865,-0.0063327877,-0.014376652
SMOKE · validación técnica,dive,welcomed,4127,4253,0.053216718,0.013202492,-0.040014226
SMOKE · validación técnica,burned,fence,4548,1871,0.08222664,0.071769625,-0.0104570165
SMOKE · validación técnica,half,lifting,3463,7118,0.10214163,0.11904478,0.016903147
SMOKE · validación técnica,snowflakes,temper,7872,6451,-0.0130729955,-0.008085262,0.0049877334
SMOKE · validación técnica,rooms,trade,4718,4884,0.039014973,0.0200889,-0.018926073
SMOKE · validación técnica,nuts,used,3749,1286,0.05513014,0.071722604,0.016592465
SMOKE · validación técnica,few,moved,1534,1902,-0.10575971,-0.066718906,0.039040804
SMOKE · validación técnica,duck,stay,1307,888,-0.018047068,0.04759058,0.06563765
SMOKE · validación técnica,head,importance,1104,6087,0.06973867,0.030119637,-0.039619036
SMOKE · validación técnica,certain,conversation,7311,7582,-0.07546161,-0.08603699,-0.010575376
SMOKE · validación técnica,especially,musician,2751,4775,-0.0845093,-0.10146241,-0.01695311
SMOKE · validación técnica,dolls,spid,1757,2175,0.0761276,0.06827847,-0.0078491345
SMOKE · validación técnica,Today,fluttering,3180,6623,0.007020727,-0.014328802,-0.021349529
SMOKE · validación técnica,camp,healing,3756,7134,0.06964884,0.096396044,0.026747204
SMOKE · validación técnica,gained,mind,5569,2297,-0.008772425,0.01616386,0.024936285
SMOKE · validación técnica,People,rabbits,5126,4956,-0.030099701,-0.027427135,0.002672566
SMOKE · validación técnica,teeth,tweet,2409,7987,0.041926228,0.051949777,0.010023549
SMOKE · validación técnica,observed,song,6178,1493,-0.095160216,-0.08858509,0.0065751225
SMOKE · validación técnica,passing,request,5990,4690,0.07955705,0.08647803,0.006920986
SMOKE · validación técnica,costume,shore,4044,2558,-0.09821374,-0.09102591,0.0071878284
SMOKE · validación técnica,beneath,sp,5469,448,0.109842405,0.10074094,-0.009101465
SMOKE · validación técnica,Doggy,purse,6757,3769,-0.099434756,-0.11613935,-0.016704597
SMOKE · validación técnica,rained,whistling,5377,5128,-0.018445883,0.0046881065,0.02313399
SMOKE · validación técnica,shopping,taxi,5391,4191,0.002377946,0.027097948,0.024720002
SMOKE · validación técnica,bec,upset,628,1896,0.085731424,0.07890705,-0.006824374
SMOKE · validación técnica,gonna,prevented,7360,8173,0.050690427,0.04353882,-0.0071516074
SMOKE · validación técnica,counter,dangerous,4336,1776,-0.050740384,0.018052388,0.068792775
SMOKE · validación técnica,meal,moo,3489,7247,0.06655697,0.064416036,-0.0021409318
SMOKE · validación técnica,crawl,suits,2754,7374,0.097001195,0.09949751,0.002496317
SMOKE · validación técnica,Daisy,replaced,1488,6395,0.011179412,-0.018983774,-0.030163186
SMOKE · validación técnica,calendar,pigeons,4941,7737,-0.018755548,-0.0060788523,0.012676695
SMOKE · validación técnica,melting,soaring,6372,5552,-0.10773398,-0.1340053,-0.026271313
SMOKE · validación técnica,garden,pouring,846,5787,0.07434068,0.06814207,-0.0061986074
SMOKE · validación técnica,m,scooped,281,4898,-0.043407813,-0.06067781,-0.017269999
SMOKE · validación técnica,edges,slid,7194,2294,-0.07692536,-0.08435087,-0.0074255094
SMOKE · validación técnica,completed,ordinary,5695,3622,-0.075733185,-0.13311058,-0.057377398
SMOKE · validación técnica,attention,germs,4298,8113,0.0029878486,-0.011692969,-0.014680818
SMOKE · validación técnica,among,wears,6716,6684,-0.044508845,0.022409847,0.06691869
SMOKE · validación técnica,Water,shoo,6488,7652,-0.03179365,-0.042871714,-0.011078063
SMOKE · validación técnica,lucky,scooped,2120,4898,0.06907522,0.056029446,-0.013045773
SMOKE · validación técnica,caterp,scarves,2658,6608,0.02878178,0.028781798,1.8626451e-08
SMOKE · validación técnica,surrounded,vegetables,5308,2712,-0.03812737,-0.03656509,0.0015622787
SMOKE · validación técnica,Spike,struggling,4968,5038,-0.013940703,-0.020677298,-0.006736595
SMOKE · validación técnica,bump,sank,3448,7146,-0.09461154,-0.08373045,0.010881089
SMOKE · validación técnica,ice,knots,1423,7685,0.0120370295,-0.019155834,-0.031192863
SMOKE · validación técnica,coffee,immediately,3958,4838,-0.092264175,-0.07843633,0.013827845
SMOKE · validación técnica,curled,teacher,5208,1838,-0.033046585,-0.04013098,-0.0070843957
SMOKE · validación técnica,chair,leapt,1873,7379,0.04043965,0.06437831,0.023938663
SMOKE · validación técnica,any,statue,707,3689,-0.091161005,-0.07157283,0.019588172
SMOKE · validación técnica,masterpiece,purse,7646,3769,0.060861185,0.07334528,0.012484096
SMOKE · validación técnica,Bun,mother,4583,1542,-0.040466648,-0.00965962,0.030807028
SMOKE · validación técnica,balloon,upstairs,1587,5095,0.0071919337,0.010686122,0.0034941882
SMOKE · validación técnica,gift,grabbed,2037,1184,-0.027884226,-0.06542945,-0.037545223
SMOKE · validación técnica,competitive,journal,3739,4474,0.011843363,0.048469167,0.036625803
SMOKE · validación técnica,lettuce,treasures,6825,3970,0.0017011873,-0.02189774,-0.023598928
SMOKE · validación técnica,playtime,revealed,7300,5374,0.09643231,0.092787445,-0.0036448687
SMOKE · validación técnica,nearly,s,7233,260,0.04253883,0.03534495,-0.0071938783
SMOKE · validación técnica,armchair,repeated,4335,6126,0.05564735,0.038393095,-0.017254256
SMOKE · validación técnica,embarrassed,vac,2424,4724,0.08537161,0.071783826,-0.013587788
SMOKE · validación técnica,riverbank,start,8165,530,-0.08139549,-0.10265001,-0.021254517
SMOKE · validación técnica,guess,loop,3006,4168,-0.10389295,-0.08780843,0.016084522
SMOKE · validación técnica,naughty,suggested,1944,3229,-0.015334815,-0.036476597,-0.021141782
SMOKE · validación técnica,corners,toss,7211,7954,0.034871213,0.022115815,-0.012755398
SMOKE · validación técnica,raz,swung,4730,4418,-0.0044800714,-0.010208455,-0.0057283835
SMOKE · validación técnica,Nemo,Suddenly,3256,1044,-0.024671633,-0.09236989,-0.067698255
SMOKE · validación técnica,rich,stirring,3048,5741,-0.11243248,-0.10860656,0.0038259178
SMOKE · validación técnica,bus,oats,1203,5387,0.03513465,0.06566602,0.03053137
SMOKE · validación técnica,Abigail,whisp,5439,2576,0.058323808,0.048387904,-0.009935904
SMOKE · validación técnica,secure,strength,6440,4494,-0.050294414,-0.05707767,-0.0067832544
SMOKE · validación técnica,Jul,comm,4642,6174,-0.082386784,-0.07899478,0.0033920035
SMOKE · validación técnica,Louise,suitcase,7291,5977,0.034085702,0.03437438,0.00028867647
SMOKE · validación técnica,Martha,miner,7701,4659,0.049919844,0.0499198,-4.4703484e-08
SMOKE · validación técnica,cane,your,4353,638,-0.004857337,0.06327823,0.06813557
SMOKE · validación técnica,Nemo,spade,3256,4815,-0.01716045,-0.022562455,-0.005402006
SMOKE · validación técnica,prob,wondered,7501,2028,-0.01563019,-0.027530769,-0.01190058
SMOKE · validación técnica,already,flav,3053,5277,0.028663429,0.045046978,0.01638355
SMOKE · validación técnica,apologize,hor,5466,2114,-0.01800557,-0.01882469,-0.0008191187
SMOKE · validación técnica,Sue,made,1167,559,-0.06421523,-0.06948534,-0.0052701086
SMOKE · validación técnica,Angel,grinned,7673,5273,0.0123066865,0.013089798,0.0007831119
SMOKE · validación técnica,beam,mysterious,6709,2566,0.055716973,0.0434947,-0.012222271
SMOKE · validación técnica,choose,pride,3102,4907,-0.07117371,-0.026870336,0.044303376
SMOKE · validación técnica,Later,yogurt,5203,4540,-0.04396989,-0.03796436,0.0060055293
SMOKE · validación técnica,Pam,slices,6740,6539,0.020094926,0.036037587,0.015942661
SMOKE · validación técnica,Stitch,cott,7463,6338,0.0010168846,0.0010169449,6.030314e-08
SMOKE · validación técnica,mu,opening,582,6305,0.016937207,-0.012535321,-0.029472528
SMOKE · validación técnica,parts,whose,5054,7475,-0.103931226,-0.11710592,-0.013174698
SMOKE · validación técnica,luggage,pours,5122,7383,-0.03964577,-0.05742483,-0.01777906
SMOKE · validación técnica,Abby,asking,6634,2741,-0.040900983,-0.047844995,-0.006944012
SMOKE · validación técnica,pirates,speed,4521,3640,-0.08331781,-0.08069686,0.0026209503
SMOKE · validación técnica,recorded,towel,6032,2923,-0.031022333,-0.0472148,-0.016192466
SMOKE · validación técnica,Ashley,find,7380,633,0.0840194,0.08740084,0.0033814386
SMOKE · validación técnica,realize,sil,5657,2928,-0.02734562,-0.051366985,-0.024021365
SMOKE · validación técnica,cr,spo,1154,2132,0.021559633,0.034528762,0.012969129
SMOKE · validación técnica,learnt,melted,4050,4969,0.028561164,0.0050471826,-0.02351398
SMOKE · validación técnica,hidden,trucks,2508,3097,-0.036057033,-0.02647104,0.009585993
SMOKE · validación técnica,hear,wrote,1453,2842,-0.044085376,0.009834901,0.053920276
SMOKE · validación técnica,merma,veil,7537,4674,0.046848297,0.060570803,0.013722505
SMOKE · validación técnica,learn,trump,693,3534,0.0051258,-0.00067903195,-0.005804832
SMOKE · validación técnica,hunter,lines,3782,5607,-0.046320543,-0.052474275,-0.0061537325
SMOKE · validación técnica,dollars,seek,7054,2683,0.032478385,0.0036587315,-0.028819654
SMOKE · validación técnica,V,confused,5068,2314,0.026293252,0.0155026615,-0.01079059
SMOKE · validación técnica,new,winked,575,6410,0.055119604,-0.0032257307,-0.058345333
SMOKE · validación técnica,newspap,sparkles,5129,5092,-0.03722342,-0.03790906,-0.0006856397
SMOKE · validación técnica,fur,hor,1576,2114,0.1336309,0.1327245,-0.00090640783
SMOKE · validación técnica,between,pants,4300,3651,0.08784461,0.061866365,-0.025978245
SMOKE · validación técnica,Christmas,pages,6278,4942,-0.092606634,-0.094345406,-0.0017387718
SMOKE · validación técnica,face,pin,1144,2534,-0.003936794,0.032210167,0.03614696
SMOKE · validación técnica,handful,trembled,6654,7140,0.06455968,0.054244846,-0.010314837
SMOKE · validación técnica,Sam,toss,686,7954,-0.091091335,-0.079395086,0.011696249
SMOKE · validación técnica,cat,whoever,705,7959,-0.0914071,-0.12744676,-0.036039658
SMOKE · validación técnica,al,edge,501,3132,0.034300905,0.047792494,0.01349159
SMOKE · validación técnica,corn,plane,1882,2179,-0.051059354,-0.036477182,0.014582172
SMOKE · validación técnica,For,playtime,6094,7300,0.07764474,0.071765155,-0.0058795884
SMOKE · validación técnica,Elly,source,7319,6808,-0.083481684,-0.08502701,-0.0015453249
SMOKE · validación técnica,hopped,river,1352,1717,-0.08534645,-0.10395427,-0.018607818
SMOKE · validación técnica,bicycle,impress,4045,3487,0.0057968143,0.025542926,0.019746112
SMOKE · validación técnica,glob,independ,8100,3191,-0.050668467,-0.050668504,-3.7252903e-08
SMOKE · validación técnica,prov,seems,4094,6189,-0.017884176,-0.024537504,-0.0066533275
SMOKE · validación técnica,Sally,temp,1457,4149,-0.022597251,-0.05660039,-0.03400314
SMOKE · validación técnica,diving,furry,6500,2326,0.065726906,0.07260661,0.006879702
SMOKE · validación técnica,inside,stad,735,4973,-0.012334121,-0.015093416,-0.0027592946
SMOKE · validación técnica,partic,seeker,6118,6939,-0.065452434,-0.05212358,0.013328854
SMOKE · validación técnica,bru,wadd,7500,6629,0.08726607,0.08363945,-0.0036266223
SMOKE · validación técnica,mer,otter,6959,3557,0.077056944,0.07761975,0.00056280196
SMOKE · validación técnica,beans,sill,4888,7621,0.070503876,0.06665407,-0.0038498044
SMOKE · validación técnica,bakery,sorry,6530,742,-0.034141086,-0.03713499,-0.002993904
SMOKE · validación técnica,gets,newspap,2817,5129,0.108955726,0.11328794,0.0043322146
SMOKE · validación técnica,destination,sheet,4811,4248,0.040381853,0.014790142,-0.02559171
SMOKE · validación técnica,def,powerful,6397,2611,0.05741681,0.048173442,-0.009243369
SMOKE · validación técnica,ref,scurried,3119,5743,0.05499334,0.024376018,-0.03061732
SMOKE · validación técnica,Fred,yach,3211,4137,0.019664833,0.013303462,-0.006361371
SMOKE · validación técnica,drifted,recognize,6477,5612,-0.008983143,0.008476805,0.017459948
SMOKE · validación técnica,shout,words,1102,1795,-0.010780635,0.016558552,0.027339187
SMOKE · validación técnica,liqu,marve,6226,7898,-0.011505274,-0.0023121666,0.0091931075
SMOKE · validación técnica,downstairs,smo,5647,1856,0.03360621,0.044611387,0.011005178
SMOKE · validación técnica,exercises,flow,7740,826,0.057666905,0.06364372,0.005976811
SMOKE · validación técnica,ang,yellow,2946,1391,-0.0034356602,0.020237641,0.023673302
SMOKE · validación técnica,pi,zero,1532,5252,-0.11519921,-0.09818196,0.017017245
SMOKE · validación técnica,When,sticker,933,3911,0.028676435,0.034378067,0.0057016313
SMOKE · validación técnica,creativity,rad,6905,2642,0.009528659,0.016369354,0.0068406947
SMOKE · validación técnica,gust,yellow,5090,1391,-0.046654187,-0.022013424,0.024640763
SMOKE · validación técnica,Nina,wis,6968,2760,-0.04073353,-0.05784667,-0.017113138
SMOKE · validación técnica,V,permit,5068,5482,-0.08219333,-0.10324712,-0.021053791
SMOKE · validación técnica,encouragement,squirrel,7942,1509,-0.07407372,-0.053631343,0.020442374
SMOKE · validación técnica,darkness,past,6231,1841,-0.0010441318,-0.0132911205,-0.012246989
SMOKE · validación técnica,growing,pulls,3482,4052,0.021637574,-0.025187282,-0.046824858
SMOKE · validación técnica,owned,stroll,5640,6264,0.0030641817,0.003898343,0.0008341614
SMOKE · validación técnica,excitement,vibr,2668,8136,-0.06991711,-0.042860165,0.027056947
SMOKE · validación técnica,exhausted,spray,6129,2384,0.008749202,-0.01373025,-0.022479452
SMOKE · validación técnica,plates,towel,4897,2923,-0.008104425,0.021685442,0.029789867
SMOKE · validación técnica,flick,phone,7759,2336,0.06571521,0.085247405,0.019532196
SMOKE · validación técnica,cobweb,inc,4637,2104,0.023296185,0.023296177,-7.450581e-09
SMOKE · validación técnica,op,twinkled,728,7417,0.030412894,0.031857993,0.0014450997
SMOKE · validación técnica,Today,needed,3180,1383,0.11113836,0.060846284,-0.050292075
SMOKE · validación técnica,backed,truck,6505,1043,-0.023817085,-0.050050538,-0.026233453
SMOKE · validación técnica,clock,robber,3385,7421,-0.026021617,-0.019733505,0.006288111
SMOKE · validación técnica,cupboard,famil,3722,5432,-0.026116513,-0.034225453,-0.00810894
SMOKE · validación técnica,pay,push,2562,2392,0.08976009,0.06743097,-0.022329114
SMOKE · validación técnica,focus,incredible,8139,2913,0.0074664354,-0.0042708255,-0.011737261
SMOKE · validación técnica,hun,sir,1441,4567,0.15153758,0.13286313,-0.018674448
SMOKE · validación técnica,glo,useful,5547,3149,-0.018725414,-0.031432107,-0.012706693
SMOKE · validación técnica,missile,texture,4997,5840,-0.090649694,-0.07421228,0.016437411
SMOKE · validación técnica,figure,girls,2932,5132,0.06797068,0.07234654,0.00437586
SMOKE · validación técnica,awoke,pumpkin,7540,3342,-0.0047581214,0.020067703,0.024825824
SMOKE · validación técnica,piles,seas,5672,4511,-0.12605083,-0.14200172,-0.015950888
SMOKE · validación técnica,an,cliff,412,4796,-0.015063895,-0.011370445,0.0036934502
SMOKE · validación técnica,balan,fox,4935,1648,-0.0067464663,-0.00023389701,0.0065125693
SMOKE · validación técnica,buckle,members,5336,7677,0.080401495,0.09866378,0.018262282
SMOKE · validación técnica,edge,quar,3132,4115,-0.05970903,-0.04715948,0.012549549
SMOKE · validación técnica,Rex,beha,2791,5648,0.0664033,0.07087457,0.004471272
SMOKE · validación técnica,Stella,waddled,7159,7121,0.079336226,0.07626914,-0.0030670837
SMOKE · validación técnica,persist,tossed,3389,7359,0.055329286,0.04142885,-0.013900436
SMOKE · validación técnica,rise,someone,4831,1498,-0.09313834,-0.08979374,0.0033445954
SMOKE · validación técnica,belong,drawer,1939,3704,0.008887809,-0.031982504,-0.040870313
SMOKE · validación técnica,few,gl,1534,873,-0.06785034,0.008232851,0.07608318
SMOKE · validación técnica,destination,embarra,4811,2329,-0.048718967,-0.073850766,-0.0251318
SMOKE · validación técnica,helpful,intere,2332,2077,-0.004713899,0.0012489175,0.0059628165
SMOKE · validación técnica,smart,sort,1775,4078,-0.003326036,-0.038260326,-0.03493429
SMOKE · validación técnica,reply,swim,6412,1322,-0.009544454,-0.0024330188,0.007111435
SMOKE · validación técnica,Whiskers,hedge,4184,3863,0.05992125,0.048681907,-0.011239342
SMOKE · validación técnica,lun,tug,6553,4769,-0.041387998,-0.042916156,-0.0015281588
SMOKE · validación técnica,bitten,soapy,8150,8169,-0.07461472,-0.07430695,0.00030776858
SMOKE · validación técnica,ventured,visit,6070,1627,0.10798262,0.09290446,-0.015078157
SMOKE · validación técnica,spicy,stem,2486,6312,-0.04982339,-0.057008278,-0.007184889
SMOKE · validación técnica,separated,terrible,6644,3441,-0.034413636,-0.038899846,-0.0044862106
SMOKE · validación técnica,Tuna,girl,7010,442,0.06398059,0.03354959,-0.030430999
SMOKE · validación técnica,Whenever,Zip,3173,6938,0.042248473,-0.0033991528,-0.045647625
SMOKE · validación técnica,bell,bother,2338,4691,-0.06682453,-0.06802107,-0.0011965334
SMOKE · validación técnica,discover,score,3588,5078,0.021939255,0.020470127,-0.0014691278
SMOKE · validación técnica,Robert,painter,6953,3974,-0.040975437,-0.04154186,-0.00056642294
SMOKE · validación técnica,deserve,managed,6893,2971,0.04475616,0.028574623,-0.016181536
SMOKE · validación técnica,members,squ,7677,1116,0.040889323,0.026946452,-0.013942871
SMOKE · validación técnica,lemonade,toolbox,4752,7902,-0.019885939,-0.030894097,-0.011008158
SMOKE · validación técnica,Mum,O,2518,2070,0.110102616,0.10813017,-0.0019724444
SMOKE · validación técnica,despite,square,7419,3620,0.03137707,0.04341713,0.01204006
SMOKE · validación técnica,mints,shel,7603,3438,0.06307011,0.06307014,2.9802322e-08
SMOKE · validación técnica,caterpill,look,2659,673,0.0786968,0.07974378,0.0010469779
SMOKE · validación técnica,blank,spid,1682,2175,-0.06595336,-0.06886856,-0.0029152036
SMOKE · validación técnica,bedroom,villag,2593,5465,0.07963185,0.063746326,-0.015885524
SMOKE · validación técnica,getting,mane,1510,6353,0.025790188,-0.013154518,-0.038944706
SMOKE · validación técnica,objects,wider,6547,7141,0.064819075,0.080506414,0.015687339
SMOKE · validación técnica,accomplish,rat,6424,3161,0.046266418,0.017139552,-0.029126866
SMOKE · validación técnica,Whenever,consequ,3173,6729,0.09911567,0.03439393,-0.06472174
SMOKE · validación técnica,covers,sore,6334,5227,-0.021937383,-0.030970559,-0.009033175
SMOKE · validación técnica,bathrobe,challenge,5280,5684,0.030252177,0.019778866,-0.010473311
SMOKE · validación técnica,oper,soup,5162,1938,0.06649594,0.06654537,4.942715e-05
SMOKE · validación técnica,boats,colder,3431,7322,-0.06349762,-0.05772008,0.005777538
SMOKE · validación técnica,outside,weeping,674,6315,0.040129185,0.042823307,0.0026941225
SMOKE · validación técnica,aer,careless,4339,3411,0.024477825,0.028267443,0.0037896186
SMOKE · validación técnica,anymore,hugs,1173,1957,0.077231824,0.063344985,-0.013886839
SMOKE · validación técnica,imagined,setting,3446,5026,-0.042585447,-0.030390985,0.012194462
SMOKE · validación técnica,Nina,tunn,6968,3043,-0.03690588,-0.02185858,0.015047301
SMOKE · validación técnica,chirped,juicy,5201,2845,-0.04465322,-0.037216686,0.0074365325
SMOKE · validación técnica,Because,leaving,7850,3429,0.06912169,0.018941611,-0.050180078
SMOKE · validación técnica,skull,touches,4442,7183,0.039966397,0.04451963,0.0045532323
SMOKE · validación técnica,anymore,decorate,1173,3843,-0.036929905,-0.030610092,0.0063198134
SMOKE · validación técnica,cats,mod,3825,2978,-0.111466035,-0.11460641,-0.003140375
SMOKE · validación técnica,coin,rin,2349,7791,-0.06532526,-0.050190017,0.015135244
SMOKE · validación técnica,collar,fridge,3728,2992,0.060182534,0.08567791,0.025495373
SMOKE · validación técnica,are,reflection,456,7292,-0.08453123,-0.027801432,0.0567298
SMOKE · validación técnica,Pl,scurrying,6655,7998,-0.01627848,-0.00967581,0.006602669
SMOKE · validación técnica,boss,standing,2820,2571,0.1023089,0.094018035,-0.0082908645
SMOKE · validación técnica,chores,inj,5059,7336,-0.08381359,-0.10108471,-0.017271116
SMOKE · validación técnica,Smo,favour,7518,2962,0.057805337,0.06315085,0.005345516
SMOKE · validación técnica,Jon,minute,6199,4358,-0.115727104,-0.10524972,0.010477386
SMOKE · validación técnica,Or,daughter,4545,2030,-0.05348552,-0.060896236,-0.0074107163
SMOKE · validación técnica,chest,ruin,2718,5783,-0.114441745,-0.12962975,-0.015188001
SMOKE · validación técnica,However,wa,5564,270,-0.026800178,-0.007510415,0.019289764
SMOKE · validación técnica,nine,week,7203,2832,-0.026483923,-0.021440053,0.00504387
SMOKE · validación técnica,many,on,796,346,-0.057610948,-0.08341339,-0.025802445
SMOKE · validación técnica,squishy,thanks,6973,4158,0.060296476,0.102543056,0.04224658
SMOKE · validación técnica,hus,visitor,6817,7768,-0.09658405,-0.09658398,7.4505806e-08
SMOKE · validación técnica,fav,hesitant,1181,6889,0.041715886,0.041715905,1.8626451e-08
SMOKE · validación técnica,fishes,tumm,7287,8188,0.023161478,0.028896254,0.005734775
SMOKE · validación técnica,harmless,investigate,3595,4586,-0.036313098,0.027719926,0.064033024
SMOKE · validación técnica,enormous,sniffed,3204,4559,0.05797862,0.051537924,-0.0064406954
SMOKE · validación técnica,closet,starfish,2729,6852,-0.031654797,-0.027019087,0.0046357103
SMOKE · validación técnica,pray,shopping,2784,5391,0.005354494,0.0015460718,-0.003808422
SMOKE · validación técnica,Sammy,arrows,2085,6611,0.10849508,0.11648524,0.007990159
SMOKE · validación técnica,cutting,set,5464,1369,-0.010691572,0.03477713,0.045468703
SMOKE · validación técnica,leaving,stitch,3429,5181,-0.022910774,-0.024194561,-0.0012837872
SMOKE · validación técnica,Els,flour,6342,3725,-0.03156271,-0.029935949,0.0016267598
SMOKE · validación técnica,butt,speed,1807,3640,-0.029255042,-0.013269287,0.015985755
SMOKE · validación técnica,basketball,luckily,4345,7533,0.12618501,0.130964,0.004778981
SMOKE · validación técnica,congratul,three,7453,1178,-0.034272034,0.0024488,0.036720835
SMOKE · validación técnica,any,scram,707,7574,0.045492698,0.049095735,0.0036030374
SMOKE · validación técnica,hit,spotted,1839,2207,0.049703337,0.09967165,0.04996831
SMOKE · validación técnica,guessed,wakes,5454,7516,0.0732178,0.07697461,0.0037568063
SMOKE · validación técnica,ostri,todd,3853,6454,-0.029128663,-0.033140846,-0.0040121824
SMOKE · validación técnica,ser,wagging,2337,5807,0.024067545,0.009896113,-0.014171433
SMOKE · validación técnica,scale,web,3572,5838,0.069243416,0.080667764,0.011424348
SMOKE · validación técnica,married,puddles,4537,4526,0.07893696,0.09660743,0.017670475
SMOKE · validación técnica,med,parents,2277,1305,-0.028765256,-0.0055626705,0.023202585
SMOKE · validación técnica,dragged,stamp,5909,3296,0.07512241,0.08013207,0.0050096586
SMOKE · validación técnica,coloured,eye,6254,2853,0.028957728,0.028036049,-0.00092167966
SMOKE · validación técnica,fond,taste,8018,2448,0.05166751,0.03960128,-0.01206623
SMOKE · validación técnica,dripping,hose,8024,3090,-0.054111034,-0.028487114,0.02562392
SMOKE · validación técnica,In,ne,1392,401,0.0016278103,-0.01626682,-0.01789463
SMOKE · validación técnica,statues,uncle,8068,3582,0.024400745,-0.00070153456,-0.02510228
SMOKE · validación técnica,J,June,471,6883,0.04966168,0.057432737,0.007771056
SMOKE · validación técnica,Let,supported,1277,7863,0.016493302,0.04250726,0.02601396
SMOKE · validación técnica,talk,tool,1601,2379,0.0049795546,0.045289945,0.04031039
SMOKE · validación técnica,medal,tune,4299,5575,0.061270393,0.056908056,-0.0043623373
SMOKE · validación técnica,contain,desk,5224,3400,-0.02580377,-0.023489624,0.0023141466
SMOKE · validación técnica,front,nest,2226,2015,0.0039720144,0.020986155,0.01701414
SMOKE · validación técnica,Rover,tr,6860,710,0.088171065,0.11014928,0.021978214
SMOKE · validación técnica,filling,gas,6439,2607,-0.014853515,-0.009458012,0.005395503
SMOKE · validación técnica,pushed,spreading,1857,6907,-0.060361303,-0.06999685,-0.009635545
SMOKE · validación técnica,catching,pit,5512,4617,0.06798516,0.0013930798,-0.06659208
SMOKE · validación técnica,Are,charge,4016,7341,-0.110823624,-0.1276794,-0.016855769
SMOKE · validación técnica,self,steel,8131,5725,0.012929384,0.018335782,0.0054063983
SMOKE · validación técnica,alive,nods,4200,2686,-0.102662295,-0.07214923,0.030513063
SMOKE · validación técnica,accepted,sandwich,4441,2587,0.04003787,0.015804537,-0.024233334
SMOKE · validación técnica,Mel,pens,6536,7272,-0.049010888,-0.047350854,0.0016600341
SMOKE · validación técnica,entered,mother,4620,1542,0.08853755,0.06829317,-0.020244382
SMOKE · validación técnica,Z,feast,2650,6964,-0.047608346,-0.054224398,-0.0066160522
SMOKE · validación técnica,did,suffering,459,7867,0.03405337,0.032708287,-0.0013450831
SMOKE · validación técnica,coming,laser,1291,3841,-0.03987865,-0.054064743,-0.014186092
SMOKE · validación técnica,aeroplane,discover,4501,3588,0.030300185,0.023745198,-0.0065549873
SMOKE · validación técnica,masterp,strange,7488,1565,-0.08926134,-0.098075286,-0.008813947
SMOKE · validación técnica,itch,skipping,4496,5298,0.06699106,0.074631095,0.007640034
SMOKE · validación técnica,green,sorted,1356,5938,-0.015375489,-0.027662255,-0.0122867655
SMOKE · validación técnica,Daisy,cubes,1488,7075,-0.00987272,-0.01713951,-0.0072667897
SMOKE · validación técnica,bell,fil,2338,2646,-0.052725308,-0.073521174,-0.020795867
SMOKE · validación técnica,jumping,wheel,2503,2819,-0.1020736,-0.10210625,-3.2648444e-05
SMOKE · validación técnica,puts,shovel,2232,4215,0.0032285843,-0.010480858,-0.013709443
SMOKE · validación técnica,printer,tri,5659,1257,0.040335637,0.047977645,0.0076420084
SMOKE · validación técnica,Gr,ma,6203,1010,-0.1355132,-0.13098386,0.004529342
SMOKE · validación técnica,Martha,wake,7701,3230,0.027229942,0.0070107765,-0.020219166
SMOKE · validación técnica,eventually,perched,2331,5378,0.0050125085,0.006876657,0.0018641483
SMOKE · validación técnica,doing,scales,1399,6116,0.0309627,0.049688146,0.018725445
SMOKE · validación técnica,eats,ten,5874,4075,0.007050041,0.0054462235,-0.0016038176
SMOKE · validación técnica,fight,ruined,1555,2833,0.06172405,0.06576225,0.0040382
SMOKE · validación técnica,Lena,closes,7657,6638,0.03126894,0.034989163,0.003720224
SMOKE · validación técnica,beehive,kings,8037,8092,0.034676388,0.008776192,-0.025900196
SMOKE · validación técnica,hands,teaches,1082,6356,0.05883868,0.055925187,-0.0029134937
SMOKE · validación técnica,Sc,clown,7296,2737,-0.036684074,-0.060359187,-0.023675114
SMOKE · validación técnica,urge,worry,5209,1302,0.07751478,0.0037610931,-0.07375369
SMOKE · validación técnica,gasp,playful,7058,3381,-0.04528495,-0.04059357,0.004691381
SMOKE · validación técnica,mister,stories,5428,1906,0.060201686,0.025536023,-0.034665663
SMOKE · validación técnica,ticket,valu,4804,3146,0.0013749506,0.004627198,0.0032522473
SMOKE · validación técnica,car,homes,569,4993,0.0067622345,0.002779387,-0.0039828476
SMOKE · validación técnica,mechanic,throat,4210,6140,0.098515496,0.11095392,0.012438424
SMOKE · validación técnica,creation,printing,5498,6756,0.044535115,0.053179868,0.008644752
SMOKE · validación técnica,nectar,wrap,6303,3158,-0.014905054,0.0020882636,0.016993318
SMOKE · validación técnica,Cat,Dave,5523,3384,0.07574709,0.08518751,0.009440422
SMOKE · validación técnica,bounced,must,3947,1713,-0.04554891,-0.046625484,-0.0010765754
SMOKE · validación técnica,W,ban,528,2363,-0.07129762,-0.028079739,0.043217883
SMOKE · validación técnica,Do,valued,1318,6253,0.026580885,-0.00045574643,-0.027036631
SMOKE · validación técnica,growled,soft,4882,1262,0.043100238,0.12434697,0.08124673
SMOKE · validación técnica,opera,wander,4664,2722,-0.009356922,-0.021312565,-0.011955643
SMOKE · validación técnica,rock,shows,947,2959,0.012308806,0.008181289,-0.0041275173
SMOKE · validación técnica,Brown,Sparky,3011,6502,0.048194796,0.04360281,-0.0045919865
SMOKE · validación técnica,Billy,uniform,1536,4781,0.008396371,0.022935603,0.014539232
SMOKE · validación técnica,carry,cleared,2027,7723,0.1530889,0.117169425,-0.035919473
SMOKE · validación técnica,growls,zero,7071,5252,0.10428177,0.124358505,0.020076737
SMOKE · validación técnica,pill,rem,2281,898,0.0023716316,0.001038963,-0.0013326686
SMOKE · validación técnica,reassured,softer,7781,7011,-0.03913854,-0.03137345,0.007765092
SMOKE · validación técnica,David,calmed,6065,6476,0.028820433,0.038457543,0.00963711
SMOKE · validación técnica,sponge,throws,7007,4645,0.038632285,0.063483864,0.02485158
SMOKE · validación técnica,happily,listen,1380,1069,0.13231213,0.08764035,-0.04467178
SMOKE · validación técnica,Although,believed,7371,5024,0.011707416,0.020590791,0.008883376
SMOKE · validación técnica,dictionary,penguins,4946,6108,0.056890495,0.06397596,0.007085465
SMOKE · validación técnica,Am,pudd,5615,2137,0.032983057,0.032983046,-1.1175871e-08
SMOKE · validación técnica,fruits,live,2821,2318,0.022107549,0.025718136,0.0036105867
SMOKE · validación técnica,hardest,magaz,8021,4473,0.099474534,0.10132011,0.0018455759
SMOKE · validación técnica,flute,goodbyes,3406,7707,-0.033388413,-0.038478658,-0.005090244
SMOKE · validación técnica,agrees,houses,6432,3300,0.0035821944,0.0030631833,-0.00051901117
SMOKE · validación técnica,creature,curtain,2059,3929,-0.015375178,-0.0058660023,0.009509176
SMOKE · validación técnica,caut,number,5643,2709,0.09608334,0.10675506,0.01067172
SMOKE · validación técnica,Sometimes,destroyed,2467,4940,-0.11695709,-0.06285291,0.05410418
SMOKE · validación técnica,driving,hissed,3514,6437,-0.002318468,-0.0070845596,-0.0047660917
SMOKE · validación técnica,avoc,honey,3956,2192,-0.002528625,-0.020016827,-0.017488202
SMOKE · validación técnica,finds,separate,4176,4507,-0.03122823,-0.042753845,-0.011525616
SMOKE · validación técnica,stands,teams,7367,7993,-0.01238741,-0.005099945,0.007287465
SMOKE · validación técnica,darker,tunnels,6469,6760,-0.042150646,-0.021964021,0.020186625
SMOKE · validación técnica,pup,worked,3388,1337,0.081262425,0.07538124,-0.005881183
SMOKE · validación técnica,bro,sent,1076,3998,0.03626326,0.025484601,-0.01077866
SMOKE · validación técnica,amazed,wood,1603,1376,-0.0496876,-0.01366318,0.03602442
SMOKE · validación técnica,crocod,refreshing,3373,7215,-0.026544398,-0.038217288,-0.01167289
SMOKE · validación técnica,bl,scratched,624,5467,-0.026813207,-0.06545697,-0.038643762
SMOKE · validación técnica,blew,mach,2353,2245,-0.0054469854,-0.015314644,-0.009867659
SMOKE · validación técnica,disgusting,ener,3786,3772,-0.059291504,-0.06290476,-0.003613256
SMOKE · validación técnica,creamy,elev,6570,3896,0.022267193,0.0202739,-0.001993293
SMOKE · validación técnica,changing,sky,7395,843,-0.05855727,-0.050284628,0.00827264
SMOKE · validación técnica,walking,warnings,999,6862,0.041764423,0.05495072,0.013186298
SMOKE · validación técnica,B,though,371,1958,0.02165696,-0.037099563,-0.058756523
SMOKE · validación técnica,probably,understanding,7512,4809,0.059130024,0.067557596,0.0084275715
SMOKE · validación técnica,luggage,walked,5122,927,-0.06936541,-0.05735352,0.012011893
SMOKE · validación técnica,fle,modest,4208,4005,-0.058840368,-0.05384704,0.004993327
SMOKE · validación técnica,blinked,disgust,4740,3654,-0.09803507,-0.099062845,-0.0010277778
SMOKE · validación técnica,Momo,trophy,6228,3987,-0.08045972,-0.07154505,0.008914672
SMOKE · validación técnica,conversation,flute,7582,3406,0.0035266373,0.0011217445,-0.0024048928
SMOKE · validación técnica,cuddles,luckily,7777,7533,0.019089721,0.027870387,0.008780666
SMOKE · validación técnica,octopus,suggest,3820,2878,0.06554723,0.06503531,-0.0005119145
SMOKE · validación técnica,built,strawberry,3267,4189,0.099068575,0.13527146,0.036202885
SMOKE · validación técnica,sil,weeks,2928,5020,-0.00063400203,0.0062215077,0.0068555097
SMOKE · validación técnica,em,steady,1687,7281,-0.033436358,-0.031861633,0.0015747249
SMOKE · validación técnica,arguing,circle,6139,3156,-0.037570387,-0.016340798,0.02122959
SMOKE · validación técnica,Farmer,Thank,6667,2043,0.0029043732,0.027467754,0.02456338
SMOKE · validación técnica,kicked,sparkle,3318,4719,-0.0049516596,-0.016161365,-0.011209706
SMOKE · validación técnica,belt,uncle,4231,3582,-0.053328745,-0.0153500615,0.037978683
SMOKE · validación técnica,Holly,rubbing,7454,5901,-0.04091741,-0.06894867,-0.02803126
SMOKE · validación técnica,nodd,peach,8094,4097,0.099737085,0.09115316,-0.008583926
SMOKE · validación técnica,close,soldiers,1443,5171,0.0079917945,-0.0029542744,-0.010946069
SMOKE · validación técnica,matters,stick,7097,1131,-0.020144565,-0.04716031,-0.027015744
SMOKE · validación técnica,different,throwing,1147,4593,0.07711434,0.045559976,-0.031554367
SMOKE · validación técnica,dolls,yet,1757,3345,-0.027655704,-0.024209239,0.0034464654
SMOKE · validación técnica,Just,brush,2441,2866,-0.0106616095,-0.027904822,-0.017243212
SMOKE · validación técnica,Cle,replace,7724,5127,0.06881098,0.08070765,0.01189667
SMOKE · validación técnica,cry,rays,987,7848,-0.055662073,-0.07230643,-0.016644359
SMOKE · validación técnica,adding,handful,6273,6654,0.05445845,0.058232367,0.0037739165
SMOKE · validación técnica,grabbed,gracefully,1184,6744,0.023732249,0.049295805,0.025563557
SMOKE · validación técnica,bars,loudly,6426,3020,0.063028246,0.12954096,0.06651272
SMOKE · validación técnica,drives,manners,6096,7922,-0.008975752,-0.0068797544,0.0020959973
SMOKE · validación técnica,painted,surv,3305,7663,0.07910461,0.08107435,0.0019697398
SMOKE · validación técnica,tickled,witch,6255,3537,0.00059287995,-0.000926286,-0.0015191659
SMOKE · validación técnica,Halloween,arrive,7747,6104,0.04470493,0.0425633,-0.0021416284
SMOKE · validación técnica,green,warnings,1356,6862,0.036167517,0.06103995,0.024872433
SMOKE · validación técnica,better,hurts,815,3073,0.007539889,0.015051546,0.0075116567
SMOKE · validación técnica,blocking,neare,6755,7085,0.07685871,0.076831676,-2.7030706e-05
SMOKE · validación técnica,lot,though,662,1958,0.022203805,-0.005276531,-0.027480336
SMOKE · validación técnica,distance,scent,2770,7851,0.07144332,0.08448526,0.013041943
SMOKE · validación técnica,leaving,wagged,3429,2759,-0.012270417,0.05648881,0.068759225
SMOKE · validación técnica,ancient,expl,3196,753,0.022849942,0.053360883,0.030510942
SMOKE · validación técnica,bread,sky,2163,843,-0.07704505,-0.038092613,0.03895244
SMOKE · validación técnica,First,appreciated,5538,7464,0.0044318587,-0.018501997,-0.022933856
SMOKE · validación técnica,notebook,seashell,4071,6475,-0.0039082207,-0.034964316,-0.031056095
SMOKE · validación técnica,don,moves,863,4557,-0.055300727,-0.09990475,-0.044604026
SMOKE · validación técnica,believing,staring,7557,6064,-0.048201878,0.0064253695,0.054627247
SMOKE · validación técnica,bad,eats,919,5874,-0.01780776,-0.0064191557,0.011388604
SMOKE · validación técnica,cho,ever,1728,1049,0.109813415,0.08752251,-0.022290908
SMOKE · validación técnica,beha,war,5648,990,0.125146,0.12526178,0.00011578202
SMOKE · validación técnica,Din,germs,7888,8113,-0.10701807,-0.1188219,-0.011803828
SMOKE · validación técnica,aff,garden,6389,846,0.030915506,0.046952836,0.01603733
SMOKE · validación técnica,har,worrying,4531,7598,0.042925805,0.047873475,0.00494767
SMOKE · validación técnica,ripped,rock,5614,947,-0.05348856,0.0016631093,0.05515167
SMOKE · validación técnica,screen,umb,3453,3403,0.010765985,-0.0016304404,-0.012396425
SMOKE · validación técnica,exp,wiggle,1929,7004,0.036901366,0.034097195,-0.0028041713
SMOKE · validación técnica,metal,tug,3368,4769,0.022461696,0.023512734,0.0010510385
SMOKE · validación técnica,sleep,sunlight,1379,5110,-0.03131001,0.013245728,0.04455574
SMOKE · validación técnica,mood,ten,7680,4075,-0.0009146184,0.0069109835,0.007825602
SMOKE · validación técnica,spells,wond,7696,5602,0.035814635,0.035814606,-2.9802322e-08
SMOKE · validación técnica,kept,pretending,922,3775,0.103382155,0.15250215,0.049119994
SMOKE · validación técnica,friendly,towards,1446,1653,0.005840931,-0.07429502,-0.08013596
SMOKE · validación técnica,bears,pigeon,4177,3762,-0.061018635,-0.047870383,0.013148252
SMOKE · validación técnica,mall,reward,5189,3378,0.01090621,0.022417447,0.011511236
SMOKE · validación técnica,curtains,loo,6008,428,-0.10062906,-0.0869056,0.013723463
SMOKE · validación técnica,sausage,whispers,5101,7445,0.049901657,0.04191847,-0.007983185
SMOKE · validación técnica,airport,mess,4134,1261,-0.035013866,-0.05130756,-0.016293693
SMOKE · validación técnica,confidence,mama,7909,4271,0.0075253043,0.015474828,0.007949524
SMOKE · validación técnica,candy,strip,1739,4232,-0.04613769,-0.025965787,0.020171903
SMOKE · validación técnica,bushes,thumb,3199,4697,0.06846385,0.04841013,-0.020053718
SMOKE · validación técnica,shade,slept,4280,4399,-0.004753709,-0.006496478,-0.001742769
SMOKE · validación técnica,Aunt,toward,6445,7479,0.05600348,0.05908893,0.0030854493
SMOKE · validación técnica,Aunt,walk,6445,1064,-0.013431158,-0.03418819,-0.02075703
SMOKE · validación técnica,hid,settled,1447,4827,0.09158848,0.09463879,0.003050305
SMOKE · validación técnica,bri,oppos,3816,7916,0.08944668,0.08944665,-2.9802322e-08
SMOKE · validación técnica,fireworks,vehic,5238,4629,0.042455986,0.05215624,0.009700254
SMOKE · validación técnica,Ch,knob,2426,4713,0.05034235,0.047702637,-0.0026397146
SMOKE · validación técnica,When,lied,933,5819,0.08994593,0.08217108,-0.0077748448
SMOKE · validación técnica,int,zooming,687,5530,-0.03896571,-0.030901123,0.008064587
SMOKE · validación técnica,realised,release,2886,5982,-0.00354621,0.019372933,0.022919143
SMOKE · validación técnica,embar,mountain,2328,2313,0.003079608,-0.0024368763,-0.0055164844
SMOKE · validación técnica,Mimi,tick,5002,2662,-0.059720207,-0.059993558,-0.00027335063
SMOKE · validación técnica,Mrs,squares,3121,6558,-0.02595423,0.0021729525,0.028127182
SMOKE · validación técnica,coins,stuffed,3013,4170,-0.0048071835,-0.00780103,-0.0029938463
SMOKE · validación técnica,attractive,mar,3813,1540,0.07526425,0.07609221,0.00082796067
SMOKE · validación técnica,get,grab,604,2118,-0.014767878,0.0786968,0.09346468
SMOKE · validación técnica,Mike,Slowly,3636,6241,0.015220232,0.023708057,0.008487824
SMOKE · validación técnica,Nina,tight,6968,1463,0.046958283,0.07281965,0.025861368
SMOKE · validación técnica,cover,honey,2879,2192,-0.047341574,-0.021060918,0.026280656
SMOKE · validación técnica,blows,cotton,6609,7944,0.033847377,0.034693882,0.00084650517
SMOKE · validación técnica,area,den,5537,6339,-0.010848021,-0.013369873,-0.002521852
SMOKE · validación técnica,Lena,rude,7657,2411,0.037772022,0.007580133,-0.030191889
SMOKE · validación técnica,pill,quacked,2281,6179,-0.13600862,-0.14009413,-0.004085511
SMOKE · validación técnica,disco,journal,2071,4474,0.038815986,0.04296703,0.0041510426
SMOKE · validación técnica,lions,slowed,4155,8058,-0.023137987,-0.016419645,0.0067183413
SMOKE · validación técnica,hid,watches,1447,5228,-0.007848691,0.010457959,0.01830665
SMOKE · validación técnica,flute,knot,3406,4195,-0.008961424,-0.01620216,-0.007240735
SMOKE · validación técnica,crunchy,disappear,5241,4787,0.007101791,0.02362603,0.016524239
SMOKE · validación técnica,Sandy,raind,4100,6332,0.00207505,-0.008934507,-0.011009557
SMOKE · validación técnica,heav,honking,6171,7771,-0.0055598356,-0.024926102,-0.019366266
SMOKE · validación técnica,called,generous,931,2637,0.006761171,-0.010203622,-0.016964793
SMOKE · validación técnica,bounced,course,3947,1883,0.044216637,0.028175347,-0.01604129
SMOKE · validación técnica,repairman,requested,8070,6718,0.07272188,0.06957553,-0.0031463504
SMOKE · validación técnica,sneeze,solved,5044,5043,0.022991836,0.007318072,-0.015673764
SMOKE · validación técnica,lear,remembering,4040,7155,0.079910904,0.05567991,-0.024230994
SMOKE · validación técnica,branches,insects,2897,6927,0.035773166,0.04300991,0.007236745
SMOKE · validación técnica,sighs,smiling,6290,2121,0.019255433,0.05497769,0.035722256
SMOKE · validación técnica,May,lux,4947,5792,0.07961133,0.064778656,-0.014832675
SMOKE · validación técnica,compet,equ,3111,4972,0.054861233,0.05486125,1.8626451e-08
SMOKE · validación técnica,clum,gears,3355,7313,-0.13541703,-0.13481884,0.0005981922
SMOKE · validación técnica,trusted,two,4763,904,-0.10357751,-0.050770737,0.052806772
SMOKE · validación técnica,eff,petted,5140,5425,-0.0781559,-0.06519552,0.012960374
SMOKE · validación técnica,firework,flood,3766,5207,-0.009274114,-0.0015764795,0.0076976344
SMOKE · validación técnica,bush,prayed,2182,5215,0.02725437,0.037426047,0.010171678
SMOKE · validación técnica,noise,sick,979,2022,-0.06528258,0.020523012,0.085805595
SMOKE · validación técnica,several,shining,7549,2166,-0.10816048,-0.10198493,0.006175548
SMOKE · validación técnica,sweeties,tong,6103,4844,0.03334234,0.023214534,-0.010127805
SMOKE · validación técnica,circle,s,3156,260,0.042053007,-0.03373634,-0.07578935
SMOKE · validación técnica,giggle,mud,3888,2270,-0.04836221,0.021989524,0.070351735
SMOKE · validación técnica,height,sat,7546,1385,0.01815825,0.015505554,-0.0026526954
SMOKE · validación técnica,raz,scre,4730,2543,0.1608581,0.1608581,0.0
SMOKE · validación técnica,check,mechanic,2912,4210,-0.019258235,-0.021878889,-0.0026206542
SMOKE · validación técnica,created,hill,4254,1437,0.03511104,0.01707858,-0.01803246
SMOKE · validación técnica,adorable,bo,3967,435,0.046502694,0.0879817,0.041479006
SMOKE · validación técnica,exam,superheroes,2680,7243,-0.08365594,-0.07219943,0.011456512
SMOKE · validación técnica,G,hon,1046,2218,-0.09299888,-0.0884428,0.0045560747
SMOKE · validación técnica,Bir,Help,5839,4729,0.11959583,0.07489968,-0.044696152
SMOKE · validación técnica,growling,sticky,6288,4634,0.010515049,0.027245339,0.01673029
SMOKE · validación técnica,fier,planes,3171,5017,-0.01088224,-0.037914295,-0.027032055
SMOKE · validación técnica,encount,imagine,8067,4388,-0.015103651,-0.0067389477,0.0083647035
SMOKE · validación técnica,chasing,worker,3567,6286,-0.013530424,0.0094756065,0.02300603
SMOKE · validación técnica,Pip,beads,5708,6316,-0.0033561364,-0.0071605984,-0.003804462
SMOKE · validación técnica,Remember,stall,6904,8048,0.01587281,0.02239689,0.0065240804
SMOKE · validación técnica,Lena,fut,7657,5174,-0.020489197,-0.020489179,1.8626451e-08
SMOKE · validación técnica,add,tried,2803,733,0.039814804,0.029862529,-0.009952275
SMOKE · validación técnica,Jane,station,1219,3696,0.019090295,0.02349542,0.004405126
SMOKE · validación técnica,along,spinning,1878,3343,0.12603118,0.10523315,-0.020798028
SMOKE · validación técnica,These,shiver,5745,3485,-0.111817054,-0.11382284,-0.0020057857
SMOKE · validación técnica,ext,wasted,2807,6390,-0.04264,-0.059665434,-0.017025433
SMOKE · validación técnica,eng,finishing,3600,7231,0.026463896,0.030428376,0.00396448
SMOKE · validación técnica,bat,her,1987,309,-0.03489081,-0.033796296,0.0010945126
SMOKE · validación técnica,Pete,Someone,3095,5470,-0.0036408836,0.013474008,0.017114893
SMOKE · validación técnica,buy,jelly,1410,2728,-0.05340211,-0.039832175,0.013569936
SMOKE · validación técnica,fireworks,meet,5238,2211,0.07302706,0.08254656,0.0095195025
SMOKE · validación técnica,Mabel,click,7433,5885,0.030704338,0.011116654,-0.019587684
SMOKE · validación técnica,kangaroo,put,3894,574,0.03983976,0.05840599,0.018566232
SMOKE · validación técnica,mill,peeking,3643,6162,-0.01916745,-0.03733722,-0.018169772
SMOKE · validación técnica,rocks,silent,1924,6886,-0.05768968,-0.00573702,0.05195266
SMOKE · validación técnica,neighb,size,1830,3908,-0.00785009,-0.04624249,-0.038392402
SMOKE · validación técnica,pretti,tummy,5626,3197,-0.0777434,-0.0703768,0.007366605
SMOKE · validación técnica,objects,yawned,6547,4951,0.029697653,0.034680933,0.00498328
SMOKE · validación técnica,G,Granny,1046,7487,-0.10775046,-0.1231055,-0.015355043
SMOKE · validación técnica,disturbed,story,5580,1234,0.008613728,-0.029577687,-0.038191415
SMOKE · validación técnica,bul,neigh,4252,1823,0.1262792,0.12627918,-2.9802322e-08
SMOKE · validación técnica,snugg,spook,6123,7550,-0.036352236,-0.03635221,2.6077032e-08
SMOKE · validación técnica,Stop,trump,5943,3534,-0.03384018,-0.02964656,0.004193619
SMOKE · validación técnica,Ang,po,7013,670,-0.10128443,-0.12784559,-0.026561156
SMOKE · validación técnica,Under,belong,7400,1939,0.068231806,0.054848734,-0.013383072
SMOKE · validación técnica,flying,using,1649,3136,0.011364527,0.0055143293,-0.0058501977
SMOKE · validación técnica,spark,tallest,1586,6299,0.014905335,0.0073171556,-0.00758818
SMOKE · validación técnica,dreaming,milk,3357,2133,-0.023308136,-0.03869945,-0.015391316
SMOKE · validación técnica,kicking,rhy,6030,5214,0.06575283,0.07070102,0.0049481913
SMOKE · validación técnica,including,pra,6776,4598,0.03323233,0.052543767,0.019311436
SMOKE · validación técnica,needle,realize,3966,5657,-0.023086168,-0.0140394345,0.009046733
SMOKE · validación técnica,sadness,tremble,5579,5462,-0.05718739,-0.039208133,0.017979257
SMOKE · validación técnica,inch,mug,5836,3941,-0.06695048,-0.061407913,0.005542565
SMOKE · validación técnica,forward,monster,2419,1743,0.067496315,0.02567408,-0.041822232
SMOKE · validación técnica,boots,curled,4174,5208,-0.1529125,-0.15385643,-0.00094392896
SMOKE · validación técnica,ordinary,settled,3622,4827,-0.0017212145,0.033964716,0.03568593
SMOKE · validación técnica,fog,tree,4543,676,0.08465362,0.05087982,-0.033773802
SMOKE · validación técnica,mane,twirl,6353,2602,-0.10241916,-0.09707235,0.0053468123
SMOKE · validación técnica,rob,summer,2370,4082,0.032795507,0.023282465,-0.009513043
SMOKE · validación técnica,Dr,zoom,7476,2171,-0.077062786,-0.060595892,0.016466893
SMOKE · validación técnica,blanket,weeds,1700,7849,0.10991814,0.11331682,0.0033986792
SMOKE · validación técnica,box,resisted,783,6941,0.036551997,0.029697064,-0.0068549328
SMOKE · validación técnica,castles,taught,4823,2600,-0.0041863862,-0.008948835,-0.0047624484
SMOKE · validación técnica,goodbye,willing,1136,6753,0.027075257,0.033524815,0.006449558
SMOKE · validación técnica,belongings,flames,7662,6319,0.15374811,0.16291054,0.009162426
SMOKE · validación técnica,holding,touc,2086,6991,0.08525779,0.10753532,0.022277527
SMOKE · validación técnica,Po,sh,6637,381,0.041187234,0.082971744,0.04178451
SMOKE · validación técnica,steak,tri,4334,1257,0.07960923,0.0932581,0.013648868
SMOKE · validación técnica,grey,pick,5193,766,-0.034117587,-0.054902263,-0.020784676
SMOKE · validación técnica,Two,chance,6929,3658,-0.024845544,-0.03383252,-0.008986976
SMOKE · validación técnica,Maggie,sniffed,5143,4559,0.013435475,0.014006078,0.00057060365
SMOKE · validación técnica,laund,stopped,4242,1032,0.02445018,0.024750315,0.00030013546
SMOKE · validación técnica,collap,rides,7481,5570,-0.049162302,-0.04823542,0.000926882
SMOKE · validación técnica,decor,pare,2514,1258,-0.0069299284,-0.0069299657,-3.7252903e-08
SMOKE · validación técnica,allig,difficult,4199,3014,0.059627406,0.048671447,-0.01095596
SMOKE · validación técnica,Flopsy,stung,6807,7067,-0.08264406,-0.07192248,0.010721579
SMOKE · validación técnica,Mommy,obe,1165,5382,-0.026822189,-0.034765452,-0.007943263
SMOKE · validación técnica,bracelet,feels,3837,1864,-0.13668433,-0.1638273,-0.027142972
SMOKE · validación técnica,valuable,whisp,3238,2576,0.033168584,-0.020381756,-0.05355034
SMOKE · validación técnica,hopeful,peppers,7096,6823,-0.050330244,-0.025665982,0.024664262
SMOKE · validación técnica,creat,understands,1475,7568,0.030360848,0.031890504,0.0015296564
SMOKE · validación técnica,pair,uns,4116,6871,-0.016323155,-0.011180355,0.0051427996
SMOKE · validación técnica,long,resc,789,3340,-0.07240331,-0.054021165,0.018382147
SMOKE · validación técnica,Flo,van,7927,2595,-0.0023324843,-0.007716596,-0.005384112
SMOKE · validación técnica,Ryan,unusual,7728,2868,-0.011258531,-0.042449996,-0.031191465
SMOKE · validación técnica,comfortable,por,2627,4076,-0.10837321,-0.13130087,-0.022927657
SMOKE · validación técnica,bus,poked,1203,4837,-0.01716942,-0.042766593,-0.025597174
SMOKE · validación técnica,bit,saf,1197,2186,0.011119317,0.005682163,-0.0054371543
SMOKE · validación técnica,scaring,slipping,6583,7762,-0.09017439,-0.08225146,0.0079229325
SMOKE · validación técnica,eye,leave,2853,1639,0.059793122,0.07221463,0.012421511
SMOKE · validación técnica,poison,sleep,4917,1379,-0.05702871,-0.042821065,0.014207646
SMOKE · validación técnica,visited,we,4037,367,-0.124603465,-0.08168657,0.042916894
SMOKE · validación técnica,comfortable,glass,2627,2719,0.014862902,0.033984296,0.019121394
SMOKE · validación técnica,Maybe,gobbled,1606,6665,0.0837248,0.08586283,0.0021380335
SMOKE · validación técnica,cell,laughter,4685,4790,0.053129274,0.06856553,0.015436258
SMOKE · validación técnica,belongs,bookshelf,4544,5152,0.015924303,0.015036158,-0.0008881446
SMOKE · validación técnica,adults,sidewalk,7229,5279,0.02952032,0.05281692,0.0232966
SMOKE · validación técnica,Everything,tri,3765,1257,0.027075388,0.03186583,0.004790444
SMOKE · validación técnica,packing,squee,6368,3005,0.018999748,0.03630901,0.017309263
SMOKE · validación técnica,target,vol,7784,3629,0.0017921999,-0.0005922206,-0.0023844205
SMOKE · validación técnica,limes,swe,6840,3210,0.04141202,0.04180714,0.00039512292
SMOKE · validación técnica,color,quack,993,4627,-0.016565222,-0.017565034,-0.000999812
SMOKE · validación técnica,bracelets,elderly,7832,2904,-0.005603308,-0.033906072,-0.028302765
SMOKE · validación técnica,smiles,whisp,1604,2576,-0.059324574,-0.037938084,0.02138649
SMOKE · validación técnica,breaking,chuck,5715,6270,0.052633982,0.050888393,-0.0017455891
SMOKE · validación técnica,happy,polished,402,6196,-0.09095601,-0.083415605,0.007540405
SMOKE · validación técnica,share,spell,951,3808,0.111210726,0.109489545,-0.001721181
SMOKE · validación técnica,competition,hor,5931,2114,0.037033565,0.045763664,0.008730099
SMOKE · validación técnica,There,throughout,1500,7016,-0.013787702,-0.00575782,0.008029882
SMOKE · validación técnica,asking,wins,2741,6933,-0.033879828,-0.054235697,-0.02035587
SMOKE · validación técnica,polar,whatever,7440,5561,0.10796155,0.11144166,0.0034801066
SMOKE · validación técnica,Without,dreaming,6906,3357,-0.11489369,-0.06286563,0.05202806
SMOKE · validación técnica,museum,well,4324,1963,0.03818183,-0.0057714484,-0.043953277
SMOKE · validación técnica,Mel,early,6536,3560,0.01942712,-0.01048236,-0.02990948
SMOKE · validación técnica,Mandy,neckl,3631,2491,0.02631713,0.031599578,0.0052824467
SMOKE · validación técnica,delicious,kites,1426,6749,0.053047523,0.05199591,-0.0010516122
SMOKE · validación técnica,St,admir,2358,4893,0.017181713,-0.0007148497,-0.017896563
SMOKE · validación técnica,fairy,growling,1827,6288,0.066558704,0.067058526,0.0004998222
SMOKE · validación técnica,mysterious,refrigerator,2566,5008,-0.08560753,-0.08753279,-0.0019252598
SMOKE · validación técnica,butterf,scoop,1295,5527,0.18613338,0.18400463,-0.00212875
SMOKE · validación técnica,talking,writing,2344,4551,0.019348016,0.038565166,0.01921715
SMOKE · validación técnica,miss,wagging,1981,5807,0.15679672,0.13342436,-0.023372367
SMOKE · validación técnica,Sn,unicorn,3645,5588,-0.08879294,-0.08777375,0.0010191947
SMOKE · validación técnica,Meg,campfire,7580,7416,0.025679385,0.056411304,0.030731918
SMOKE · validación técnica,rivers,spoonful,6542,6829,-0.122449584,-0.1240155,-0.0015659183
SMOKE · validación técnica,bar,reason,1753,7205,0.023655023,0.047431417,0.023776393
SMOKE · validación técnica,begged,shops,5013,7095,-0.017325416,0.0052312203,0.022556636
SMOKE · validación técnica,lovely,val,2184,2285,-0.07077302,-0.10155301,-0.030779988
SMOKE · validación técnica,Teddy,move,2581,1408,-0.049796544,-0.051446103,-0.0016495585
SMOKE · validación técnica,belong,bubbles,1939,2930,0.055157058,0.06707242,0.011915363
SMOKE · validación técnica,flash,point,3070,4107,-0.043277774,-0.03354543,0.009732343
SMOKE · validación técnica,flight,mushroom,7087,3920,-0.0195261,-0.019920548,-0.00039444864
SMOKE · validación técnica,Snowy,clown,4879,2737,-0.067230836,-0.032329224,0.03490161
SMOKE · validación técnica,joke,throat,2859,6140,0.061515007,0.09774278,0.036227774
SMOKE · validación técnica,onward,post,7249,3328,-0.02040678,-0.013602309,0.006804472
SMOKE · validación técnica,mat,row,1478,4927,-0.059203774,-0.05955315,-0.00034937635
SMOKE · validación técnica,bank,stumble,5696,7719,0.0031579938,0.0019329824,-0.0012250114
SMOKE · validación técnica,bru,too,7500,436,-0.015072928,0.001062111,0.016135039
SMOKE · validación técnica,Kim,cousin,3649,7144,-0.054160386,-0.053746305,0.00041408092
SMOKE · validación técnica,dangerous,veggies,1776,7676,-0.1375338,-0.10703549,0.03049831
SMOKE · validación técnica,bet,fuel,3845,5037,-0.052473936,-0.053245544,-0.0007716082
SMOKE · validación técnica,Jeff,each,6052,767,0.0049612606,0.014242837,0.009281577
SMOKE · validación técnica,balloon,cheese,1587,2146,0.03779172,0.053072583,0.015280861
SMOKE · validación técnica,suits,wife,7374,4372,0.008144734,-0.0012561101,-0.009400845
SMOKE · validación técnica,Matt,foolish,6051,3063,0.073036924,0.082469456,0.009432532
SMOKE · validación técnica,fisherman,puts,4348,2232,0.023342915,0.012733679,-0.010609236
SMOKE · validación técnica,activ,differe,5513,1115,-0.0829767,-0.08297674,-4.4703484e-08
SMOKE · validación técnica,ech,invitation,6735,5258,0.051233277,0.047696013,-0.0035372637
SMOKE · validación técnica,board,hook,2892,3930,0.049029086,0.04079426,-0.008234825
SMOKE · validación técnica,anything,stars,1420,1912,0.026561536,0.07644544,0.049883902
SMOKE · validación técnica,remote,touch,6869,1331,-0.10940675,-0.10503021,0.004376538
SMOKE · validación técnica,confl,realised,7042,2886,-0.14771318,-0.15879008,-0.011076897
SMOKE · validación técnica,cur,discussed,3501,6600,0.004446702,0.0017652232,-0.0026814789
SMOKE · validación técnica,Lily,forks,364,6855,0.12299667,0.120479316,-0.0025173575
SMOKE · validación técnica,awake,resp,6335,2035,-0.05203192,-0.0535269,-0.0014949813
SMOKE · validación técnica,surprising,throwing,7478,4593,0.042057395,0.041453615,-0.00060378015
SMOKE · validación técnica,convin,tooth,7825,3325,0.09775159,0.09334627,-0.0044053197
SMOKE · validación técnica,inse,that,4352,357,-0.019548055,0.013963841,0.033511896
SMOKE · validación técnica,discoveries,mass,7808,4929,-0.013453741,-0.029044302,-0.015590562
SMOKE · validación técnica,comet,spark,4098,1586,0.031770684,0.03697828,0.0052075945
SMOKE · validación técnica,math,ripe,3679,6351,-0.003310958,0.01746786,0.020778818
SMOKE · validación técnica,doing,ordinary,1399,3622,0.007835865,0.043572653,0.035736788
SMOKE · validación técnica,Betsy,confident,5474,5860,-0.077858336,-0.09489805,-0.017039716
SMOKE · validación técnica,dream,necklaces,1421,7349,0.06046024,0.058294013,-0.0021662265
SMOKE · validación técnica,fascin,magic,5200,1270,-0.05485358,-0.051547688,0.0033058934
SMOKE · validación técnica,paints,river,5412,1717,0.080255195,0.11317652,0.03292132
SMOKE · validación técnica,locked,weeke,3405,6619,0.012829319,0.0046398602,-0.008189458
SMOKE · validación técnica,Smith,seed,3994,2586,0.05290995,0.04824093,-0.004669022
SMOKE · validación técnica,Did,Sparky,5849,6502,0.028621469,0.043977037,0.015355568
SMOKE · validación técnica,Ash,wasn,6640,1556,-0.026838614,-0.030285183,-0.0034465697
SMOKE · validación técnica,park,pig,566,1975,-0.07328843,-0.027757859,0.045530573
SMOKE · validación técnica,appro,window,4628,1384,0.09027706,0.09875174,0.008474678
SMOKE · validación técnica,called,fishing,931,4350,0.077600844,0.041705735,-0.03589511
SMOKE · validación técnica,Jacob,cla,6750,1394,-0.0033972375,-0.0036456045,-0.00024836697
SMOKE · validación técnica,bringing,organized,5406,2968,-0.08718965,-0.103439085,-0.016249433
SMOKE · validación técnica,practice,wipe,3319,4677,0.022773553,0.024146901,0.0013733488
SMOKE · validación técnica,need,stirring,785,5741,-0.0048471354,-0.036301825,-0.03145469
SMOKE · validación técnica,Their,hunter,2567,3782,0.06863652,0.0332644,-0.035372123
SMOKE · validación técnica,toward,turning,7479,5305,-0.06287354,-0.03996735,0.022906192
SMOKE · validación técnica,mouths,permitted,5392,7637,-0.0501608,-0.06484546,-0.0146846585
SMOKE · validación técnica,gr,list,654,887,-0.06696346,-0.038165726,0.02879773
SMOKE · validación técnica,ending,piano,3386,3718,-0.107068256,-0.08532767,0.021740586
SMOKE · validación técnica,fox,starts,1648,3868,0.11027272,0.13108793,0.020815209
SMOKE · validación técnica,expensive,trump,2649,3534,-0.02304159,-0.044597447,-0.021555858
SMOKE · validación técnica,hardest,passengers,8021,7104,-0.019361109,-0.03898003,-0.019618921
SMOKE · validación técnica,searching,sub,3337,5018,-0.021931777,-0.012243636,0.009688141
SMOKE · validación técnica,accident,fasc,1847,5146,0.026847463,-0.016890965,-0.04373843
SMOKE · validación técnica,cartoons,purp,5307,1988,0.052492496,0.037605885,-0.01488661
SMOKE · validación técnica,amount,snuggle,7094,7006,-0.044287786,-0.037297055,0.0069907308
SMOKE · validación técnica,braver,carrot,7362,1763,-0.05019753,-0.029926537,0.020270994
SMOKE · validación técnica,Fro,boot,5431,4687,0.10050974,0.10050979,5.2154064e-08
SMOKE · validación técnica,drain,within,4939,7921,0.08534139,0.05512453,-0.030216858
SMOKE · validación técnica,flipped,sighed,8051,2700,-0.026766064,-0.0019692518,0.024796812
SMOKE · validación técnica,club,her,3876,309,0.025173113,0.022684045,-0.0024890676
SMOKE · validación técnica,cautiously,seven,6425,6456,0.07997182,0.064623736,-0.015348084
SMOKE · validación técnica,bug,ed,1470,2925,-0.022501733,0.013347462,0.035849195
SMOKE · validación técnica,grandpa,weight,3186,5398,0.005755632,0.007824178,0.0020685457
SMOKE · validación técnica,put,stable,574,4382,0.014467545,0.015192289,0.00072474405
SMOKE · validación técnica,mud,whistling,2270,5128,-0.05845411,-0.014289044,0.044165067
SMOKE · validación técnica,attempt,fancy,8062,2568,-0.0062691765,0.016536014,0.022805192
SMOKE · validación técnica,lily,pack,5070,1831,-0.02358004,-0.03314721,-0.009567168
SMOKE · validación técnica,cashier,success,6379,2583,0.058730863,0.054724667,-0.004006196
SMOKE · validación técnica,helper,spoke,4750,3674,0.0162711,0.031887777,0.015616678
SMOKE · validación técnica,chuckled,stirred,6479,3971,-0.03705713,-0.04569854,-0.008641407
SMOKE · validación técnica,laser,patted,3841,6148,0.0044376217,0.0017964263,-0.0026411954
SMOKE · validación técnica,fallen,puts,4786,2232,0.071938,0.050485324,-0.021452677
SMOKE · validación técnica,Daisy,tires,1488,7605,0.06594835,0.07787283,0.011924475
SMOKE · validación técnica,expert,prop,8130,4800,-0.087026134,-0.08595547,0.0010706633
SMOKE · validación técnica,babies,simply,5868,7966,-0.032194074,-0.032598168,-0.0004040934
SMOKE · validación técnica,Enjoy,against,6605,2984,-0.068698525,-0.08704503,-0.018346503
SMOKE · validación técnica,buzzed,yell,7040,1142,-0.04266083,-0.034616906,0.0080439225
SMOKE · validación técnica,frowns,weeds,7932,7849,0.03844689,0.023759443,-0.014687445
SMOKE · validación técnica,fright,leaves,2999,1499,-0.026947385,-0.023086231,0.0038611535
SMOKE · validación técnica,To,sew,1598,5097,-0.0002725143,-0.036475204,-0.03620269
SMOKE · validación técnica,cloud,crabs,1646,6210,-0.045725625,-0.030224781,0.0155008435
SMOKE · validación técnica,circus,cups,5414,4387,-0.03133293,-0.039932802,-0.008599874
SMOKE · validación técnica,belongings,whoever,7662,7959,-0.066759154,-0.044495925,0.022263229
SMOKE · validación técnica,decorating,passen,6951,6759,-0.0557632,-0.055763237,-3.7252903e-08
SMOKE · validación técnica,cir,examine,2042,5036,0.0805558,0.100033574,0.019477777
SMOKE · validación técnica,bleeding,however,5622,6201,-0.076405846,-0.06549847,0.010907374
SMOKE · validación técnica,Rabbit,she,6414,335,-0.02500246,-0.029505251,-0.00450279
SMOKE · validación técnica,muscle,points,6587,4608,-0.0694633,-0.049016576,0.020446721
SMOKE · validación técnica,Joy,fought,4995,4684,0.04605612,0.026089499,-0.019966623
SMOKE · validación técnica,giggling,wisdom,5785,5415,0.015590336,0.014192253,-0.0013980828
SMOKE · validación técnica,Joey,dresses,3799,4869,0.10622815,0.12330987,0.017081723
SMOKE · validación técnica,boys,twice,2893,6901,-0.0016533388,-0.015316072,-0.013662733
SMOKE · validación técnica,spirit,spots,4125,4874,-0.07193861,-0.059605926,0.012332685
SMOKE · validación técnica,fuzzy,ke,6309,647,-0.081932336,-0.1115204,-0.029588066
SMOKE · validación técnica,environment,tramp,8184,6867,-0.016371164,-0.0127345305,0.003636634
SMOKE · validación técnica,boun,snuggled,2036,3615,0.06292524,0.037227113,-0.02569813
SMOKE · validación técnica,hole,pull,1404,1200,-0.058764525,-0.03316368,0.025600843
SMOKE · validación técnica,screwd,tur,7180,3801,-0.0104393745,-0.010439345,2.9802322e-08
SMOKE · validación técnica,drops,tomato,4390,3458,-0.03774456,-0.03795946,-0.00021490082
SMOKE · validación técnica,grand,neighbourhood,3346,5531,0.115170605,0.117630556,0.0024599507
SMOKE · validación técnica,bru,prov,7500,4094,0.02301072,0.019066349,-0.003944371
SMOKE · validación técnica,creat,swimsuit,1475,6863,-0.015631706,-0.011149734,0.0044819713
SMOKE · validación técnica,Smith,finished,3994,1398,-0.010441396,-0.043069683,-0.032628287
SMOKE · validación técnica,exch,nut,7982,2532,-0.010533199,-0.009404205,0.0011289939
SMOKE · validación técnica,They,part,322,1306,-0.058364883,-0.0227171,0.035647783
SMOKE · validación técnica,goodnight,untie,5988,7596,0.0874946,0.08126601,-0.0062285885
SMOKE · validación técnica,onto,tempt,2062,6859,0.03848768,0.011028845,-0.027458835
SMOKE · validación técnica,Mama,ent,2100,2160,-0.031824354,-0.011928936,0.01989542
SMOKE · validación técnica,munching,slap,8180,6145,0.14249112,0.119105,-0.02338612
SMOKE · validación técnica,cross,poems,2830,6834,-0.040999074,-0.03608994,0.0049091317
SMOKE · validación técnica,Be,swe,2705,3210,0.019500727,0.030055445,0.010554718
SMOKE · validación técnica,pic,triang,948,4043,-0.06866872,-0.06866872,0.0
SMOKE · validación técnica,fright,mosquitoes,2999,8137,0.08215149,0.08896586,0.0068143755
SMOKE · validación técnica,earth,when,3475,583,0.12736014,0.061581466,-0.06577867
SMOKE · validación técnica,my,spoil,672,2608,0.0008796863,-0.04098364,-0.041863326
SMOKE · validación técnica,videos,waist,6695,5559,-0.03130624,-0.04331269,-0.01200645
SMOKE · validación técnica,fruit,uncomfortable,1804,3500,-0.09593634,-0.052372135,0.043564208
SMOKE · validación técnica,argum,helpers,7861,6843,0.043451782,0.043451775,-7.450581e-09
SMOKE · validación técnica,meeting,sisters,4538,5913,-0.0125594605,-0.043783747,-0.031224286
SMOKE · validación técnica,eyes,growls,1047,7071,0.03945918,0.06693971,0.027480531
SMOKE · validación técnica,otters,successful,7484,3280,0.049750555,0.0435666,-0.006183956
SMOKE · validación técnica,cone,tempt,3339,6859,-0.028010577,0.007850744,0.03586132
SMOKE · validación técnica,tracks,youth,5318,5810,-0.060782246,-0.04422052,0.016561728
SMOKE · validación técnica,stri,think,3302,1066,-0.042038348,-0.05659282,-0.014554471
SMOKE · validación técnica,four,mos,3104,4415,0.11819137,0.084099814,-0.034091555
SMOKE · validación técnica,bandages,nearly,7805,7233,-0.09257075,-0.062289037,0.030281715
SMOKE · validación técnica,Their,alligator,2567,4362,-0.032806754,-0.012388795,0.020417958
SMOKE · validación técnica,Ralph,oxygen,7114,5608,0.0851809,0.082402565,-0.0027783364
SMOKE · validación técnica,Bob,pets,1132,5562,0.046281982,0.05950619,0.013224207
SMOKE · validación técnica,One,ground,505,975,0.015333823,-0.06659597,-0.081929795
SMOKE · validación técnica,knee,ripped,2425,5614,-0.09193145,-0.051903736,0.04002771
SMOKE · validación técnica,hel,pol,2654,1611,-0.05318472,-0.054498907,-0.0013141856
SMOKE · validación técnica,dependable,secrets,3178,5413,-0.014644079,-0.008460851,0.0061832275
SMOKE · validación técnica,released,saf,5882,2186,0.0419994,0.038873166,-0.0031262338
SMOKE · validación técnica,noon,whisper,6651,4554,0.02066227,0.018027902,-0.0026343688
SMOKE · validación técnica,adult,efforts,6847,7352,-0.014037181,-0.012057612,0.001979569
SMOKE · validación técnica,argum,luckily,7861,7533,-0.016320493,-0.016320476,1.6763806e-08
SMOKE · validación técnica,rich,sandcastle,3048,5011,-0.014053429,-0.0088494755,0.005203953
SMOKE · validación técnica,pony,trapped,3792,5457,0.041301593,0.03330595,-0.007995643
SMOKE · validación técnica,crumbs,stealing,6215,5664,0.014971431,0.004595816,-0.010375615
SMOKE · validación técnica,Spark,saus,5641,4241,0.01681011,0.01681012,9.313226e-09
SMOKE · validación técnica,froze,move,6569,1408,0.023688592,0.027627613,0.0039390214
SMOKE · validación técnica,Cindy,woof,6102,7472,0.032584246,0.03834413,0.0057598837
SMOKE · validación técnica,oak,reindeer,4693,4171,-0.0021796878,0.0110094845,0.013189172
SMOKE · validación técnica,Be,nods,2705,2686,0.008905387,-0.04080795,-0.049713336
SMOKE · validación técnica,elephants,swaying,5178,8033,-0.037875608,-0.041816168,-0.00394056
SMOKE · validación técnica,Nina,triangle,6968,4467,0.00059940666,-0.012734342,-0.013333749
SMOKE · validación técnica,Milly,hotel,5365,4326,-0.028366309,-0.020837588,0.0075287204
SMOKE · validación técnica,pouring,risks,5787,7559,0.018037999,0.018663846,0.0006258469
SMOKE · validación técnica,Jo,of,825,344,0.039559346,0.0051344093,-0.03442494
SMOKE · validación técnica,cane,norm,4353,3035,0.07291652,0.0831548,0.010238275
SMOKE · validación técnica,leads,policeman,7483,5915,-0.011019971,-0.026458789,-0.015438817
SMOKE · validación técnica,sunrise,tear,5251,4384,-0.08516356,-0.0967769,-0.011613339
SMOKE · validación técnica,OK,taken,2796,2672,-0.0084689725,-0.035477333,-0.02700836
SMOKE · validación técnica,fields,sib,4229,6590,0.011990696,-0.009019505,-0.021010201
SMOKE · validación técnica,deaf,dress,3794,1130,0.023555662,0.06015373,0.036598068
SMOKE · validación técnica,honest,stomped,2516,6775,0.08524656,0.11175896,0.0265124
SMOKE · validación técnica,love,ped,830,4150,-0.09745691,-0.09509906,0.002357848
SMOKE · validación técnica,gonna,woods,7360,1605,0.08474442,0.07358137,-0.011163056
SMOKE · validación técnica,business,oven,7633,2306,-0.049749836,-0.041376904,0.008372933
SMOKE · validación técnica,When,bran,933,1676,0.054871403,0.017357986,-0.037513416
SMOKE · validación técnica,dep,yummy,8085,1246,-0.038691662,-0.036515675,0.0021759868
SMOKE · validación técnica,sky,tun,843,2251,0.039549775,0.0067633567,-0.032786418
SMOKE · validación técnica,disappo,yell,2478,1142,0.0004819408,0.009454288,0.008972347
SMOKE · validación técnica,bathe,cushion,5085,3993,-0.025477152,-0.018329695,0.0071474575
SMOKE · validación técnica,Meg,helm,7580,3539,-0.045958027,-0.060205035,-0.014247008
SMOKE · validación técnica,envelope,wadd,3462,6629,-0.08732711,-0.08605493,0.0012721792
SMOKE · validación técnica,lands,sor,5351,713,-0.026838124,-0.04137912,-0.014540996
SMOKE · validación técnica,connected,couldn,7422,736,-0.024842657,-0.0016294867,0.02321317
SMOKE · validación técnica,friendly,stealing,1446,5664,0.02306009,0.08996082,0.06690073
SMOKE · validación técnica,destroy,noise,3750,979,-0.008596547,-0.0202542,-0.011657653
SMOKE · validación técnica,flavor,scr,6495,2699,-0.012090158,-0.002082266,0.010007892
SMOKE · validación técnica,accomplishment,Ċ,6972,406,0.07564092,0.043508478,-0.03213244
SMOKE · validación técnica,reassured,sadness,7781,5579,-0.15329775,-0.15049727,0.0028004795
SMOKE · validación técnica,Zoom,wor,6211,538,-0.06165933,-0.061228096,0.00043123215
SMOKE · validación técnica,Curious,concert,8160,7837,-0.012326077,-0.014425071,-0.0020989943
SMOKE · validación técnica,problems,whistled,5232,5265,-0.037507016,-0.017852817,0.0196542
SMOKE · validación técnica,vegg,worse,7601,5244,0.16727081,0.14721137,-0.020059437
SMOKE · validación técnica,Johnson,paws,5961,3907,-0.05121263,-0.05580668,-0.0045940503
SMOKE · validación técnica,Snuggles,stretched,7073,3693,0.07089962,0.07585759,0.0049579665
SMOKE · validación técnica,as,colour,417,2365,-0.100610964,-0.04850062,0.052110344
SMOKE · validación técnica,action,case,7412,4062,-0.022983102,-0.009806801,0.0131763015
SMOKE · validación técnica,happiest,inch,5357,5836,-0.0341482,0.0044885343,0.038636737
SMOKE · validación técnica,Betsy,hoped,5474,1853,0.0046626665,0.006536383,0.0018737167
SMOKE · validación técnica,ice,organ,1423,2225,-0.0757605,-0.052772645,0.022987854
SMOKE · validación técnica,protect,reads,2228,6398,-0.0014227554,0.067396596,0.06881935
SMOKE · validación técnica,drawing,robb,2776,6521,-0.013631312,0.0010048896,0.014636202
SMOKE · validación técnica,lessons,scurry,7364,7534,0.033690948,0.028930385,-0.0047605634
SMOKE · validación técnica,el,panda,1474,4347,-0.019558508,-0.014654491,0.004904017
SMOKE · validación técnica,Rose,just,3289,774,0.04002839,0.06391363,0.023885239
SMOKE · validación técnica,exch,sun,7982,730,0.03033432,0.025730304,-0.0046040155
SMOKE · validación técnica,longer,sort,1840,4078,0.06252065,0.05054176,-0.0119788945
SMOKE · validación técnica,Hoot,courage,6681,3688,0.08489675,0.08132269,-0.0035740584
SMOKE · validación técnica,backwards,bl,6943,624,0.0023342476,-0.02144126,-0.023775509
SMOKE · validación técnica,breaks,changing,4365,7395,0.122568265,0.113649026,-0.008919239
SMOKE · validación técnica,statues,table,8068,1469,0.0174593,0.011471876,-0.0059874235
SMOKE · validación técnica,placed,ter,3575,3109,-0.1372947,-0.079113126,0.05818157
SMOKE · validación técnica,mama,pencils,4271,6289,0.05104427,0.040958468,-0.0100858025
SMOKE · validación técnica,gifts,surprise,5147,1341,0.03369555,0.0503067,0.016611151
SMOKE · validación técnica,Po,shown,6637,7317,0.029266093,0.025968213,-0.0032978803
SMOKE · validación técnica,emer,obser,5175,4058,0.021647654,0.011863589,-0.009784065
SMOKE · validación técnica,bra,dog,844,643,-0.009524938,-0.08360046,-0.07407552
SMOKE · validación técnica,expected,licks,5914,4982,-0.091591254,-0.09322386,-0.0016326085
SMOKE · validación técnica,beam,sy,6709,7223,-0.06463097,-0.060103104,0.004527867
SMOKE · validación técnica,plates,said,4897,328,-0.053473756,-0.071280055,-0.017806299
SMOKE · validación técnica,dishwasher,trou,4539,1909,0.0128583545,0.012296501,-0.00056185387
SMOKE · validación técnica,concer,fancy,6870,2568,-0.0049767606,0.04690682,0.051883582
SMOKE · validación técnica,bookshelf,rides,5152,5570,-0.0050343145,-0.016163494,-0.01112918
SMOKE · validación técnica,miles,mixture,6370,6624,0.035510235,0.042697944,0.007187709
SMOKE · validación técnica,costume,kings,4044,8092,-0.063206494,-0.03296259,0.030243903
SMOKE · validación técnica,rug,scram,3596,7574,0.03705868,0.046623547,0.009564865
SMOKE · validación técnica,Jan,wizard,5923,5009,-0.023654584,-0.024240166,-0.0005855821
SMOKE · validación técnica,Always,nearly,5984,7233,0.039153013,0.016144294,-0.02300872
SMOKE · validación técnica,sweeties,yours,6103,2949,-0.04759068,-0.04194182,0.005648859
SMOKE · validación técnica,humble,museum,3594,4324,-0.006257266,-0.008726418,-0.0024691522
SMOKE · validación técnica,square,tallest,3620,6299,0.054303464,0.04318145,-0.011122014
SMOKE · validación técnica,Mart,zipping,6261,6849,-0.047960058,-0.052991003,-0.005030945
SMOKE · validación técnica,gentle,ign,1859,2327,0.048087526,0.057515547,0.009428021
SMOKE · validación técnica,amount,forward,7094,2419,-0.077904955,-0.040664434,0.03724052
SMOKE · validación técnica,chuck,crunch,6270,5022,-0.014431123,-0.009932641,0.0044984818
SMOKE · validación técnica,bites,final,5225,7230,-0.014856264,-0.021222968,-0.0063667037
SMOKE · validación técnica,pol,wo,1611,883,-0.05567839,-0.062212713,-0.006534323
SMOKE · validación técnica,borrow,goodby,2936,7658,0.010567762,0.012233384,0.001665622
SMOKE · validación técnica,Cl,nails,3836,5618,0.046910472,0.061926812,0.01501634
SMOKE · validación técnica,Everyday,wa,5111,270,-0.01258691,0.0153667,0.02795361
SMOKE · validación técnica,blackboard,kay,4751,4067,-0.07643249,-0.07451708,0.0019154102
SMOKE · validación técnica,sausages,second,6068,3975,0.01050847,0.031236915,0.020728445
SMOKE · validación técnica,boot,manners,4687,7922,0.046326652,0.046326675,2.2351742e-08
SMOKE · validación técnica,dipped,incl,6361,4169,-0.052268192,-0.05054391,0.0017242804
SMOKE · validación técnica,separ,whisper,3840,4554,0.037565075,0.025773244,-0.011791831
SMOKE · validación técnica,roots,snacks,6262,2549,0.04815656,0.049645558,0.0014889985
SMOKE · validación técnica,allig,cons,4199,7892,-0.024465773,-0.024465816,-4.284084e-08
SMOKE · validación técnica,pile,radio,2230,4015,-0.0006627776,-0.01860021,-0.017937433
SMOKE · validación técnica,Tim,lonely,440,1887,-0.09030028,-0.054793175,0.0355071
SMOKE · validación técnica,cane,treehouse,4353,6457,-0.047959413,-0.04931347,-0.0013540573
SMOKE · validación técnica,chop,presents,6594,4385,0.03114103,0.029201746,-0.0019392837
SMOKE · validación técnica,peanuts,sneak,5271,4296,0.1624433,0.108239785,-0.05420351
SMOKE · validación técnica,Everybody,rolling,6688,3910,0.054513972,0.06716297,0.012648996
SMOKE · validación técnica,characters,flow,7996,826,-0.101643234,-0.09334734,0.008295894
SMOKE · validación técnica,fabric,work,5794,1091,0.13693699,0.18220386,0.045266867
SMOKE · validación técnica,ash,self,2387,8131,-0.09202953,-0.07811606,0.0139134675
SMOKE · validación técnica,excitement,track,2668,3163,-0.12418217,-0.040657945,0.08352423
SMOKE · validación técnica,leave,trave,1639,4427,-0.089456275,-0.12058027,-0.031123996
SMOKE · validación técnica,beloved,sighs,6730,6290,-0.098317534,-0.08117661,0.017140925
SMOKE · validación técnica,costum,tumbled,3273,7817,-0.05216755,-0.051616512,0.0005510375
SMOKE · validación técnica,Looking,saving,8158,4794,-0.026516005,-0.0440835,-0.017567493
SMOKE · validación técnica,licking,turning,7403,5305,0.016570609,0.02637519,0.00980458
SMOKE · validación técnica,scen,won,7318,1632,-0.01617768,0.002121674,0.018299354
SMOKE · validación técnica,comfy,val,5164,2285,0.09848727,0.071758725,-0.026728548
SMOKE · validación técnica,arg,fingers,3012,3283,-0.023599047,-0.047305703,-0.023706656
SMOKE · validación técnica,Amy,burn,1661,2613,-0.0073123425,-0.012713461,-0.0054011187
SMOKE · validación técnica,Billy,giggling,1536,5785,0.020764116,0.032357868,0.011593752
SMOKE · validación técnica,jars,meow,7957,5490,-0.06070413,-0.039291024,0.021413106
SMOKE · validación técnica,encouraging,miserable,7307,3826,0.0037386827,-0.030294247,-0.03403293
SMOKE · validación técnica,Spike,revealed,4968,5374,-0.12745064,-0.13802192,-0.010571271
SMOKE · validación técnica,branch,here,2003,1223,0.018971378,-0.0011660159,-0.020137394
SMOKE · validación técnica,bak,exit,5213,5699,-0.11073007,-0.116626546,-0.005896479
SMOKE · validación técnica,girl,knot,442,4195,-0.02459067,0.028239679,0.052830346
SMOKE · validación técnica,fountain,worth,3224,4512,-0.032928742,-0.066381976,-0.033453234
SMOKE · validación técnica,grass,wh,1216,394,0.10346148,0.074586496,-0.028874986
SMOKE · validación técnica,Bunny,wheels,4223,3686,0.0071418686,0.018933449,0.01179158
SMOKE · validación técnica,rule,son,6827,3272,0.024456779,0.029831346,0.0053745676
SMOKE · validación técnica,died,marriage,5666,5853,0.010329366,-0.02001204,-0.030341405
SMOKE · validación técnica,selfish,wet,2454,1557,-0.08489666,0.035206683,0.120103344
SMOKE · validación técnica,Fred,bleeding,3211,5622,0.034242116,0.019430853,-0.0148112625
SMOKE · validación técnica,inch,mission,5836,5669,-0.019457376,-0.038405843,-0.018948467
SMOKE · validación técnica,remember,urged,1063,5827,-0.091965646,-0.0975202,-0.005554557
SMOKE · validación técnica,drank,have,2896,466,-0.06285399,-0.0040822253,0.058771767
SMOKE · validación técnica,imp,mu,912,582,-0.005581217,0.008088825,0.013670042
SMOKE · validación técnica,Goodbye,missing,6890,3506,-0.051205475,-0.04514233,0.0060631447
SMOKE · validación técnica,mittens,protected,5706,5653,0.031685412,0.042925037,0.0112396255
SMOKE · validación técnica,While,horns,3479,5916,0.001763992,-0.0033535622,-0.005117554
SMOKE · validación técnica,ap,prin,2204,1260,0.08254276,0.10565992,0.023117155
SMOKE · validación técnica,Daniel,tickled,8032,6255,-0.039393213,-0.031727415,0.007665798
SMOKE · validación técnica,eat,seller,756,7575,-0.046248138,-0.0018046722,0.044443466
SMOKE · validación técnica,Grace,spid,4014,2175,-0.06627932,-0.09095311,-0.02467379
SMOKE · validación técnica,beating,recommended,8009,6434,0.07975808,0.07546757,-0.0042905062
SMOKE · validación técnica,eggs,rake,2775,4663,0.024243232,0.036302943,0.012059711
SMOKE · validación técnica,bucket,cous,1936,6663,0.023484163,0.054254014,0.030769851
SMOKE · validación técnica,pipe,shut,4112,3581,0.104972035,0.1289191,0.02394706
SMOKE · validación técnica,bully,en,6846,739,-0.0195323,-0.022364642,-0.002832342
SMOKE · validación técnica,scampered,shout,7145,1102,0.0024105161,-0.00917385,-0.011584366
SMOKE · validación técnica,blue,get,1073,604,-0.058527038,-0.10061811,-0.04209107
SMOKE · validación técnica,breaking,copy,5715,6761,0.0046467856,0.008405746,0.0037589604
SMOKE · validación técnica,organize,stairs,3977,3404,-0.061498694,-0.040762395,0.0207363
SMOKE · validación técnica,pedal,scru,5473,6106,-0.048018686,-0.064574085,-0.016555399
SMOKE · validación técnica,forever,more,2000,692,-0.06217276,0.040138446,0.10231121
SMOKE · validación técnica,admir,spoonful,4893,6829,-0.094645426,-0.07066362,0.023981802
SMOKE · validación técnica,reg,slippery,2673,4472,0.03151571,0.034907255,0.0033915453
SMOKE · validación técnica,prune,vegetable,5646,2461,0.06820784,0.076551154,0.008343317
SMOKE · validación técnica,dec,teach,587,2350,0.00011525303,0.0034306347,0.0033153817
SMOKE · validación técnica,appear,limes,5299,6840,0.0013558287,-0.010818481,-0.01217431
SMOKE · validación técnica,E,coug,600,7790,-0.069899596,-0.060248017,0.009651579
SMOKE · validación técnica,row,smooth,4927,2356,0.08715947,0.10835093,0.021191463
SMOKE · validación técnica,feeding,several,7178,7549,-0.07355121,-0.0537816,0.019769609
SMOKE · validación técnica,princess,tools,1770,3167,-0.058903396,-0.06946688,-0.010563485
SMOKE · validación técnica,Granny,bark,7487,2316,0.064961694,0.097906016,0.03294432
SMOKE · validación técnica,chef,experienced,5767,7815,-0.01612464,-0.01545703,0.0006676093
SMOKE · validación técnica,Always,cleared,5984,7723,0.018493505,-0.007322532,-0.025816038
SMOKE · validación técnica,members,offer,7677,4426,-0.016184963,0.0022671334,0.018452097
SMOKE · validación técnica,Up,unlocked,7446,5671,0.024598472,0.004754603,-0.019843869
SMOKE · validación técnica,wagging,watered,5807,5192,0.011053113,-0.004787129,-0.015840242
SMOKE · validación técnica,just,lamp,774,2994,0.0136274,-0.012950974,-0.026578374
SMOKE · validación técnica,bored,climbs,2704,5106,-0.07457698,-0.04888403,0.025692951
SMOKE · validación técnica,hesitated,trips,6659,6149,-0.012404431,-0.019239327,-0.0068348963
SMOKE · validación técnica,polar,squ,7440,1116,0.09613308,0.098729625,0.0025965422
SMOKE · validación técnica,comforting,fre,8103,3179,0.029524878,0.032856643,0.0033317655
SMOKE · validación técnica,leaned,won,4190,1632,0.02284272,-0.029986896,-0.052829616
SMOKE · validación técnica,broom,trans,6075,7889,-0.034894533,-0.028544404,0.00635013
SMOKE · validación técnica,Zara,mask,7830,3605,-0.01786302,-0.004511226,0.013351794
SMOKE · validación técnica,pretend,towards,1321,1653,-0.10837966,-0.082612336,0.025767326
SMOKE · validación técnica,Z,resting,2650,6271,-0.042870916,-0.036787376,0.0060835406
SMOKE · validación técnica,grip,ties,8045,7846,0.03937411,0.027126044,-0.012248065
SMOKE · validación técnica,ast,octopus,6155,3820,0.0040005352,-0.01074495,-0.014745485
SMOKE · validación técnica,rest,star,1242,1991,-0.054245435,-0.040079724,0.014165711
SMOKE · validación técnica,environment,gar,8184,2742,-0.07941148,-0.07694645,0.0024650246
SMOKE · validación técnica,rhy,shrinking,5214,6693,-0.025494391,-0.021470621,0.00402377
SMOKE · validación técnica,heading,quilt,6872,7961,0.053390704,0.05449608,0.0011053756
SMOKE · validación técnica,See,broken,4588,1497,0.064126275,0.019284338,-0.044841938
SMOKE · validación técnica,splash,ve,2555,1706,0.027938766,0.06612675,0.03818798
SMOKE · validación técnica,promises,velvet,7000,5260,0.10861646,0.123350106,0.01473365
SMOKE · validación técnica,fearful,minute,3715,4358,-0.038118877,-0.025218457,0.0129004195
SMOKE · validación técnica,Y,teasing,6415,5851,0.022189911,0.016848192,-0.00534172
SMOKE · validación técnica,grap,pennies,3122,7442,0.04524249,0.045222938,-1.9550323e-05
SMOKE · validación técnica,petted,shone,5425,3261,-0.05778993,-0.041127495,0.016662434
SMOKE · validación técnica,costumes,during,5516,5263,-0.09314117,-0.10260053,-0.009459361
SMOKE · validación técnica,brushed,wool,5578,4546,-0.009356722,0.0017982116,0.011154934
SMOKE · validación técnica,joined,unfortunately,3166,7893,0.050135642,0.035231642,-0.014904
SMOKE · validación técnica,Tweet,super,2185,3835,0.036614247,0.045852877,0.0092386305
SMOKE · validación técnica,Nick,true,6669,2720,0.0018064305,-0.0014614426,-0.003267873
SMOKE · validación técnica,anxious,sil,3585,2928,0.004942462,0.013302892,0.008360431
SMOKE · validación técnica,arranged,bars,7423,6426,-0.11427523,-0.1257078,-0.011432573
SMOKE · validación técnica,belt,mighty,4231,2917,-0.04177562,-0.043636274,-0.0018606521
SMOKE · validación técnica,anxious,stupid,3585,3383,-0.013551566,0.012565408,0.026116975
SMOKE · validación técnica,day,meowing,356,8138,0.035790063,0.049098246,0.013308182
SMOKE · validación técnica,sent,woof,3998,7472,0.010365576,0.025687372,0.015321797
SMOKE · validación técnica,Yes,biggest,6279,3316,-0.002834633,0.02547849,0.028313123
SMOKE · validación técnica,knowing,thre,2519,1612,0.028198665,0.02607105,-0.0021276157
SMOKE · validación técnica,raising,reading,8020,3663,-0.034743145,-0.010329919,0.024413226
SMOKE · validación técnica,didn,needs,649,3047,0.050825965,0.035204265,-0.015621699
SMOKE · validación técnica,investigate,und,4586,7338,0.09979144,0.04924494,-0.050546497
SMOKE · validación técnica,spoiled,tweet,3188,7987,0.06647857,0.09295179,0.026473217
SMOKE · validación técnica,happen,tongue,1868,5032,-0.121787325,-0.09676778,0.025019541
SMOKE · validación técnica,Rose,Where,3289,3973,-0.03080602,0.026899014,0.057705034
SMOKE · validación técnica,celery,easier,4111,5248,0.04876098,0.03926041,-0.009500571
SMOKE · validación técnica,rise,shoe,4831,3713,-0.031643286,-0.011640392,0.020002894
SMOKE · validación técnica,chase,forgiveness,3069,7871,-0.058890633,-0.035575718,0.023314916
SMOKE · validación técnica,broken,drinking,1497,5168,-0.018272657,-0.00015033782,0.01812232
SMOKE · validación técnica,We,gathered,777,2601,-0.072322085,-0.0416584,0.030663684
SMOKE · validación técnica,ignored,rough,4492,3087,-0.049486965,-0.053203337,-0.003716372
SMOKE · validación técnica,known,zoom,4606,2171,0.13631588,0.10700865,-0.029307231
SMOKE · validación técnica,scooter,shimmering,3954,8091,-0.032603126,-0.029406656,0.0031964704
SMOKE · validación técnica,going,wiggle,950,7004,-0.02231576,-0.08599457,-0.063678816
SMOKE · validación técnica,hosp,sweet,2620,1207,-0.15050124,-0.17144865,-0.020947412
SMOKE · validación técnica,cloth,jail,2407,5104,-0.055092465,-0.021286689,0.033805776
SMOKE · validación técnica,Lizzie,grassy,6406,6606,0.06253472,0.044032183,-0.018502537
SMOKE · validación técnica,Mike,pastels,3636,6076,0.026017342,0.039307028,0.013289686
SMOKE · validación técnica,hippo,surv,3898,7663,0.028043319,0.0092426725,-0.018800646
SMOKE · validación técnica,mouths,protecting,5392,6411,-0.11735648,-0.13435706,-0.017000586
SMOKE · validación técnica,darkness,moo,6231,7247,-0.008931881,0.020331977,0.029263858
SMOKE · validación técnica,Bet,policeman,4672,5915,-0.10811849,-0.106662035,0.0014564544
SMOKE · validación técnica,chewed,empty,5306,2430,-0.061135598,-0.07142596,-0.010290362
SMOKE · validación técnica,Buddy,ing,3964,3435,0.051971726,0.05148972,-0.00048200786
SMOKE · validación técnica,drawings,lad,4144,2302,-0.06691243,-0.07424296,-0.0073305294
SMOKE · validación técnica,Nina,cookie,6968,2335,0.053241156,0.028210592,-0.025030565
SMOKE · validación técnica,cir,ele,2042,1735,0.040752556,0.041171446,0.00041889027
SMOKE · validación técnica,leading,match,6371,2750,0.03302769,0.016657826,-0.016369864
SMOKE · validación técnica,cous,known,6663,4606,-0.024772864,-0.043486282,-0.018713418
SMOKE · validación técnica,glee,swing,6363,1425,-0.06880721,-0.066124484,0.002682723
SMOKE · validación técnica,behavi,trust,6585,2471,0.07693522,0.061759762,-0.015175454
SMOKE · validación técnica,Mama,famil,2100,5432,0.039015464,0.035812646,-0.0032028183
SMOKE · validación técnica,Betsy,built,5474,3267,-0.02708025,-0.014007866,0.0130723845
SMOKE · validación técnica,balanced,powerful,6378,2611,0.052819513,0.04248475,-0.010334764
SMOKE · validación técnica,learnt,rubbing,4050,5901,-0.020840134,0.011742573,0.032582708
SMOKE · validación técnica,contin,falling,1440,4314,-0.011862766,0.00013943762,0.012002204
SMOKE · validación técnica,roses,why,6666,1309,0.06445302,0.031006154,-0.033446867
SMOKE · validación técnica,display,torn,4313,3834,-0.0597179,-0.0431541,0.0165638
SMOKE · validación técnica,Susan,cra,6157,1350,0.11217715,0.14791796,0.035740808
SMOKE · validación técnica,rub,tree,3555,676,-0.05430612,-0.057824634,-0.0035185143
SMOKE · validación técnica,Wendy,scrubbed,7720,6510,-0.041597042,-0.041124314,0.00047272816
SMOKE · validación técnica,radishes,spun,6430,3000,0.049100876,0.05721301,0.008112133
SMOKE · validación técnica,My,respectful,3250,4108,0.008269731,-0.018566854,-0.026836585
SMOKE · validación técnica,floated,hum,5004,2408,-0.017423376,-0.022512682,-0.0050893053
SMOKE · validación técnica,glass,two,2719,904,0.07577975,0.12680711,0.051027358
SMOKE · validación técnica,Hoppy,falls,5503,3177,0.0050213058,0.024924267,0.019902961
SMOKE · validación técnica,creations,ordered,6826,5346,-0.039711215,-0.05237069,-0.012659475
SMOKE · validación técnica,Welcome,barely,8013,5656,-0.07325539,-0.08732419,-0.014068797
SMOKE · validación técnica,first,marshmallows,1187,7244,-0.06930061,-0.01915827,0.050142337
SMOKE · validación técnica,O,seat,2070,2267,0.08472201,0.041393276,-0.043328736
SMOKE · validación técnica,disappointed,thrilled,2521,5060,0.0008694697,-0.00888169,-0.00975116
SMOKE · validación técnica,alive,whispered,4200,3416,-0.044859733,-0.050154418,-0.0052946843
SMOKE · validación técnica,ca,spread,1949,2383,0.02766012,0.06497838,0.037318263
SMOKE · validación técnica,forever,toys,2000,684,0.10730572,0.16053943,0.053233713
SMOKE · validación técnica,orange,taxi,1968,4191,-0.057242263,-0.04924869,0.007993571
SMOKE · validación técnica,Ann,study,2612,3290,0.052005995,0.05029469,-0.0017113052
SMOKE · validación técnica,safer,welc,6208,1744,0.017957889,0.042286985,0.024329096
SMOKE · validación técnica,One,belts,505,7409,-0.0015075356,0.005633167,0.0071407026
SMOKE · validación técnica,cous,rem,6663,898,-0.0742969,-0.0702007,0.0040962026
SMOKE · validación técnica,Lee,blocking,4238,6755,-0.017312814,-0.02279643,-0.005483616
SMOKE · validación técnica,fav,wrink,1181,7174,-0.0592642,-0.059264265,-6.3329935e-08
SMOKE · validación técnica,glittering,space,8175,3232,0.065315254,0.050320767,-0.014994487
SMOKE · validación técnica,father,saving,2852,4794,-0.066645026,-0.07479023,-0.008145206
SMOKE · validación técnica,lifted,reunited,3116,7468,-0.037948776,-0.045239426,-0.00729065
SMOKE · validación técnica,Fighting,line,7986,2529,0.051060285,0.041674547,-0.0093857385
SMOKE · validación técnica,helper,peaches,4750,5905,0.09787465,0.098817565,0.0009429157
SMOKE · validación técnica,celebration,flav,6345,5277,0.023587268,0.03935165,0.015764382
SMOKE · validación técnica,Poppy,sugar,5591,2920,-0.026684592,-0.018303689,0.008380903
SMOKE · validación técnica,birdc,light,5145,1339,0.07139951,0.08150232,0.0101028085
SMOKE · validación técnica,le,refriger,492,5006,-0.005806651,-0.0031973682,0.0026092827
SMOKE · validación técnica,Elsie,lifts,7869,7369,0.14366479,0.14982058,0.006155789
SMOKE · validación técnica,thread,tighter,3886,7635,-0.034496058,-0.035288393,-0.0007923357
SMOKE · validación técnica,final,wishing,7230,6874,0.07661259,0.07382204,-0.0027905554
SMOKE · validación técnica,bead,hurricane,6184,5349,0.009646443,0.0048637083,-0.0047827344
SMOKE · validación técnica,bubbles,dir,2930,1456,-0.035778254,-0.0271242,0.008654054
SMOKE · validación técnica,friends,swe,477,3210,0.03308176,0.036035262,0.0029535033
SMOKE · validación técnica,customers,mush,8035,3811,-0.05676856,-0.050287724,0.0064808354
SMOKE · validación técnica,Rose,seek,3289,2683,-0.014642008,-0.01184799,0.002794018
SMOKE · validación técnica,True,wisdom,4760,5415,0.0069346502,0.0037908535,-0.0031437967
SMOKE · validación técnica,either,wag,4136,7294,-0.04947576,-0.026412997,0.023062762
SMOKE · validación técnica,Before,manag,5019,7206,0.07186533,0.045750502,-0.026114825
SMOKE · validación técnica,firemen,painting,5761,3076,-0.026093898,-0.019619178,0.0064747203
SMOKE · validación técnica,lollipops,trouble,6546,2169,-0.08664274,-0.04644528,0.04019746
SMOKE · validación técnica,alligator,turns,4362,1921,0.0127379745,0.0056368485,-0.007101126
SMOKE · validación técnica,Max,fabric,704,5794,-0.0367126,-0.042652477,-0.005939875
SMOKE · validación técnica,Pat,pancakes,3752,5598,0.03399116,0.036217093,0.0022259317
SMOKE · validación técnica,pra,welcome,4598,1895,0.030561343,0.017785622,-0.012775721
SMOKE · validación técnica,dinosaurs,nowhere,5341,3753,-0.0853695,-0.11819433,-0.03282483
SMOKE · validación técnica,dogs,printing,2872,6756,-0.019070305,-0.012627588,0.0064427173
SMOKE · validación técnica,loud,mall,867,5189,0.07612924,0.07976103,0.0036317855
SMOKE · validación técnica,cheap,sauce,3350,3329,0.10439966,0.11598501,0.011585355
SMOKE · validación técnica,smiled,symbol,506,3928,-0.033554964,-0.010349434,0.02320553
SMOKE · validación técnica,prick,taken,8027,2672,-0.009064128,0.0045900745,0.013654202
SMOKE · validación técnica,fur,superhero,1576,4623,0.01643035,0.039813817,0.023383467
SMOKE · validación técnica,blooming,lots,5993,855,0.0006572725,-0.066116326,-0.0667736
SMOKE · validación técnica,remembers,sense,5319,6534,0.061617464,0.04380476,-0.017812703
SMOKE · validación técnica,comple,struggled,5458,5480,-0.05689579,-0.056363866,0.000531923
SMOKE · validación técnica,amount,teles,7094,7523,0.032271765,0.034276176,0.002004411
SMOKE · validación técnica,bell,tools,2338,3167,-0.00911645,-0.0052512977,0.0038651526
SMOKE · validación técnica,accompl,wrinkled,5674,7876,0.06611166,0.06665994,0.0005482808
SMOKE · validación técnica,searching,swinging,3337,4079,0.028582174,0.04559545,0.017013274
SMOKE · validación técnica,shapes,yumm,2002,8087,-0.05130236,-0.046646874,0.004655484
SMOKE · validación técnica,In,satisfied,1392,5606,0.10773446,0.119030386,0.01129593
SMOKE · validación técnica,Their,peaceful,2567,2440,0.07324387,0.06537017,-0.007873699
SMOKE · validación técnica,Fo,dead,5134,3424,0.018293323,0.010823052,-0.0074702706
SMOKE · validación técnica,faded,set,7270,1369,0.11342318,0.08874166,-0.024681523
SMOKE · validación técnica,Bo,That,6519,1329,-0.017744198,-0.0144457035,0.003298495
SMOKE · validación técnica,far,offered,982,2941,0.08810871,0.09116669,0.003057979
SMOKE · validación técnica,grin,humming,4575,7931,-0.004521856,0.0053914245,0.009913281
SMOKE · validación técnica,beeh,joins,7900,7988,-0.008756423,-0.008756492,-6.891787e-08
SMOKE · validación técnica,Ralph,patience,7114,6177,-0.010113094,-0.01902041,-0.008907316
SMOKE · validación técnica,belly,flut,6382,2724,0.09694533,0.09666395,-0.00028137863
SMOKE · validación técnica,Christmas,creative,6278,2459,-0.060892515,-0.064800434,-0.003907919
SMOKE · validación técnica,buck,snakes,1814,6150,-0.054460753,-0.04917931,0.005281441
SMOKE · validación técnica,bloom,saf,2974,2186,0.049400225,0.025404591,-0.023995634
SMOKE · validación técnica,swamp,underneath,4698,5634,0.074975,0.029092368,-0.04588263
SMOKE · validación técnica,bitten,picnics,8150,8167,0.020655414,0.01450237,-0.0061530443
SMOKE · validación técnica,Sally,flas,1457,6899,0.03997815,0.021689255,-0.018288895
SMOKE · validación técnica,sad,shot,571,5014,-0.039535593,-0.06743832,-0.027902726
SMOKE · validación técnica,bar,parties,1753,6468,0.064664714,0.0795435,0.014878787
SMOKE · validación técnica,Looking,ambulance,8158,4479,-0.05729184,-0.03749246,0.019799378
SMOKE · validación técnica,gloves,shows,5623,2959,0.015258979,0.0151635,-9.547919e-05
SMOKE · validación técnica,diving,since,6500,4510,-0.055698507,-0.06992082,-0.014222316
SMOKE · validación técnica,lived,tasty,903,2143,-0.06546291,-0.041282617,0.024180293
SMOKE · validación técnica,hanging,recognized,4549,5292,0.07940691,0.08389537,0.0044884607
SMOKE · validación técnica,materi,worked,5709,1337,-0.05956485,-0.073513,-0.01394815
SMOKE · validación técnica,messy,rag,2575,4272,0.023793995,0.052748464,0.028954469
SMOKE · validación técnica,cl,reaching,489,6187,0.012055294,0.0301699,0.018114608
SMOKE · validación técnica,pl,tur,352,3801,0.05116138,0.058978386,0.007817008
SMOKE · validación técnica,marshmallows,universe,7244,5347,0.021749496,0.047042318,0.025292821
SMOKE · validación técnica,fool,loyal,3002,2947,0.059166946,0.048863478,-0.0103034675
SMOKE · validación técnica,bathe,punished,5085,5763,-0.034173135,-0.027928535,0.0062446
SMOKE · validación técnica,compassionate,resist,3735,3606,-0.0145300925,-0.019387662,-0.00485757
SMOKE · validación técnica,Lucky,arrived,5733,1454,0.03021315,0.04292281,0.01270966
SMOKE · validación técnica,anger,awoke,7627,7540,-0.04433404,-0.05774145,-0.013407409
SMOKE · validación técnica,Try,foxes,7622,7899,0.026484475,0.028597241,0.0021127667
SMOKE · validación técnica,angry,rained,949,5377,0.10362081,0.1388993,0.035278484
SMOKE · validación técnica,fool,rope,3002,2180,0.012956865,0.006379556,-0.006577309
SMOKE · validación técnica,joking,wa,6621,270,0.03470792,-0.0043378063,-0.039045725
SMOKE · validación técnica,hour,like,6818,518,-0.006857423,-0.009846214,-0.002988791
SMOKE · validación técnica,kayak,mighty,4278,2917,-0.11241228,-0.10063782,0.011774458
SMOKE · validación técnica,gross,moms,6977,3124,0.055779062,0.07034268,0.01456362
SMOKE · validación técnica,clean,waff,952,3847,0.010513503,-0.009398416,-0.019911919
SMOKE · validación técnica,A,sewing,458,7699,0.03958378,0.041099973,0.0015161932
SMOKE · validación técnica,ar,singer,468,5940,-0.0055747144,-0.009953108,-0.0043783933
SMOKE · validación técnica,fara,heavy,6169,1784,-0.053953025,-0.046567313,0.007385712
SMOKE · validación técnica,acc,gardens,1782,8019,0.06918726,0.057608068,-0.011579193
SMOKE · validación técnica,there,wine,397,4871,0.057110637,0.015557834,-0.041552804
SMOKE · validación técnica,beehive,curtain,8037,3929,0.043483384,0.053542867,0.010059483
SMOKE · validación técnica,forgot,road,1449,2161,-0.040324047,-0.060023546,-0.019699499
SMOKE · validación técnica,girl,hello,442,2067,0.05355995,0.0031338297,-0.05042612
SMOKE · validación técnica,Tr,masterp,4175,7488,-0.025235265,-0.01561651,0.009618755
SMOKE · validación técnica,Mum,suitc,2518,5668,-0.0208959,-0.027939307,-0.0070434064
SMOKE · validación técnica,castles,lines,4823,5607,0.1006404,0.12225008,0.021609679
SMOKE · validación técnica,Welcome,wealthy,8013,3276,-0.019988136,-0.008990526,0.01099761
SMOKE · validación técnica,ruin,teasing,5783,5851,0.03535303,0.05647774,0.02112471
SMOKE · validación técnica,officers,thermometer,7877,4780,0.046581093,0.045709662,-0.0008714311
SMOKE · validación técnica,Ellie,stream,3503,3094,0.099370524,0.09880056,-0.00056996197
SMOKE · validación técnica,anything,yield,1420,4563,0.057112724,0.043282554,-0.01383017
SMOKE · validación técnica,Lilly,we,4386,367,-0.00900994,0.025266733,0.03427667
SMOKE · validación técnica,pleaded,supported,7733,7863,0.1015334,0.102806486,0.0012730882
SMOKE · validación técnica,stu,v,2016,632,-0.027091466,-0.0114477575,0.015643708
SMOKE · validación técnica,gentle,top,1859,1304,0.040388856,0.058878217,0.01848936
SMOKE · validación técnica,die,tumm,7125,8188,-0.053788412,-0.070114605,-0.016326193
SMOKE · validación técnica,argued,wings,5514,1854,-0.042280458,-0.031314813,0.010965645
SMOKE · validación técnica,cheek,pebble,4493,3738,0.02838935,0.04154967,0.013160322
SMOKE · validación técnica,red,stay,938,888,0.009391602,0.06542199,0.05603039
SMOKE · validación técnica,They,loc,322,8093,0.03296566,0.046869036,0.013903376
SMOKE · validación técnica,ent,leash,2160,3914,-0.055567645,-0.0722343,-0.016666658
SMOKE · validación técnica,easily,pretti,4732,5626,0.097462624,0.10001736,0.002554737
SMOKE · validación técnica,curious,tape,1170,2921,-0.06158712,0.017648607,0.07923573
SMOKE · validación técnica,stepped,writing,1758,4551,0.08274534,0.082261324,-0.00048401952
SMOKE · validación técnica,broke,heav,1767,6171,-0.013954679,-0.043658808,-0.02970413
SMOKE · validación técnica,Adam,curiously,6026,7115,-0.073315956,-0.06785386,0.005462095
SMOKE · validación técnica,dads,sniffed,7169,4559,0.006861098,0.014152452,0.0072913542
SMOKE · validación técnica,Rob,bare,6095,5461,0.07984628,0.07800435,-0.0018419251
SMOKE · validación técnica,Happy,drift,6535,5597,-0.024227634,-0.036480665,-0.012253031
SMOKE · validación técnica,beginning,comb,6423,3683,0.09635708,0.08296493,-0.01339215
SMOKE · validación técnica,sl,surpr,720,930,0.062255748,0.048693527,-0.013562221
SMOKE · validación técnica,awoke,teacher,7540,1838,0.08902475,0.09865202,0.009627268
SMOKE · validación técnica,embarrassed,playground,2424,2758,-0.025297191,-0.008769123,0.016528068
SMOKE · validación técnica,third,thu,6650,3209,0.11532334,0.10764426,-0.0076790825
SMOKE · validación técnica,diffic,neighbour,2996,3976,-0.0033118688,0.009276122,0.012587991
SMOKE · validación técnica,Sally,praised,1457,4880,0.009327239,-0.015221207,-0.024548447
SMOKE · validación técnica,art,duck,4029,1307,0.05781564,0.037289195,-0.020526446
SMOKE · validación técnica,bath,touch,1813,1331,0.031654134,0.010866839,-0.020787295
SMOKE · validación técnica,had,settle,359,5427,-0.08898624,-0.04951161,0.03947463
SMOKE · validación técnica,envelope,struggled,3462,5480,0.11638512,0.12068114,0.0042960197
SMOKE · validación técnica,swamp,uncle,4698,3582,0.06624563,0.07313071,0.0068850815
SMOKE · validación técnica,basement,touching,7003,5869,0.070516676,0.07738221,0.006865531
SMOKE · validación técnica,Cat,juicy,5523,2845,0.049940325,0.037591502,-0.012348823
SMOKE · validación técnica,family,fool,910,3002,0.028007066,0.052160323,0.024153257
SMOKE · validación técnica,Sm,ventured,3779,6070,-0.11164984,-0.11709495,-0.005445108
SMOKE · validación técnica,dri,regular,1382,3454,-0.052409764,-0.016453993,0.03595577
SMOKE · validación técnica,ga,thunder,4955,3432,0.056850255,0.04480745,-0.012042806
SMOKE · validación técnica,promises,sewing,7000,7699,0.0012350045,0.0059836674,0.004748663
SMOKE · validación técnica,ball,sour,683,2494,-0.007410623,0.025849376,0.03326
SMOKE · validación técnica,lights,robot,3313,2415,0.032622173,0.059887905,0.027265731
SMOKE · validación técnica,rescue,true,4142,2720,0.105743855,0.117708124,0.011964269
SMOKE · validación técnica,de,rot,1092,4332,0.035701957,0.045137685,0.009435728
SMOKE · validación técnica,Friend,begin,6595,5558,-0.062020123,-0.050408356,0.011611767
SMOKE · validación técnica,kites,tail,6749,1609,-0.04760169,-0.04745232,0.00014936924
SMOKE · validación técnica,message,steady,3968,7281,-0.05942785,-0.06948749,-0.01005964
SMOKE · validación técnica,beamed,warm,4889,1148,-0.057001736,-0.029369988,0.027631748
SMOKE · validación técnica,embarra,gobbled,2329,6665,-0.10670327,-0.1096536,-0.002950333
SMOKE · validación técnica,dr,noon,1239,6651,-0.03903865,-0.032226276,0.006812375
SMOKE · validación técnica,equipment,valued,5233,6253,0.09890379,0.07213739,-0.026766397
SMOKE · validación técnica,drives,peel,6096,5546,0.027857846,0.02738598,-0.00047186576
SMOKE · validación técnica,Jake,prom,2468,1315,0.036292866,0.030831262,-0.0054616034
SMOKE · validación técnica,having,tiger,1243,2918,0.011764571,-0.021004383,-0.032768954
SMOKE · validación técnica,bleed,otters,5088,7484,0.01401655,0.014016582,3.1664968e-08
SMOKE · validación técnica,quiz,seas,4784,4511,0.019663092,-0.003712661,-0.023375753
SMOKE · validación técnica,file,trouble,4676,2169,0.048088912,0.064741224,0.016652312
SMOKE · validación técnica,Remember,stro,6904,4658,-0.061419833,-0.053953014,0.007466819
SMOKE · validación técnica,mention,neighbors,5071,5610,0.14171977,0.13978145,-0.0019383281
SMOKE · validación técnica,courage,then,3688,586,-0.047320742,-0.012332594,0.03498815
SMOKE · validación técnica,doctor,duck,1796,1307,0.03841112,0.07806246,0.039651338
SMOKE · validación técnica,roar,work,2871,1091,0.010731426,-0.0006363373,-0.011367763
SMOKE · validación técnica,cloud,refle,1646,6598,-0.0072463504,0.007409444,0.014655795
SMOKE · validación técnica,explo,warm,7069,1148,-0.009172577,-0.029798666,-0.020626089
SMOKE · validación técnica,small,wonders,788,5751,0.015588657,-0.0068914983,-0.022480156
SMOKE · validación técnica,Pe,knowing,3855,2519,-0.020535275,-0.04110225,-0.020566974
SMOKE · validación técnica,escape,plate,3150,2475,0.05732174,0.06744024,0.010118503
SMOKE · validación técnica,exercise,heart,4919,1817,-0.10342193,-0.032539267,0.07088266
SMOKE · validación técnica,ran,wobble,555,7438,0.0521388,0.047869287,-0.0042695142
SMOKE · validación técnica,marble,tough,3240,3022,0.000105820596,0.0075674728,0.007461652
SMOKE · validación técnica,beehive,tell,8037,1168,0.042475373,0.015668824,-0.026806548
SMOKE · validación técnica,improve,lawn,4584,4518,-0.16268516,-0.15397419,0.0087109655
SMOKE · validación técnica,Sh,melon,4008,3720,0.08594851,0.08847527,0.00252676
SMOKE · validación técnica,intelligent,toys,3701,684,0.0345938,0.049910806,0.015317008
SMOKE · validación técnica,remembered,tasting,1359,7991,-0.07050702,-0.048110873,0.022396147
SMOKE · validación técnica,Fro,bed,5431,1015,-0.06766318,-0.061662983,0.0060001947
SMOKE · validación técnica,ar,perfectly,468,4255,0.14876106,0.10164748,-0.047113582
SMOKE · validación técnica,exciting,fireworks,2040,5238,-0.0633547,-0.067021325,-0.0036666244
SMOKE · validación técnica,help,tag,482,2902,-0.03487946,-0.031613193,0.0032662675
SMOKE · validación técnica,cap,sorted,2846,5938,0.038076058,0.025804631,-0.012271427
SMOKE · validación técnica,The,crack,299,2826,-0.06295135,-0.06058608,0.0023652688
SMOKE · validación técnica,beep,shared,3917,1663,-0.1030301,-0.14684296,-0.043812856
SMOKE · validación técnica,happening,saying,2910,3127,0.015865866,-0.015074767,-0.030940633
SMOKE · validación técnica,sink,ta,3546,691,-0.021549579,-0.02390413,-0.002354551
SMOKE · validación técnica,list,paint,887,1732,0.022465907,0.047084484,0.024618577
SMOKE · validación técnica,Joanne,froze,8142,6569,-0.029788896,-0.020431053,0.009357844
SMOKE · validación técnica,Paula,miserable,8127,3826,0.007913768,0.006122371,-0.0017913971
SMOKE · validación técnica,gigg,style,2094,5375,-0.014703954,-0.032136492,-0.017432539
SMOKE · validación técnica,teeth,towels,2409,6159,0.028438486,0.017975323,-0.010463163
SMOKE · validación técnica,In,winked,1392,6410,-0.030073646,-0.0013231374,0.028750509
SMOKE · validación técnica,opens,second,3678,3975,0.025606018,0.0028582327,-0.022747785
SMOKE · validación técnica,lived,loudly,903,3020,-0.029350005,-0.036730047,-0.007380042
SMOKE · validación técnica,Beth,collecting,5632,5086,0.02401017,0.009873768,-0.014136402
SMOKE · validación técnica,investigate,points,4586,4608,0.021407643,-0.01298566,-0.034393303
SMOKE · validación técnica,fur,parade,1576,3902,-0.032442044,-0.015042318,0.017399726
SMOKE · validación técnica,boring,piano,2735,3718,-0.0144042,0.022037163,0.036441363
SMOKE · validación técnica,enter,slow,4878,1374,-0.07178533,-0.075620845,-0.0038355142
SMOKE · validación técnica,mine,ones,2045,2805,0.09757275,0.12076928,0.023196526
SMOKE · validación técnica,banana,veil,2924,4674,-0.008047238,-0.011277895,-0.0032306574
SMOKE · validación técnica,manag,six,7206,5519,-0.069107786,-0.068593696,0.00051409006
SMOKE · validación técnica,cryst,seesaw,3850,6176,0.051906295,0.03617326,-0.015733033
SMOKE · validación técnica,flames,under,6319,896,0.084004015,0.080031335,-0.0039726794
SMOKE · validación técnica,Wendy,band,7720,2095,0.08015522,0.09227948,0.012124255
SMOKE · validación técnica,giggled,its,2757,914,-0.15822238,-0.121774614,0.036447763
SMOKE · validación técnica,fear,project,2533,5941,-0.09462004,-0.08767126,0.006948784
SMOKE · validación técnica,fart,heat,5907,5339,-0.009179907,-0.009972912,-0.00079300534
SMOKE · validación técnica,proudly,purp,3139,1988,-0.0044641886,-0.0010353327,0.003428856
SMOKE · validación técnica,Amelia,Spike,6719,4968,0.038961172,0.046528313,0.007567141
SMOKE · validación técnica,backed,scar,6505,2561,0.115230694,0.11618817,0.0009574741
SMOKE · validación técnica,bite,pots,1809,6308,-0.014037175,-0.031460363,-0.017423188
SMOKE · validación técnica,librarian,seemed,6061,1926,-0.0099010905,-0.07086332,-0.06096223
SMOKE · validación técnica,scaring,soaked,6583,5867,-0.0038405675,-0.012491113,-0.008650545
SMOKE · validación técnica,fan,like,2082,518,0.06164534,0.03219173,-0.02945361
SMOKE · validación técnica,pond,shoulder,1296,4379,0.0036729462,0.056826547,0.0531536
SMOKE · validación técnica,Zoom,purpose,6211,8026,-0.051865913,-0.051822945,4.29675e-05
SMOKE · validación técnica,funny,good,1308,597,0.001472462,0.100227274,0.09875481
SMOKE · validación técnica,fur,ruined,1576,2833,0.091010794,0.12296129,0.031950496
SMOKE · validación técnica,gather,gorilla,2124,3995,-0.037314747,-0.04716468,-0.009849932
SMOKE · validación técnica,Squeaky,ro,7539,522,-0.071987495,-0.07221277,-0.00022527575
SMOKE · validación técnica,dra,nuts,978,3749,-0.08019917,-0.07850403,0.0016951337
SMOKE · validación técnica,hang,leaving,2746,3429,0.05137469,0.047556408,-0.003818281
SMOKE · validación técnica,gets,he,2817,279,-0.12875357,-0.16492411,-0.036170542
SMOKE · validación técnica,and,learnt,265,4050,-0.026880305,-0.035961688,-0.009081382
SMOKE · validación técnica,squealed,toolbox,6213,7902,-0.08910835,-0.10606837,-0.016960025
SMOKE · validación técnica,ble,punish,4517,5100,-0.0999531,-0.10479972,-0.0048466176
SMOKE · validación técnica,boss,crabs,2820,6210,-0.0432518,-0.026505146,0.016746655
SMOKE · validación técnica,Green,Lou,6967,6173,-0.08280622,-0.07841256,0.0043936595
SMOKE · validación técnica,explain,growing,3883,3482,-0.009557333,0.010566333,0.020123666
SMOKE · validación técnica,Le,accom,2548,5616,0.02892553,0.011248007,-0.017677523
SMOKE · validación técnica,Al,Laura,2413,7592,-0.04701999,-0.02022787,0.026792118
SMOKE · validación técnica,com,hopes,778,4601,0.050505385,0.04922778,-0.0012776032
SMOKE · validación técnica,shore,vegg,2558,7601,0.08261759,0.063646935,-0.018970653
SMOKE · validación técnica,climbed,sausages,1567,6068,-0.048816837,-0.01968985,0.029126987
SMOKE · validación técnica,en,vet,739,4383,-0.0134577155,-0.012234006,0.0012237094
SMOKE · validación técnica,chalk,different,4201,1147,-8.354103e-05,0.032685176,0.032768715
SMOKE · validación técnica,spoonful,sunf,6829,3336,0.12020029,0.12660003,0.006399736
SMOKE · validación técnica,avocado,rainbow,4453,1986,0.06919107,0.08453155,0.015340485
SMOKE · validación técnica,shouldn,worker,4325,6286,-0.03201565,0.012527952,0.0445436
SMOKE · validación técnica,airplane,breeze,4966,4448,0.079993,0.118016645,0.038023643
SMOKE · validación técnica,heartbroken,visitor,7602,7768,0.056151398,0.048418477,-0.0077329203
SMOKE · validación técnica,gre,serve,769,4825,-0.01280323,-0.023836289,-0.011033058
SMOKE · validación técnica,Do,inf,1318,4523,-0.048817262,-0.0139612965,0.034855966
SMOKE · validación técnica,Mel,its,6536,914,-0.062119603,-0.04141074,0.020708863
SMOKE · validación técnica,rin,stomach,7791,5093,-0.028622985,-0.0140485605,0.014574424
SMOKE · validación técnica,beauty,track,3601,3163,-0.009514432,0.052747153,0.062261585
SMOKE · validación técnica,ret,twisted,2047,5151,0.07469934,0.07719125,0.0024919063
SMOKE · validación técnica,jars,ropes,7957,6841,-0.063571155,-0.061404377,0.0021667778
SMOKE · validación técnica,air,custom,1413,6764,0.058580738,0.06648722,0.007906485
SMOKE · validación técnica,cookies,steer,1585,6507,-0.095970176,-0.10695098,-0.010980807
SMOKE · validación técnica,Holly,grocer,7454,4361,-0.03473057,-0.044221543,-0.009490974
SMOKE · validación técnica,Uncle,twinkle,5683,6377,-0.07044983,-0.057216607,0.013233222
SMOKE · validación técnica,O,six,2070,5519,-0.06699249,-0.06369899,0.0032934994
SMOKE · validación técnica,Aunt,ghost,6445,3680,0.013288574,-0.0051662056,-0.018454779
SMOKE · validación técnica,pointy,quieter,6758,7746,-0.013825387,0.0318155,0.045640886
SMOKE · validación técnica,mud,trapped,2270,5457,0.080339536,0.06117327,-0.019166265
SMOKE · validación técnica,m,quarrel,281,4351,-0.073663026,-0.037063703,0.036599323
SMOKE · validación técnica,fant,hugged,7332,780,0.07768457,0.047946684,-0.029737882
SMOKE · validación técnica,candles,throwing,4959,4593,0.05955756,0.06158016,0.002022598
SMOKE · validación técnica,d,giving,278,3001,-0.027019292,0.045181476,0.07220077
SMOKE · validación técnica,She,paint,313,1732,-0.08356605,-0.12528464,-0.041718595
SMOKE · validación técnica,purpose,thud,8026,7214,0.0026688874,-0.0053855255,-0.008054413
SMOKE · validación técnica,fence,fishing,1871,4350,-2.592057e-05,0.012476075,0.012501996
SMOKE · validación técnica,ant,petted,2400,5425,-0.0016143993,-0.021967301,-0.020352902
SMOKE · validación técnica,broken,cane,1497,4353,0.006066762,0.021866381,0.01579962
SMOKE · validación técnica,annoyed,dressed,7780,4465,-0.02249312,0.020116752,0.04260987
SMOKE · validación técnica,colored,genie,6428,6950,-0.10727051,-0.09853838,0.008732133
SMOKE · validación técnica,cupboard,tidied,3722,7443,0.06378552,0.07026319,0.006477669
SMOKE · validación técnica,chew,evil,2739,7511,0.026142087,0.024695741,-0.0014463458
SMOKE · validación técnica,sew,spade,5097,4815,0.11231275,0.09529234,-0.017020412
SMOKE · validación técnica,area,backyard,5537,1911,0.00062381104,0.014458697,0.013834886
SMOKE · validación técnica,Freddy,line,5025,2529,0.15722775,0.13163632,-0.025591433
SMOKE · validación técnica,eag,truly,2253,5964,0.06783496,0.0645865,-0.0032484606
SMOKE · validación técnica,blackboard,come,4751,880,-0.0075033326,-0.01438918,-0.006885847
SMOKE · validación técnica,beeh,pumpkins,7900,6909,0.09506058,0.07931548,-0.015745096
SMOKE · validación técnica,boss,circles,2820,3054,0.038060226,0.043227125,0.0051668994
SMOKE · validación técnica,bes,nights,5294,8101,0.03558612,0.051822398,0.01623628
SMOKE · validación técnica,changes,tearing,8095,8159,-0.045228384,-0.054698095,-0.00946971
SMOKE · validación técnica,Luckily,achieve,6392,5995,0.11510287,0.091420434,-0.023682438
SMOKE · validación técnica,by,tricycle,857,7597,-0.042872585,0.021790229,0.064662814
SMOKE · validación técnica,jour,opport,1869,7915,0.09213787,0.07813159,-0.014006287
SMOKE · validación técnica,Later,grocery,5203,5211,-0.110353895,-0.054211795,0.0561421
SMOKE · validación técnica,clapped,thorns,1829,8141,0.050548363,0.07339579,0.022847425
SMOKE · validación técnica,scre,sweaty,2543,8031,-0.017569674,-0.018531386,-0.00096171163
SMOKE · validación técnica,Henry,sending,4896,7305,-0.07622209,-0.06706853,0.00915356
SMOKE · validación técnica,bleeding,magnet,5622,3699,-0.11486247,-0.10403886,0.010823615
SMOKE · validación técnica,You,modest,570,4005,-0.06421715,-0.053992182,0.010224968
SMOKE · validación técnica,raising,staring,8020,6064,-0.08821592,-0.058042824,0.030173093
SMOKE · validación técnica,bushes,neighbors,3199,5610,-0.04741622,-0.026596442,0.02081978
SMOKE · validación técnica,risk,searching,6340,3337,-0.078973874,-0.046354536,0.03261934
SMOKE · validación técnica,Maria,inse,4256,4352,-0.030562237,-0.034403816,-0.003841579
SMOKE · validación técnica,hear,mer,1453,6959,-0.010727942,0.0007078587,0.011435801
SMOKE · validación técnica,clapping,need,3900,785,0.0630694,0.063605875,0.0005364716
SMOKE · validación técnica,cloth,spicy,2407,2486,-0.068023294,-0.058196355,0.00982694
SMOKE · validación técnica,petals,thankful,4337,2565,0.15604427,0.12772356,-0.028320715
SMOKE · validación técnica,Lila,beard,1538,5837,-0.081456006,-0.058218427,0.023237579
SMOKE · validación técnica,caterpill,dot,2659,7712,0.025552534,0.024306318,-0.0012462158
SMOKE · validación técnica,above,din,3153,1362,0.038844116,0.05564216,0.016798045
SMOKE · validación técnica,removed,settled,6220,4827,-0.009870186,-0.0100099,-0.00013971329
SMOKE · validación técnica,intelligent,pie,3701,1625,0.02070635,0.042925715,0.022219365
SMOKE · validación técnica,bread,pastels,2163,6076,-0.015876759,-0.014840992,0.0010357667
SMOKE · validación técnica,Emma,race,1916,1694,-0.054608684,-0.04156581,0.013042875
SMOKE · validación técnica,dollhouse,pours,6945,7383,-0.09676528,-0.11547435,-0.018709071
SMOKE · validación técnica,thing,tur,1278,3801,-0.045714267,-0.034205772,0.011508495
SMOKE · validación técnica,drinks,veil,5426,4674,0.11964578,0.12413208,0.0044863
SMOKE · validación técnica,Ginger,symbols,8056,7161,-0.020599704,-0.020932911,-0.00033320673
SMOKE · validación técnica,Together,model,2584,5049,0.0030083265,0.010087738,0.0070794113
SMOKE · validación técnica,prettier,squished,6980,7962,-0.059591953,-0.045075893,0.014516059
SMOKE · validación técnica,des,sna,1960,2619,0.104318164,0.11075703,0.0064388663
SMOKE · validación técnica,stall,struc,8048,4988,-0.04010897,-0.040130954,-2.1982938e-05
SMOKE · validación técnica,taller,tast,4957,1297,0.016086884,-0.000712072,-0.016798956
SMOKE · validación técnica,pump,wouldn,2991,1771,0.05674298,-0.004044326,-0.060787305
SMOKE · validación técnica,curiously,doors,7115,4570,0.1549347,0.14968833,-0.005246371
SMOKE · validación técnica,cra,electric,1350,7963,-0.09646346,-0.08013041,0.016333044
SMOKE · validación técnica,artwork,happen,7578,1868,-0.061043955,-0.061584454,-0.00054049864
SMOKE · validación técnica,Spring,recipe,8163,6949,-0.029079445,-0.029079491,-4.656613e-08
SMOKE · validación técnica,colorful,inside,1707,735,0.09597331,0.091213785,-0.0047595277
SMOKE · validación técnica,Sharing,grocer,5619,4361,-0.082838126,-0.09257064,-0.009732515
SMOKE · validación técnica,ache,miss,7092,1981,0.06770771,0.07715212,0.009444408
SMOKE · validación técnica,fox,meowed,1648,5156,-0.063690156,-0.0795507,-0.015860543
SMOKE · validación técnica,dragons,supply,5927,4737,0.044941902,0.041042402,-0.0038994998
SMOKE · validación técnica,mush,squealed,3811,6213,0.05648503,0.038881253,-0.017603777
SMOKE · validación técnica,beans,closer,4888,1143,-0.02197522,-0.028944347,-0.006969128
SMOKE · validación técnica,Eventually,purr,3805,7638,-0.0760237,-0.06095409,0.015069608
SMOKE · validación técnica,scooter,sing,3954,1228,0.032694615,0.05814032,0.025445703
SMOKE · validación técnica,tweet,uniform,7987,4781,0.083947726,0.06243573,-0.021511994
SMOKE · validación técnica,meant,shield,2496,3626,0.06175831,0.058325246,-0.0034330636
SMOKE · validación técnica,managed,wal,2971,602,-0.049216766,-0.06399551,-0.014778744
SMOKE · validación técnica,bars,now,6426,962,-0.07050947,-0.049652707,0.020856764
SMOKE · validación técnica,Ch,lock,2426,2798,-0.047631588,-0.046841145,0.0007904433
SMOKE · validación técnica,ago,yelling,5732,5689,0.018392578,-0.005789507,-0.024182085
SMOKE · validación técnica,Momo,twirl,6228,2602,0.07906725,0.08910896,0.010041706
SMOKE · validación técnica,playful,spoonful,3381,6829,0.07863575,0.08886649,0.010230735
SMOKE · validación técnica,check,winding,2912,7989,0.081153415,0.097851485,0.01669807
SMOKE · validación técnica,cann,glass,2422,2719,0.029095735,-0.0015923083,-0.030688044
SMOKE · validación técnica,handing,marshmallow,7763,7080,0.045676436,0.040599085,-0.005077351
SMOKE · validación técnica,Someone,mic,5470,2773,0.022180388,0.020533044,-0.0016473439
SMOKE · validación técnica,enjoying,important,2972,1096,0.009633055,-0.022416748,-0.032049805
SMOKE · validación técnica,pit,stone,4617,2465,0.03813228,0.058067035,0.019934755
SMOKE · validación técnica,cow,meadow,2007,2462,-0.010452947,-0.0008367002,0.009616246
SMOKE · validación técnica,curtain,horns,3929,5916,0.013037637,-0.0054516047,-0.018489242
SMOKE · validación técnica,creativity,teacher,6905,1838,0.04891416,0.062032226,0.013118066
SMOKE · validación técnica,mighty,younger,2917,6518,-0.009531284,-0.03362751,-0.024096226
SMOKE · validación técnica,qu,robots,740,7903,0.013051929,0.015734559,0.00268263
SMOKE · validación técnica,relaxed,spir,4506,4035,0.070236824,0.08378898,0.013552159
SMOKE · validación técnica,children,unlock,1439,4145,0.067127705,0.0683161,0.0011883974
SMOKE · validación técnica,brighter,tent,3648,2715,-0.063613854,-0.06658907,-0.002975218
SMOKE · validación técnica,eas,shrimp,2127,4087,-0.12157142,-0.12516397,-0.0035925508
SMOKE · validación técnica,none,shrimp,5035,4087,0.054492928,0.041084725,-0.013408203
SMOKE · validación técnica,animal,feather,807,2242,0.029653374,0.055298753,0.025645379
SMOKE · validación técnica,Your,clearing,3552,5282,0.02713447,0.03710021,0.00996574
SMOKE · validación técnica,magical,trusted,1692,4763,0.027487533,0.020181648,-0.0073058847
SMOKE · validación técnica,powder,shivering,4338,5944,-0.039677724,-0.017218191,0.022459533
SMOKE · validación técnica,Bye,batteries,6248,7119,0.04591857,0.034775972,-0.011142597
SMOKE · validación técnica,heartbroken,rescued,7602,6125,0.015918918,-0.00050900877,-0.016427927
SMOKE · validación técnica,backpack,met,3875,1564,-0.055530533,-0.04926409,0.006266445
SMOKE · validación técnica,liked,steering,619,7995,0.08407083,0.11617407,0.03210324
SMOKE · validación técnica,among,newspap,6716,5129,0.0041034184,-0.005357541,-0.00946096
SMOKE · validación técnica,knight,prints,2685,5971,-0.0042877756,-0.016380597,-0.012092821
SMOKE · validación técnica,leads,mon,7483,1220,0.0017654095,0.020159403,0.018393993
SMOKE · validación técnica,heard,touched,754,2065,0.005333742,0.0699488,0.064615056
SMOKE · validación técnica,ar,shrugged,468,4675,0.08868007,0.033915255,-0.05476482
SMOKE · validación técnica,sadder,than,8181,634,0.1193431,0.15840068,0.039057583
SMOKE · validación técnica,careful,they,853,362,0.08072254,0.028140392,-0.05258215
SMOKE · validación técnica,See,appreciate,4588,5065,-0.05074954,-0.0255926,0.02515694
SMOKE · validación técnica,Bob,miner,1132,4659,-0.051581524,-0.041681904,0.00989962
SMOKE · validación técnica,bone,pants,2698,3651,-0.07948303,-0.034168974,0.04531406
SMOKE · validación técnica,bones,safe,5520,895,0.0021130834,-0.010069113,-0.012182197
SMOKE · validación técnica,emb,intere,2284,2077,-0.08323995,-0.08275698,0.000482969
SMOKE · validación técnica,lent,stole,7563,5772,-0.0407352,-0.06094683,-0.02021163
SMOKE · validación técnica,interested,sharks,6277,7933,-0.16339189,-0.15961815,0.003773734
SMOKE · validación técnica,saved,wag,2708,7294,-0.0014100857,-0.01388929,-0.012479205
SMOKE · validación técnica,Farmer,belts,6667,7409,-0.037277635,-0.034163184,0.0031144507
SMOKE · validación técnica,pie,unlock,1625,4145,0.15169668,0.0854405,-0.06625618
SMOKE · validación técnica,Julie,structure,5694,4991,0.011007354,0.020879183,0.009871829
SMOKE · validación técnica,draw,witch,1263,3537,0.06925228,0.07694143,0.007689148
SMOKE · validación técnica,spend,tighter,2679,7635,0.026039828,0.008909753,-0.017130075
SMOKE · validación técnica,fam,shrunk,865,7772,0.031986736,0.031576943,-0.0004097931
SMOKE · validación técnica,include,slammed,6153,7328,0.16507567,0.15659578,-0.008479893
SMOKE · validación técnica,coug,roll,7790,1569,0.0075334525,0.009040341,0.0015068883
SMOKE · validación técnica,sale,smiled,6992,506,0.0028531328,-0.028442979,-0.03129611
SMOKE · validación técnica,forests,washing,7480,4981,0.022143494,0.023880148,0.001736654
SMOKE · validación técnica,available,beautiful,3934,870,-0.060935285,-0.046014294,0.014920991
SMOKE · validación técnica,neare,restless,7085,3760,-0.086657204,-0.07903281,0.007624395
SMOKE · validación técnica,Mary,twinkle,1931,6377,-0.036090158,0.019196298,0.055286456
SMOKE · validación técnica,knock,spring,3619,3638,0.053715155,0.062406864,0.0086917095
SMOKE · validación técnica,invitation,pants,5258,3651,0.08130209,0.073397376,-0.007904716
SMOKE · validación técnica,conn,somewhere,6522,3983,-0.04353821,-0.041570824,0.0019673854
SMOKE · validación técnica,custom,fest,6764,4994,-0.009335842,-0.0019366443,0.0073991977
SMOKE · validación técnica,Sharing,slower,5619,6947,-0.13308533,-0.12325081,0.009834513
SMOKE · validación técnica,Despite,pennies,8016,7442,-0.03497481,-0.026644558,0.008330252
SMOKE · validación técnica,dishwasher,sights,4539,5717,-0.122614995,-0.1394059,-0.016790912
SMOKE · validación técnica,N,zipping,1141,6849,0.0057562366,0.038385965,0.03262973
SMOKE · validación técnica,arms,needles,2009,6738,0.106663994,0.09867841,-0.007985584
SMOKE · validación técnica,draw,trap,1263,3420,0.0064331777,0.012791362,0.006358184
SMOKE · validación técnica,By,performing,6112,7240,-0.052219324,-0.07770927,-0.025489949
SMOKE · validación técnica,sill,yelped,7621,7785,-0.06272523,-0.07834794,-0.015622713
SMOKE · validación técnica,glass,windowsill,2719,8135,-0.17309341,-0.17115843,0.0019349754
SMOKE · validación técnica,laundry,though,4251,1958,0.064343296,0.03737517,-0.026968125
SMOKE · validación técnica,Did,curled,5849,5208,-0.059309058,-0.031233374,0.028075684
SMOKE · validación técnica,promise,west,2123,5816,-0.015471835,-0.01399244,0.0014793947
SMOKE · validación técnica,accomplishment,fing,6972,2108,0.029831383,0.03418016,0.0043487772
SMOKE · validación técnica,Frank,discussed,5729,6600,0.020874199,0.021804078,0.000929879
SMOKE · validación técnica,at,tentacles,452,8028,-0.03923915,-0.03208837,0.0071507804
SMOKE · validación técnica,cle,sew,833,5097,-0.054127656,-0.050015148,0.004112508
SMOKE · validación técnica,investigate,sees,4586,1252,0.14077485,0.12211021,-0.018664636
SMOKE · validación técnica,months,thr,7363,1008,-0.14177656,-0.14369692,-0.0019203573
SMOKE · validación técnica,on,tape,346,2921,0.023684192,-0.04142201,-0.0651062
SMOKE · validación técnica,Doggy,valley,6757,4948,0.0618563,0.04183971,-0.020016588
SMOKE · validación técnica,cl,copy,489,6761,0.041079253,0.053825855,0.012746602
SMOKE · validación técnica,pastries,tricks,6047,4153,-0.1301327,-0.1151651,0.0149676055
SMOKE · validación técnica,dress,stacked,1130,7376,-0.05694993,-0.05928526,-0.0023353323
SMOKE · validación técnica,pointy,seems,6758,6189,0.024169216,0.023897767,-0.00027144887
SMOKE · validación técnica,leaves,spike,1499,6072,0.075451046,0.0655056,-0.009945445
SMOKE · validación técnica,split,winning,3727,5703,0.040182345,0.032994837,-0.007187508
SMOKE · validación técnica,gir,lose,3770,2863,-0.051940314,-0.022504596,0.029435718
SMOKE · validación técnica,language,wre,4462,5302,0.029983483,0.027923536,-0.0020599477
SMOKE · validación técnica,intelligent,mall,3701,5189,0.04660814,0.0483615,0.00175336
SMOKE · validación técnica,bedtime,cars,6429,1346,0.024628831,0.036861137,0.0122323055
SMOKE · validación técnica,flap,struck,5491,5590,0.055016108,0.061175887,0.0061597787
SMOKE · validación técnica,fascinated,flexible,5532,3576,0.018544715,0.004744947,-0.013799768
SMOKE · validación técnica,swooped,tomatoes,6284,5353,0.07187352,0.06375145,-0.008122072
SMOKE · validación técnica,create,tracks,3566,5318,-0.13042662,-0.16605031,-0.0356237
SMOKE · validación técnica,bin,windowsill,3999,8135,0.028228275,0.017653625,-0.01057465
SMOKE · validación técnica,laughed,machines,854,5955,-0.07521829,-0.042987283,0.032231007
SMOKE · validación técnica,crawl,driving,2754,3514,-0.05585564,-0.0543212,0.0015344396
SMOKE · validación técnica,gain,weren,5190,5373,0.027207501,0.043744065,0.016536564
SMOKE · validación técnica,fre,turning,3179,5305,0.014426356,0.02288174,0.0084553845
SMOKE · validación técnica,marry,number,4235,2709,0.011408622,0.01856001,0.0071513867
SMOKE · validación técnica,Jen,Under,1610,7400,-0.021559456,-0.028674595,-0.0071151387
SMOKE · validación técnica,igloo,neighbors,4654,5610,0.0057014953,0.003196409,-0.0025050864
SMOKE · validación técnica,hid,voice,1447,1151,0.0021911738,-0.0184644,-0.020655572
SMOKE · validación técnica,cast,reaches,1451,4783,0.06627446,0.051530108,-0.014744349
SMOKE · validación técnica,cal,pigeons,5496,7737,-0.01796228,-0.025106272,-0.007143991
SMOKE · validación técnica,farm,sweep,2006,8030,-0.06027453,-0.08322397,-0.022949439
SMOKE · validación técnica,artist,kingdom,6529,4323,-0.12693313,-0.12931108,-0.002377957
SMOKE · validación técnica,stamps,wrapped,5742,2997,0.030053232,0.011765391,-0.018287841
SMOKE · validación técnica,face,gobbled,1144,6665,0.048554793,0.04452842,-0.004026372
SMOKE · validación técnica,laughs,tem,3217,3702,0.0037238896,-0.013527174,-0.017251063
SMOKE · validación técnica,interesting,onions,2178,6701,-0.015406404,-0.013779469,0.0016269349
SMOKE · validación técnica,Judy,cone,6963,3339,-0.006047167,0.010504097,0.016551264
SMOKE · validación técnica,A,tidied,458,7443,0.020278107,0.042524934,0.022246826
SMOKE · validación técnica,Susan,recogn,6157,3985,-0.09343901,-0.11524936,-0.021810345
SMOKE · validación técnica,adventurous,scoop,2919,5527,-0.09393531,-0.09078698,0.0031483322
SMOKE · validación técnica,other,shore,572,2558,-0.09420818,-0.023179496,0.07102869
SMOKE · validación técnica,food,steep,1041,5887,-0.0568048,-0.026740322,0.030064477
SMOKE · validación técnica,fierce,l,3202,275,-0.1081741,-0.07860283,0.029571272
SMOKE · validación técnica,blink,buildings,6012,5231,-0.056162514,-0.06841643,-0.012253918
SMOKE · validación técnica,every,own,618,1052,0.042702112,0.09258402,0.04988191
SMOKE · validación técnica,nests,score,8063,5078,-0.014260933,-0.015688688,-0.0014277548
SMOKE · validación técnica,sunglasses,written,4653,5970,0.07413648,0.09389076,0.019754276
SMOKE · validación técnica,claps,dusty,5890,6040,0.0139643345,0.047634173,0.033669837
SMOKE · validación técnica,bedtime,large,6429,2376,-0.041160006,-0.07952353,-0.038363528
SMOKE · validación técnica,enjoyed,haircut,1409,4228,-0.053437036,-0.09529475,-0.041857716
SMOKE · validación técnica,body,younger,2848,6518,-0.06644711,-0.10075535,-0.03430824
SMOKE · validación técnica,examine,stretching,5036,5662,-0.00026065484,0.045538664,0.04579932
SMOKE · validación técnica,ph,pil,1969,3151,-0.007192772,-0.010791775,-0.003599003
SMOKE · validación técnica,pony,troubled,3792,4073,0.1592119,0.18790141,0.028689504
SMOKE · validación técnica,stri,teac,3302,1800,-0.026316391,-0.02631641,-1.8626451e-08
SMOKE · validación técnica,mes,stage,6630,3591,0.06369974,0.066457465,0.002757728
SMOKE · validación técnica,opin,sorted,5757,5938,-0.03768027,-0.03717427,0.00050599873
SMOKE · validación técnica,air,spit,1413,5324,0.0615358,0.005502982,-0.05603282
SMOKE · validación técnica,save,took,2463,659,0.0030417666,0.06992829,0.06688652
SMOKE · validación técnica,finishing,nuzzled,7231,7997,-0.058492042,-0.057231,0.0012610406
SMOKE · validación técnica,di,tele,2261,3312,-0.069530055,-0.068042524,0.0014875308
SMOKE · validación técnica,blank,rus,1682,6922,0.073815085,0.07618308,0.0023679957
SMOKE · validación técnica,disgust,sniffed,3654,4559,0.0071571227,0.0218155,0.014658377
SMOKE · validación técnica,closer,forgets,1143,7259,0.04412794,0.005601503,-0.03852644
SMOKE · validación técnica,Q,swo,6932,7985,-0.10507229,-0.10507229,0.0
SMOKE · validación técnica,ais,increase,7124,5719,0.055609655,0.05094396,-0.004665695
SMOKE · validación técnica,ruler,seen,5954,1283,0.0887824,0.08798962,-0.000792779
SMOKE · validación técnica,contin,wing,1440,3529,0.05476426,0.033931598,-0.020832662
SMOKE · validación técnica,Al,returned,2413,2560,-0.08675477,-0.07679333,0.009961441
SMOKE · validación técnica,carrying,earthquake,3421,5395,-0.020906892,-0.008108091,0.012798801
SMOKE · validación técnica,horns,mechanic,5916,4210,0.07810733,0.1027499,0.024642572
SMOKE · validación técnica,memories,short,4397,4051,0.030067494,0.04704406,0.016976567
SMOKE · validación técnica,Everything,shop,3765,1942,0.019743685,-0.023209732,-0.042953417
SMOKE · validación técnica,all,window,474,1384,-0.023288157,-0.052605428,-0.029317271
SMOKE · validación técnica,celebrated,step,4310,2444,0.053878024,0.028110858,-0.025767166
SMOKE · validación técnica,rem,sunflower,898,3598,0.05151228,0.06234004,0.010827761
SMOKE · validación técnica,calendar,squished,4941,7962,-0.062464453,-0.048633724,0.013830729
SMOKE · validación técnica,bell,folding,2338,6526,-0.05061698,-0.06932028,-0.018703297
SMOKE · validación técnica,drifted,repair,6477,4119,0.021171719,0.01887127,-0.0023004487
SMOKE · validación técnica,miserable,moon,3826,2505,-0.07849772,-0.033490606,0.045007117
SMOKE · validación técnica,delight,efforts,2319,7352,0.02549863,0.048203386,0.022704756
SMOKE · validación técnica,discover,tallest,3588,6299,-0.049545728,-0.03989467,0.009651057
SMOKE · validación técnica,surv,ye,7663,1118,0.06120222,0.04282348,-0.018378742
SMOKE · validación técnica,cart,flies,2321,4395,-0.017288903,0.0057274066,0.02301631
SMOKE · validación técnica,lumber,paint,4920,1732,-0.054918792,-0.06037937,-0.005460579
SMOKE · validación técnica,Before,teeth,5019,2409,0.043061394,-0.015209772,-0.058271166
SMOKE · validación técnica,diary,outdoors,4276,5764,-0.13825412,-0.13551201,0.0027421117
SMOKE · validación técnica,field,wrink,1650,7174,-0.07333524,-0.06717075,0.006164491
SMOKE · validación técnica,patted,yacht,6148,4172,-0.1500637,-0.14603789,0.004025802
SMOKE · validación técnica,patiently,sunflower,4998,3598,-0.07941769,-0.056655146,0.022762544
SMOKE · validación técnica,pine,pizzas,4502,8132,0.05904944,0.02665161,-0.03239783
SMOKE · validación técnica,bat,real,1987,976,-0.07347145,-0.022515811,0.05095564
SMOKE · validación técnica,beads,tie,6316,2797,-0.07471064,-0.05246884,0.022241797
SMOKE · validación técnica,raise,yell,4802,1142,0.02674195,0.005948808,-0.020793142
SMOKE · validación técnica,restore,umb,4950,3403,0.14573008,0.13951173,-0.006218344
SMOKE · validación técnica,country,mole,3953,3304,0.08300564,0.070049286,-0.012956351
SMOKE · validación técnica,These,stands,5745,7367,-0.07113276,-0.095840156,-0.0247074
SMOKE · validación técnica,bracelet,ignorant,3837,3692,-0.06194962,-0.032685943,0.029263675
SMOKE · validación técnica,El,carrot,6736,1763,-0.086748734,-0.092787966,-0.006039232
SMOKE · validación técnica,bathrobe,mailbox,5280,3472,-0.04865624,-0.025831584,0.022824656
SMOKE · validación técnica,high,windows,1146,3690,0.0673224,0.088865414,0.021543011
SMOKE · validación técnica,ch,torn,596,3834,-0.103995025,-0.101752214,0.002242811
SMOKE · validación técnica,inch,judge,5836,4303,0.03362706,0.012185907,-0.021441152
SMOKE · validación técnica,junk,planting,4778,7572,-0.077994645,-0.07673107,0.0012635738
SMOKE · validación técnica,buckle,remembers,5336,5319,0.10081136,0.08038219,-0.020429172
SMOKE · validación técnica,aunt,how,3497,709,-0.06318615,-0.090129256,-0.02694311
SMOKE · validación técnica,golden,loving,4355,5645,-0.068124585,-0.08163111,-0.013506524
SMOKE · validación técnica,adding,pigs,6273,5264,-0.023918081,-0.020938188,0.0029798932
SMOKE · validación técnica,air,sib,1413,6590,0.0065094447,0.014928114,0.008418669
SMOKE · validación técnica,caterpill,lead,2659,2783,0.05698695,0.045594454,-0.0113924965
SMOKE · validación técnica,impressive,tom,3612,1992,-0.005510729,0.00017202273,0.0056827515
SMOKE · validación técnica,Her,yard,852,1858,-0.022561044,-0.048503865,-0.025942821
SMOKE · validación técnica,jog,walls,3253,3145,0.011453833,0.022704767,0.011250934
SMOKE · validación técnica,giraffes,wag,6496,7294,0.048370972,0.067139834,0.018768862
SMOKE · validación técnica,examining,material,7260,7509,-0.0016995445,-0.008995451,-0.0072959065
SMOKE · validación técnica,snuggled,sold,3615,2695,0.07604518,0.04297117,-0.033074006
SMOKE · validación técnica,costumes,faucet,5516,4447,0.02586554,0.043360263,0.017494723
SMOKE · validación técnica,child,grate,1137,1699,-0.07255025,-0.0527875,0.01976275
SMOKE · validación técnica,direction,return,6019,2069,-0.008507719,-0.016323444,-0.007815724
SMOKE · validación técnica,brand,guide,5400,8129,0.043874905,0.015605144,-0.02826976
SMOKE · validación técnica,easily,friends,4732,477,0.13926288,0.1547896,0.015526712
SMOKE · validación técnica,knowledge,swims,5857,5445,0.13412076,0.11371406,-0.0204067
SMOKE · validación técnica,mist,oak,2117,4693,-0.023199687,-0.028517498,-0.005317811
SMOKE · validación técnica,here,massage,1223,5199,-0.07980485,-0.080219865,-0.00041501224
SMOKE · validación técnica,happiest,properly,5357,5730,-0.108412914,-0.089875065,0.01853785
SMOKE · validación técnica,dangers,weeke,7801,6619,0.10480715,0.102479234,-0.002327919
SMOKE · validación técnica,destroy,morning,3750,1508,0.041598864,0.037555665,-0.004043199
SMOKE · validación técnica,Together,rem,2584,898,0.044499494,0.018536668,-0.025962826
SMOKE · validación técnica,wand,yelped,2976,7785,-0.018230774,-0.021143435,-0.002912661
SMOKE · validación técnica,competit,shared,3168,1663,0.0021840036,0.048878986,0.046694983
SMOKE · validación técnica,compassion,cute,3447,2081,0.12632154,0.101002514,-0.025319025
SMOKE · validación técnica,grumpy,loose,2738,5667,0.043381795,0.06277815,0.019396357
SMOKE · validación técnica,curtain,treehouse,3929,6457,0.059168767,0.061673757,0.0025049895
SMOKE · validación técnica,challenge,safari,5684,5169,0.052068267,0.05434878,0.0022805147
SMOKE · validación técnica,glasses,row,6460,4927,-0.008188434,0.00696609,0.015154524
SMOKE · validación técnica,ac,countryside,1090,5975,-0.11397925,-0.10490491,0.009074338
SMOKE · validación técnica,beamed,necklace,4889,2578,-0.03561595,-0.026625575,0.008990375
SMOKE · validación técnica,jelly,marks,2728,6221,0.018556118,0.00576004,-0.012796078
SMOKE · validación técnica,intellig,tying,3542,7494,-0.0768561,-0.06775462,0.00910148
SMOKE · validación técnica,hats,sticky,3176,4634,0.076576896,0.10957034,0.032993443
SMOKE · validación técnica,drain,improved,4939,6346,0.009426154,-0.0089008175,-0.018326972
SMOKE · validación técnica,Pete,dull,3095,3363,-0.03315864,-0.047453444,-0.014294803
SMOKE · validación técnica,perfectly,pra,4255,4598,0.12472295,0.082567275,-0.042155676
SMOKE · validación técnica,Christmas,chase,6278,3069,-0.13580865,-0.12971169,0.006096959
SMOKE · validación técnica,freezer,hits,4577,5073,0.016119385,0.01605258,-6.680563e-05
SMOKE · validación técnica,Kiki,swimmer,7569,7925,-0.072290145,-0.058692884,0.013597261
SMOKE · validación técnica,herself,invited,1430,3174,0.010150807,-0.020164767,-0.030315574
SMOKE · validación técnica,are,ye,456,1118,-0.016891357,-0.0062181223,0.010673234
SMOKE · validación técnica,grocer,manage,4361,5133,0.08163571,0.08119596,-0.00043975562
SMOKE · validación técnica,care,rece,636,3632,0.01953435,0.024136446,0.004602097
SMOKE · validación técnica,chasing,loyal,3567,2947,0.06090513,0.02591674,-0.03498839
SMOKE · validación técnica,Christmas,gave,6278,743,-0.017727714,0.006498227,0.02422594
SMOKE · validación técnica,actually,warning,5179,5137,0.105758734,0.07541289,-0.030345842
SMOKE · validación técnica,firefly,soared,7290,5257,-0.04872037,-0.051197637,-0.002477266
SMOKE · validación técnica,became,pony,1134,3792,-0.08498042,-0.021633992,0.06334643
SMOKE · validación técnica,by,cross,857,2830,0.05794272,0.05231274,-0.005629979
SMOKE · validación técnica,That,seems,1329,6189,0.063474186,0.07845573,0.0149815455
SMOKE · validación técnica,Happy,minute,6535,4358,-0.106817566,-0.07964492,0.027172647
SMOKE · validación técnica,heel,holiday,6142,4471,-0.06288844,-0.06190603,0.0009824149
SMOKE · validación técnica,Fin,ener,3347,3772,0.09836108,0.10086888,0.0025077984
SMOKE · validación técnica,elephants,pretti,5178,5626,-0.08912237,-0.10218263,-0.013060257
SMOKE · validación técnica,Princess,phone,6615,2336,0.012625888,0.00939225,-0.0032336377
SMOKE · validación técnica,Jim,trampoline,1709,6915,0.04426431,0.04160061,-0.002663698
SMOKE · validación técnica,earthquake,spider,5395,2315,0.052668028,0.04863896,-0.004029069
SMOKE · validación técnica,deter,fis,2480,2792,0.004000224,0.004000228,3.7252903e-09
SMOKE · validación técnica,mixing,reward,5929,3378,0.0056307577,-0.0049029104,-0.010533668
SMOKE · validación técnica,hose,tim,3090,6092,0.03454751,0.051430978,0.016883466
SMOKE · validación técnica,Princess,pressed,6615,3895,-0.037807267,-0.06053221,-0.022724941
SMOKE · validación técnica,seashell,smallest,6475,7113,0.0528013,0.052801277,-2.2351742e-08
SMOKE · validación técnica,Rabbit,inst,6414,1890,-0.0037821755,-0.0034620613,0.0003201142
SMOKE · validación técnica,breathing,surv,7668,7663,0.052046865,0.053307317,0.001260452
SMOKE · validación técnica,duck,faucet,1307,4447,0.012984436,0.04591187,0.032927435
SMOKE · validación técnica,Bye,chose,6248,3212,-0.14257917,-0.11788337,0.024695799
SMOKE · validación técnica,calmly,sug,7507,2900,0.051695034,0.05169504,7.450581e-09
SMOKE · validación técnica,advent,unhappy,954,4188,0.06306917,0.03627076,-0.026798412
SMOKE · validación técnica,How,squ,2402,1116,-0.099213265,-0.085414365,0.0137989
SMOKE · validación técnica,er,tying,3528,7494,-0.1144982,-0.12046978,-0.0059715807
SMOKE · validación técnica,Mat,seeds,5323,3493,0.0532445,0.050587244,-0.002657257
SMOKE · validación técnica,repair,us,4119,1113,-0.07648802,-0.084736556,-0.008248538
SMOKE · validación técnica,bubble,laying,4164,7532,0.12412753,0.116243914,-0.007883616
SMOKE · validación técnica,appl,forgiveness,4203,7871,-0.07563462,-0.07628569,-0.000651069
SMOKE · validación técnica,recognize,salad,5612,3348,-0.09583029,-0.08504281,0.01078748
SMOKE · validación técnica,ch,cur,596,3501,0.11882744,0.14360952,0.024782084
SMOKE · validación técnica,park,rocks,566,1924,-0.024944553,0.009543011,0.034487564
SMOKE · validación técnica,dark,permitted,1378,7637,-0.018976316,-0.029960774,-0.010984458
SMOKE · validación técnica,singing,would,1891,523,-0.0033876821,-0.02669663,-0.023308948
SMOKE · validación técnica,note,swooped,3443,6284,-0.018316582,-0.020701636,-0.0023850538
SMOKE · validación técnica,lawyer,sisters,4483,5913,0.052309323,0.012636425,-0.039672896
SMOKE · validación técnica,Joey,smooth,3799,2356,0.08085056,0.08387959,0.0030290335
SMOKE · validación técnica,calmly,lily,7507,5070,-0.092868455,-0.09217709,0.0006913617
SMOKE · validación técnica,pass,yelling,2324,5689,0.05390542,0.02803865,-0.02586677
SMOKE · validación técnica,discoveries,war,7808,990,0.061165724,0.08506256,0.02389684
SMOKE · validación técnica,game,zip,1256,3510,0.03414011,0.039575234,0.005435124
SMOKE · validación técnica,Big,lost,5707,1415,0.045654394,0.043031596,-0.002622798
SMOKE · validación técnica,fart,remained,5907,5182,-0.0118023995,-0.025025818,-0.013223419
SMOKE · validación técnica,Bill,pol,3972,1611,-0.112308115,-0.123750955,-0.01144284
SMOKE · validación técnica,determination,understanding,6422,4809,0.051202532,0.063763015,0.012560483
SMOKE · validación técnica,dif,hoo,1036,8084,0.001853276,-0.00041211583,-0.0022653919
SMOKE · validación técnica,competition,uses,5931,6409,-0.040489845,-0.06110604,-0.020616196
SMOKE · validación técnica,soccer,wandered,4226,4764,0.05247049,0.03086087,-0.021609621
SMOKE · validación técnica,necklaces,strength,7349,4494,-0.023986809,-0.017830836,0.0061559733
SMOKE · validación técnica,Meg,actually,7580,5179,0.008195695,-0.0026141182,-0.010809813
SMOKE · validación técnica,mixing,mov,5929,2780,-0.070016816,-0.081767395,-0.011750579
SMOKE · validación técnica,admir,nicely,4893,3418,0.04947322,0.028923929,-0.02054929
SMOKE · validación técnica,opposite,pond,7972,1296,-0.0014950857,0.050015993,0.05151108
SMOKE · validación técnica,medic,performing,2761,7240,0.03789568,0.037129294,-0.00076638535
SMOKE · validación técnica,instr,passed,4852,2648,-0.009518469,-0.020448603,-0.010930134
SMOKE · validación técnica,cosy,me,7277,529,-0.041888725,-0.030986087,0.010902638
SMOKE · validación técnica,Wednesday,received,5848,5028,-0.096055314,-0.084383845,0.011671469
SMOKE · validación técnica,print,snakes,3471,6150,0.0787013,0.06037094,-0.018330362
SMOKE · validación técnica,She,dreams,313,3107,-0.13251834,-0.0951408,0.037377536
SMOKE · validación técnica,chest,plan,2718,1637,0.019868936,0.060168922,0.040299986
SMOKE · validación técnica,bark,peppers,2316,6823,0.008938219,0.037195675,0.028257456
SMOKE · validación técnica,focused,kids,7077,1298,0.044821933,0.04563061,0.00080867857
SMOKE · validación técnica,colder,lazy,7322,2764,-0.014422681,-0.0012751855,0.013147496
SMOKE · validación técnica,marriage,pa,5853,1171,-0.034377024,-0.03158573,0.002791293
SMOKE · validación técnica,blueberry,faster,5198,1704,0.12118305,0.13165216,0.010469109
SMOKE · validación técnica,Jenna,energy,6314,4109,0.046718173,0.053061847,0.006343674
SMOKE · validación técnica,heavy,island,1784,3085,-0.059919473,-0.052954547,0.0069649257
SMOKE · validación técnica,drum,remind,2756,2325,0.037062638,0.009824175,-0.027238462
SMOKE · validación técnica,exhausted,smart,6129,1775,0.049181886,0.047042802,-0.002139084
SMOKE · validación técnica,baskets,hers,7368,5052,-0.025290992,-0.023745857,0.0015451349
SMOKE · validación técnica,himself,rise,1259,4831,0.0029706582,0.03549268,0.032522023
SMOKE · validación técnica,Penny,stove,5079,3351,-0.057408534,-0.06782894,-0.010420404
SMOKE · validación técnica,bathrobe,under,5280,896,-0.05012003,-0.085701555,-0.035581525
SMOKE · validación técnica,quack,terrible,4627,3441,0.11439702,0.12815967,0.013762653
SMOKE · validación técnica,equ,grandson,4972,7936,-0.14840426,-0.14840424,1.4901161e-08
SMOKE · validación técnica,press,weigh,4270,4734,0.03781186,0.07555605,0.037744187
SMOKE · validación técnica,Luckily,unpack,6392,3832,-0.0042749736,-0.019033086,-0.014758112
SMOKE · validación técnica,grap,mysterious,3122,2566,-0.071509786,-0.07315856,-0.0016487762
SMOKE · validación técnica,feelings,more,4356,692,-0.10334292,-0.09043591,0.012907013
SMOKE · validación técnica,Green,less,6967,1265,0.079164654,0.086738914,0.0075742602
SMOKE · validación técnica,sunf,vet,3336,4383,0.12460324,0.120331466,-0.0042717755
SMOKE · validación técnica,despite,objects,7419,6547,0.0045208037,0.0074934997,0.002972696
SMOKE · validación técnica,argued,intere,5514,2077,-0.042716697,-0.043096926,-0.0003802292
SMOKE · validación técnica,snowman,storm,2241,2138,0.05551622,0.06889973,0.013383508
SMOKE · validación técnica,minute,screwd,4358,7180,-0.1331827,-0.13776052,-0.0045778155
SMOKE · validación técnica,com,licked,778,2894,-0.05724206,-0.03609816,0.021143898
SMOKE · validación técnica,bunch,rocked,5918,5635,0.07909026,0.09082123,0.011730969
SMOKE · validación técnica,approached,invest,4975,4495,0.019088771,0.012986668,-0.006102103
SMOKE · validación técnica,radio,thorns,4015,8141,-0.03130592,-0.008810591,0.02249533
SMOKE · validación técnica,Remember,turned,6904,1544,0.004903557,0.0052562803,0.00035272352
SMOKE · validación técnica,pillow,roar,2628,2871,-0.10670482,-0.072037615,0.03466721
SMOKE · validación técnica,sky,uses,843,6409,-0.020380192,-0.010973875,0.009406316
SMOKE · validación técnica,Gina,free,7802,1849,0.10771237,0.110613756,0.0029013827
SMOKE · validación técnica,itchy,potatoes,6302,5468,0.061689828,0.052863244,-0.008826584
SMOKE · validación técnica,game,stick,1256,1131,0.06934004,0.09895028,0.029610239
SMOKE · validación técnica,brushing,insisting,7612,7609,-0.0035504512,0.00045642583,0.004006877
SMOKE · validación técnica,Soon,trucks,2073,3097,0.014071066,-0.035730254,-0.04980132
SMOKE · validación técnica,cleared,yoga,7723,4733,-0.024455052,-0.018702284,0.0057527684
SMOKE · validación técnica,pile,slices,2230,6539,-0.04652726,-0.0042974465,0.042229813
SMOKE · validación técnica,opport,wor,7915,538,-0.073469564,-0.08853429,-0.015064724
SMOKE · validación técnica,apologized,peered,4250,5288,0.007259365,0.004821657,-0.002437708
SMOKE · validación técnica,shoo,sweater,7652,3844,-0.0523763,-0.053831235,-0.0014549345
SMOKE · validación técnica,help,measure,482,2876,0.015112469,0.065891266,0.0507788
SMOKE · validación técnica,cold,showed,1402,1085,-0.07107303,-0.0848811,-0.013808064
SMOKE · validación técnica,skipping,winding,5298,7989,0.051342554,0.04418186,-0.0071606934
SMOKE · validación técnica,cocoa,neighbour,3721,3976,0.06354764,0.056766137,-0.0067815036
SMOKE · validación técnica,grace,separated,3028,6644,0.020611897,0.05041866,0.029806763
SMOKE · validación técnica,maybe,otters,2499,7484,-0.020268867,-0.024432462,-0.004163595
SMOKE · validación técnica,K,cupcake,1559,7926,0.102410264,0.093222916,-0.009187348
SMOKE · validación técnica,Slowly,arri,6241,1424,-0.02083049,-0.008472098,0.012358392
SMOKE · validación técnica,U,tracks,3249,5318,0.03330161,0.020547323,-0.012754288
SMOKE · validación técnica,Earth,bre,6283,1062,0.0072955433,-0.002161149,-0.009456692
SMOKE · validación técnica,mat,squee,1478,3005,0.041356243,0.037523877,-0.0038323663
SMOKE · validación técnica,pans,swaying,6782,8033,0.03716737,0.04514907,0.007981699
SMOKE · validación técnica,accept,butterfly,3049,1412,0.059636634,0.053660307,-0.0059763268
SMOKE · validación técnica,These,throat,5745,6140,0.11035133,0.069932535,-0.040418796
SMOKE · validación técnica,respected,ruler,7135,5954,-0.1130821,-0.10564305,0.0074390545
SMOKE · validación técnica,mama,sandwiches,4271,3705,0.008192211,0.024534177,0.016341966
SMOKE · validación técnica,lent,makeup,7563,4754,-0.04843679,-0.050627537,-0.0021907464
SMOKE · validación técnica,Okay,mast,8043,6819,-0.066006616,-0.06535678,0.0006498322
SMOKE · validación técnica,beans,chosen,4888,7078,0.022031955,-8.6342916e-05,-0.022118298
SMOKE · validación técnica,lets,noon,5544,6651,0.004622495,-0.014579149,-0.019201644
SMOKE · validación técnica,ad,marry,821,4235,-0.0032621734,-0.0075688735,-0.0043067
SMOKE · validación técnica,adult,mind,6847,2297,0.07149482,0.048119884,-0.023374934
SMOKE · validación técnica,a,necklace,259,2578,0.05764512,0.028937364,-0.028707756
SMOKE · validación técnica,r,surprise,329,1341,0.019093614,0.014615495,-0.0044781193
SMOKE · validación técnica,ty,victory,6337,5997,0.034691755,0.03854473,0.0038529746
SMOKE · validación técnica,correct,fan,7449,2082,0.10292806,0.09977646,-0.0031515956
SMOKE · validación técnica,brushed,toolbox,5578,7902,0.0021735132,0.010675266,0.008501753
SMOKE · validación técnica,billboard,yelling,5314,5689,0.070435345,0.07392611,0.0034907684
SMOKE · validación técnica,birdcage,whist,5153,2033,0.13445076,0.11265401,-0.021796755
SMOKE · validación técnica,pl,roses,352,6666,0.008849466,-0.021825586,-0.030675052
SMOKE · validación técnica,new,vanished,575,4776,0.02796042,0.06364833,0.03568791
SMOKE · validación técnica,problem,wool,2157,4546,-0.03756628,-0.058189683,-0.0206234
SMOKE · validación técnica,animal,hedgehog,807,6474,0.016624322,0.026067477,0.009443155
SMOKE · validación técnica,respond,sal,7117,2309,-0.030194135,-0.026961543,0.0032325927
SMOKE · validación técnica,dirty,looking,1797,1031,0.074147895,0.029988574,-0.044159323
SMOKE · validación técnica,butt,search,1807,3079,0.07984455,0.084297165,0.004452616
SMOKE · validación técnica,accident,pocket,1847,1865,-0.09314986,-0.033376135,0.05977373
SMOKE · validación técnica,gent,napping,1482,7384,0.01917324,0.015801901,-0.0033713393
SMOKE · validación técnica,bye,shield,5678,3626,-0.043825485,-0.026561085,0.0172644
SMOKE · validación técnica,Green,scurried,6967,5743,-0.013809104,-0.034506924,-0.020697821
SMOKE · validación técnica,Coco,Dad,5621,1042,0.03558168,0.043635625,0.008053947
SMOKE · validación técnica,boat,bounced,1123,3947,-0.079294674,-0.082546085,-0.003251411
SMOKE · validación técnica,blocking,milk,6755,2133,-0.18700741,-0.19774005,-0.010732636
SMOKE · validación técnica,pol,square,1611,3620,-0.029594406,-0.025970088,0.0036243182
SMOKE · validación técnica,first,pulling,1187,5081,-0.017710214,-0.012941867,0.0047683474
SMOKE · validación técnica,Inside,mule,2001,4302,-0.04768371,-0.09748165,-0.049797945
SMOKE · validación técnica,horizon,leash,6560,3914,-0.042681903,-0.014107404,0.028574498
SMOKE · validación técnica,rec,rich,2343,3048,-0.01800733,-0.017287072,0.0007202588
SMOKE · validación técnica,guy,peeled,5165,7968,0.05518172,0.061779715,0.0065979958
SMOKE · validación técnica,run,tent,726,2715,0.009408056,-0.005298615,-0.014706671
SMOKE · validación técnica,moments,unus,4892,2858,-0.02999515,-0.061189428,-0.031194277
SMOKE · validación técnica,movie,pebble,3098,3738,0.09006322,0.092064455,0.0020012334
SMOKE · validación técnica,Ralph,bear,7114,801,-0.08091563,-0.045792565,0.035123065
SMOKE · validación técnica,pad,quick,4128,1053,-0.06380968,-0.05852523,0.005284447
SMOKE · validación técnica,chocolate,lesson,2466,1364,-0.035792112,-0.01945332,0.016338792
SMOKE · validación técnica,Bet,belongings,4672,7662,-0.08366323,-0.0798038,0.0038594306
SMOKE · validación técnica,cuddled,prayed,4936,5215,0.019667339,0.009040856,-0.010626483
SMOKE · validación técnica,massage,outside,5199,674,0.024112798,0.040855136,0.016742337
SMOKE · validación técnica,exit,ne,5699,401,-0.12664756,-0.09306316,0.0335844
SMOKE · validación técnica,finish,knot,2386,4195,0.051242113,0.03140454,-0.019837573
SMOKE · validación técnica,pal,trying,4322,1533,0.040187452,0.00033626892,-0.03985118
SMOKE · validación técnica,head,tun,1104,2251,-0.04703831,-0.0422936,0.0047447085
SMOKE · validación técnica,plenty,spending,5936,4759,-0.057346914,-0.078514144,-0.02116723
SMOKE · validación técnica,Up,understands,7446,7568,-0.031361856,-0.0011877324,0.030174123
SMOKE · validación técnica,clock,river,3385,1717,-0.07272408,-0.007785202,0.06493888
SMOKE · validación técnica,baskets,may,7368,3741,0.047838427,0.07501212,0.02717369
SMOKE · validación técnica,jealous,original,2808,3349,0.12599221,0.14863831,0.0226461
SMOKE · validación técnica,perm,tickled,3545,6255,-0.10381813,-0.10983196,-0.0060138255
SMOKE · validación técnica,mist,nowhere,2117,3753,0.065246105,0.050869666,-0.014376439
SMOKE · validación técnica,Libby,One,8074,505,0.09039789,0.10354678,0.013148896
SMOKE · validación técnica,Be,Dave,2705,3384,-0.028744295,0.0006857044,0.02943
SMOKE · validación técnica,caterpillar,stories,2721,1906,-0.05534992,-0.033191767,0.022158153
SMOKE · validación técnica,drop,mer,2802,6959,0.010505144,0.021465993,0.010960849
SMOKE · validación técnica,pe,sw,702,610,-0.016800217,-0.004569046,0.012231171
SMOKE · validación técnica,activity,nearby,7941,1954,-0.007318698,-0.011745382,-0.004426684
SMOKE · validación técnica,pale,vine,3625,3936,-0.006195482,-0.016420595,-0.0102251135
SMOKE · validación técnica,placed,stitch,3575,5181,-0.000161618,-0.015961524,-0.015799906
SMOKE · validación técnica,fancy,right,2568,1106,0.047925394,0.09021506,0.042289663
SMOKE · validación técnica,G,study,1046,3290,-0.022441342,-0.018751852,0.0036894903
SMOKE · validación técnica,magnif,wheat,8066,3819,0.08152537,0.08524868,0.0037233084
SMOKE · validación técnica,sneezing,x,7262,5487,0.0625738,0.026210789,-0.03636301
SMOKE · validación técnica,promises,scent,7000,7851,-0.06815426,-0.07045838,-0.0023041219
SMOKE · validación técnica,complet,guide,3525,8129,0.028558446,0.030531153,0.001972707
SMOKE · validación técnica,gent,washed,1482,3456,-0.036536183,-0.040877216,-0.0043410324
SMOKE · validación técnica,care,nap,636,1695,-0.032252036,0.0018634452,0.034115482
SMOKE · validación técnica,Sandy,toothbrush,4100,7965,0.003546875,2.0246021e-05,-0.003526629
SMOKE · validación técnica,You,breathed,570,7020,-0.1519368,-0.15262336,-0.0006865561
SMOKE · validación técnica,glasses,suff,6460,4708,0.047798067,0.051424358,0.0036262907
SMOKE · validación técnica,sorting,worries,5873,6099,-0.008586794,-0.0099702515,-0.0013834573
SMOKE · validación técnica,shovel,unl,4215,3140,0.08639897,0.049707986,-0.03669098
SMOKE · validación técnica,kitty,mud,4268,2270,0.066230446,0.08786373,0.021633282
SMOKE · validación técnica,items,soldiers,5485,5171,-0.07945637,-0.06571803,0.013738334
SMOKE · validación técnica,inch,until,5836,802,0.08268002,0.05972237,-0.022957645
SMOKE · validación técnica,Alan,pockets,8168,5906,0.018079525,0.04482515,0.026745627
SMOKE · validación técnica,fork,impressed,3417,2989,-0.03552925,-0.010260992,0.025268257
SMOKE · validación técnica,motorcycle,saf,4277,2186,0.012877598,0.0032039564,-0.009673642
SMOKE · validación técnica,feed,overjoyed,2692,5553,0.010208592,0.013177581,0.0029689893
SMOKE · validación técnica,Ro,tickled,4287,6255,0.023317251,0.024719745,0.0014024936
SMOKE · validación técnica,dolp,princesses,3157,6320,-0.03879887,-0.029594548,0.009204321
SMOKE · validación técnica,Betty,St,6433,2358,0.0022830665,-0.008331373,-0.01061444
SMOKE · validación técnica,blowing,onion,4292,4033,0.06708342,0.06457335,-0.0025100708
SMOKE · validación técnica,colored,ignore,6428,4934,0.029320862,0.03892341,0.009602547
SMOKE · validación técnica,carefully,penguins,1387,6108,-0.03219352,-0.04845234,-0.01625882
SMOKE · validación técnica,bouncing,giggling,4525,5785,-0.0690459,-0.067459986,0.0015859157
SMOKE · validación técnica,leader,needle,6152,3966,-0.028933778,-0.040446796,-0.011513017
SMOKE · validación técnica,breat,scooters,4072,7862,-0.024269138,-0.025161084,-0.00089194626
SMOKE · validación técnica,Tess,toil,6482,4421,0.0092172,0.009217195,-4.656613e-09
SMOKE · validación técnica,foot,gears,2291,7313,-0.121517,-0.11379172,0.0077252835
SMOKE · validación técnica,believed,fountain,5024,3224,0.015331607,-0.006327889,-0.021659497
SMOKE · validación técnica,truly,vo,5964,1075,-0.11385234,-0.08316513,0.030687205
SMOKE · validación técnica,cir,grant,2042,5830,-0.07340016,-0.072789915,0.00061024725
SMOKE · validación técnica,answers,true,5420,2720,-0.04097555,0.017902594,0.058878142
SMOKE · validación técnica,bin,bits,3999,7527,-0.056965314,-0.0624367,-0.005471386
SMOKE · validación técnica,melting,surprises,6372,4744,0.02205614,0.04756275,0.025506608
SMOKE · validación técnica,die,obeyed,7125,8174,-0.039855376,-0.041435555,-0.0015801787
SMOKE · validación técnica,rocket,wra,2431,2106,-0.024367929,-0.022856358,0.0015115701
SMOKE · validación técnica,giraff,might,6473,1466,0.10594336,0.08706783,-0.018875532
SMOKE · validación técnica,Mart,travel,6261,3544,-0.022367008,-0.0057295,0.016637508
SMOKE · validación técnica,avocados,ple,6833,2401,0.033527166,0.019870957,-0.013656208
SMOKE · validación técnica,Fr,clot,3662,1588,0.0131151825,0.0024862718,-0.010628911
SMOKE · validación técnica,looked,unlocked,516,5671,-0.04576924,-0.008921046,0.036848195
SMOKE · validación técnica,B,earlier,371,4779,0.044489913,-0.008231496,-0.05272141
SMOKE · validación técnica,Andy,Grandpa,3890,3818,0.0019364865,0.016178992,0.014242506
SMOKE · validación técnica,appreci,insisted,4132,4971,0.13622592,0.11702575,-0.019200176
SMOKE · validación técnica,Get,meal,6656,3489,0.04689965,0.04955957,0.0026599206
SMOKE · validación técnica,def,ordinary,6397,3622,0.004017066,-0.0010311622,-0.0050482284
SMOKE · validación técnica,catch,kitchen,1313,1226,0.11138312,0.08365387,-0.02772925
SMOKE · validación técnica,mon,shirts,1220,6702,-0.0016940087,0.013150653,0.014844662
SMOKE · validación técnica,earthquake,squeezed,5395,4660,-0.12755886,-0.12174403,0.005814828
SMOKE · validación técnica,Wh,remind,3784,2325,-0.055663005,-0.06407103,-0.008408025
SMOKE · validación técnica,Owl,phone,6853,2336,-0.008402433,-0.0044728704,0.003929563
SMOKE · validación técnica,everyday,shorts,5423,7908,0.014953598,-0.0009708125,-0.01592441
SMOKE · validación técnica,oasis,soapy,4550,8169,-0.04456376,-0.058062866,-0.013499107
SMOKE · validación técnica,aren,bleed,6620,5088,-0.03895854,-0.026159856,0.012798682
SMOKE · validación técnica,We,joking,777,6621,0.0095248595,0.03183631,0.022311449
SMOKE · validación técnica,Flopsy,sprayed,6807,4444,0.028258186,0.020828359,-0.007429827
SMOKE · validación técnica,going,smo,950,1856,0.045928825,0.026575722,-0.019353103
SMOKE · validación técnica,lean,sled,3170,7303,-0.0029276665,0.0012757126,0.004203379
SMOKE · validación técnica,helpless,ladyb,3846,5690,0.039984092,0.03881418,-0.0011699125
SMOKE · validación técnica,envelope,refre,3462,4748,0.1864292,0.18565574,-0.0007734597
SMOKE · validación técnica,conduct,sparkles,7644,5092,-0.052323177,-0.042953856,0.009369321
SMOKE · validación técnica,chocolates,situation,7664,5952,0.008043041,0.018027276,0.009984234
SMOKE · validación técnica,peach,sym,4097,3880,0.008328967,0.021627143,0.013298176
SMOKE · validación técnica,rained,ward,5377,4590,-0.10520059,-0.083149076,0.022051513
SMOKE · validación técnica,Clara,sway,4841,5980,-0.0056281574,-0.030054396,-0.024426239
SMOKE · validación técnica,skip,spell,3965,3808,0.032646157,0.035126954,0.0024807975
SMOKE · validación técnica,shelves,swan,5973,3115,0.12215325,0.14309672,0.020943463
SMOKE · validación técnica,Jenny,Tuna,2405,7010,-0.009487022,-0.017882973,-0.008395951
SMOKE · validación técnica,holds,used,3671,1286,0.012980264,0.046212215,0.03323195
SMOKE · validación técnica,aim,sudden,7620,3442,0.09472288,0.07217079,-0.022552095
SMOKE · validación técnica,So,reminds,829,8065,-0.010500621,0.025201108,0.03570173
SMOKE · validación técnica,loudly,skip,3020,3965,-0.02427559,-0.0062825494,0.01799304
SMOKE · validación técnica,colder,yummy,7322,1246,0.014076972,0.07221874,0.058141768
SMOKE · validación técnica,expression,reach,8178,1712,0.104243904,0.09133299,-0.012910917
SMOKE · validación técnica,Nick,decisions,6669,7721,0.10879487,0.10318841,-0.0056064576
SMOKE · validación técnica,frustr,stood,2557,2523,-0.02767538,-0.024126373,0.0035490077
SMOKE · validación técnica,Sarah,attack,1244,6470,0.025100386,0.04440894,0.019308554
SMOKE · validación técnica,cloud,hopes,1646,4601,-0.049169365,-0.081804015,-0.03263465
SMOKE · validación técnica,Car,closer,5831,1143,0.051941134,0.007272184,-0.04466895
SMOKE · validación técnica,burning,properly,5099,5730,0.0425233,0.037320662,-0.005202636
SMOKE · validación técnica,Come,relaxing,2188,8105,-0.08415069,-0.07590507,0.008245617
SMOKE · validación técnica,cook,dif,1174,1036,-0.14304167,-0.13582353,0.0072181374
SMOKE · validación técnica,awesome,basketball,6197,4345,-0.023646854,-0.013867006,0.009779848
SMOKE · validación técnica,No,pump,3044,2991,0.029689377,0.008678837,-0.02101054
SMOKE · validación técnica,valley,wobbled,4948,6999,-0.012624862,0.0023781434,0.015003005
SMOKE · validación técnica,cabinet,standing,4859,2571,-0.017069027,-0.007630255,0.009438772
SMOKE · validación técnica,pe,solving,702,7773,-0.05287028,-0.049622115,0.0032481663
SMOKE · validación técnica,colors,impressive,1484,3612,0.102854475,0.094741955,-0.00811252
SMOKE · validación técnica,furry,threat,2326,6119,-0.02622052,0.0050342074,0.031254727
SMOKE · validación técnica,buck,so,1814,347,-0.034453824,-0.021664139,0.012789685
SMOKE · validación técnica,Tom,belong,496,1939,-0.057736356,-0.08129424,-0.023557883
SMOKE · validación técnica,maze,supposed,4423,5098,-0.09034412,-0.10476079,-0.014416665
SMOKE · validación técnica,peaches,thirst,5905,3298,-0.0012090784,0.0077416445,0.008950723
SMOKE · validación técnica,it,tar,304,7619,-0.052435696,-0.05216,0.00027569756
SMOKE · validación técnica,explore,sack,957,2264,0.06593092,0.08615525,0.020224333
SMOKE · validación técnica,decided,sunset,616,4202,-0.16979596,-0.17092864,-0.001132682
SMOKE · validación técnica,Jerry,prevent,4068,4504,-0.057618394,-0.062207796,-0.004589401
SMOKE · validación técnica,mailed,overcome,7461,7477,0.02256499,0.017650085,-0.004914906
SMOKE · validación técnica,needle,wool,3966,4546,0.0013795123,0.008301472,0.00692196
SMOKE · validación técnica,decor,sna,2514,2619,0.069787085,0.07572196,0.0059348717
SMOKE · validación técnica,Henry,risk,4896,6340,-0.0075109843,-0.01296518,-0.0054541957
SMOKE · validación técnica,Tilly,quite,6120,3942,0.1560819,0.13677981,-0.019302085
SMOKE · validación técnica,comet,dress,4098,1130,-0.0015121484,0.030070225,0.031582374
SMOKE · validación técnica,elephants,old,5178,690,-0.014779912,0.012310583,0.027090495
SMOKE · validación técnica,caterp,confident,2658,5860,0.081419334,0.08999719,0.008577853
SMOKE · validación técnica,changes,discussing,8095,7639,-0.014504667,-0.042508014,-0.028003346
SMOKE · validación técnica,created,forgiving,4254,7642,0.03481093,0.032346897,-0.0024640337
SMOKE · validación técnica,Eventually,buzz,3805,4130,0.04870874,0.00548926,-0.04321948
SMOKE · validación técnica,fright,search,2999,3079,-0.033480223,-0.0605105,-0.027030278
SMOKE · validación técnica,rele,rely,5651,8049,0.02009882,0.019762892,-0.00033592805
SMOKE · validación técnica,Jazz,rolled,6703,2209,0.089157104,0.058595303,-0.030561801
SMOKE · validación técnica,comforted,hose,5555,3090,0.119347505,0.1610423,0.041694798
SMOKE · validación técnica,quick,surrounded,1053,5308,0.07954365,0.06475427,-0.01478938
SMOKE · validación técnica,cheek,cop,4493,3286,-0.062171172,-0.041690104,0.020481069
SMOKE · validación técnica,drawings,stand,4144,1825,-0.0022803172,0.018926904,0.02120722
SMOKE · validación técnica,cust,deter,6734,2480,0.012770928,0.012770947,1.8626451e-08
SMOKE · validación técnica,afar,wis,7828,2760,0.039349258,0.041169807,0.0018205494
SMOKE · validación técnica,dollars,except,7054,7654,0.08217313,0.09814694,0.015973806
SMOKE · validación técnica,past,stick,1841,1131,-0.113308154,-0.13742372,-0.02411557
SMOKE · validación técnica,keeps,scattered,5747,4853,-0.007594698,-0.0018341397,0.0057605584
SMOKE · validación técnica,cowb,hated,6672,5326,-0.01234219,-0.016830057,-0.0044878665
SMOKE · validación técnica,figure,start,2932,530,-0.0019143205,0.022547731,0.024462052
SMOKE · validación técnica,shall,sor,7956,713,-0.023796875,-0.044012763,-0.020215888
SMOKE · validación técnica,Mr,pile,1815,2230,0.114772126,0.13498807,0.020215943
SMOKE · validación técnica,competitive,marve,3739,7898,-0.028875351,-0.023749951,0.0051253997
SMOKE · validación técnica,particular,side,6180,1642,-0.012856837,-0.0058329552,0.007023882
SMOKE · validación técnica,Leo,squeezing,2813,7807,-0.01777392,-0.0068302453,0.010943675
SMOKE · validación técnica,chocol,pers,2391,1828,0.037132632,0.043101393,0.0059687607
SMOKE · validación técnica,softly,stand,4269,1825,0.048287176,0.076348744,0.028061569
SMOKE · validación técnica,gathered,munch,2601,7224,0.08810255,0.098161325,0.010058776
SMOKE · validación técnica,adults,spun,7229,3000,0.049401313,0.056695618,0.0072943047
SMOKE · validación técnica,barn,brace,3019,3587,-0.10807701,-0.11694781,-0.008870795
SMOKE · validación técnica,cell,environment,4685,8184,-0.16592032,-0.14866428,0.017256036
SMOKE · validación técnica,couple,lemon,6763,2767,-0.0682403,-0.074899055,-0.0066587552
SMOKE · validación técnica,powers,whisp,5749,2576,-0.013824996,-0.03346083,-0.019635834
SMOKE · validación técnica,From,listens,884,6567,-0.029915955,8.3912164e-07,0.029916793
SMOKE · validación técnica,Enjoy,designed,6605,6910,0.029863045,0.0258932,-0.0039698444
SMOKE · validación técnica,drawings,qui,4144,7688,-0.0046533924,-0.006948242,-0.0022948496
SMOKE · validación técnica,bou,replace,8004,5127,0.015562553,0.012969191,-0.0025933618
SMOKE · validación técnica,Ra,villag,5939,5465,-0.04948148,-0.05189263,-0.0024111494
SMOKE · validación técnica,basement,shaking,7003,3783,-0.099669196,-0.106996715,-0.0073275194
SMOKE · validación técnica,Maya,screaming,6574,5928,0.11410183,0.09406425,-0.020037577
SMOKE · validación técnica,nuzzled,roots,7997,6262,-0.022308275,-0.021007508,0.0013007671
SMOKE · validación técnica,laug,moder,700,3426,-0.015044961,-0.015044954,7.450581e-09
SMOKE · validación técnica,emergen,restless,5665,3760,-0.12455697,-0.13489212,-0.010335147
SMOKE · validación técnica,sl,stroke,720,7939,-0.08811985,-0.07279308,0.015326768
SMOKE · validación técnica,airport,heaven,4134,8190,-0.09225546,-0.10228127,-0.010025814
SMOKE · validación técnica,monster,wore,1743,2449,-0.081800625,-0.093201265,-0.01140064
SMOKE · validación técnica,bell,temper,2338,6451,0.016729817,0.0425254,0.025795583
SMOKE · validación técnica,Many,fut,6329,5174,0.014919909,0.014436381,-0.00048352778
SMOKE · validación técnica,myster,patience,2200,6177,0.03535393,0.03612409,0.0007701628
SMOKE · validación técnica,camera,gently,3271,2304,0.051929653,0.06691486,0.014985204
SMOKE · validación técnica,day,forest,356,1074,-0.075471506,0.030749638,0.10622114
SMOKE · validación técnica,paintbrush,skunk,7804,6923,-0.013568796,-0.0052757366,0.00829306
SMOKE · validación técnica,cupboard,notice,3722,3247,-0.03505705,-0.050513715,-0.015456665
SMOKE · validación técnica,ca,edge,1949,3132,-0.052986495,-0.029449102,0.023537394
SMOKE · validación técnica,No,Suzie,3044,6235,0.0072907945,-0.00062712096,-0.0079179155
SMOKE · validación técnica,bakery,brushed,6530,5578,-0.07364105,-0.08828144,-0.014640391
SMOKE · validación técnica,munch,turtles,7224,8170,0.058658868,0.057573058,-0.0010858104
SMOKE · validación técnica,pulled,reg,1641,2673,0.10985853,0.079443514,-0.030415013
SMOKE · validación técnica,among,bear,6716,801,0.060862016,0.06294882,0.002086807
SMOKE · validación técnica,ab,near,644,1087,0.042524878,0.0056055225,-0.036919355
SMOKE · validación técnica,drive,rhino,2373,4122,-0.099268265,-0.095429674,0.0038385913
SMOKE · validación técnica,captain,tag,4980,2902,0.044223238,0.040664896,-0.0035583414
SMOKE · validación técnica,organize,trick,3977,3709,0.014654647,0.010233245,-0.004421402
SMOKE · validación técnica,let,scurry,915,7534,-0.031173084,-0.03144181,-0.00026872754
SMOKE · validación técnica,crawl,hop,2754,1159,-0.057529204,-0.050410315,0.007118888
SMOKE · validación técnica,belts,strings,7409,5820,-0.010836385,-0.033044986,-0.022208601
SMOKE · validación técnica,Wednesday,argument,5848,8143,-0.009194916,-0.0018374715,0.0073574446
SMOKE · validación técnica,bite,slept,1809,4399,0.06564497,0.08247212,0.016827151
SMOKE · validación técnica,afar,tub,7828,4434,0.05341225,0.063009076,0.009596825
SMOKE · validación técnica,roof,su,3193,1978,-0.015305761,-0.025786858,-0.010481097
SMOKE · validación técnica,maybe,quieter,2499,7746,0.0243661,0.014058836,-0.010307264
SMOKE · validación técnica,loose,whale,5667,2977,0.0055995984,-0.0055353614,-0.01113496
SMOKE · validación técnica,inv,scored,1982,7190,0.01764506,0.03633237,0.01868731
SMOKE · validación técnica,Ch,responded,2426,7969,0.08787695,0.110470526,0.022593573
SMOKE · validación técnica,scale,top,3572,1304,-0.1336793,-0.11419531,0.019483991
SMOKE · validación técnica,advice,lot,3531,662,-0.09179029,-0.05569357,0.03609672
SMOKE · validación técnica,friendly,matching,1446,5912,0.107054666,0.1155214,0.0084667355
SMOKE · validación técnica,pre,serious,1438,3372,-0.052386817,-0.04508064,0.007306177
SMOKE · validación técnica,Chloe,efforts,5889,7352,0.004882019,0.013779625,0.008897606
SMOKE · validación técnica,prot,rotten,2208,7390,0.006213166,-0.0012137815,-0.0074269474
SMOKE · validación técnica,cup,wiggle,1681,7004,0.029941803,0.039584037,0.009642234
SMOKE · validación técnica,grabbing,rumble,6900,6341,-0.041012883,-0.059129804,-0.018116921
SMOKE · validación técnica,comet,deep,4098,1607,-0.060727216,-0.028364757,0.03236246
SMOKE · validación técnica,coll,vis,1801,1514,-0.022731915,-0.023474935,-0.0007430203
SMOKE · validación técnica,regular,transf,3454,8078,0.009705491,-0.010003962,-0.019709453
SMOKE · validación técnica,crib,peeled,4289,7968,0.027695829,0.013548626,-0.014147203
SMOKE · validación técnica,cheeks,equ,6548,4972,0.01050855,0.010183176,-0.0003253743
SMOKE · validación técnica,Jojo,sew,7630,5097,-0.08729136,-0.085515395,0.0017759651
SMOKE · validación técnica,luck,ret,4032,2047,-0.010077309,0.021166373,0.031243682
SMOKE · validación técnica,competition,thread,5931,3886,0.010753306,0.013831769,0.0030784635
SMOKE · validación técnica,puzzle,wraps,2603,6832,0.07175574,0.06763848,-0.004117258
SMOKE · validación técnica,barks,cheese,4430,2146,0.0053114966,0.020938601,0.015627105
SMOKE · validación técnica,lick,rever,5185,4294,-0.085000426,-0.05385997,0.031140454
SMOKE · validación técnica,Ro,me,4287,529,0.024369024,0.017280387,-0.007088637
SMOKE · validación técnica,however,sug,6201,2900,0.12916367,0.1162824,-0.012881264
SMOKE · validación técnica,appreciate,poppies,5065,7628,0.016628917,0.03379283,0.017163914
SMOKE · validación técnica,carrot,looking,1763,1031,-0.055555265,0.0140491165,0.06960438
SMOKE · validación técnica,anytime,padd,5441,5517,-0.021913037,-0.02265627,-0.00074323267
SMOKE · validación técnica,Other,chased,7930,2410,0.026090879,0.058867052,0.032776173
SMOKE · validación técnica,chirped,safe,5201,895,0.17413105,0.19910282,0.024971768
SMOKE · validación técnica,prot,tiptoed,2208,6796,0.038025286,0.02427556,-0.013749726
SMOKE · validación técnica,school,youth,1824,5810,-0.03453646,-0.0085959155,0.025940543
SMOKE · validación técnica,peered,unpack,5288,3832,0.01652028,0.02783873,0.011318449
SMOKE · validación técnica,incredible,rings,2913,6881,-0.018517938,-0.031022755,-0.012504818
SMOKE · validación técnica,mop,por,4487,4076,0.058003966,0.05176448,-0.006239485
SMOKE · validación técnica,kitten,least,2412,7086,0.0669747,0.053255726,-0.013718974
SMOKE · validación técnica,bathroom,spoon,2815,2080,0.06272836,0.07789264,0.015164278
SMOKE · validación técnica,pushed,t,1857,258,-0.012109105,-0.005834192,0.0062749125
SMOKE · validación técnica,mov,skill,2780,4212,-0.110019445,-0.10092435,0.009095095
SMOKE · validación técnica,scientist,tweet,7184,7987,0.03458848,0.043416604,0.008828126
SMOKE · validación técnica,changed,dr,3292,1239,-0.10696275,-0.09471192,0.012250826
SMOKE · validación técnica,disg,unexpected,3637,5949,0.07673245,0.08237453,0.005642079
SMOKE · validación técnica,Bun,focus,4583,8139,-0.00868338,-0.012365766,-0.0036823861
SMOKE · validación técnica,circus,helmets,5414,6857,-0.13877286,-0.10088164,0.037891217
SMOKE · validación técnica,Give,nowhere,3991,3753,-0.108246826,-0.08372224,0.024524584
SMOKE · validación técnica,pray,shared,2784,1663,0.07755146,0.039340626,-0.038210835
SMOKE · validación técnica,ni,sandw,7624,2134,0.011266615,0.00020985678,-0.011056758
SMOKE · validación técnica,g,zoo,290,2227,0.026061088,-0.0062198043,-0.032280892
SMOKE · validación técnica,conf,dep,4665,8085,0.060751844,0.06653104,0.0057791956
SMOKE · validación técnica,celebration,inf,6345,4523,-0.029658902,-0.008458987,0.021199916
SMOKE · validación técnica,postman,waves,7059,2624,0.074647814,0.08993128,0.015283465
SMOKE · validación técnica,focused,grabbed,7077,1184,0.048528075,-0.019996561,-0.06852464
SMOKE · validación técnica,actually,isn,5179,4806,0.015337966,0.070777215,0.05543925
SMOKE · validación técnica,pleaded,stole,7733,5772,0.03475531,0.05467808,0.01992277
SMOKE · validación técnica,reve,rides,4481,5570,-0.038142353,-0.029961865,0.008180488
SMOKE · validación técnica,kings,skipped,8092,2824,-0.0065065864,-0.015131961,-0.008625374
SMOKE · validación técnica,fireman,mon,4133,1220,0.049716547,0.06976511,0.020048566
SMOKE · validación técnica,son,wearing,3272,2265,0.0760584,0.025480915,-0.050577488
SMOKE · validación técnica,Christmas,control,6278,5891,-0.0076525733,-0.009905137,-0.0022525638
SMOKE · validación técnica,afraid,modest,2050,4005,0.09255948,0.09543398,0.002874501
SMOKE · validación técnica,battle,mixture,7462,6624,-0.027216215,-0.023383994,0.003832221
SMOKE · validación técnica,flex,rabbit,3517,1103,-0.07119156,-0.068602785,0.0025887713
SMOKE · validación técnica,no,shampoo,493,4938,-0.06367073,-0.06545186,-0.0017811283
SMOKE · validación técnica,Chirp,large,5218,2376,0.0043069795,0.021757677,0.017450698
SMOKE · validación técnica,dead,nation,3424,5094,-0.08526532,-0.070012644,0.01525268
SMOKE · validación técnica,high,responsib,1146,7640,0.0027098022,-0.014944678,-0.01765448
SMOKE · validación técnica,returned,scolded,2560,4596,0.09872211,0.088743046,-0.009979062
SMOKE · validación técnica,art,crashed,4029,5247,0.038047194,0.023917751,-0.014129443
SMOKE · validación técnica,flood,sna,5207,2619,-0.030315876,-0.00052586943,0.029790007
SMOKE · validación técnica,cir,posit,2042,7593,-0.005187601,-0.011139942,-0.0059523415
SMOKE · validación técnica,And,Just,849,2441,0.017754707,0.08658269,0.06882799
SMOKE · validación técnica,Jessica,evening,6452,4131,0.046496324,0.06699662,0.020500295
SMOKE · validación técnica,sill,sparkle,7621,4719,-0.06977316,-0.080213845,-0.010440685
SMOKE · validación técnica,pleased,slip,2681,5424,0.021321246,0.03281052,0.011489274
SMOKE · validación técnica,argued,break,5514,1519,0.0279075,0.034914177,0.007006677
SMOKE · validación técnica,Br,snack,2711,1731,0.041448053,0.023625221,-0.017822832
SMOKE · validación técnica,Jessie,landsc,6413,5652,0.089095846,0.090186305,0.0010904595
SMOKE · validación técnica,Friends,soon,7143,936,0.03584695,0.037866864,0.0020199157
SMOKE · validación técnica,mint,nose,4788,2021,0.029600326,0.049472637,0.019872312
SMOKE · validación técnica,Prin,collected,6491,4514,0.08969686,0.0908546,0.0011577383
SMOKE · validación técnica,dream,pup,1421,3388,-0.088068075,-0.051274855,0.03679322
SMOKE · validación técnica,pours,stain,7383,7066,-0.05801688,-0.033369474,0.024647407
SMOKE · validación técnica,trembled,v,7140,632,-0.046329044,-0.033080224,0.01324882
SMOKE · validación técnica,jo,responsible,790,5872,0.017817374,0.03625922,0.018441845
SMOKE · validación técnica,Froggy,quiz,7744,4784,-0.023005147,-0.012783201,0.010221945
SMOKE · validación técnica,cuts,planted,6252,5290,0.031527214,0.039547607,0.008020394
SMOKE · validación técnica,gracefully,reaching,6744,6187,-0.014031824,-0.03130694,-0.017275117
SMOKE · validación técnica,seed,served,2586,5384,-0.04322671,-0.039301712,0.0039249994
SMOKE · validación técnica,pays,rotting,7372,7610,-0.024679024,-0.005008694,0.01967033
SMOKE · validación técnica,been,smiled,1127,506,0.16748796,0.08386523,-0.08362273
SMOKE · validación técnica,Are,picked,4016,998,-0.10414247,-0.095994815,0.008147657
SMOKE · validación técnica,field,performing,1650,7240,0.02566174,0.023453632,-0.002208108
SMOKE · validación técnica,pass,younger,2324,6518,0.00068529695,-0.011086371,-0.011771668
SMOKE · validación técnica,adults,taller,7229,4957,-0.044717573,0.024100943,0.06881852
SMOKE · validación técnica,clown,isn,2737,4806,0.0033808053,0.01963469,0.016253885
SMOKE · validación técnica,cake,quilt,1177,7961,0.04241425,0.04401379,0.0015995391
SMOKE · validación técnica,dan,gest,941,7274,0.08438346,0.095084526,0.010701068
SMOKE · validación técnica,asks,search,1669,3079,-0.013156723,-0.037460573,-0.02430385
SMOKE · validación técnica,comforting,fix,8103,1287,-0.018182918,-0.058559988,-0.04037707
SMOKE · validación técnica,People,joking,5126,6621,-0.015488353,0.010759689,0.026248042
SMOKE · validación técnica,enjoyed,grandpare,1409,6787,-0.11868604,-0.054589584,0.06409646
SMOKE · validación técnica,because,remember,771,1063,0.00020775478,0.04019434,0.039986584
SMOKE · validación técnica,Nemo,flags,3256,6323,-0.14193964,-0.12436837,0.01757127
SMOKE · validación técnica,Sally,cowb,1457,6672,-0.068205565,-0.040548526,0.02765704
SMOKE · validación técnica,belonged,lemon,3021,2767,0.21348053,0.18872224,-0.024758294
SMOKE · validación técnica,firefighters,suggest,6214,2878,0.07433732,0.08659832,0.012261003
SMOKE · validación técnica,gem,sn,3192,847,0.019015297,0.018845934,-0.00016936287
SMOKE · validación técnica,folding,sing,6526,1228,0.0116561875,0.0004736483,-0.011182539
SMOKE · validación técnica,celebrate,pink,3580,1521,-0.037761666,-0.05170992,-0.013948254
SMOKE · validación técnica,haircut,praying,4228,6983,0.083275005,0.083402894,0.00012788922
SMOKE · validación técnica,lived,wear,903,1711,0.03238415,0.045348436,0.012964286
SMOKE · validación técnica,opposite,tre,7972,544,0.01576931,0.022903737,0.0071344264
SMOKE · validación técnica,suitcase,switch,5977,3821,-0.067955226,-0.066903114,0.0010521114
SMOKE · validación técnica,plates,what,4897,543,0.020040555,-0.025834605,-0.045875162
SMOKE · validación técnica,bet,challenge,3845,5684,0.08451106,0.08665458,0.0021435246
SMOKE · validación técnica,cush,stamps,3635,5742,0.024076827,0.03597437,0.011897542
SMOKE · validación técnica,Susan,strip,6157,4232,0.035762075,0.05351231,0.017750233
SMOKE · validación técnica,doorway,images,7659,7770,0.07038877,0.09090483,0.02051606
SMOKE · validación técnica,bunch,ho,5918,696,-0.0338782,0.010393174,0.044271372
SMOKE · validación técnica,causing,ok,7176,2811,-0.056266274,-0.0740767,-0.017810423
SMOKE · validación técnica,days,each,2066,767,0.07531275,0.055763762,-0.019548986
SMOKE · validación técnica,factor,sad,4643,571,-0.052589532,-0.059395544,-0.0068060122
SMOKE · validación técnica,hippo,honked,3898,7098,0.024686726,0.023027282,-0.0016594436
SMOKE · validación técnica,Claus,Jill,7912,1768,-0.021436429,-0.01833935,0.0030970778
SMOKE · validación técnica,count,tremble,1513,5462,0.07685827,0.08568493,0.008826666
SMOKE · validación técnica,comm,march,6174,3320,-0.11823755,-0.1108743,0.007363245
SMOKE · validación técnica,film,pointing,4095,3068,-0.0021875612,-0.019314773,-0.017127212
SMOKE · validación técnica,guess,jo,3006,790,0.0068780724,0.01576592,0.008887848
SMOKE · validación técnica,motorcycle,player,4277,4437,-0.10028276,-0.10507144,-0.004788682
SMOKE · validación técnica,discover,lazy,3588,2764,0.0257858,0.022816531,-0.0029692687
SMOKE · validación técnica,bully,inspired,6846,7870,-0.06270771,-0.071601346,-0.008893639
SMOKE · validación técnica,noodles,rolled,7218,2209,-0.03031963,-0.031384926,-0.001065297
SMOKE · validación técnica,din,grandma,1362,1531,0.09528357,0.107546374,0.012262806
SMOKE · validación técnica,hiding,need,2382,785,-0.03210759,-0.059679795,-0.027572203
SMOKE · validación técnica,dollhouse,protected,6945,5653,-0.002737239,-0.0015323237,0.0012049153
SMOKE · validación técnica,fing,think,2108,1066,0.060198486,0.08865704,0.02845855
SMOKE · validación técnica,comforting,picnic,8103,2283,0.0534166,0.08902474,0.03560814
SMOKE · validación técnica,changed,lumber,3292,4920,0.0037562866,0.003109578,-0.00064670853
SMOKE · validación técnica,nosy,umb,3113,3403,0.12580943,0.11933161,-0.006477818
SMOKE · validación técnica,env,pile,3513,2230,0.013445962,0.0022958256,-0.011150137
SMOKE · validación técnica,Elsa,spoons,7535,5434,-0.03803006,-0.019528806,0.018501252
SMOKE · validación técnica,pause,tracks,6348,5318,0.026798645,0.012693401,-0.014105244
SMOKE · validación técnica,Wally,peeked,7302,3422,-0.001604028,0.006558448,0.008162476
SMOKE · validación técnica,By,so,6112,347,-0.09839705,-0.06478128,0.033615768
SMOKE · validación técnica,Out,books,6222,1477,0.029108657,-0.00910675,-0.038215406
SMOKE · validación técnica,mil,taller,2054,4957,-0.028394513,0.0016463026,0.030040815
SMOKE · validación técnica,blankets,then,4592,586,-0.1407078,-0.11965139,0.021056414
SMOKE · validación técnica,bin,realize,3999,5657,0.065696284,0.034835946,-0.030860338
SMOKE · validación técnica,far,joked,982,7798,-0.012340632,-0.022422217,-0.010081585
SMOKE · validación técnica,crash,time,4862,393,0.04694504,0.05032422,0.003379181
SMOKE · validación técnica,goodbye,independent,1136,3259,0.05617377,0.05108738,-0.005086392
SMOKE · validación técnica,Rosie,tighter,4522,7635,0.074298024,0.054259237,-0.020038787
SMOKE · validación técnica,exercise,pink,4919,1521,-0.04489609,-0.036536396,0.008359693
SMOKE · validación técnica,fall,lip,1578,4063,0.030791689,0.049566757,0.018775068
SMOKE · validación técnica,Two,repair,6929,4119,0.11790213,0.1247218,0.006819673
SMOKE · validación técnica,teasing,vibr,5851,8136,0.010575404,-0.021608718,-0.032184124
SMOKE · validación técnica,Larry,sweaty,6331,8031,-0.026738346,-0.02913744,-0.0023990944
SMOKE · validación técnica,suffered,throw,7264,1923,0.05879343,0.059440292,0.00064686313
SMOKE · validación técnica,flex,ped,3517,4150,0.0094163995,-0.0048666727,-0.014283072
SMOKE · validación técnica,strang,zoom,5281,2171,0.06316265,0.036442205,-0.026720442
SMOKE · validación técnica,gardener,hider,7171,6885,-0.0053261574,0.022184024,0.027510181
SMOKE · validación técnica,boss,village,2820,2393,-0.017011516,-0.0061893784,0.010822138
SMOKE · validación técnica,T,hawk,284,6484,-0.022754548,-0.026463008,-0.0037084594
SMOKE · validación técnica,conductor,fig,7706,2615,-0.04337343,-0.027506733,0.015866695
SMOKE · validación técnica,tear,trot,4384,7170,0.07708843,0.07875724,0.0016688108
SMOKE · validación técnica,Jen,sizes,1610,4721,0.03569758,0.053315282,0.017617702
SMOKE · validación técnica,Their,snowflakes,2567,7872,-0.05444356,-0.03076224,0.02368132
SMOKE · validación técnica,E,available,600,3934,-0.0152135175,0.011311732,0.02652525
SMOKE · validación técnica,shot,snat,5014,6393,0.0234874,0.019625396,-0.0038620047
SMOKE · validación técnica,crane,likes,3665,1428,0.03511201,0.056592893,0.021480884
SMOKE · validación técnica,glowing,network,4376,6124,0.1335194,0.13475846,0.0012390614
SMOKE · validación técnica,shelf,tim,2497,6092,-0.0041789375,0.0022213608,0.0064002983
SMOKE · validación técnica,shivered,smart,5826,1775,-0.06393626,-0.03813618,0.025800083
SMOKE · validación técnica,lucky,tuck,2120,7222,-0.010342708,0.01735182,0.027694527
SMOKE · validación técnica,Johnson,buying,5961,6300,0.07767547,0.07831633,0.0006408617
SMOKE · validación técnica,proper,racing,7181,5270,0.06803497,0.07195321,0.003918238
SMOKE · validación técnica,knee,to,2425,266,0.033889033,0.017723743,-0.01616529
SMOKE · validación técnica,duck,struggled,1307,5480,0.010843355,0.019736614,0.008893259
SMOKE · validación técnica,enc,goals,3353,5987,0.06169109,0.060965,-0.0007260889
SMOKE · validación técnica,Now,firefly,1492,7290,-0.04551865,-0.0832314,-0.037712745
SMOKE · validación técnica,Jess,panic,4716,4921,0.024021264,0.060131714,0.03611045
SMOKE · validación técnica,Little,crystal,2965,4053,-0.09890768,-0.12643132,-0.027523637
SMOKE · validación técnica,mountains,neat,5352,3673,-0.010119627,-0.0060988986,0.0040207286
SMOKE · validación técnica,Sorry,headed,6632,4405,-0.013488583,0.015521113,0.029009696
SMOKE · validación técnica,find,sung,633,4535,-0.009571083,0.049442463,0.059013546
SMOKE · validación técnica,brand,refuse,5400,7703,0.052952275,0.036436014,-0.01651626
SMOKE · validación técnica,sack,want,2264,379,0.065438926,-0.002129497,-0.06756842
SMOKE · validación técnica,blankets,shampoo,4592,4938,0.066937566,0.056229226,-0.0107083395
SMOKE · validación técnica,afar,interested,7828,6277,-0.05306132,-0.03474123,0.018320091
SMOKE · validación técnica,apart,waffle,4652,4970,-0.00037518516,-0.0023688786,-0.0019936934
SMOKE · validación técnica,explain,same,3883,1773,-0.1134193,-0.052001555,0.061417747
SMOKE · validación técnica,brand,disg,5400,3637,0.027492508,0.01787327,-0.009619238
SMOKE · validación técnica,mister,snow,5428,1471,-0.080115296,-0.079929695,0.00018560141
SMOKE · validación técnica,head,scatter,1104,3509,-0.061867762,-0.061496045,0.00037171692
SMOKE · validación técnica,sunglasses,twirled,4653,3526,0.14362177,0.14187919,-0.0017425865
SMOKE · validación técnica,whe,winter,1930,4374,0.14792582,0.15140486,0.0034790337
SMOKE · validación técnica,stem,tooth,6312,3325,-0.008385938,-0.013851907,-0.0054659694
SMOKE · validación técnica,nasty,six,7819,5519,-0.036734726,-0.03210371,0.0046310164
SMOKE · validación técnica,St,Tilly,2358,6120,0.065518335,0.060693383,-0.0048249513
SMOKE · validación técnica,naughty,paid,1944,4036,-0.041729264,-0.014015943,0.027713321
SMOKE · validación técnica,admir,wooden,4893,5596,0.0141168665,0.000759935,-0.0133569315
SMOKE · validación técnica,Zip,boom,6938,6172,0.043329775,0.06759393,0.024264157
SMOKE · validación técnica,bounced,wise,3947,1947,-0.0983626,-0.09617679,0.002185814
SMOKE · validación técnica,Tweet,bit,2185,1197,0.03651462,0.019539014,-0.016975608
SMOKE · validación técnica,cray,soaring,1850,5552,-0.022347018,-0.009964101,0.012382917
SMOKE · validación técnica,Poppy,rel,5591,1427,-0.11630494,-0.12685001,-0.0105450675
SMOKE · validación técnica,forg,spe,1157,2434,-0.02196363,-0.034464106,-0.012500476
SMOKE · validación técnica,cheering,fixed,6015,2403,-0.052437924,-0.029369274,0.02306865
SMOKE · validación técnica,infant,salad,4835,3348,0.060421623,0.05767969,-0.0027419329
SMOKE · validación técnica,bring,tested,1901,7136,0.032187,0.03957677,0.007389769
SMOKE · validación técnica,clown,pudd,2737,2137,-0.027367238,-0.046613634,-0.019246396
SMOKE · validación técnica,hurried,trees,5366,1353,0.023271153,-0.0043360176,-0.02760717
SMOKE · validación técnica,brushing,flower,7612,1310,-0.03073521,-0.06510084,-0.03436563
SMOKE · validación técnica,blueber,hungry,3610,1550,0.04383537,0.04657101,0.0027356371
SMOKE · validación técnica,heel,instead,6142,2103,-0.008024426,0.039456993,0.047481418
SMOKE · validación técnica,bitten,remembering,8150,7155,-0.014613045,0.010000488,0.024613533
SMOKE · validación técnica,fu,quickly,3988,1101,-0.017169397,-0.066525824,-0.049356427
SMOKE · validación técnica,planning,sprinkled,6873,6877,-0.05182388,-0.0575274,-0.00570352
SMOKE · validación técnica,feet,stool,2341,7084,-0.057937413,-0.045997202,0.011940211
SMOKE · validación técnica,oat,sofa,4007,3780,-0.06282987,-0.076135844,-0.013305977
SMOKE · validación técnica,first,know,1187,694,-0.07481869,-0.07648441,-0.0016657189
SMOKE · validación técnica,brace,colors,3587,1484,-0.0024302904,-0.026510699,-0.024080409
SMOKE · validación técnica,wept,yours,7026,2949,0.035030268,0.074551314,0.039521046
SMOKE · validación técnica,Ryan,couch,7728,2339,-0.099959455,-0.075943865,0.02401559
SMOKE · validación técnica,dictionary,tipt,4946,6550,-0.011806279,0.010382965,0.022189245
SMOKE · validación técnica,C,free,875,1849,0.041629836,0.023638524,-0.017991312
SMOKE · validación técnica,judge,stood,4303,2523,-0.032464586,0.014902003,0.04736659
SMOKE · validación técnica,forgetting,twin,6794,6446,0.081666306,0.0575884,-0.024077907
SMOKE · validación técnica,Sarah,off,1244,781,0.028602518,-0.016165022,-0.04476754
SMOKE · validación técnica,Ow,efforts,6525,7352,-0.09800015,-0.09979038,-0.001790233
SMOKE · validación técnica,Eventually,memb,3805,7655,0.07252943,0.08436555,0.011836119
SMOKE · validación técnica,Always,unf,5984,6394,0.0071902424,-0.008205891,-0.015396133
SMOKE · validación técnica,But,achie,553,4945,0.015541194,-0.0016312902,-0.017172484
SMOKE · validación técnica,Mouse,bend,6942,5746,0.06082286,0.046318553,-0.014504306
SMOKE · validación técnica,Larry,supply,6331,4737,0.079719275,0.082567774,0.0028484985
SMOKE · validación técnica,gate,granted,2671,6835,0.06782221,0.063348934,-0.0044732764
SMOKE · validación técnica,spoonful,spread,6829,2383,0.023104887,0.06411133,0.041006442
SMOKE · validación técnica,Cl,James,3836,4867,-0.0799387,-0.055638794,0.024299908
SMOKE · validación técnica,meant,smelly,2496,2734,-0.07524967,-0.04192962,0.03332005
SMOKE · validación técnica,end,sway,814,5980,0.04064084,0.05134134,0.0107005015
SMOKE · validación técnica,flute,spiders,3406,5617,-0.07628521,-0.074180454,0.0021047592
SMOKE · validación técnica,ended,hunt,4064,3039,0.018673591,0.026527155,0.007853564
SMOKE · validación técnica,eraser,ord,4146,2885,-0.06853537,-0.07920782,-0.01067245
SMOKE · validación técnica,panda,rope,4347,2180,0.069805086,0.07618913,0.006384045
SMOKE · validación técnica,clay,sailor,3125,4118,0.029576266,0.058143444,0.028567178
SMOKE · validación técnica,blankets,screams,4592,5529,-0.13887691,-0.1251019,0.013775021
SMOKE · validación técnica,gre,twirled,769,3526,0.0014395248,-0.003535483,-0.004975008
SMOKE · validación técnica,neighb,served,1830,5384,0.08176682,0.08503939,0.0032725707
SMOKE · validación técnica,bright,made,1095,559,-0.15933669,-0.2043075,-0.04497081
SMOKE · validación técnica,Tweetie,tickets,3869,5682,-0.05920276,-0.05841185,0.00079090893
SMOKE · validación técnica,asked,awake,511,6335,0.08206792,0.0921654,0.010097481
SMOKE · validación técnica,clearly,jars,8107,7957,0.06432633,0.04652653,-0.017799802
SMOKE · validación técnica,Su,cared,4562,4668,-0.03575516,-0.02354706,0.0122081
SMOKE · validación técnica,farm,pi,2006,1532,-0.082210064,-0.07427662,0.007933445
SMOKE · validación técnica,hedge,trap,3863,3420,0.10366647,0.11064177,0.0069753006
SMOKE · validación técnica,loved,much,499,714,-0.043619066,-0.06673355,-0.02311448
SMOKE · validación técnica,climbing,fall,4138,1578,-0.020586994,-0.009419832,0.011167161
SMOKE · validación técnica,fields,palace,4229,4380,0.031198526,0.06385689,0.03265837
SMOKE · validación técnica,enthusiastic,third,4089,6650,0.08593949,0.071018934,-0.014920555
SMOKE · validación técnica,books,gained,1477,5569,0.01186074,-0.010778111,-0.022638852
SMOKE · validación técnica,Santa,tumbled,5801,7817,-0.03483964,-0.01152914,0.023310501
SMOKE · validación técnica,praying,reward,6983,3378,0.0060908133,0.028397076,0.022306263
SMOKE · validación técnica,game,rem,1256,898,-0.04003702,-0.03957974,0.00045727938
SMOKE · validación técnica,cars,van,1346,2595,-0.07831675,-0.06356345,0.014753297
SMOKE · validación técnica,pizza,ran,2599,555,-0.0591015,-0.025994895,0.033106603
SMOKE · validación técnica,ones,polishing,2805,6046,0.07238427,0.053691745,-0.018692523
SMOKE · validación técnica,campfire,trembled,7416,7140,0.010375299,-0.007840499,-0.018215798
SMOKE · validación técnica,Here,falling,3746,4314,-0.14868593,-0.15719894,-0.008513004
SMOKE · validación técnica,Janey,berry,7279,4820,0.101453185,0.102945745,0.0014925599
SMOKE · validación técnica,creatures,sandwich,3603,2587,0.060313568,0.06327058,0.0029570088
SMOKE · validación técnica,bathe,man,5085,509,0.012705805,0.022415526,0.009709721
SMOKE · validación técnica,Lion,joins,7960,7988,0.007953253,0.007953256,3.7252903e-09
SMOKE · validación técnica,aimed,fauc,7269,4409,-0.122176595,-0.12217657,2.2351742e-08
SMOKE · validación técnica,bottles,somet,5740,533,0.04467565,0.042078614,-0.002597034
SMOKE · validación técnica,screws,soil,6674,4328,0.019132152,0.023937352,0.0048052
SMOKE · validación técnica,Friend,apple,6595,1903,-0.03310815,-0.03911127,-0.006003123
SMOKE · validación técnica,ho,risks,696,7559,0.034866247,0.012992196,-0.021874052
SMOKE · validación técnica,accompl,willing,5674,6753,0.038776506,0.045955766,0.0071792603
SMOKE · validación técnica,biting,raining,7661,4154,-0.024530977,-0.030159444,-0.0056284666
SMOKE · validación técnica,flick,print,7759,3471,-0.04747828,-0.013278019,0.034200262
SMOKE · validación técnica,sides,within,5903,7921,0.13330163,0.12707828,-0.0062233508
SMOKE · validación técnica,plain,wor,7110,538,0.15083414,0.15001787,-0.0008162707
SMOKE · validación técnica,Flo,float,7927,4695,0.01190233,0.022988532,0.011086201
SMOKE · validación técnica,answer,gym,2279,4581,-0.04551182,0.0016729329,0.04718475
SMOKE · validación técnica,sweets,therm,6037,4709,-0.0010016151,-0.020203624,-0.019202009
SMOKE · validación técnica,milk,nosy,2133,3113,0.13953574,0.15490612,0.015370384
SMOKE · validación técnica,gre,rin,769,7791,0.052746724,0.052746776,5.2154064e-08
SMOKE · validación técnica,decorating,tape,6951,2921,0.075283304,0.08534026,0.010056958
SMOKE · validación técnica,polar,rained,7440,5377,0.053756304,0.054064367,0.00030806288
SMOKE · validación técnica,fingers,reass,3283,6865,0.062293686,0.08409141,0.021797724
SMOKE · validación técnica,Lucky,driver,5733,2075,-0.018612618,-0.033839703,-0.015227085
SMOKE · validación técnica,destination,thanked,4811,839,0.05924789,0.0005178414,-0.058730047
SMOKE · validación técnica,otter,speeding,3557,7810,0.070728794,0.08314614,0.012417346
SMOKE · validación técnica,confused,shapes,2314,2002,0.027190678,0.102819525,0.07562885
SMOKE · validación técnica,eag,sewed,2253,7418,0.06553026,0.06713623,0.0016059652
SMOKE · validación técnica,includ,solving,4965,7773,-0.017964486,-0.018933252,-0.00096876547
SMOKE · validación técnica,calendar,mark,4941,2019,-0.036220517,-0.040974934,-0.0047544166
SMOKE · validación técnica,breakfast,peel,2955,5546,0.056659862,0.07597248,0.01931262
SMOKE · validación técnica,bits,each,7527,767,-0.06533105,-0.051832803,0.013498247
SMOKE · validación técnica,inse,poppy,4352,5399,-0.11657765,-0.11199923,0.004578419
SMOKE · validación técnica,Pe,polar,3855,7440,-0.013398991,0.01332451,0.0267235
SMOKE · validación técnica,Sparky,scre,6502,2543,-0.117626175,-0.11762617,7.450581e-09
SMOKE · validación técnica,aud,surv,6699,7663,0.09067671,0.09138895,0.00071223825
SMOKE · validación técnica,bully,safety,6846,4746,0.022477116,0.04568085,0.023203734
SMOKE · validación técnica,charac,greedy,7128,4633,0.10121633,0.10637209,0.005155757
SMOKE · validación técnica,juicy,our,2845,1161,0.05053769,0.067118116,0.016580425
SMOKE · validación técnica,famil,rocks,5432,1924,0.05154836,0.069140226,0.017591864
SMOKE · validación técnica,Santa,crew,5801,6966,0.06512274,0.07629214,0.011169404
SMOKE · validación técnica,Whenever,witch,3173,3537,-0.059620906,-0.055201724,0.0044191815
SMOKE · validación técnica,darl,reverse,8118,4883,-0.0050794,-0.00911722,-0.00403782
SMOKE · validación técnica,Bear,remembering,3957,7155,-0.058192275,-0.088041425,-0.02984915
SMOKE · validación técnica,activity,lips,7941,5541,-0.035468146,-0.023326878,0.012141269
SMOKE · validación técnica,lit,ornam,2665,4801,0.032908227,0.00718162,-0.025726607
SMOKE · validación técnica,images,instruct,7770,5650,-0.01333418,-0.015967194,-0.0026330138
SMOKE · validación técnica,dared,firefly,6218,7290,0.04763139,0.03526706,-0.012364332
SMOKE · validación técnica,give,under,1038,896,0.019297361,0.067647815,0.048350453
SMOKE · validación técnica,rainbow,rising,1986,6708,0.07864492,0.08975224,0.011107326
SMOKE · validación técnica,marched,oasis,4117,4550,0.09434315,0.098775275,0.004432127
SMOKE · validación técnica,fluffy,other,2822,572,-0.090566345,-0.0023753494,0.088190995
SMOKE · validación técnica,dependable,ĊĠ,3178,6198,0.14584021,0.07976238,-0.066077836
SMOKE · validación técnica,badge,yawn,6728,3771,0.08367758,0.086588435,0.0029108524
SMOKE · validación técnica,succeed,switch,3906,3821,-0.020966906,0.040145703,0.06111261
SMOKE · validación técnica,carried,teleph,2539,4771,-0.021297358,-0.03830495,-0.017007593
SMOKE · validación técnica,become,exciting,2788,2040,-0.063686304,-0.059253797,0.004432507
SMOKE · validación técnica,crash,relax,4862,2714,-0.08039363,-0.09345395,-0.013060324
SMOKE · validación técnica,enthusiastic,yog,4089,3214,0.13295464,0.16298845,0.030033812
SMOKE · validación técnica,anticipation,prettiest,7647,5629,-0.010783597,0.0072523113,0.018035907
SMOKE · validación técnica,conductor,dra,7706,978,0.07256751,0.0732332,0.0006656945
SMOKE · validación técnica,digg,un,4977,996,0.087796666,0.061515063,-0.026281603
SMOKE · validación técnica,Jill,turned,1768,1544,0.011603788,0.0055656172,-0.0060381703
SMOKE · validación técnica,Even,passports,2542,7742,0.05992227,0.05606705,-0.003855221
SMOKE · validación técnica,Farmer,count,6667,1513,0.04914849,0.07339683,0.024248343
SMOKE · validación técnica,animals,dots,889,6649,-0.038078066,-0.028129347,0.009948719
SMOKE · validación técnica,counting,ostri,3584,3853,0.09906864,0.09596849,-0.0031001493
SMOKE · validación técnica,shrink,temple,4681,4805,0.08053717,0.07745826,-0.0030789077
SMOKE · validación técnica,either,phot,4136,3687,0.07576975,0.074865,-0.0009047538
SMOKE · validación técnica,advent,flapped,954,4574,-0.026574733,-0.019912792,0.0066619404
SMOKE · validación técnica,but,repairman,408,8070,-0.02946797,-0.016891323,0.012576647
SMOKE · validación técnica,pra,sug,4598,2900,0.03355616,0.04468628,0.011130121
SMOKE · validación técnica,compet,entrance,3111,6138,0.03163129,0.044132363,0.012501072
SMOKE · validación técnica,successful,wrinkled,3280,7876,0.03900153,0.025434053,-0.013567476
SMOKE · validación técnica,gasped,unicorn,3590,5588,0.041814,0.045056157,0.0032421574
SMOKE · validación técnica,inside,lending,735,7402,-0.06764337,-0.06466882,0.0029745474
SMOKE · validación técnica,Instead,cloud,4490,1646,0.081698164,0.065546535,-0.01615163
SMOKE · validación técnica,passing,ye,5990,1118,-0.08371507,-0.08584482,-0.002129756
SMOKE · validación técnica,Beth,against,5632,2984,-0.014361322,-0.018029027,-0.0036677048
SMOKE · validación técnica,dest,friendship,2779,3478,-0.09549809,-0.15002865,-0.054530554
SMOKE · validación técnica,like,serve,518,4825,-0.096449465,-0.06647708,0.029972382
SMOKE · validación técnica,appreciated,guests,7464,7022,0.05598467,0.05981961,0.0038349405
SMOKE · validación técnica,from,worms,573,4958,0.10324277,0.07353152,-0.029711246
SMOKE · validación técnica,Thomas,sore,6355,5227,-0.06994912,-0.059506916,0.010442205
SMOKE · validación técnica,gray,sparkled,2552,3451,-0.08721451,-0.09964615,-0.012431644
SMOKE · validación técnica,cry,unlock,987,4145,0.085781984,0.04489055,-0.040891435
SMOKE · validación técnica,truth,wreck,3614,5582,-0.0070635565,-0.0019381344,0.005125422
SMOKE · validación técnica,pout,rem,6003,898,0.034079865,0.038692113,0.0046122484
SMOKE · validación técnica,neare,sandbox,7085,4206,0.058376763,0.039821915,-0.018554848
SMOKE · validación técnica,recorded,superhero,6032,4623,-0.027765919,-0.028671835,-0.0009059161
SMOKE · validación técnica,bracelets,salt,7832,3842,-0.09164163,-0.090721674,0.000919953
SMOKE · validación técnica,awesome,swan,6197,3115,-0.0663912,-0.07433268,-0.007941477
SMOKE · validación técnica,cover,trying,2879,1533,0.0007337127,-0.008851323,-0.009585036
SMOKE · validación técnica,fed,gust,5242,5090,0.029884962,0.022639103,-0.007245859
SMOKE · validación técnica,Nick,towels,6669,6159,-0.036507644,-0.038319588,-0.001811944
SMOKE · validación técnica,Susan,comput,6157,3333,-0.044408705,-0.06925063,-0.024841923
SMOKE · validación técnica,Pipp,holding,6438,2086,0.069917426,0.09184017,0.021922745
SMOKE · validación técnica,closed,response,1794,7347,-0.10302333,-0.12389072,-0.020867392
SMOKE · validación técnica,fluttered,sped,6572,8011,-0.121928595,-0.12709211,-0.005163513
SMOKE · validación técnica,cher,passports,3008,7742,0.066000745,0.06655819,0.000557445
SMOKE · validación técnica,Many,firefighters,6329,6214,0.07676235,0.10038805,0.023625702
SMOKE · validación técnica,knows,leopard,3270,3838,-0.034734286,-0.031118037,0.0036162492
SMOKE · validación técnica,spoonful,thank,6829,1367,0.026005987,0.018402841,-0.007603146
SMOKE · validación técnica,car,imagining,569,6937,-0.00896021,0.01096477,0.01992498
SMOKE · validación técnica,Chloe,grandfather,5889,7937,-0.002460612,0.002174493,0.004635105
SMOKE · validación técnica,rake,trying,4663,1533,0.039300926,0.08125122,0.041950293
SMOKE · validación técnica,robb,sighed,6521,2700,-0.050371345,-0.03901479,0.011356555
SMOKE · validación técnica,answer,modern,2279,3469,0.029120961,0.019135864,-0.009985097
SMOKE · validación técnica,Ellie,In,3503,1392,-0.0526,-0.045506567,0.0070934333
SMOKE · validación técnica,partic,rolls,6118,6186,0.047261696,0.035040088,-0.012221608
SMOKE · validación técnica,cocoon,jellyfish,7704,4446,0.030868161,0.024627611,-0.0062405504
SMOKE · validación técnica,happens,rot,4542,4332,0.052748308,0.07170224,0.018953934
SMOKE · validación técnica,brings,flas,5450,6899,0.08463601,0.072177544,-0.012458466
SMOKE · validación técnica,bugs,wood,2442,1376,0.009749681,0.05067461,0.04092493
SMOKE · validación técnica,those,voice,3437,1151,0.044417877,0.013716523,-0.030701354
SMOKE · validación técnica,Don,hopped,2677,1352,0.014985947,0.061149534,0.04616359
SMOKE · validación técnica,crab,vacation,2474,4905,0.04197759,0.036623105,-0.0053544864
SMOKE · validación técnica,dep,stealing,8085,5664,-0.028383033,-0.037379786,-0.008996753
SMOKE · validación técnica,brus,pleased,5325,2681,-0.041832022,-0.06014698,-0.018314958
SMOKE · validación técnica,confidence,trusted,7909,4763,-0.012452289,-0.008124832,0.0043274574
SMOKE · validación técnica,B,enorm,371,3198,-0.019653387,-0.008675283,0.010978105
SMOKE · validación técnica,Nothing,col,6660,899,0.0217175,0.022081051,0.00036355108
SMOKE · validación técnica,repeat,wears,5173,6684,-0.10142056,-0.069513425,0.031907134
SMOKE · validación técnica,practice,screwd,3319,7180,-0.019194502,-0.040158942,-0.02096444
SMOKE · validación técnica,about,pirate,667,3474,0.14426139,0.10278249,-0.041478902
SMOKE · validación técnica,Jul,students,4642,7179,0.012114339,0.015892044,0.0037777051
SMOKE · validación técnica,destroy,tall,3750,1403,-0.089257956,-0.10025377,-0.010995813
SMOKE · validación técnica,bend,your,5746,638,0.0017421264,-0.03225461,-0.03399674
SMOKE · validación técnica,Kiki,po,7569,670,0.013244735,-0.0045289323,-0.017773667
SMOKE · validación técnica,display,realized,4313,1231,0.08870071,0.0905405,0.0018397868
SMOKE · validación técnica,leap,universe,6227,5347,0.076598674,0.08261588,0.006017208
SMOKE · validación técnica,conversation,dinosaurs,7582,5341,-0.07270945,-0.07262812,8.133054e-05
SMOKE · validación técnica,hears,sa,2545,296,0.021700844,0.016228601,-0.005472243
SMOKE · validación técnica,difference,ocean,5102,2233,0.050364416,0.010522027,-0.03984239
SMOKE · validación técnica,roof,successful,3193,3280,-0.01930232,-0.00503093,0.01427139
SMOKE · validación técnica,pointing,yucky,3068,4821,0.016537912,0.03113924,0.0146013275
SMOKE · validación técnica,regular,wasted,3454,6390,-0.041947924,-0.09310862,-0.051160693
SMOKE · validación técnica,faces,laugh,2342,1418,0.06312307,0.1788411,0.11571803
SMOKE · validación técnica,mag,nest,1145,2015,0.09819483,0.090816006,-0.007378824
SMOKE · validación técnica,dragons,homework,5927,6044,-0.17122501,-0.16539541,0.0058296025
SMOKE · validación técnica,For,knees,6094,6555,0.008764238,0.014777178,0.00601294
SMOKE · validación técnica,activ,cop,5513,3286,0.019408267,0.021886319,0.002478052
SMOKE · validación técnica,bed,mo,1015,727,-0.021859564,-0.0115566915,0.010302872
SMOKE · validación técnica,thirst,thre,3298,1612,-0.082244724,-0.07924357,0.0030011535
SMOKE · validación técnica,cottage,pupp,7510,5702,0.06889525,0.071586564,0.0026913136
SMOKE · validación técnica,ants,sink,4139,3546,-0.25857624,-0.2333308,0.025245443
SMOKE · validación técnica,X,pants,7427,3651,-0.020877153,-0.01050744,0.0103697125
SMOKE · validación técnica,bike,hum,1754,2408,0.08391182,0.0678318,-0.016080022
SMOKE · validación técnica,radio,songs,4015,2427,-0.0952283,-0.09786626,-0.00263796
SMOKE · validación técnica,ham,net,3015,2452,-0.007228314,0.015075242,0.022303555
SMOKE · validación técnica,toes,tough,4819,3022,0.019200707,0.03555622,0.016355513
SMOKE · validación técnica,escaped,mass,5340,4929,0.042801984,0.04322213,0.0004201457
SMOKE · validación técnica,bedtime,stole,6429,5772,-0.0019061491,0.0064630583,0.008369207
SMOKE · validación técnica,bye,meat,5678,4163,0.13708642,0.15343764,0.016351223
SMOKE · validación técnica,not,yells,395,6690,0.08757823,0.11564648,0.028068252
SMOKE · validación técnica,designs,em,7350,1687,0.02662019,0.029227974,0.0026077833
SMOKE · validación técnica,Owl,es,6853,1952,-0.022239551,-0.024510168,-0.0022706166
SMOKE · validación técnica,ruler,suff,5954,4708,-0.100552484,-0.09796586,0.0025866255
SMOKE · validación técnica,packing,secure,6368,6440,-0.033013795,-0.043409348,-0.010395553
SMOKE · validación técnica,holes,pedaled,4030,7778,0.07492555,0.062832706,-0.012092844
SMOKE · validación técnica,Davey,afterwards,7576,6639,0.04587879,0.051756807,0.0058780164
SMOKE · validación técnica,heel,never,6142,741,0.03809988,0.033607017,-0.004492864
SMOKE · validación técnica,emergen,joined,5665,3166,0.07569649,0.06296067,-0.012735821
SMOKE · validación técnica,co,sir,565,4567,0.02469784,0.050946184,0.026248343
SMOKE · validación técnica,baseball,seeing,4478,4281,-0.022316381,-0.041683074,-0.019366693
SMOKE · validación técnica,fant,smoke,7332,3077,0.047345027,0.03716123,-0.010183796
SMOKE · validación técnica,ban,mitten,2363,5285,-0.16158693,-0.12793636,0.033650562
SMOKE · validación técnica,ashtray,footsteps,5109,7901,-0.0981648,-0.09612053,0.002044268
SMOKE · validación técnica,blueber,holds,3610,3671,0.03662631,0.0081919525,-0.028434357
SMOKE · validación técnica,Jessica,ey,6452,988,-0.056877203,-0.05687719,1.4901161e-08
SMOKE · validación técnica,dolphin,understand,3660,1465,0.01277085,0.00732009,-0.00545076
SMOKE · validación técnica,Slowly,million,6241,8069,0.08088079,0.0736261,-0.00725469
SMOKE · validación técnica,Alan,mint,8168,4788,0.09786228,0.0990502,0.0011879206
SMOKE · validación técnica,landscape,yelled,5721,2594,-0.043053307,-0.037527684,0.0055256225
SMOKE · validación técnica,football,front,3897,2226,0.0043780804,0.06978862,0.06541054
SMOKE · validación técnica,printer,stamp,5659,3296,0.0065045524,0.02708431,0.020579757
SMOKE · validación técnica,bear,tummy,801,3197,0.049111538,0.05873257,0.009621032
SMOKE · validación técnica,cut,garden,1293,846,-0.0034848955,-0.01827231,-0.014787415
SMOKE · validación técnica,everyday,toe,5423,5237,-0.019859366,-0.02464934,-0.0047899745
SMOKE · validación técnica,smiled,upstairs,506,5095,-0.0069431113,0.008248242,0.015191353
SMOKE · validación técnica,hi,ur,6380,3982,0.11118239,0.1122053,0.0010229051
SMOKE · validación técnica,beep,drank,3917,2896,0.021698292,-0.021244954,-0.042943247
SMOKE · validación técnica,leash,part,3914,1306,0.0055597313,0.03490007,0.029340338
SMOKE · validación técnica,worry,writes,1302,5714,-0.054788552,-0.09712072,-0.042332165
SMOKE · validación técnica,bur,finished,4290,1398,-0.014430997,-0.0028939827,0.0115370145
SMOKE · validación técnica,mass,two,4929,904,0.015976742,0.04142907,0.025452327
SMOKE · validación técnica,refre,tasting,4748,7991,-0.02980619,-0.03879152,-0.008985329
SMOKE · validación técnica,sneak,temperature,4296,6551,-0.08448438,-0.08712725,-0.00264287
SMOKE · validación técnica,hoop,sun,3414,730,-0.017028078,0.01180543,0.028833508
SMOKE · validación técnica,gross,worse,6977,5244,-0.056763154,-0.043371256,0.013391897
SMOKE · validación técnica,hear,paddle,1453,6450,0.1545784,0.160768,0.0061895996
SMOKE · validación técnica,Who,jokes,4890,3946,-0.0030916817,0.028589113,0.031680793
SMOKE · validación técnica,allowed,supplies,3423,5825,0.022604208,0.027654719,0.00505051
SMOKE · validación técnica,Laura,scratches,7592,6809,0.0096540265,0.028499708,0.018845681
SMOKE · validación técnica,Tuna,rhinoceros,7010,4315,0.028691396,0.025552254,-0.003139142
SMOKE · validación técnica,Abigail,chalk,5439,4201,0.20030662,0.21739382,0.017087191
SMOKE · validación técnica,shark,tugged,3052,5660,0.039809294,0.04996746,0.010158166
SMOKE · validación técnica,mer,yelled,6959,2594,-0.03177411,-0.048525494,-0.016751382
SMOKE · validación técnica,pouring,stitches,5787,7408,0.042287003,0.053778216,0.011491213
SMOKE · validación técnica,blink,valued,6012,6253,0.0061487406,0.0058932747,-0.00025546597
SMOKE · validación técnica,U,relaxing,3249,8105,-0.05886445,-0.07410289,-0.015238445
SMOKE · validación técnica,drops,edge,4390,3132,0.033270303,0.10726499,0.07399468
SMOKE · validación técnica,d,quite,278,3942,-0.052248657,-0.008974853,0.043273803
SMOKE · validación técnica,better,forward,815,2419,-0.03103988,-0.011168867,0.019871013
SMOKE · validación técnica,jour,sorted,1869,5938,-0.08524367,-0.09288794,-0.007644266
SMOKE · validación técnica,spoonful,sunrise,6829,5251,0.11481263,0.11054085,-0.0042717755
SMOKE · validación técnica,Sorry,drank,6632,2896,-0.09705421,-0.067320056,0.029734157
SMOKE · validación técnica,Rock,damaged,7175,7641,0.12678324,0.11229877,-0.014484465
SMOKE · validación técnica,lock,tightly,2798,2446,-0.039241783,-0.014852218,0.024389565
SMOKE · validación técnica,trans,wrong,7889,1435,0.048687615,0.07406932,0.025381707
SMOKE · validación técnica,sled,warmer,7303,7458,0.015552836,0.015552798,-3.7252903e-08
SMOKE · validación técnica,Uncle,bulb,5683,4285,-0.0068999324,-0.0027974676,0.0041024648
SMOKE · validación técnica,angel,slam,3285,6714,-0.030374663,-0.009861833,0.02051283
SMOKE · validación técnica,Ma,stayed,6866,1495,0.033234715,0.032816112,-0.00041860342
SMOKE · validación técnica,Ma,Paul,6866,3828,-0.1224028,-0.14588359,-0.023480788
SMOKE · validación técnica,age,gasped,7032,3590,-0.029136539,-0.01136006,0.017776478
SMOKE · validación técnica,cow,delic,2007,1301,-0.060612164,-0.053126425,0.00748574
SMOKE · validación técnica,jolly,lands,3464,5351,0.021011915,0.033691783,0.012679867
SMOKE · validación técnica,beautiful,mug,870,3941,-0.101264276,-0.08153804,0.01972624
SMOKE · validación técnica,fun,visit,490,1627,-0.07286309,-0.07090671,0.0019563735
SMOKE · validación técnica,heads,takes,4410,2074,0.018957436,0.0050697997,-0.013887636
SMOKE · validación técnica,Smo,hurried,7518,5366,-0.016528416,-0.004097892,0.012430524
SMOKE · validación técnica,celebrated,investigate,4310,4586,-0.117929205,-0.1469039,-0.028974697
SMOKE · validación técnica,gorilla,hammer,3995,3483,-0.08441892,-0.0669169,0.017502025
SMOKE · validación técnica,flas,flex,6899,3517,-0.056088857,-0.042104427,0.013984431
SMOKE · validación técnica,applaud,thanks,4508,4158,-0.031894024,-0.062311076,-0.030417051
SMOKE · validación técnica,jo,swallowed,790,7112,-0.005677607,-0.005916111,-0.00023850426
SMOKE · validación técnica,separate,solving,4507,7773,0.067304626,0.056740895,-0.010563731
SMOKE · validación técnica,hills,merma,4755,7537,-0.00090436265,-0.017932294,-0.017027931
SMOKE · validación técnica,Pinky,rock,6772,947,0.08848186,0.0882729,-0.00020895898
SMOKE · validación técnica,prints,vanished,5971,4776,-0.02597867,-0.016183423,0.009795247
SMOKE · validación técnica,because,threw,771,1805,0.056522295,0.117379725,0.06085743
SMOKE · validación técnica,Robbie,compassion,7041,3447,-0.095307305,-0.10035858,-0.0050512776
SMOKE · validación técnica,parked,settle,5680,5427,-0.06749204,-0.077089876,-0.009597838
SMOKE · validación técnica,lights,snuggle,3313,7006,0.038305208,0.038934223,0.00062901527
SMOKE · validación técnica,Pandy,j,6804,444,0.11423257,0.12117441,0.00694184
SMOKE · validación técnica,St,kindness,2358,2988,0.09318435,0.042699896,-0.050484456
SMOKE · validación técnica,newspap,pudd,5129,2137,-0.046658695,-0.045356713,0.0013019815
SMOKE · validación técnica,balloons,museum,3030,4324,-0.12374471,-0.14325237,-0.019507661
SMOKE · validación técnica,hook,penguins,3930,6108,0.04967196,0.04730606,-0.0023658983
SMOKE · validación técnica,breathe,happily,5056,1380,0.05526133,0.09908584,0.04382451
SMOKE · validación técnica,M,tires,405,7605,-0.015103397,-0.0203332,-0.0052298037
SMOKE · validación técnica,Jeff,ben,6052,1971,-0.07189355,-0.072867595,-0.0009740442
SMOKE · validación técnica,ok,sweetest,2811,7506,0.06946649,0.03771529,-0.031751197
SMOKE · validación técnica,feelings,moon,4356,2505,0.06431779,0.07047198,0.006154187
SMOKE · validación técnica,may,moo,3741,7247,0.09338923,0.09854065,0.005151421
SMOKE · validación técnica,germs,hand,8113,734,-0.022744011,-0.0051663015,0.01757771
SMOKE · validación técnica,Ow,pays,6525,7372,-0.01600074,-0.016344737,-0.00034399703
SMOKE · validación técnica,grap,monster,3122,1743,-0.019916756,-0.030417927,-0.0105011705
SMOKE · validación técnica,You,buttons,570,3075,-0.05644542,-0.04312107,0.01332435
SMOKE · validación técnica,planet,ti,4416,6082,0.030164966,0.030164896,-7.0780516e-08
SMOKE · validación técnica,land,struggled,1647,5480,-0.018154187,-0.01056643,0.007587757
SMOKE · validación técnica,balls,belt,2793,4231,0.060340352,0.09707445,0.036734097
SMOKE · validación técnica,cricket,meas,3641,3708,-0.026950901,-0.025648758,0.0013021436
SMOKE · validación técnica,melt,rubs,3051,6557,0.09293339,0.09965488,0.0067214966
SMOKE · validación técnica,human,knew,3804,697,-0.11428598,-0.13923462,-0.024948634
SMOKE · validación técnica,dangerous,news,1776,4610,-0.08072388,-0.059664328,0.021059554
SMOKE · validación técnica,Jan,special,5923,689,-0.049409248,-0.086096086,-0.036686838
SMOKE · validación técnica,beep,caterpill,3917,2659,-0.0047831107,0.007898383,0.012681494
SMOKE · validación técnica,bookcase,powder,4703,4338,-0.10893177,-0.0419125,0.06701927
SMOKE · validación técnica,network,squishy,6124,6973,-0.01142389,-0.0055702887,0.005853601
SMOKE · validación técnica,How,trusted,2402,4763,0.079998225,0.059028927,-0.020969298
SMOKE · validación técnica,budge,studying,5712,6067,-0.024009043,0.01987382,0.04388286
SMOKE · validación técnica,chores,removed,5059,6220,-0.0033327471,0.008709017,0.012041764
SMOKE · validación técnica,lock,pro,2798,1737,-0.03920353,-0.029909484,0.009294044
SMOKE · validación técnica,juicy,towel,2845,2923,0.0010952614,0.052447062,0.0513518
SMOKE · validación técnica,magaz,pastry,4473,4320,0.061945386,0.051578164,-0.010367222
SMOKE · validación técnica,cat,scooped,705,4898,0.0036312183,-0.05135204,-0.05498326
SMOKE · validación técnica,rele,rod,5651,3952,0.0060685314,0.005388204,-0.0006803274
SMOKE · validación técnica,Linda,film,6354,4095,0.022404455,0.026078379,0.0036739241
SMOKE · validación técnica,hall,mustache,3990,4644,0.0045505147,-0.0022759307,-0.0068264455
SMOKE · validación técnica,use,wolf,1122,2609,-0.010569191,-0.027862566,-0.017293375
SMOKE · validación técnica,from,scurrying,573,7998,0.10391365,0.15177856,0.047864914
SMOKE · validación técnica,d,tidy,278,2414,-0.070785254,-0.05076193,0.020023324
SMOKE · validación técnica,bus,tangled,1203,6723,0.047521856,0.05431997,0.0067981146
SMOKE · validación técnica,officer,pajamas,5504,6251,0.06430611,0.06470182,0.0003957078
SMOKE · validación técnica,tells,wrapping,2553,6830,-0.15275127,-0.16012335,-0.0073720813
SMOKE · validación técnica,coat,roars,2091,7276,-0.017379427,0.003463137,0.020842563
SMOKE · validación técnica,agree,wipe,4735,4677,-0.013712125,-0.028328728,-0.014616603
SMOKE · validación técnica,Tim,pocket,440,1865,-0.0066073164,0.0253819,0.031989217
SMOKE · validación técnica,Jul,thin,4642,2249,-0.04951024,-0.050630063,-0.0011198223
SMOKE · validación técnica,likes,to,1428,266,0.060728688,0.047138333,-0.0135903545
SMOKE · validación técnica,beauty,cu,3601,905,-0.08556715,-0.06844912,0.01711803
SMOKE · validación técnica,pig,scoop,1975,5527,-0.0042720325,0.0008334443,0.005105477
SMOKE · validación técnica,hut,kings,4394,8092,0.11419763,0.12633368,0.012136057
SMOKE · validación técnica,moment,tired,1527,1269,0.005627092,0.09946072,0.093833625
SMOKE · validación técnica,Many,overcome,6329,7477,0.14241672,0.12986287,-0.012553841
SMOKE · validación técnica,inv,puzzle,1982,2603,-0.1180808,-0.115275145,0.0028056577
SMOKE · validación técnica,argue,bike,4558,1754,0.01441896,0.01675599,0.002337031
SMOKE · validación técnica,Gina,twenty,7802,8017,0.065018356,0.05773409,-0.007284265
SMOKE · validación técnica,pinch,vanished,4534,4776,-0.08635593,-0.09241557,-0.006059639
SMOKE · validación técnica,delayed,flav,7910,5277,-0.025570115,-0.010793017,0.014777098
SMOKE · validación técnica,Mum,farm,2518,2006,-0.04711864,-0.032927845,0.014190797
SMOKE · validación técnica,St,nur,2358,7496,-0.026112247,-0.005407395,0.020704852
SMOKE · validación técnica,pedaled,supplies,7778,5825,0.081332214,0.07583521,-0.005497001
SMOKE · validación técnica,doing,lent,1399,7563,0.008000292,-0.002270043,-0.010270335
SMOKE · validación técnica,sudden,villagers,3442,5533,-0.07174217,-0.10699574,-0.03525357
SMOKE · validación técnica,beam,giggled,6709,2757,-0.08104323,-0.04661003,0.034433197
SMOKE · validación técnica,bald,fills,3042,7634,0.12200947,0.08590873,-0.036100738
SMOKE · validación técnica,radishes,weighed,6430,5479,-0.017722629,-0.0026452895,0.0150773395
SMOKE · validación técnica,claws,vis,4885,1514,-0.05403274,-0.026743528,0.027289212
SMOKE · validación técnica,grand,toys,3346,684,-0.007869251,0.0065379255,0.0144071765
SMOKE · validación técnica,den,spikes,6339,7251,-0.044617217,-0.039541334,0.005075883
SMOKE · validación técnica,elephant,zipping,1934,6849,0.003596563,-0.019586295,-0.023182858
SMOKE · validación técnica,raven,sweeties,3803,6103,0.08460447,0.07333861,-0.011265859
SMOKE · validación técnica,Coco,unus,5621,2858,0.120985545,0.111892685,-0.00909286
SMOKE · validación técnica,hopping,packed,2732,2688,0.08809714,0.04498779,-0.04310935
SMOKE · validación técnica,replied,speaking,1109,6449,-0.07253464,-0.054164693,0.01836995
SMOKE · validación técnica,cu,vanished,905,4776,-0.013210166,0.0018212609,0.015031427
SMOKE · validación técnica,gym,rele,4581,5651,0.061095163,0.048602913,-0.012492251
SMOKE · validación técnica,dusty,peeled,6040,7968,0.04840108,0.048835393,0.00043431297
SMOKE · validación técnica,biggest,transf,3316,8078,-0.016338676,-0.022292774,-0.005954098
SMOKE · validación técnica,Instead,pastries,4490,6047,-0.119407155,-0.12063633,-0.0012291744
SMOKE · validación técnica,concert,cuddled,7837,4936,0.05824534,0.04184966,-0.016395677
SMOKE · validación técnica,coloured,threat,6254,6119,-0.045135003,-0.03818047,0.006954532
SMOKE · validación técnica,gold,please,2570,1496,0.00250962,0.023276256,0.020766636
SMOKE · validación técnica,disc,firm,8057,6110,0.05588691,0.056749757,0.000862848
SMOKE · validación técnica,birdie,kicked,3294,3318,0.024212068,0.022146175,-0.0020658933
SMOKE · validación técnica,Before,rust,5019,5322,-0.10265804,-0.12721252,-0.024554484
SMOKE · validación técnica,Don,dresses,2677,4869,-0.070039585,-0.05153878,0.018500805
SMOKE · validación técnica,friendly,stupid,1446,3383,0.012473829,0.057491876,0.045018047
SMOKE · validación técnica,caut,juicy,5643,2845,-0.08695516,-0.09466834,-0.0077131838
SMOKE · validación técnica,sticking,wrong,6160,1435,0.065862715,0.07981226,0.013949543
SMOKE · validación técnica,crashing,herself,7193,1430,-0.044015847,-0.024197236,0.019818611
SMOKE · validación técnica,Mon,temper,6465,6451,0.0283017,0.028301695,-3.7252903e-09
SMOKE · validación técnica,Hannah,touches,6443,7183,-0.05686838,-0.05603515,0.00083323196
SMOKE · validación técnica,crab,wagon,2474,3003,0.0008245744,-0.005355036,-0.0061796103
SMOKE · validación técnica,laughter,onion,4790,4033,0.015563469,0.029367717,0.013804248
SMOKE · validación técnica,att,climb,1759,1012,-0.012786051,-0.03772538,-0.02493933
SMOKE · validación técnica,package,rub,3781,3555,-0.027663147,-0.045398854,-0.017735707
SMOKE · validación técnica,clapped,for,1829,366,0.009748526,0.07494771,0.06519918
SMOKE · validación técnica,glo,reindeer,5547,4171,0.012416814,0.025624521,0.013207707
SMOKE · validación técnica,leaf,twirled,2445,3526,-0.033763364,-0.00278618,0.030977184
SMOKE · validación técnica,done,pages,1274,4942,0.03116301,0.10606043,0.07489742
SMOKE · validación técnica,reveal,untie,6212,7596,-0.08934307,-0.08553034,0.0038127303
SMOKE · validación técnica,Jones,try,6114,808,-0.10599408,-0.12946045,-0.023466371
SMOKE · validación técnica,apron,plastic,4810,4457,0.0616944,0.089998834,0.028304435
SMOKE · validación técnica,Rain,prop,7827,4800,0.109256536,0.111100584,0.0018440485
SMOKE · validación técnica,flips,pup,7687,3388,-0.008146142,0.0055441866,0.013690328
SMOKE · validación técnica,Mickey,jungle,7051,2460,-0.035946783,-0.03405357,0.0018932112
SMOKE · validación técnica,decorations,neatly,5196,6952,0.00057178177,0.010225382,0.0096536
SMOKE · validación técnica,movies,rus,5900,6922,0.09752016,0.079381034,-0.018139124
SMOKE · validación técnica,caterpillar,trot,2721,7170,0.093293734,0.094905145,0.0016114116
SMOKE · validación técnica,had,permission,359,4989,0.00014626421,-0.027289052,-0.027435316
SMOKE · validación técnica,Mummy,scarf,3428,2749,0.06235615,0.067689516,0.005333364
SMOKE · validación técnica,Beth,liquid,5632,6239,-0.05049794,-0.055437677,-0.004939735
SMOKE · validación técnica,stamp,wagging,3296,5807,0.01883376,0.008518169,-0.0103155915
SMOKE · validación técnica,Bunny,untie,4223,7596,-0.04187859,-0.05259398,-0.0107153915
SMOKE · validación técnica,dancer,toward,4451,7479,-0.0076863114,-0.044181645,-0.036495335
SMOKE · validación técnica,fara,rise,6169,4831,0.02836672,0.0481494,0.01978268
SMOKE · validación técnica,encou,gate,3611,2671,0.08210029,0.07877025,-0.003330037
SMOKE · validación técnica,arrow,tool,3303,2379,0.06058454,0.076357625,0.015773084
SMOKE · validación técnica,decoration,flag,7992,2710,0.08049501,0.08471477,0.004219763
SMOKE · validación técnica,Jim,Molly,1709,1766,-0.07852034,0.0040819454,0.082602285
SMOKE · validación técnica,rin,wags,7791,4765,-0.056089733,-0.07105196,-0.01496223
SMOKE · validación técnica,fat,refu,3050,6685,0.08508457,0.06804611,-0.017038465
SMOKE · validación técnica,boo,soup,6240,1938,0.04748427,0.034926575,-0.012557697
SMOKE · validación técnica,pump,trunk,2991,3187,0.023925424,0.03166707,0.007741645
SMOKE · validación técnica,bedtime,honest,6429,2516,-0.07464793,-0.075436205,-0.0007882714
SMOKE · validación técnica,barking,sorts,4048,3548,-0.17044988,-0.18508744,-0.01463756
SMOKE · validación técnica,muff,scream,4010,1777,-0.032164447,-0.035330094,-0.0031656474
SMOKE · validación técnica,scale,solut,3572,5681,-0.01501879,-0.041013367,-0.025994577
SMOKE · validación técnica,bears,trou,4177,1909,0.030301785,0.01631493,-0.013986856
SMOKE · validación técnica,sailors,swim,6969,1322,0.10411742,0.090532586,-0.013584837
SMOKE · validación técnica,shark,tighter,3052,7635,-0.063243054,-0.06347919,-0.0002361387
SMOKE · validación técnica,kicked,person,3318,2174,0.11264126,0.09571023,-0.016931027
SMOKE · validación técnica,gent,listens,1482,6567,0.09772081,0.09285917,-0.004861638
SMOKE · validación técnica,teeth,thinking,2409,3536,0.024738662,0.0027704984,-0.021968164
SMOKE · validación técnica,import,shiver,1081,3485,-0.0022656117,-0.017521137,-0.015255526
SMOKE · validación técnica,newspaper,rang,5255,5451,0.053941835,0.054955147,0.0010133125
SMOKE · validación técnica,microscope,recommend,4381,4711,0.007856909,0.01859569,0.010738781
SMOKE · validación técnica,observe,served,5239,5384,0.008884016,0.026219197,0.01733518
SMOKE · validación técnica,carried,dollhouse,2539,6945,0.07964734,0.062177345,-0.017469995
SMOKE · validación técnica,bloom,seashells,2974,7581,-0.046762202,-0.008953822,0.03780838
SMOKE · validación técnica,appro,decide,4628,2948,0.04656805,0.02522245,-0.0213456
SMOKE · validación técnica,D,jobs,639,8061,-0.039973922,-0.021903321,0.0180706
SMOKE · validación técnica,balloons,squeezed,3030,4660,0.009155795,-0.006464172,-0.015619967
SMOKE · validación técnica,appl,truth,4203,3614,0.0390907,0.04503675,0.0059460513
SMOKE · validación técnica,muffin,passing,4849,5990,-0.02914067,-0.008185966,0.020954704
SMOKE · validación técnica,cour,pride,1861,4907,0.014407322,0.01645412,0.0020467974
SMOKE · validación técnica,named,shot,494,5014,0.07499756,0.052666686,-0.022330873
SMOKE · validación técnica,Jacob,Spidey,6750,7457,-0.027627174,-0.027655484,-2.8310344e-05
SMOKE · validación técnica,At,firef,2850,4669,0.06761031,0.08822141,0.0206111
SMOKE · validación técnica,goodies,solved,7794,5043,0.06659593,0.047807287,-0.01878864
SMOKE · validación técnica,baths,flew,7366,918,-0.062249754,-0.030214664,0.03203509
SMOKE · validación técnica,destroy,kings,3750,8092,-0.013357159,-0.03805715,-0.02469999
SMOKE · validación técnica,Christ,spraying,6224,5930,0.033333857,0.034011934,0.00067807734
SMOKE · validación técnica,instrum,remem,6601,5304,0.118372776,0.1250141,0.006641321
SMOKE · validación técnica,Nick,exch,6669,7982,-0.024678038,-0.027455254,-0.002777215
SMOKE · validación técnica,ch,tested,596,7136,-0.079697706,-0.10030392,-0.020606212
SMOKE · validación técnica,hill,yummy,1437,1246,-0.004614111,0.0069149155,0.011529027
SMOKE · validación técnica,blew,exp,2353,1929,-0.041798238,-0.018960863,0.022837374
SMOKE · validación técnica,birdhouse,tigers,8050,6839,-0.044198457,-0.06839232,-0.024193864
SMOKE · validación técnica,While,slither,3479,7595,0.09160784,0.071381494,-0.020226344
SMOKE · validación técnica,occ,traveled,7049,6223,0.08134188,0.07997239,-0.0013694912
SMOKE · validación técnica,shared,sunflower,1663,3598,-0.0636368,-0.068088725,-0.004451923
SMOKE · validación técnica,discu,leg,4389,2716,0.0029219203,0.01709143,0.01416951
SMOKE · validación técnica,because,rains,771,7526,0.10411518,0.13884805,0.03473287
SMOKE · validación técnica,boys,weight,2893,5398,0.015542313,0.018903807,0.0033614933
SMOKE · validación técnica,blood,candles,5041,4959,0.14344983,0.12914653,-0.014303297
SMOKE · validación técnica,crowd,dent,5956,5754,-0.119633764,-0.13286439,-0.013230622
SMOKE · validación técnica,pointing,their,3068,460,-0.032538507,-0.02873376,0.003804747
SMOKE · validación técnica,spot,surfboard,1357,7263,0.006084863,0.015377348,0.009292485
SMOKE · validación técnica,spaces,syrup,5383,7782,-0.05754036,-0.038333733,0.019206628
SMOKE · validación técnica,Bu,kn,3226,479,-0.020293595,-0.023808673,-0.0035150778
SMOKE · validación técnica,answered,flavors,2717,7466,0.023323815,0.026653543,0.0033297278
SMOKE · validación técnica,Don,masterp,2677,7488,0.008050144,0.028561221,0.020511078
SMOKE · validación técnica,Teddy,curi,2581,1150,-0.06747006,-0.0667184,0.0007516593
SMOKE · validación técnica,driving,warmer,3514,7458,-0.070804805,-0.059103563,0.011701241
SMOKE · validación técnica,admiring,manage,5342,5133,0.061922695,0.069226936,0.00730424
SMOKE · validación técnica,salty,walk,6673,1064,-0.0665119,-0.055449657,0.011062242
SMOKE · validación técnica,Queen,daddy,7045,1558,0.028158706,0.017309725,-0.01084898
SMOKE · validación técnica,fluffy,forgive,2822,2381,0.014606368,-0.0023083538,-0.016914722
SMOKE · validación técnica,Someone,holes,5470,4030,-0.036620524,-0.039612476,-0.002991952
SMOKE · validación técnica,accom,glued,5616,7154,0.1246946,0.1255346,0.00083999336
SMOKE · validación técnica,automobile,owners,4870,5960,-0.035640262,-0.031544007,0.0040962547
SMOKE · validación técnica,A,talks,458,7132,0.13686782,0.1460931,0.009225279
SMOKE · validación técnica,dusty,walks,6040,2812,-0.063671276,-0.082268305,-0.01859703
SMOKE · validación técnica,cuts,scarves,6252,6608,0.009734168,0.0014781989,-0.008255969
SMOKE · validación técnica,challenge,muscles,5684,5727,-0.044720456,-0.05497987,-0.010259412
SMOKE · validación técnica,Th,gasped,1205,3590,-0.018201284,-0.036612205,-0.018410921
SMOKE · validación técnica,aside,count,7393,1513,0.03368424,0.024030484,-0.0096537545
SMOKE · validación técnica,half,relief,3463,6048,0.08480143,0.09843773,0.0136362985
SMOKE · validación técnica,cupcake,shield,7926,3626,0.023053072,0.03614725,0.013094179
SMOKE · validación técnica,closes,known,6638,4606,-0.038556427,-0.024953548,0.013602879
SMOKE · validación técnica,bandage,selfish,3822,2454,0.0080750715,0.0128689045,0.004793833
SMOKE · validación técnica,clot,looking,1588,1031,0.028432459,-0.0058974028,-0.03432986
SMOKE · validación técnica,miss,olive,1981,5046,0.04376287,0.04181671,-0.0019461587
SMOKE · validación técnica,Me,decide,5372,2948,-0.021189768,-0.024680294,-0.0034905262
SMOKE · validación técnica,grapes,warned,4135,3461,-0.025328707,-0.06526356,-0.039934855
SMOKE · validación técnica,experience,gave,4842,743,0.027048511,0.009386176,-0.017662335
SMOKE · validación técnica,return,store,2069,1107,0.032043472,0.02101881,-0.011024661
SMOKE · validación técnica,clearing,waist,5282,5559,-0.030076072,-0.022725023,0.0073510483
SMOKE · validación técnica,organize,project,3977,5941,0.054170888,0.026404265,-0.027766623
SMOKE · validación técnica,go,motion,437,6031,-0.041941404,-0.0053562894,0.036585115
SMOKE · validación técnica,charac,named,7128,494,-0.018394286,-0.018586697,-0.00019241124
SMOKE · validación técnica,bent,fearful,3561,3715,-0.045808904,-0.04599279,-0.00018388778
SMOKE · validación técnica,chilly,ho,7852,696,-0.012614176,-0.02704554,-0.014431365
SMOKE · validación técnica,medic,squishy,2761,6973,0.013413433,0.014415864,0.0010024309
SMOKE · validación técnica,handsome,itself,6792,3661,0.061536916,0.095561415,0.0340245
SMOKE · validación técnica,lungs,scolded,6864,4596,0.04151064,0.03835973,-0.0031509101
SMOKE · validación técnica,Luna,grabbed,5167,1184,0.086059794,0.04077387,-0.045285925
SMOKE · validación técnica,Ro,exerc,4287,4295,-0.010062728,0.0047951676,0.014857896
SMOKE · validación técnica,sports,swings,6861,1880,0.050271675,0.06756744,0.017295763
SMOKE · validación técnica,In,otters,1392,7484,-0.091408186,-0.062467143,0.028941043
SMOKE · validación técnica,castles,song,4823,1493,-0.0793153,-0.08454117,-0.0052258745
SMOKE · validación técnica,meowed,purse,5156,3769,0.051964074,0.07514049,0.023176417
SMOKE · validación técnica,person,young,2174,1905,-0.06106297,-0.06051178,0.0005511902
SMOKE · validación técnica,bur,oper,4290,5162,0.06038382,0.06768491,0.007301092
SMOKE · validación técnica,bags,chamber,3293,4847,-0.027138239,-0.033686005,-0.006547766
SMOKE · validación técnica,causing,salty,7176,6673,0.0781242,0.053380307,-0.024743896
SMOKE · validación técnica,every,heavier,618,6894,-0.13214949,-0.1536491,-0.021499619
SMOKE · validación técnica,miss,sizes,1981,4721,0.028563248,0.0016026851,-0.026960563
SMOKE · validación técnica,herbs,trucks,6236,3097,-0.031193178,-0.044393215,-0.013200037
SMOKE · validación técnica,Go,Millie,2366,4182,0.005767787,0.02147405,0.015706263
SMOKE · validación técnica,printing,si,6756,5865,0.07859063,0.07569216,-0.0028984696
SMOKE · validación técnica,belong,pictures,1939,1573,0.0838411,0.06662721,-0.017213888
SMOKE · validación técnica,es,neat,1952,3673,0.03214229,0.03950274,0.007360451
SMOKE · validación técnica,chose,pale,3212,3625,-0.12852672,-0.12499987,0.003526844
SMOKE · validación técnica,Thank,wasn,2043,1556,-0.08507585,0.050511677,0.13558753
SMOKE · validación técnica,ne,rising,401,6708,0.00906839,0.0075407904,-0.0015276
SMOKE · validación técnica,Gary,da,7660,5985,0.029075991,0.027245319,-0.0018306728
SMOKE · validación técnica,cliff,tightly,4796,2446,0.035121918,0.07536245,0.040240534
SMOKE · validación técnica,rules,two,3859,904,0.04771126,0.0114027895,-0.03630847
SMOKE · validación técnica,comm,thermomet,6174,4741,-0.10132024,-0.109760895,-0.008440658
SMOKE · validación técnica,bodies,glowing,6934,4376,-0.04218047,-0.036271013,0.005909458
SMOKE · validación técnica,mixing,swims,5929,5445,0.07754459,0.075909235,-0.0016353577
SMOKE · validación técnica,Mike,difficult,3636,3014,-0.08344819,-0.079267934,0.0041802526
SMOKE · validación técnica,Alan,Spot,8168,1162,0.016956348,0.008867212,-0.008089136
SMOKE · validación técnica,pers,shaking,1828,3783,0.071775794,0.073295526,0.0015197322
SMOKE · validación técnica,pens,porch,7272,4245,0.05711548,0.07594639,0.01883091
SMOKE · validación técnica,definitely,superheroes,7293,7243,0.014835,0.0012607649,-0.013574235
SMOKE · validación técnica,showed,wheat,1085,3819,0.04956275,-0.0031704418,-0.05273319
SMOKE · validación técnica,ow,pol,3433,1611,-0.08064694,-0.07074053,0.009906411
SMOKE · validación técnica,Velvet,fairy,7670,1827,-0.040742524,-0.01889057,0.021851953
SMOKE · validación técnica,been,overcome,1127,7477,0.022761928,0.041597612,0.018835684
SMOKE · validación técnica,costume,wall,4044,1502,-0.10294501,-0.08102342,0.02192159
SMOKE · validación técnica,microphone,monkeys,3980,4114,-0.011334555,-0.023593886,-0.012259331
SMOKE · validación técnica,envel,er,3331,3528,-0.06458606,-0.064586066,-7.450581e-09
SMOKE · validación técnica,battle,wonders,7462,5751,0.07437202,0.07318577,-0.0011862516
SMOKE · validación técnica,Bl,wrinkled,2778,7876,0.010069266,-0.0022667423,-0.012336008
SMOKE · validación técnica,ladyb,shady,5690,7626,0.08290091,0.06859152,-0.014309391
SMOKE · validación técnica,chef,library,5767,3608,-0.02987143,-0.012145525,0.017725905
SMOKE · validación técnica,Bow,spilled,7684,3519,0.03317648,0.011519134,-0.021657348
SMOKE · validación técnica,creek,stat,4579,3484,0.021545323,0.01719811,-0.0043472126
SMOKE · validación técnica,g,rug,290,3596,0.021571778,0.017375387,-0.0041963905
SMOKE · validación técnica,da,sett,5985,3621,-0.05374346,-0.043195482,0.010547977
SMOKE · validación técnica,sled,west,7303,5816,0.025742564,0.025079291,-0.00066327304
SMOKE · validación técnica,continued,prepare,1485,4834,-0.04498051,-0.026467845,0.018512666
SMOKE · validación técnica,mystery,peeking,4456,6162,-0.008976785,-0.0059923492,0.0029844353
SMOKE · validación técnica,poor,resp,2652,2035,0.1314108,0.11204478,-0.019366026
SMOKE · validación técnica,olive,reach,5046,1712,-0.0026825443,-0.00351765,-0.0008351058
SMOKE · validación técnica,microsc,protect,4367,2228,-0.07099548,-0.0920624,-0.021066919
SMOKE · validación técnica,blink,chicken,6012,3029,0.00966597,0.021960512,0.012294542
SMOKE · validación técnica,clear,shows,2908,2959,-0.025124636,-0.023959957,0.0011646785
SMOKE · validación técnica,forgetting,sear,6794,1590,0.05381968,0.072137564,0.018317886
SMOKE · validación técnica,bitter,cooking,3141,3569,-0.044983223,-0.043923426,0.0010597967
SMOKE · validación técnica,pizz,safe,2540,895,0.030201703,0.041506313,0.0113046095
SMOKE · validación técnica,difference,shower,5102,4450,0.016799353,0.012415115,-0.0043842383
SMOKE · validación técnica,lucky,zookeeper,2120,5966,-0.18381754,-0.18486819,-0.0010506511
SMOKE · validación técnica,between,charming,4300,3667,-0.094754085,-0.11246745,-0.017713368
SMOKE · validación técnica,He,matched,314,5972,-0.030726697,-0.008151701,0.022574997
SMOKE · validación técnica,nicely,roaring,3418,5847,-0.08521942,-0.04067632,0.0445431
SMOKE · validación técnica,closet,conflict,2729,7424,-0.049636703,-0.044907846,0.0047288574
SMOKE · validación técnica,Frank,firefighter,5729,6928,0.044392366,0.024637915,-0.01975445
SMOKE · validación técnica,accomplishment,spins,6972,7127,-0.05982383,-0.06352567,-0.0037018396
SMOKE · validación técnica,forgi,stack,5843,3807,-0.12947994,-0.120042086,0.009437859
SMOKE · validación técnica,gardens,spend,8019,2679,-0.082197495,-0.098623306,-0.01642581
SMOKE · validación técnica,cleaning,familiar,3194,6987,-0.0929371,-0.06858018,0.024356917
SMOKE · validación técnica,pilot,satisfied,4021,5606,0.039006874,0.020139854,-0.01886702
SMOKE · validación técnica,Big,chips,5707,6074,0.10272905,0.10757251,0.0048434585
SMOKE · validación técnica,doggy,nests,5297,8063,-0.043974012,-0.026021093,0.017952919
SMOKE · validación técnica,del,gust,1033,5090,0.04609772,0.043192647,-0.0029050708
SMOKE · validación técnica,puzz,stad,2255,4973,0.12166309,0.12255433,0.00089123845
SMOKE · validación técnica,Billy,cheap,1536,3350,-0.0317733,-0.017573304,0.0141999945
SMOKE · validación técnica,fix,skill,1287,4212,0.065101005,0.01782996,-0.047271043
SMOKE · validación técnica,Max,effort,704,5274,-0.05823049,-0.07859677,-0.020366281
SMOKE · validación técnica,gu,langu,1683,4209,-0.008195526,-0.006579833,0.0016156929
SMOKE · validación técnica,burying,hello,7326,2067,0.014326023,-0.016047109,-0.030373132
SMOKE · validación técnica,Rabbit,shrunk,6414,7772,0.01919299,0.028581291,0.0093883015
SMOKE · validación técnica,amazing,couple,1511,6763,-0.14343676,-0.12762299,0.015813768
SMOKE · validación técnica,doing,tunnel,1399,3307,-0.025255075,0.007613635,0.03286871
SMOKE · validación técnica,bananas,dared,4412,6218,-0.041894857,-0.014747182,0.027147675
SMOKE · validación técnica,reind,weal,4123,3118,0.10315584,0.11202416,0.008868322
SMOKE · validación técnica,captain,story,4980,1234,-0.056231692,-0.06305649,-0.006824799
SMOKE · validación técnica,collect,gem,2090,3192,0.03938536,0.027854616,-0.011530744
SMOKE · validación técnica,exactly,remember,5638,1063,0.038101416,0.049159087,0.011057671
SMOKE · validación técnica,sec,vis,1664,1514,0.0041097957,0.007929449,0.0038196533
SMOKE · validación técnica,glowed,spray,5112,2384,-0.037182745,-0.024259433,0.012923311
SMOKE · validación técnica,cash,kids,6141,1298,0.061493017,0.0628754,0.0013823807
SMOKE · validación técnica,Pat,courage,3752,3688,-0.01944007,-0.031225247,-0.0117851775
SMOKE · validación técnica,distant,meeting,3851,4538,0.03578284,0.039705127,0.0039222874
SMOKE · validación técnica,impat,situ,3655,5566,0.10633231,0.10435332,-0.001978986
SMOKE · validación técnica,acting,suggested,6971,3229,0.020939065,0.015864328,-0.0050747376
SMOKE · validación técnica,church,string,4656,2453,-0.004560847,-0.036558207,-0.03199736
SMOKE · validación técnica,Jess,birds,4716,1204,-0.12967956,-0.10367671,0.026002854
SMOKE · validación técnica,news,value,4610,3806,0.0045701265,0.02053698,0.015966853
SMOKE · validación técnica,Hoot,Robbie,6681,7041,0.12627041,0.10992332,-0.016347095
SMOKE · validación técnica,dropping,raising,7017,8020,0.025183752,0.02596028,0.00077652745
SMOKE · validación técnica,is,peanuts,415,5271,0.10155514,0.09491731,-0.0066378266
SMOKE · validación técnica,succeed,sung,3906,4535,-0.018517464,-0.037435804,-0.01891834
SMOKE · validación técnica,bulb,sy,4285,7223,0.15028803,0.15050524,0.00021721423
SMOKE · validación técnica,Froggy,Stop,7744,5943,-0.07075301,-0.07015898,0.00059402734
SMOKE · validación técnica,breathing,pan,7668,2364,0.122392476,0.12550926,0.0031167865
SMOKE · validación técnica,strang,volcano,5281,3716,0.0514081,0.054933514,0.0035254136
SMOKE · validación técnica,chips,guest,6074,5844,-0.008112647,0.014984589,0.023097236
SMOKE · validación técnica,solved,wagging,5043,5807,0.06688245,0.032589864,-0.034292582
SMOKE · validación técnica,weeds,zero,7849,5252,-0.052092135,-0.06312899,-0.011036858
SMOKE · validación técnica,cra,different,1350,1147,0.06373347,0.011316677,-0.052416798
SMOKE · validación técnica,everywhere,whole,1729,2199,-0.048013207,-0.039782986,0.0082302205
SMOKE · validación técnica,seaweed,vehicle,7035,5021,-0.078487776,-0.09426308,-0.0157753
SMOKE · validación técnica,chocolates,squirrels,7664,4552,0.03467815,0.02858665,-0.0060914997
SMOKE · validación técnica,chosen,sausage,7078,5101,0.03794028,0.045219045,0.0072787665
SMOKE · validación técnica,guests,insect,7022,4612,0.07753962,0.058026593,-0.01951303
SMOKE · validación técnica,better,meeting,815,4538,-0.051073562,-0.024968872,0.02610469
SMOKE · validación técnica,days,figured,2066,5788,-0.0063972473,-0.010604251,-0.004207004
SMOKE · validación técnica,dolphins,twirling,5962,5663,0.010109955,0.009245943,-0.00086401217
SMOKE · validación técnica,With,squeezing,2202,7807,0.044214614,0.028938858,-0.015275756
SMOKE · validación técnica,loo,sna,428,2619,0.09006736,0.08044635,-0.009621009
SMOKE · validación técnica,doggy,language,5297,4462,-0.0392932,-0.029239684,0.010053515
SMOKE · validación técnica,go,heads,437,4410,0.02896918,0.02537844,-0.0035907403
SMOKE · validación técnica,cord,tidying,3981,8104,-0.017001081,-0.012498196,0.004502885
SMOKE · validación técnica,obey,tunnel,5448,3307,0.056095175,0.0077877194,-0.048307456
SMOKE · validación técnica,jug,story,3553,1234,0.0011370685,0.01236226,0.011225192
SMOKE · validación técnica,moving,surface,2835,5871,-0.059911832,-0.033605907,0.026305925
SMOKE · validación técnica,bars,em,6426,1687,-0.025953058,-0.033420444,-0.0074673854
SMOKE · validación técnica,doctors,selling,5728,5393,0.059665594,0.04088766,-0.018777933
SMOKE · validación técnica,crashing,pointy,7193,6758,-0.098059446,-0.089166135,0.008893311
SMOKE · validación técnica,Everywhere,squirrels,2385,4552,0.05235275,0.028474115,-0.023878634
SMOKE · validación técnica,gross,laugh,6977,1418,-0.013771594,0.004011482,0.017783076
SMOKE · validación técnica,farm,silly,2006,1645,-0.007732928,0.02615954,0.033892468
SMOKE · validación técnica,being,newfound,1025,7474,-0.0120226815,-0.022431724,-0.010409042
SMOKE · validación técnica,joke,logs,2859,6504,-0.018673271,0.014680593,0.033353865
SMOKE · validación técnica,Fido,wiggle,6822,7004,-0.025184404,-0.027364405,-0.0021800008
SMOKE · validación técnica,bits,cushions,7527,7160,-2.9228628e-05,0.014971752,0.01500098
SMOKE · validación técnica,James,helmets,4867,6857,-0.060414262,-0.059232682,0.0011815801
SMOKE · validación técnica,kissed,owned,2766,5640,-0.034590717,0.014967103,0.04955782
SMOKE · validación técnica,nine,succeeded,7203,5515,0.029855695,0.040184196,0.010328501
SMOKE · validación técnica,darkness,onions,6231,6701,-0.04306241,-0.031612348,0.011450063
SMOKE · validación técnica,envel,swims,3331,5445,0.052036364,0.04494783,-0.0070885345
SMOKE · validación técnica,ice,onward,1423,7249,0.031197025,0.05287838,0.021681355
SMOKE · validación técnica,marched,quarrel,4117,4351,0.02557991,0.026449807,0.00086989626
SMOKE · validación técnica,logs,players,6504,6842,-0.047732227,-0.051390134,-0.0036579072
SMOKE · validación técnica,hurric,mistake,5329,2786,-0.074085645,-0.07442678,-0.00034113228
SMOKE · validación técnica,ga,politely,4955,7460,-0.033868015,-0.028624963,0.005243052
SMOKE · validación técnica,forehead,moral,6297,1686,-0.030549964,-0.02621229,0.004337674
SMOKE · validación técnica,petals,wiggly,4337,7743,-0.04492876,-0.0264727,0.018456059
SMOKE · validación técnica,massage,particular,5199,6180,0.042962037,0.03777246,-0.0051895753
SMOKE · validación técnica,consequ,tongue,6729,5032,-0.032390974,-0.030207902,0.0021830723
SMOKE · validación técnica,backwards,elev,6943,3896,-0.08644161,-0.08263951,0.0038020983
SMOKE · validación técnica,lesson,relief,1364,6048,0.07049382,0.09651518,0.026021361
SMOKE · validación técnica,butterfly,tiny,1412,1928,0.0047522327,-0.00729959,-0.012051823
SMOKE · validación técnica,adults,wet,7229,1557,0.07818201,0.11325256,0.035070546
SMOKE · validación técnica,adventurous,situation,2919,5952,-0.02566182,0.03115345,0.05681527
SMOKE · validación técnica,An,knew,5639,697,-0.09469405,-0.13111338,-0.036419332
SMOKE · validación técnica,sweat,tar,7935,7619,0.044188958,0.04535862,0.0011696629
SMOKE · validación técnica,anywhere,wheel,3685,2819,0.10231878,0.084934056,-0.017384723
SMOKE · validación técnica,envious,radio,3790,4015,0.109500386,0.12764406,0.018143676
SMOKE · validación técnica,Stella,insp,7159,6515,0.03979574,0.054335065,0.014539324
SMOKE · validación técnica,ropes,surprised,6841,1401,0.08237625,0.07315169,-0.009224556
SMOKE · validación técnica,en,glitter,739,5497,0.05956132,0.05779721,-0.0017641112
SMOKE · validación técnica,J,hall,471,3990,0.18662897,0.18959248,0.0029635131
SMOKE · validación técnica,in,mor,317,1125,0.019424304,0.0022575557,-0.017166749
SMOKE · validación técnica,activities,at,6128,452,-0.032634962,-0.042576566,-0.009941604
SMOKE · validación técnica,firefighter,grate,6928,1699,-0.0006516911,0.002068095,0.002719786
SMOKE · validación técnica,flood,sat,5207,1385,-0.06564355,-0.06890154,-0.0032579899
SMOKE · validación técnica,onward,popular,7249,3467,-0.01553911,0.00854207,0.02408118
SMOKE · validación técnica,Millie,admire,4182,3776,-0.0042041037,-0.005414348,-0.0012102444
SMOKE · validación técnica,animal,quickly,807,1101,0.015760988,0.046971526,0.031210538
SMOKE · validación técnica,Pip,loc,5708,8093,-0.09928481,-0.09692361,0.0023612007
SMOKE · validación técnica,eager,plan,2907,1637,0.03534312,0.04209663,0.006753508
SMOKE · validación técnica,Mon,flood,6465,5207,-0.026714867,-0.037267156,-0.010552289
SMOKE · validación técnica,brightly,goose,3275,3326,0.041754514,0.056011885,0.014257371
SMOKE · validación técnica,Billy,blood,1536,5041,0.037897218,0.024185618,-0.0137116
SMOKE · validación técnica,soar,wagged,3848,2759,0.011710629,-0.010598438,-0.022309067
SMOKE · validación técnica,holds,lunch,3671,1933,0.116520256,0.058015324,-0.05850493
SMOKE · validación técnica,beloved,months,6730,7363,-0.011932224,-0.010815989,0.0011162348
SMOKE · validación técnica,leash,works,3914,5350,0.086895764,0.09486872,0.007972956
SMOKE · validación técnica,ok,starfish,2811,6852,0.043001216,0.08370037,0.04069915
SMOKE · validación técnica,blow,boxes,2604,2982,-0.038693912,-0.04431057,-0.0056166574
SMOKE · validación técnica,gentle,napkins,1859,6936,-0.014691802,-0.041350115,-0.026658313
SMOKE · validación técnica,avocados,talks,6833,7132,-0.028475791,-0.051742844,-0.023267053
SMOKE · validación técnica,Clara,wouldn,4841,1771,0.081908554,0.05494859,-0.026959963
SMOKE · validación técnica,Thank,su,2043,1978,-0.00598883,-0.008537965,-0.0025491351
SMOKE · validación técnica,exch,hunt,7982,3039,-0.026572775,-0.023914214,0.0026585609
SMOKE · validación técnica,four,untie,3104,7596,0.02726949,0.056178663,0.028909173
SMOKE · validación técnica,Fo,gratitude,5134,8126,0.02616363,0.032757945,0.006594315
SMOKE · validación técnica,Car,seek,5831,2683,0.0059751105,0.02823935,0.02226424
SMOKE · validación técnica,respected,wiped,7135,3392,-0.012364797,0.018805822,0.03117062
SMOKE · validación técnica,bean,postman,3399,7059,0.027726822,0.012676867,-0.015049955
SMOKE · validación técnica,hi,move,6380,1408,0.014050774,0.029237151,0.015186377
SMOKE · validación técnica,burying,cheer,7326,2212,0.013852025,-0.002584231,-0.016436256
SMOKE · validación técnica,pear,teaches,4688,6356,-0.009344678,-0.011518216,-0.0021735374
SMOKE · validación técnica,felt,outdoors,508,5764,-0.045567397,-0.09830149,-0.052734096
SMOKE · validación técnica,blast,shopping,7052,5391,0.14434269,0.14127064,-0.0030720532
SMOKE · validación técnica,Ted,closer,4793,1143,0.02814205,0.024118468,-0.0040235817
SMOKE · validación técnica,chair,spider,1873,2315,0.07111442,0.074052,0.0029375777
SMOKE · validación técnica,ruining,sor,6946,713,-0.076660834,-0.07665301,7.82311e-06
SMOKE · validación técnica,Snuggles,skill,7073,4212,0.11080286,0.10928045,-0.0015224069
SMOKE · validación técnica,glove,return,4243,2069,0.04580291,0.04511713,-0.00068578124
SMOKE · validación técnica,helmets,sunf,6857,3336,-0.018171355,-0.03224933,-0.014077976
SMOKE · validación técnica,Pam,beha,6740,5648,0.088954836,0.09381015,0.0048553124
SMOKE · validación técnica,mean,monsters,1114,5419,0.12874085,0.1426653,0.01392445
SMOKE · validación técnica,quest,valuable,2195,3238,-0.01047115,0.029779144,0.040250294
SMOKE · validación técnica,emergen,er,5665,3528,-0.043218013,-0.04321802,-7.450581e-09
SMOKE · validación técnica,fever,tire,6499,3768,-0.02970618,-0.031540997,-0.0018348172
SMOKE · validación técnica,din,swooped,1362,6284,0.019286621,0.019114148,-0.00017247349
SMOKE · validación técnica,belts,they,7409,362,0.017384112,0.03053402,0.013149908
SMOKE · validación técnica,course,scales,1883,6116,0.121499956,0.12212823,0.00062827766
SMOKE · validación técnica,melon,tw,3720,717,-0.0056505613,-0.005190158,0.0004604035
SMOKE · validación técnica,guitar,weapon,3239,5158,0.08750099,0.08488292,-0.002618067
SMOKE · validación técnica,sweetie,visit,2864,1627,0.013556492,0.0028451048,-0.010711387
SMOKE · validación técnica,lear,print,4040,3471,-0.0382425,-0.025293745,0.012948755
SMOKE · validación técnica,imp,ner,912,2633,0.04238552,0.043881692,0.0014961734
SMOKE · validación técnica,reassured,ribbons,7781,6163,0.1331799,0.1462617,0.013081804
SMOKE · validación técnica,Will,unknown,4371,3367,-0.05874532,-0.06783723,-0.00909191
SMOKE · validación técnica,dra,twigs,978,5362,0.05609687,0.06087052,0.0047736503
SMOKE · validación técnica,bush,mar,2182,1540,0.019529318,0.01677898,-0.002750339
SMOKE · validación técnica,carpet,prettier,3814,6980,-0.0116018485,-0.010724015,0.0008778339
SMOKE · validación técnica,peanuts,sk,5271,725,0.08129686,0.06582921,-0.015467651
SMOKE · validación técnica,attach,sometimes,4505,1561,0.039115004,0.042370405,0.0032554008
SMOKE · validación técnica,form,target,8090,7784,0.008050466,0.022595704,0.014545238
SMOKE · validación técnica,aim,comfy,7620,5164,0.07414354,0.06167649,-0.012467045
SMOKE · validación técnica,circ,loops,2605,7608,-0.0031574406,-0.011448046,-0.008290606
SMOKE · validación técnica,at,choice,452,4595,0.009925634,-0.027164482,-0.037090115
SMOKE · validación técnica,charac,exact,7128,5543,-0.016040813,-0.016040828,-1.4901161e-08
SMOKE · validación técnica,bow,tires,1393,7605,-0.0007402622,0.025576388,0.02631665
SMOKE · validación técnica,prepare,wor,4834,538,-0.0013171583,0.003703367,0.0050205253
SMOKE · validación técnica,gra,weight,652,5398,0.028300963,-0.0042603407,-0.032561302
SMOKE · validación técnica,hurt,kindly,894,5418,0.042670198,0.03809318,-0.0045770183
SMOKE · validación técnica,blueber,cheese,3610,2146,0.08554701,0.10358796,0.018040955
SMOKE · validación técnica,Luna,yacht,5167,4172,-0.12516361,-0.13088876,-0.0057251453
SMOKE · validación técnica,squeaked,ur,7697,3982,-0.05288865,-0.049955785,0.0029328652
SMOKE · validación técnica,decl,terri,7793,3228,0.09837545,0.09608021,-0.0022952408
SMOKE · validación técnica,coach,spread,7591,2383,-0.10679135,-0.11986455,-0.013073206
SMOKE · validación técnica,didn,large,649,2376,-0.016906153,0.054366224,0.07127237
SMOKE · validación técnica,learning,rains,3046,7526,0.016821928,0.013633866,-0.0031880625
SMOKE · validación técnica,trouble,using,2169,3136,0.064098746,0.00022237003,-0.063876376
SMOKE · validación técnica,beds,strawber,5492,3080,0.07789405,0.052770432,-0.025123615
SMOKE · validación técnica,boss,claps,2820,5890,0.039317932,0.08236248,0.04304455
SMOKE · validación técnica,Remember,tugged,6904,5660,-0.07632786,-0.074952185,0.0013756752
SMOKE · validación técnica,delayed,once,7910,2906,-0.019845247,0.017420085,0.03726533
SMOKE · validación técnica,Robert,breathe,6953,5056,0.005353667,0.0010572076,-0.0042964593
SMOKE · validación técnica,smaller,trash,3243,3785,0.0006400449,0.005244517,0.004604472
SMOKE · validación técnica,hor,shopkeeper,2114,4081,-0.042143304,-0.040572304,0.0015709996
SMOKE · validación técnica,rocket,showed,2431,1085,0.036080554,0.068023376,0.031942822
SMOKE · validación técnica,digging,reminding,4984,7691,-0.018547548,-0.019096803,-0.00054925494
SMOKE · validación técnica,provided,win,6376,1778,-0.10151912,-0.08409626,0.017422862
SMOKE · validación técnica,attract,treated,3659,7923,0.09791213,0.11222643,0.014314294
SMOKE · validación técnica,frame,sending,3979,7305,-0.109879225,-0.09209112,0.017788105
SMOKE · validación técnica,Red,reply,4091,6412,0.04276183,0.041460607,-0.0013012215
SMOKE · validación técnica,mineral,story,5355,1234,-0.053385135,-0.106230676,-0.05284554
SMOKE · validación técnica,mush,raind,3811,6332,0.06753757,0.067537576,7.450581e-09
SMOKE · validación técnica,beetle,startled,3361,6191,0.06845322,0.05912807,-0.009325154
SMOKE · validación técnica,club,dark,3876,1378,0.050422765,0.042198416,-0.0082243495
SMOKE · validación técnica,discussed,swe,6600,3210,0.06527042,0.0767768,0.011506386
SMOKE · validación técnica,Dave,shield,3384,3626,0.02685744,0.03130688,0.004449442
SMOKE · validación técnica,armchair,message,4335,3968,0.028329935,0.0210942,-0.0072357357
SMOKE · validación técnica,barked,suits,2429,7374,0.089568704,0.07666994,-0.0128987655
SMOKE · validación técnica,neigh,taste,1823,2448,-0.030353393,-0.02033181,0.010021584
SMOKE · validación técnica,Did,actually,5849,5179,0.07603294,0.059830364,-0.016202573
SMOKE · validación técnica,log,rather,3086,7885,-0.07995934,-0.06447244,0.0154869035
SMOKE · validación técnica,older,stopping,3882,7525,0.03973759,0.037745383,-0.001992207
SMOKE · validación técnica,precious,safari,5446,5169,0.04626853,0.050358772,0.004090242
SMOKE · validación técnica,Rose,seats,3289,5379,0.058345545,0.053973936,-0.0043716095
SMOKE · validación técnica,cone,wood,3339,1376,-0.018656977,0.05221229,0.07086927
SMOKE · validación técnica,aff,seal,6389,3757,-0.043861482,-0.029222984,0.014638498
SMOKE · validación técnica,Sam,turned,686,1544,0.005846396,-0.03674554,-0.042591937
SMOKE · validación técnica,brick,rose,5312,3573,0.023232069,0.008761965,-0.014470104
SMOKE · validación técnica,dug,ke,3695,647,-0.079467826,-0.08536235,-0.005894527
SMOKE · validación técnica,fant,toug,7332,2969,-0.0175669,-0.01908727,-0.0015203692
SMOKE · validación técnica,Molly,clapping,1766,3900,-0.025866542,-0.038960688,-0.013094146
SMOKE · validación técnica,days,noise,2066,979,0.06729527,0.0700775,0.002782233
SMOKE · validación técnica,Rabbit,horn,6414,2937,0.03414039,0.01552233,-0.018618058
SMOKE · validación técnica,billboard,middle,5314,2745,0.009796761,0.001976546,-0.007820215
SMOKE · validación técnica,gr,tire,654,3768,-0.08942364,-0.112340845,-0.022917204
SMOKE · validación técnica,may,medic,3741,2761,-0.028740311,-0.011196839,0.017543472
SMOKE · validación técnica,lady,rest,1272,1242,-0.0053837,0.0036469074,0.0090306075
SMOKE · validación técnica,beamed,human,4889,3804,-0.024511434,-0.0033594407,0.021151993
SMOKE · validación técnica,Water,cell,6488,4685,0.018962286,0.032449733,0.013487447
SMOKE · validación técnica,luxury,toil,5978,4421,-0.05666131,-0.058656476,-0.001995165
SMOKE · validación técnica,aside,surface,7393,5871,0.06097968,0.071509734,0.010530055
SMOKE · validación técnica,Lucky,barely,5733,5656,0.05766229,0.049121037,-0.008541252
SMOKE · validación técnica,draws,starts,5965,3868,0.005320337,-0.007085327,-0.012405664
SMOKE · validación técnica,Louise,on,7291,346,-0.09446539,-0.05884417,0.03562122
SMOKE · validación técnica,ignored,selling,4492,5393,-0.057337113,-0.050761074,0.006576039
SMOKE · validación técnica,charming,pays,3667,7372,-0.031122288,-0.036013834,-0.0048915464
SMOKE · validación técnica,grown,takes,3045,2074,-0.009726625,0.023069235,0.03279586
SMOKE · validación técnica,hiding,luxury,2382,5978,-0.03998793,-0.049978588,-0.009990659
SMOKE · validación técnica,following,ro,4839,522,-0.048644185,-0.046882533,0.0017616525
SMOKE · validación técnica,hours,whist,2509,2033,-0.055178203,-0.036087334,0.019090869
SMOKE · validación técnica,P,fast,953,850,-0.10259384,-0.080866896,0.021726944
SMOKE · validación técnica,Hallow,inf,7716,4523,-0.001568377,-0.010999948,-0.009431571
SMOKE · validación técnica,gesture,insist,7783,4185,-0.01698907,-0.013149861,0.0038392097
SMOKE · validación técnica,patterns,stones,5219,2804,0.032427937,0.033821985,0.0013940483
SMOKE · validación técnica,Cle,blocked,7724,7459,-0.026882969,-0.013219599,0.01366337
SMOKE · validación técnica,drew,might,2598,1466,-0.04642119,0.02775716,0.07417835
SMOKE · validación técnica,drinks,pretends,5426,6343,-0.10808675,-0.09557445,0.012512296
SMOKE · validación técnica,beet,break,3246,1519,-0.1123253,-0.10508302,0.0072422847
SMOKE · validación técnica,Olive,tall,6911,1403,-0.023585137,-0.019800657,0.0037844796
SMOKE · validación técnica,prints,reunited,5971,7468,-0.1251575,-0.12356895,0.0015885532
SMOKE · validación técnica,Friends,bur,7143,4290,0.0026480164,0.012746392,0.010098375
SMOKE · validación técnica,sight,street,2762,1966,0.00650551,0.073632434,0.06712692
SMOKE · validación técnica,listening,travelled,4041,6646,-0.009755197,0.011388374,0.02114357
SMOKE · validación técnica,rot,tor,4332,3617,0.055335857,0.04949332,-0.0058425367
SMOKE · validación técnica,ann,unpacked,5908,6388,-0.0752813,-0.06914979,0.0061315075
SMOKE · validación técnica,Did,card,5849,2322,-0.049265373,-0.05584367,-0.0065782964
SMOKE · validación técnica,parked,stopped,5680,1032,0.08993724,0.07177562,-0.018161617
SMOKE · validación técnica,hopping,ignorant,2732,3692,0.01805486,0.044631034,0.026576174
SMOKE · validación técnica,breathing,skirt,7668,4443,-0.03920095,-0.024024028,0.015176922
SMOKE · validación técnica,gracefully,spike,6744,6072,-0.033714928,-0.015024364,0.018690564
SMOKE · validación técnica,scoop,welcome,5527,1895,-0.03243015,-0.0349387,-0.0025085509
SMOKE · validación técnica,decorated,fireworks,5642,5238,-0.06301087,-0.06612251,-0.0031116381
SMOKE · validación técnica,parents,prin,1305,1260,-0.10376717,-0.0908867,0.012880474
SMOKE · validación técnica,beehive,mommy,8037,658,-0.005842693,-9.2193484e-05,0.0057504997
SMOKE · validación técnica,N,possible,1141,5334,0.08990201,0.06539337,-0.02450864
SMOKE · validación técnica,open,somewhere,1182,3983,0.0319093,0.0109398365,-0.020969462
SMOKE · validación técnica,floor,mirror,1389,2905,-0.018499177,0.038140785,0.056639962
SMOKE · validación técnica,heartbroken,known,7602,4606,0.07778719,0.09803456,0.02024737
SMOKE · validación técnica,eas,frustrated,2127,2591,0.0127894245,-0.017917488,-0.030706912
SMOKE · validación técnica,family,game,910,1256,0.11758515,0.14763367,0.03004852
SMOKE · validación técnica,neighbor,tricks,2254,4153,-0.11086815,-0.10557001,0.0052981377
SMOKE · validación técnica,Po,warri,6637,6903,-0.009722883,-0.010567243,-0.00084436033
SMOKE · validación técnica,beetle,tongue,3361,5032,-0.06141645,-0.05731519,0.0041012615
SMOKE · validación técnica,Despite,dreams,8016,3107,-0.042853724,-0.04187592,0.000977803
SMOKE · validación técnica,ele,raindrops,1735,6402,0.008758672,-0.007655928,-0.0164146
SMOKE · validación técnica,beyond,loops,6516,7608,0.0020867959,-0.0058855563,-0.007972352
SMOKE · validación técnica,jewels,resp,5063,2035,0.063587755,0.053664077,-0.009923678
SMOKE · validación técnica,beaming,finishing,8034,7231,-0.11399095,-0.09862898,0.015361965
SMOKE · validación técnica,less,n,1265,295,-0.01454654,0.019797487,0.034344025
SMOKE · validación técnica,Are,streets,4016,7157,0.0048762243,0.008635696,0.0037594717
SMOKE · validación técnica,colourful,smells,2867,4341,0.18294655,0.17074797,-0.012198582
SMOKE · validación técnica,healthy,splashing,2165,4666,-0.05273076,-0.018061947,0.034668814
SMOKE · validación técnica,house,wag,721,7294,0.03114222,0.07612219,0.044979967
SMOKE · validación técnica,barrel,finds,4002,4176,-0.023871973,-0.023636317,0.00023565628
SMOKE · validación técnica,av,order,2524,3520,0.051453173,0.033189178,-0.018263996
SMOKE · validación técnica,contro,potatoes,5739,5468,0.019854631,0.019854624,-7.450581e-09
SMOKE · validación técnica,lay,sunshine,2240,2046,0.061749045,0.04373526,-0.018013787
SMOKE · validación técnica,br,purpose,525,8026,0.0059720483,0.009772944,0.003800896
SMOKE · validación técnica,gone,iron,1467,4160,-0.06722405,-0.058106653,0.009117395
SMOKE · validación técnica,swollen,tickle,8038,5899,-0.048137173,-0.053785805,-0.0056486316
SMOKE · validación técnica,accidents,purp,5603,1988,0.031151727,0.03340026,0.002248533
SMOKE · validación técnica,factor,these,4643,2656,-0.12338363,-0.08756771,0.035815917
SMOKE · validación técnica,nibb,tangled,7152,6723,-0.06508542,-0.06480554,0.00027988106
SMOKE · validación técnica,fasc,math,5146,3679,-0.0049425177,0.007452607,0.012395125
SMOKE · validación técnica,heading,pleased,6872,2681,-0.097820155,-0.10789427,-0.010074116
SMOKE · validación técnica,ache,big,7092,404,-0.1738334,-0.14641404,0.027419358
SMOKE · validación técnica,Satur,independ,8191,3191,0.016343087,0.019837912,0.0034948252
SMOKE · validación técnica,accomplish,cooked,6424,3800,-0.029305752,-0.034671403,-0.005365651
SMOKE · validación técnica,straw,upset,2942,1896,0.043022566,0.04860081,0.005578246
SMOKE · validación técnica,Daisy,Those,1488,7130,0.017688062,0.0020669168,-0.015621145
SMOKE · validación técnica,Grandpa,tre,3818,544,0.07090727,0.07050043,-0.00040683895
SMOKE · validación técnica,Rex,situ,2791,5566,0.037178222,0.03172533,-0.0054528937
SMOKE · validación técnica,golden,strings,4355,5820,-0.05368704,-0.05295948,0.0007275604
SMOKE · validación técnica,Kayla,machines,6731,5955,-0.14290062,-0.13576195,0.0071386695
SMOKE · validación técnica,Hallow,Ruby,7716,5023,0.025218552,0.023606531,-0.0016120207
SMOKE · validación técnica,both,oper,902,5162,-0.020827573,-0.051940408,-0.031112835
SMOKE · validación técnica,lawy,ran,4398,555,0.006282239,-0.010769328,-0.017051566
SMOKE · validación técnica,fauc,trick,4409,3709,0.045884475,0.06020163,0.014317155
SMOKE · validación técnica,broom,fauc,6075,4409,0.004677846,0.012780607,0.008102761
SMOKE · validación técnica,beeped,menu,8172,5389,0.10613716,0.1025005,-0.0036366582
SMOKE · validación técnica,spirit,suffered,4125,7264,-0.080299474,-0.11281416,-0.032514684
SMOKE · validación técnica,Dolly,block,6635,1233,-0.03631174,-0.04148213,-0.00517039
SMOKE · validación técnica,Big,changed,5707,3292,-0.019249424,-0.013285499,0.0059639253
SMOKE · validación técnica,June,carrying,6883,3421,-0.030849924,-0.06042199,-0.029572064
SMOKE · validación técnica,dollhouse,puzzle,6945,2603,0.033237074,0.037663054,0.00442598
SMOKE · validación técnica,exc,slip,568,5424,-0.03400371,-0.046573788,-0.012570079
SMOKE · validación técnica,Splash,modest,7715,4005,0.017812874,0.028250273,0.010437399
SMOKE · validación técnica,Water,lets,6488,5544,-0.023733534,0.0010561123,0.024789646
SMOKE · validación técnica,elev,noodles,3896,7218,-0.038476992,-0.038477004,-1.1175871e-08
SMOKE · validación técnica,baked,pepper,6088,3670,-0.059576824,-0.03382048,0.025756344
SMOKE · validación técnica,disgust,froze,3654,6569,0.04188748,0.02615489,-0.01573259
SMOKE · validación técnica,brought,letter,1574,2057,0.04587435,-0.009217234,-0.055091582
SMOKE · validación técnica,chip,free,6538,1849,-0.0658947,-0.057827584,0.008067116
SMOKE · validación técnica,Ashley,scratch,7380,5050,-0.076419376,-0.06140335,0.015016027
SMOKE · validación técnica,eye,gre,2853,769,-0.05769838,-0.04512629,0.012572091
SMOKE · validación técnica,fashion,frag,5495,3208,-0.12877883,-0.09907593,0.029702902
SMOKE · validación técnica,incredible,pile,2913,2230,-0.0027531274,0.008786652,0.01153978
SMOKE · validación técnica,flea,starting,4461,4000,0.0923682,0.061650135,-0.030718066
SMOKE · validación técnica,Please,bite,2536,1809,0.048356235,0.032936826,-0.015419409
SMOKE · validación técnica,re,slices,403,6539,-0.00263758,-0.029760625,-0.027123045
SMOKE · validación técnica,trophy,wipe,3987,4677,0.04250634,0.026903214,-0.015603127
SMOKE · validación técnica,gardens,magical,8019,1692,0.0008486402,-0.0017909762,-0.0026396164
SMOKE · validación técnica,explore,helpers,957,6843,0.075225696,0.039130695,-0.036095
SMOKE · validación técnica,okay,spent,1133,2273,0.008797936,-0.076081164,-0.0848791
SMOKE · validación técnica,peel,roared,5546,3978,0.11950396,0.12795763,0.008453667
SMOKE · validación técnica,Her,Karen,852,7528,0.02218725,0.05913274,0.036945492
SMOKE · validación técnica,cush,sil,3635,2928,-0.039947547,-0.0050628055,0.034884743
SMOKE · validación técnica,against,slow,2984,1374,0.054534264,-0.002617225,-0.05715149
SMOKE · validación técnica,laughed,message,854,3968,0.11278671,0.07757927,-0.035207443
SMOKE · validación técnica,costumes,dragon,5516,1747,0.06491765,0.08250038,0.017582737
SMOKE · validación técnica,families,sadly,6327,3681,0.047154013,0.039127544,-0.0080264695
SMOKE · validación técnica,laundry,vet,4251,4383,-0.029172082,-0.030138597,-0.0009665154
SMOKE · validación técnica,from,slips,573,7344,-0.031025365,-0.019721169,0.011304196
SMOKE · validación técnica,calls,whatever,4877,5561,0.0327001,0.050563052,0.017862953
SMOKE · validación técnica,golf,sewing,3913,7699,-0.0034491047,-0.0076162675,-0.004167163
SMOKE · validación técnica,bath,cent,1813,6063,0.048159964,0.062988244,0.01482828
SMOKE · validación técnica,ordered,pasta,5346,3445,-0.09778345,-0.11244588,-0.014662437
SMOKE · validación técnica,across,stumble,1755,7719,-0.008883569,0.012206148,0.021089718
SMOKE · validación técnica,mushroom,weak,3920,2723,0.031711824,0.025766157,-0.0059456676
SMOKE · validación técnica,low,sofa,3268,3780,0.004164964,0.045072682,0.04090772
SMOKE · validación técnica,bent,stir,3561,2456,0.07947591,0.072110996,-0.007364914
SMOKE · validación técnica,believing,ended,7557,4064,0.15839732,0.11617169,-0.04222563
SMOKE · validación técnica,People,buying,5126,6300,0.054223962,0.06151844,0.007294476
SMOKE · validación técnica,making,tidy,1282,2414,-0.009469157,-0.0041865353,0.005282622
SMOKE · validación técnica,close,encou,1443,3611,0.12359629,0.09254181,-0.031054482
SMOKE · validación técnica,No,plain,3044,7110,-0.054459423,-0.05668602,-0.0022265986
SMOKE · validación técnica,des,harm,1960,3056,0.046456985,0.043351706,-0.003105279
SMOKE · validación técnica,amazement,early,4650,3560,0.10025462,0.13103905,0.030784436
SMOKE · validación técnica,Mrs,prob,3121,7501,0.021979459,0.014363879,-0.0076155793
SMOKE · validación técnica,cann,twirling,2422,5663,-0.01623343,-0.020622715,-0.004389286
SMOKE · validación técnica,Max,stem,704,6312,-0.085551634,-0.066038094,0.01951354
SMOKE · validación técnica,mechanic,truth,4210,3614,-0.047619823,-0.017745618,0.029874206
SMOKE · validación técnica,siren,thrilled,6035,5060,0.02771939,0.048448987,0.020729598
SMOKE · validación técnica,kicks,seashells,6692,7581,0.025923267,0.037460107,0.01153684
SMOKE · validación técnica,gaze,joking,6265,6621,0.027366206,0.016441695,-0.010924511
SMOKE · validación técnica,Q,city,6932,3101,-0.0029233918,0.005021386,0.007944778
SMOKE · validación técnica,less,te,1265,872,-0.027065849,-0.00512249,0.021943359
SMOKE · validación técnica,gl,sighed,873,2700,-0.068330966,-0.077316396,-0.00898543
SMOKE · validación técnica,fest,wanting,4994,5358,0.032536533,0.036446616,0.0039100833
SMOKE · validación técnica,magical,students,1692,7179,-0.044536985,-0.020656647,0.023880338
SMOKE · validación técnica,baker,locked,6358,3405,-0.05787631,-0.05004598,0.007830333
SMOKE · validación técnica,guitar,works,3239,5350,0.0074494854,0.022384154,0.014934668
SMOKE · validación técnica,delivered,farther,6612,6165,0.04598396,0.04227861,-0.0037053488
SMOKE · validación técnica,alone,sneaked,1616,5881,-0.040926997,-0.063237295,-0.022310298
SMOKE · validación técnica,include,park,6153,566,-0.04296436,-0.000870185,0.04209418
SMOKE · validación técnica,left,nose,1422,2021,0.014655954,0.0051271617,-0.009528792
SMOKE · validación técnica,cauliflower,fav,4090,1181,0.025227508,0.015750365,-0.009477142
SMOKE · validación técnica,deep,fa,1607,537,-0.053859442,0.024603844,0.078463286
SMOKE · validación técnica,honk,instruments,5833,7836,0.0979501,0.095712215,-0.0022378862
SMOKE · validación técnica,marriage,poster,5853,7253,0.014907016,0.01867944,0.0037724236
SMOKE · validación técnica,mod,princesses,2978,6320,-0.062599726,-0.050946515,0.011653211
SMOKE · validación técnica,early,mattress,3560,4482,0.03529899,0.0390091,0.0037101135
SMOKE · validación técnica,chain,make,3915,551,-0.04856937,-0.036650106,0.011919264
SMOKE · validación técnica,bri,language,3816,4462,0.058515098,0.06353488,0.0050197802
SMOKE · validación técnica,drop,finger,2802,2731,0.044891052,0.01783322,-0.027057832
SMOKE · validación técnica,dragons,sides,5927,5903,0.022886164,0.019964457,-0.002921708
SMOKE · validación técnica,images,pretends,7770,6343,0.058748547,0.05586907,-0.002879478
SMOKE · validación técnica,Su,hor,4562,2114,-0.046840232,-0.0493613,-0.0025210679
SMOKE · validación técnica,This,add,1568,2803,0.0015082089,0.026210828,0.02470262
SMOKE · validación técnica,stars,twisted,1912,5151,-0.0036689716,-0.0006104,0.0030585716
SMOKE · validación técnica,Cla,shone,5548,3261,0.03501895,0.030820953,-0.004197998
SMOKE · validación técnica,interested,shops,6277,7095,-0.05073067,-0.044740997,0.0059896745
SMOKE · validación técnica,buzzing,symbol,5074,3928,-0.063991174,-0.070280716,-0.0062895417
SMOKE · validación técnica,low,words,3268,1795,-0.09037572,-0.058137983,0.03223774
SMOKE · validación técnica,bits,teeth,7527,2409,-0.05639847,-0.02543725,0.03096122
SMOKE · validación técnica,myster,really,2200,1254,-0.11128299,-0.04907828,0.06220471
SMOKE · validación técnica,content,hen,2733,7333,-0.033371255,-0.047706977,-0.014335722
SMOKE · validación técnica,Laura,kind,7592,820,-0.03762029,-0.022854093,0.014766198
SMOKE · validación técnica,books,refused,1477,3512,-0.12199573,-0.079143174,0.04285256
SMOKE · validación técnica,milk,symbols,2133,7161,-0.071989655,-0.050050557,0.021939099
SMOKE · validación técnica,cane,vet,4353,4383,0.026518513,0.005572848,-0.020945664
SMOKE · validación técnica,confident,led,5860,3710,-0.0076716044,-0.036677495,-0.02900589
SMOKE · validación técnica,Nan,teach,7894,2350,-0.006107118,-0.023762506,-0.017655388
SMOKE · validación técnica,agrees,folder,6432,4621,0.04704994,0.04693681,-0.000113129616
SMOKE · validación técnica,Friend,neither,6595,7029,-0.01094143,0.009726864,0.020668294
SMOKE · validación técnica,butterf,langu,1295,4209,0.053945784,0.050758418,-0.0031873658
SMOKE · validación técnica,design,grateful,3220,1716,-0.029927976,-0.044342224,-0.014414247
SMOKE · validación técnica,loud,shell,867,2098,-0.058304667,0.030994345,0.08929901
SMOKE · validación técnica,above,pastel,3153,5327,-0.048573505,-0.054977287,-0.0064037815
SMOKE · validación técnica,bread,pigs,2163,5264,-0.111693345,-0.10065769,0.011035658
SMOKE · validación técnica,beloved,brick,6730,5312,-0.016349161,-0.024989534,-0.008640373
SMOKE · validación técnica,managed,view,2971,3327,-0.101417996,-0.101943985,-0.00052598864
SMOKE · validación técnica,hid,pepper,1447,3670,0.018111503,0.035989158,0.017877655
